complete_cells,count_unit,coverage_fraction,end,evaluated_area_fraction_with_event,expected_cell_days,mean_count_per_native_cell,min_days,native_cells,operator,phase,pixel_id,quality,season_year,source,start,threshold,valid_cell_days,variable,weight,weighted_count,weighted_exposed
25,episodes,1.0,1985-02-21,0.0,200,0.0,2,25,>=,EST,110043,OK,1985,Li et al. 2025a,1985-02-14,34,200,tmax_c,24.288654012308474,0,0
25,episodes,1.0,1985-04-12,0.0,625,0.0,2,25,>=,VEG,110043,OK,1985,Li et al. 2025a,1985-03-19,34.6,625,tmax_c,24.288654012308474,0,0
25,episodes,1.0,1985-04-28,0.0,200,0.0,2,25,>=,REP,110043,OK,1985,Li et al. (2025b),1985-04-21,33.7,200,tmax_c,24.288654012308474,0,0
25,episodes,1.0,1985-04-20,0.0,200,0.0,2,25,>=,FLO,110043,OK,1985,Li et al. (2025b),1985-04-13,33.7,200,tmax_c,24.288654012308474,0,0
25,episodes,1.0,1985-05-29,0.0,775,0.0,2,25,>=,FIL,110043,OK,1985,Li et al. (2025b),1985-04-29,32.7,775,tmax_c,24.288654012308474,0,0
25,days,1.0,1985-06-10,0.0,300,0.0,1,25,>,MAT,110043,OK,1985,Ortega Gómez et al. (2019),1985-05-30,10,300,precip_mm,24.288654012308474,0,0
25,episodes,1.0,1986-02-21,0.0,200,0.0,2,25,>=,EST,110043,OK,1986,Li et al. 2025a,1986-02-14,34,200,tmax_c,24.288654012308474,0,0
25,episodes,1.0,1986-04-12,0.0,625,0.0,2,25,>=,VEG,110043,OK,1986,Li et al. 2025a,1986-03-19,34.6,625,tmax_c,24.288654012308474,0,0
25,episodes,1.0,1986-04-28,0.0,200,0.0,2,25,>=,REP,110043,OK,1986,Li et al. (2025b),1986-04-21,33.7,200,tmax_c,24.288654012308474,0,0
25,episodes,1.0,1986-04-20,0.0,200,0.0,2,25,>=,FLO,110043,OK,1986,Li et al. (2025b),1986-04-13,33.7,200,tmax_c,24.288654012308474,0,0
25,episodes,1.0,1986-05-29,0.0,775,0.0,2,25,>=,FIL,110043,OK,1986,Li et al. (2025b),1986-04-29,32.7,775,tmax_c,24.288654012308474,0,0
25,days,1.0,1986-06-10,0.28020373626700745,300,0.28020373626700745,1,25,>,MAT,110043,OK,1986,Ortega Gómez et al. (2019),1986-05-30,10,300,precip_mm,24.288654012308474,6.805771603145476,6.805771603145476
25,episodes,1.0,1987-02-21,0.0,200,0.0,2,25,>=,EST,110043,OK,1987,Li et al. 2025a,1987-02-14,34,200,tmax_c,24.288654012308474,0,0
25,episodes,1.0,1987-04-12,0.0,625,0.0,2,25,>=,VEG,110043,OK,1987,Li et al. 2025a,1987-03-19,34.6,625,tmax_c,24.288654012308474,0,0
25,episodes,1.0,1987-04-28,0.0,200,0.0,2,25,>=,REP,110043,OK,1987,Li et al. (2025b),1987-04-21,33.7,200,tmax_c,24.288654012308474,0,0
25,episodes,1.0,1987-04-20,0.0,200,0.0,2,25,>=,FLO,110043,OK,1987,Li et al. (2025b),1987-04-13,33.7,200,tmax_c,24.288654012308474,0,0
25,episodes,1.0,1987-05-29,0.0,775,0.0,2,25,>=,FIL,110043,OK,1987,Li et al. (2025b),1987-04-29,32.7,775,tmax_c,24.288654012308474,0,0
25,days,1.0,1987-06-10,0.3199321691597304,300,0.3199321691597304,1,25,>,MAT,110043,OK,1987,Ortega Gómez et al. (2019),1987-05-30,10,300,precip_mm,24.288654012308474,7.770721764128038,7.770721764128038
25,episodes,1.0,1988-02-21,0.0,200,0.0,2,25,>=,EST,110043,OK,1988,Li et al. 2025a,1988-02-14,34,200,tmax_c,24.288654012308474,0,0
25,episodes,1.0,1988-04-12,0.0,625,0.0,2,25,>=,VEG,110043,OK,1988,Li et al. 2025a,1988-03-19,34.6,625,tmax_c,24.288654012308474,0,0
25,episodes,1.0,1988-04-28,0.0,200,0.0,2,25,>=,REP,110043,OK,1988,Li et al. (2025b),1988-04-21,33.7,200,tmax_c,24.288654012308474,0,0
25,episodes,1.0,1988-04-20,0.0,200,0.0,2,25,>=,FLO,110043,OK,1988,Li et al. (2025b),1988-04-13,33.7,200,tmax_c,24.288654012308474,0,0
25,episodes,1.0,1988-05-29,0.0,775,0.0,2,25,>=,FIL,110043,OK,1988,Li et al. (2025b),1988-04-29,32.7,775,tmax_c,24.288654012308474,0,0
25,days,1.0,1988-06-10,0.0,300,0.0,1,25,>,MAT,110043,OK,1988,Ortega Gómez et al. (2019),1988-05-30,10,300,precip_mm,24.288654012308474,0,0
25,episodes,1.0,1985-12-09,0.0,225,0.0,2,25,>=,EST,109539,OK,1985,Li et al. 2025a,1985-12-01,34,225,tmax_c,24.288654012308474,0,0
25,episodes,1.0,1986-02-03,0.0,725,0.0,2,25,>=,VEG,109539,OK,1985,Li et al. 2025a,1986-01-06,34.6,725,tmax_c,24.288654012308474,0,0
25,episodes,1.0,1986-02-20,0.0,225,0.0,2,25,>=,REP,109539,OK,1985,Li et al. (2025b),1986-02-12,33.7,225,tmax_c,24.288654012308474,0,0
25,episodes,1.0,1986-02-11,0.0,200,0.0,2,25,>=,FLO,109539,OK,1985,Li et al. (2025b),1986-02-04,33.7,200,tmax_c,24.288654012308474,0,0
25,episodes,1.0,1986-03-27,0.0,875,0.0,2,25,>=,FIL,109539,OK,1985,Li et al. (2025b),1986-02-21,32.7,875,tmax_c,24.288654012308474,0,0
25,days,1.0,1986-04-09,0.03996584088547156,325,0.03996584088547156,1,25,>,MAT,109539,OK,1985,Ortega Gómez et al. (2019),1986-03-28,10,325,precip_mm,24.288654012308474,0.9707164815781908,0.9707164815781908
25,episodes,1.0,1986-12-09,0.0,225,0.0,2,25,>=,EST,109539,OK,1986,Li et al. 2025a,1986-12-01,34,225,tmax_c,24.288654012308474,0,0
25,episodes,1.0,1987-02-03,0.0,725,0.0,2,25,>=,VEG,109539,OK,1986,Li et al. 2025a,1987-01-06,34.6,725,tmax_c,24.288654012308474,0,0
25,episodes,1.0,1987-02-20,0.12001732327763442,225,0.12001732327763442,2,25,>=,REP,109539,OK,1986,Li et al. (2025b),1987-02-12,33.7,225,tmax_c,24.288654012308474,2.9150592405738385,2.9150592405738385
25,episodes,1.0,1987-02-11,0.0,200,0.0,2,25,>=,FLO,109539,OK,1986,Li et al. (2025b),1987-02-04,33.7,200,tmax_c,24.288654012308474,0,0
25,episodes,1.0,1987-03-27,0.0,875,0.0,2,25,>=,FIL,109539,OK,1986,Li et al. (2025b),1987-02-21,32.7,875,tmax_c,24.288654012308474,0,0
25,days,1.0,1987-04-09,1.0,325,1.9996254680048622,1,25,>,MAT,109539,OK,1986,Ortega Gómez et al. (2019),1987-03-28,10,325,precip_mm,24.288654012308474,48.568211146570505,24.288654012308474
25,episodes,1.0,1987-12-09,0.0,225,0.0,2,25,>=,EST,109539,OK,1987,Li et al. 2025a,1987-12-01,34,225,tmax_c,24.288654012308474,0,0
25,episodes,1.0,1988-02-03,0.0,725,0.0,2,25,>=,VEG,109539,OK,1987,Li et al. 2025a,1988-01-06,34.6,725,tmax_c,24.288654012308474,0,0
25,episodes,1.0,1988-02-20,0.0,225,0.0,2,25,>=,REP,109539,OK,1987,Li et al. (2025b),1988-02-12,33.7,225,tmax_c,24.288654012308474,0,0
25,episodes,1.0,1988-02-11,0.0,200,0.0,2,25,>=,FLO,109539,OK,1987,Li et al. (2025b),1988-02-04,33.7,200,tmax_c,24.288654012308474,0,0
25,episodes,1.0,1988-03-27,0.0,900,0.0,2,25,>=,FIL,109539,OK,1987,Li et al. (2025b),1988-02-21,32.7,900,tmax_c,24.288654012308474,0,0
25,days,1.0,1988-04-09,0.7998640945732624,325,1.3195060329770005,1,25,>,MAT,109539,OK,1987,Ortega Gómez et al. (2019),1988-03-28,10,325,precip_mm,24.288654012308474,32.04902550213206,19.427622249958354
25,episodes,1.0,1988-12-09,0.0,225,0.0,2,25,>=,EST,109539,OK,1988,Li et al. 2025a,1988-12-01,34,225,tmax_c,24.288654012308474,0,0
25,episodes,1.0,1989-02-03,0.0,725,0.0,2,25,>=,VEG,109539,OK,1988,Li et al. 2025a,1989-01-06,34.6,725,tmax_c,24.288654012308474,0,0
25,episodes,1.0,1989-02-20,0.0,225,0.0,2,25,>=,REP,109539,OK,1988,Li et al. (2025b),1989-02-12,33.7,225,tmax_c,24.288654012308474,0,0
25,episodes,1.0,1989-02-11,0.0,200,0.0,2,25,>=,FLO,109539,OK,1988,Li et al. (2025b),1989-02-04,33.7,200,tmax_c,24.288654012308474,0,0
25,episodes,1.0,1989-03-27,0.0,875,0.0,2,25,>=,FIL,109539,OK,1988,Li et al. (2025b),1989-02-21,32.7,875,tmax_c,24.288654012308474,0,0
25,days,1.0,1989-04-09,0.9599660845798652,325,1.03991496772933,1,25,>,MAT,109539,OK,1988,Ortega Gómez et al. (2019),1989-03-28,10,325,precip_mm,24.288654012308474,25.258134853398627,23.3162840919108
25,episodes,1.0,1993-02-21,0.0,200,0.0,2,25,>=,EST,110044,OK,1993,Li et al. 2025a,1993-02-14,34,200,tmax_c,24.288654012308474,0,0
25,episodes,1.0,1993-04-12,0.0,625,0.0,2,25,>=,VEG,110044,OK,1993,Li et al. 2025a,1993-03-19,34.6,625,tmax_c,24.288654012308474,0,0
25,episodes,1.0,1993-04-28,0.0,200,0.0,2,25,>=,REP,110044,OK,1993,Li et al. (2025b),1993-04-21,33.7,200,tmax_c,24.288654012308474,0,0
25,episodes,1.0,1993-04-20,0.0,200,0.0,2,25,>=,FLO,110044,OK,1993,Li et al. (2025b),1993-04-13,33.7,200,tmax_c,24.288654012308474,0,0
25,episodes,1.0,1993-05-29,0.0,775,0.0,2,25,>=,FIL,110044,OK,1993,Li et al. (2025b),1993-04-29,32.7,775,tmax_c,24.288654012308474,0,0
25,days,1.0,1993-06-10,0.0,300,0.0,1,25,>,MAT,110044,OK,1993,Ortega Gómez et al. (2019),1993-05-30,10,300,precip_mm,24.288654012308474,0,0
25,episodes,1.0,1994-02-21,0.0,200,0.0,2,25,>=,EST,110044,OK,1994,Li et al. 2025a,1994-02-14,34,200,tmax_c,24.288654012308474,0,0
25,episodes,1.0,1994-04-12,0.0,625,0.0,2,25,>=,VEG,110044,OK,1994,Li et al. 2025a,1994-03-19,34.6,625,tmax_c,24.288654012308474,0,0
25,episodes,1.0,1994-04-28,0.0,200,0.0,2,25,>=,REP,110044,OK,1994,Li et al. (2025b),1994-04-21,33.7,200,tmax_c,24.288654012308474,0,0
25,episodes,1.0,1994-04-20,0.0,200,0.0,2,25,>=,FLO,110044,OK,1994,Li et al. (2025b),1994-04-13,33.7,200,tmax_c,24.288654012308474,0,0
25,episodes,1.0,1994-05-29,0.0,775,0.0,2,25,>=,FIL,110044,OK,1994,Li et al. (2025b),1994-04-29,32.7,775,tmax_c,24.288654012308474,0,0
25,days,1.0,1994-06-10,0.0,300,0.0,1,25,>,MAT,110044,OK,1994,Ortega Gómez et al. (2019),1994-05-30,10,300,precip_mm,24.288654012308474,0,0
25,episodes,1.0,1995-02-21,0.0,200,0.0,2,25,>=,EST,110044,OK,1995,Li et al. 2025a,1995-02-14,34,200,tmax_c,24.288654012308474,0,0
25,episodes,1.0,1995-04-12,0.0,625,0.0,2,25,>=,VEG,110044,OK,1995,Li et al. 2025a,1995-03-19,34.6,625,tmax_c,24.288654012308474,0,0
25,episodes,1.0,1995-04-28,0.0,200,0.0,2,25,>=,REP,110044,OK,1995,Li et al. (2025b),1995-04-21,33.7,200,tmax_c,24.288654012308474,0,0
25,episodes,1.0,1995-04-20,0.0,200,0.0,2,25,>=,FLO,110044,OK,1995,Li et al. (2025b),1995-04-13,33.7,200,tmax_c,24.288654012308474,0,0
25,episodes,1.0,1995-05-29,0.0,775,0.0,2,25,>=,FIL,110044,OK,1995,Li et al. (2025b),1995-04-29,32.7,775,tmax_c,24.288654012308474,0,0
25,days,1.0,1995-06-10,0.0,300,0.0,1,25,>,MAT,110044,OK,1995,Ortega Gómez et al. (2019),1995-05-30,10,300,precip_mm,24.288654012308474,0,0
25,episodes,1.0,1996-02-21,0.0,200,0.0,2,25,>=,EST,110044,OK,1996,Li et al. 2025a,1996-02-14,34,200,tmax_c,24.288654012308474,0,0
25,episodes,1.0,1996-04-12,0.0,625,0.0,2,25,>=,VEG,110044,OK,1996,Li et al. 2025a,1996-03-19,34.6,625,tmax_c,24.288654012308474,0,0
25,episodes,1.0,1996-04-28,0.0,200,0.0,2,25,>=,REP,110044,OK,1996,Li et al. (2025b),1996-04-21,33.7,200,tmax_c,24.288654012308474,0,0
25,episodes,1.0,1996-04-20,0.0,200,0.0,2,25,>=,FLO,110044,OK,1996,Li et al. (2025b),1996-04-13,33.7,200,tmax_c,24.288654012308474,0,0
25,episodes,1.0,1996-05-29,0.0,775,0.0,2,25,>=,FIL,110044,OK,1996,Li et al. (2025b),1996-04-29,32.7,775,tmax_c,24.288654012308474,0,0
25,days,1.0,1996-06-10,0.0,300,0.0,1,25,>,MAT,110044,OK,1996,Ortega Gómez et al. (2019),1996-05-30,10,300,precip_mm,24.288654012308474,0,0
25,episodes,1.0,2013-02-21,0.0,200,0.0,2,25,>=,EST,110046,OK,2013,Li et al. 2025a,2013-02-14,34,200,tmax_c,24.288654012308474,0,0
25,episodes,1.0,2013-04-12,0.0,625,0.0,2,25,>=,VEG,110046,OK,2013,Li et al. 2025a,2013-03-19,34.6,625,tmax_c,24.288654012308474,0,0
25,episodes,1.0,2013-04-28,0.0,200,0.0,2,25,>=,REP,110046,OK,2013,Li et al. (2025b),2013-04-21,33.7,200,tmax_c,24.288654012308474,0,0
25,episodes,1.0,2013-04-20,0.0,200,0.0,2,25,>=,FLO,110046,OK,2013,Li et al. (2025b),2013-04-13,33.7,200,tmax_c,24.288654012308474,0,0
25,episodes,1.0,2013-05-29,0.0,775,0.0,2,25,>=,FIL,110046,OK,2013,Li et al. (2025b),2013-04-29,32.7,775,tmax_c,24.288654012308474,0,0
25,days,1.0,2013-06-10,0.6397790623025922,300,0.919642913181461,1,25,>,MAT,110046,OK,2013,Ortega Gómez et al. (2019),2013-05-30,10,300,precip_mm,24.288654012308474,22.336888533135944,15.539372288586808
25,episodes,1.0,2014-02-21,0.0,200,0.0,2,25,>=,EST,110046,OK,2014,Li et al. 2025a,2014-02-14,34,200,tmax_c,24.288654012308474,0,0
25,episodes,1.0,2014-04-12,0.0,625,0.0,2,25,>=,VEG,110046,OK,2014,Li et al. 2025a,2014-03-19,34.6,625,tmax_c,24.288654012308474,0,0
25,episodes,1.0,2014-04-28,0.0,200,0.0,2,25,>=,REP,110046,OK,2014,Li et al. (2025b),2014-04-21,33.7,200,tmax_c,24.288654012308474,0,0
25,episodes,1.0,2014-04-20,0.0,200,0.0,2,25,>=,FLO,110046,OK,2014,Li et al. (2025b),2014-04-13,33.7,200,tmax_c,24.288654012308474,0,0
25,episodes,1.0,2014-05-29,0.0,775,0.0,2,25,>=,FIL,110046,OK,2014,Li et al. (2025b),2014-04-29,32.7,775,tmax_c,24.288654012308474,0,0
25,days,1.0,2014-06-10,0.3997444157473234,300,0.3997444157473234,1,25,>,MAT,110046,OK,2014,Ortega Gómez et al. (2019),2014-05-30,10,300,precip_mm,24.288654012308474,9.709253807439133,9.709253807439133
25,episodes,1.0,2015-02-21,0.0,200,0.0,2,25,>=,EST,110046,OK,2015,Li et al. 2025a,2015-02-14,34,200,tmax_c,24.288654012308474,0,0
25,episodes,1.0,2015-04-12,0.0,625,0.0,2,25,>=,VEG,110046,OK,2015,Li et al. 2025a,2015-03-19,34.6,625,tmax_c,24.288654012308474,0,0
25,episodes,1.0,2015-04-28,0.0,200,0.0,2,25,>=,REP,110046,OK,2015,Li et al. (2025b),2015-04-21,33.7,200,tmax_c,24.288654012308474,0,0
25,episodes,1.0,2015-04-20,0.0,200,0.0,2,25,>=,FLO,110046,OK,2015,Li et al. (2025b),2015-04-13,33.7,200,tmax_c,24.288654012308474,0,0
25,episodes,1.0,2015-05-29,0.0,775,0.0,2,25,>=,FIL,110046,OK,2015,Li et al. (2025b),2015-04-29,32.7,775,tmax_c,24.288654012308474,0,0
25,days,1.0,2015-06-10,0.0,300,0.0,1,25,>,MAT,110046,OK,2015,Ortega Gómez et al. (2019),2015-05-30,10,300,precip_mm,24.288654012308474,0,0
25,episodes,1.0,2016-02-21,0.0,200,0.0,2,25,>=,EST,110046,OK,2016,Li et al. 2025a,2016-02-14,34,200,tmax_c,24.288654012308474,0,0
25,episodes,1.0,2016-04-12,0.0,625,0.0,2,25,>=,VEG,110046,OK,2016,Li et al. 2025a,2016-03-19,34.6,625,tmax_c,24.288654012308474,0,0
25,episodes,1.0,2016-04-28,0.0,200,0.0,2,25,>=,REP,110046,OK,2016,Li et al. (2025b),2016-04-21,33.7,200,tmax_c,24.288654012308474,0,0
25,episodes,1.0,2016-04-20,0.0,200,0.0,2,25,>=,FLO,110046,OK,2016,Li et al. (2025b),2016-04-13,33.7,200,tmax_c,24.288654012308474,0,0
25,episodes,1.0,2016-05-29,0.48000012184715973,775,0.48000012184715973,2,25,>=,FIL,110046,OK,2016,Li et al. (2025b),2016-04-29,32.7,775,tmax_c,24.288654012308474,11.658556885411572,11.658556885411572
25,days,1.0,2016-06-10,0.0,300,0.0,1,25,>,MAT,110046,OK,2016,Ortega Gómez et al. (2019),2016-05-30,10,300,precip_mm,24.288654012308474,0,0
25,episodes,1.0,1989-02-21,0.0,200,0.0,2,25,>=,EST,110043,OK,1989,Li et al. 2025a,1989-02-14,34,200,tmax_c,24.288654012308474,0,0
25,episodes,1.0,1989-04-12,0.0,625,0.0,2,25,>=,VEG,110043,OK,1989,Li et al. 2025a,1989-03-19,34.6,625,tmax_c,24.288654012308474,0,0
25,episodes,1.0,1989-04-28,0.0,200,0.0,2,25,>=,REP,110043,OK,1989,Li et al. (2025b),1989-04-21,33.7,200,tmax_c,24.288654012308474,0,0
25,episodes,1.0,1989-04-20,0.0,200,0.0,2,25,>=,FLO,110043,OK,1989,Li et al. (2025b),1989-04-13,33.7,200,tmax_c,24.288654012308474,0,0
25,episodes,1.0,1989-05-29,0.0,775,0.0,2,25,>=,FIL,110043,OK,1989,Li et al. (2025b),1989-04-29,32.7,775,tmax_c,24.288654012308474,0,0
25,days,1.0,1989-06-10,0.0,300,0.0,1,25,>,MAT,110043,OK,1989,Ortega Gómez et al. (2019),1989-05-30,10,300,precip_mm,24.288654012308474,0,0
25,episodes,1.0,1990-02-21,0.0,200,0.0,2,25,>=,EST,110043,OK,1990,Li et al. 2025a,1990-02-14,34,200,tmax_c,24.288654012308474,0,0
25,episodes,1.0,1990-04-12,0.0,625,0.0,2,25,>=,VEG,110043,OK,1990,Li et al. 2025a,1990-03-19,34.6,625,tmax_c,24.288654012308474,0,0
25,episodes,1.0,1990-04-28,0.0,200,0.0,2,25,>=,REP,110043,OK,1990,Li et al. (2025b),1990-04-21,33.7,200,tmax_c,24.288654012308474,0,0
25,episodes,1.0,1990-04-20,0.0,200,0.0,2,25,>=,FLO,110043,OK,1990,Li et al. (2025b),1990-04-13,33.7,200,tmax_c,24.288654012308474,0,0
25,episodes,1.0,1990-05-29,0.0,775,0.0,2,25,>=,FIL,110043,OK,1990,Li et al. (2025b),1990-04-29,32.7,775,tmax_c,24.288654012308474,0,0
25,days,1.0,1990-06-10,0.0,300,0.0,1,25,>,MAT,110043,OK,1990,Ortega Gómez et al. (2019),1990-05-30,10,300,precip_mm,24.288654012308474,0,0
25,episodes,1.0,1991-02-21,0.0,200,0.0,2,25,>=,EST,110043,OK,1991,Li et al. 2025a,1991-02-14,34,200,tmax_c,24.288654012308474,0,0
25,episodes,1.0,1991-04-12,0.0,625,0.0,2,25,>=,VEG,110043,OK,1991,Li et al. 2025a,1991-03-19,34.6,625,tmax_c,24.288654012308474,0,0
25,episodes,1.0,1991-04-28,0.0,200,0.0,2,25,>=,REP,110043,OK,1991,Li et al. (2025b),1991-04-21,33.7,200,tmax_c,24.288654012308474,0,0
25,episodes,1.0,1991-04-20,0.0,200,0.0,2,25,>=,FLO,110043,OK,1991,Li et al. (2025b),1991-04-13,33.7,200,tmax_c,24.288654012308474,0,0
25,episodes,1.0,1991-05-29,0.0,775,0.0,2,25,>=,FIL,110043,OK,1991,Li et al. (2025b),1991-04-29,32.7,775,tmax_c,24.288654012308474,0,0
25,days,1.0,1991-06-10,0.0,300,0.0,1,25,>,MAT,110043,OK,1991,Ortega Gómez et al. (2019),1991-05-30,10,300,precip_mm,24.288654012308474,0,0
25,episodes,1.0,1992-02-21,0.0,200,0.0,2,25,>=,EST,110043,OK,1992,Li et al. 2025a,1992-02-14,34,200,tmax_c,24.288654012308474,0,0
25,episodes,1.0,1992-04-12,0.0,625,0.0,2,25,>=,VEG,110043,OK,1992,Li et al. 2025a,1992-03-19,34.6,625,tmax_c,24.288654012308474,0,0
25,episodes,1.0,1992-04-28,0.0,200,0.0,2,25,>=,REP,110043,OK,1992,Li et al. (2025b),1992-04-21,33.7,200,tmax_c,24.288654012308474,0,0
25,episodes,1.0,1992-04-20,0.0,200,0.0,2,25,>=,FLO,110043,OK,1992,Li et al. (2025b),1992-04-13,33.7,200,tmax_c,24.288654012308474,0,0
25,episodes,1.0,1992-05-29,0.0,775,0.0,2,25,>=,FIL,110043,OK,1992,Li et al. (2025b),1992-04-29,32.7,775,tmax_c,24.288654012308474,0,0
25,days,1.0,1992-06-10,0.0,300,0.0,1,25,>,MAT,110043,OK,1992,Ortega Gómez et al. (2019),1992-05-30,10,300,precip_mm,24.288654012308474,0,0
25,episodes,1.0,1985-02-21,0.0,200,0.0,2,25,>=,EST,110040,OK,1985,Li et al. 2025a,1985-02-14,34,200,tmax_c,24.288654012308474,0,0
25,episodes,1.0,1985-04-12,0.0,625,0.0,2,25,>=,VEG,110040,OK,1985,Li et al. 2025a,1985-03-19,34.6,625,tmax_c,24.288654012308474,0,0
25,episodes,1.0,1985-04-28,0.0,200,0.0,2,25,>=,REP,110040,OK,1985,Li et al. (2025b),1985-04-21,33.7,200,tmax_c,24.288654012308474,0,0
25,episodes,1.0,1985-04-20,0.0,200,0.0,2,25,>=,FLO,110040,OK,1985,Li et al. (2025b),1985-04-13,33.7,200,tmax_c,24.288654012308474,0,0
25,episodes,1.0,1985-05-29,0.0,775,0.0,2,25,>=,FIL,110040,OK,1985,Li et al. (2025b),1985-04-29,32.7,775,tmax_c,24.288654012308474,0,0
25,days,1.0,1985-06-10,0.0,300,0.0,1,25,>,MAT,110040,OK,1985,Ortega Gómez et al. (2019),1985-05-30,10,300,precip_mm,24.288654012308474,0,0
25,episodes,1.0,1986-02-21,0.0,200,0.0,2,25,>=,EST,110040,OK,1986,Li et al. 2025a,1986-02-14,34,200,tmax_c,24.288654012308474,0,0
25,episodes,1.0,1986-04-12,0.0,625,0.0,2,25,>=,VEG,110040,OK,1986,Li et al. 2025a,1986-03-19,34.6,625,tmax_c,24.288654012308474,0,0
25,episodes,1.0,1986-04-28,0.0,200,0.0,2,25,>=,REP,110040,OK,1986,Li et al. (2025b),1986-04-21,33.7,200,tmax_c,24.288654012308474,0,0
25,episodes,1.0,1986-04-20,0.0,200,0.0,2,25,>=,FLO,110040,OK,1986,Li et al. (2025b),1986-04-13,33.7,200,tmax_c,24.288654012308474,0,0
25,episodes,1.0,1986-05-29,0.0,775,0.0,2,25,>=,FIL,110040,OK,1986,Li et al. (2025b),1986-04-29,32.7,775,tmax_c,24.288654012308474,0,0
25,days,1.0,1986-06-10,1.0,300,1.0,1,25,>,MAT,110040,OK,1986,Ortega Gómez et al. (2019),1986-05-30,10,300,precip_mm,24.288654012308474,24.288654012308474,24.288654012308474
25,episodes,1.0,1987-02-21,0.0,200,0.0,2,25,>=,EST,110040,OK,1987,Li et al. 2025a,1987-02-14,34,200,tmax_c,24.288654012308474,0,0
25,episodes,1.0,1987-04-12,0.0,625,0.0,2,25,>=,VEG,110040,OK,1987,Li et al. 2025a,1987-03-19,34.6,625,tmax_c,24.288654012308474,0,0
25,episodes,1.0,1987-04-28,0.0,200,0.0,2,25,>=,REP,110040,OK,1987,Li et al. (2025b),1987-04-21,33.7,200,tmax_c,24.288654012308474,0,0
25,episodes,1.0,1987-04-20,0.0,200,0.0,2,25,>=,FLO,110040,OK,1987,Li et al. (2025b),1987-04-13,33.7,200,tmax_c,24.288654012308474,0,0
25,episodes,1.0,1987-05-29,0.0,775,0.0,2,25,>=,FIL,110040,OK,1987,Li et al. (2025b),1987-04-29,32.7,775,tmax_c,24.288654012308474,0,0
25,days,1.0,1987-06-10,0.03996584088547156,300,0.03996584088547156,1,25,>,MAT,110040,OK,1987,Ortega Gómez et al. (2019),1987-05-30,10,300,precip_mm,24.288654012308474,0.9707164815781908,0.9707164815781908
25,episodes,1.0,1988-02-21,0.0,200,0.0,2,25,>=,EST,110040,OK,1988,Li et al. 2025a,1988-02-14,34,200,tmax_c,24.288654012308474,0,0
25,episodes,1.0,1988-04-12,0.0,625,0.0,2,25,>=,VEG,110040,OK,1988,Li et al. 2025a,1988-03-19,34.6,625,tmax_c,24.288654012308474,0,0
25,episodes,1.0,1988-04-28,0.0,200,0.0,2,25,>=,REP,110040,OK,1988,Li et al. (2025b),1988-04-21,33.7,200,tmax_c,24.288654012308474,0,0
25,episodes,1.0,1988-04-20,0.0,200,0.0,2,25,>=,FLO,110040,OK,1988,Li et al. (2025b),1988-04-13,33.7,200,tmax_c,24.288654012308474,0,0
25,episodes,1.0,1988-05-29,0.0,775,0.0,2,25,>=,FIL,110040,OK,1988,Li et al. (2025b),1988-04-29,32.7,775,tmax_c,24.288654012308474,0,0
25,days,1.0,1988-06-10,0.0,300,0.0,1,25,>,MAT,110040,OK,1988,Ortega Gómez et al. (2019),1988-05-30,10,300,precip_mm,24.288654012308474,0,0
25,episodes,1.0,1993-02-21,0.0,200,0.0,2,25,>=,EST,110043,OK,1993,Li et al. 2025a,1993-02-14,34,200,tmax_c,24.288654012308474,0,0
25,episodes,1.0,1993-04-12,0.0,625,0.0,2,25,>=,VEG,110043,OK,1993,Li et al. 2025a,1993-03-19,34.6,625,tmax_c,24.288654012308474,0,0
25,episodes,1.0,1993-04-28,0.0,200,0.0,2,25,>=,REP,110043,OK,1993,Li et al. (2025b),1993-04-21,33.7,200,tmax_c,24.288654012308474,0,0
25,episodes,1.0,1993-04-20,0.0,200,0.0,2,25,>=,FLO,110043,OK,1993,Li et al. (2025b),1993-04-13,33.7,200,tmax_c,24.288654012308474,0,0
25,episodes,1.0,1993-05-29,0.0,775,0.0,2,25,>=,FIL,110043,OK,1993,Li et al. (2025b),1993-04-29,32.7,775,tmax_c,24.288654012308474,0,0
25,days,1.0,1993-06-10,0.5597618608721917,300,0.5597618608721917,1,25,>,MAT,110043,OK,1993,Ortega Gómez et al. (2019),1993-05-30,10,300,precip_mm,24.288654012308474,13.595862168010616,13.595862168010616
25,episodes,1.0,1994-02-21,0.0,200,0.0,2,25,>=,EST,110043,OK,1994,Li et al. 2025a,1994-02-14,34,200,tmax_c,24.288654012308474,0,0
25,episodes,1.0,1994-04-12,0.0,625,0.0,2,25,>=,VEG,110043,OK,1994,Li et al. 2025a,1994-03-19,34.6,625,tmax_c,24.288654012308474,0,0
25,episodes,1.0,1994-04-28,0.0,200,0.0,2,25,>=,REP,110043,OK,1994,Li et al. (2025b),1994-04-21,33.7,200,tmax_c,24.288654012308474,0,0
25,episodes,1.0,1994-04-20,0.0,200,0.0,2,25,>=,FLO,110043,OK,1994,Li et al. (2025b),1994-04-13,33.7,200,tmax_c,24.288654012308474,0,0
25,episodes,1.0,1994-05-29,0.0,775,0.0,2,25,>=,FIL,110043,OK,1994,Li et al. (2025b),1994-04-29,32.7,775,tmax_c,24.288654012308474,0,0
25,days,1.0,1994-06-10,0.0,300,0.0,1,25,>,MAT,110043,OK,1994,Ortega Gómez et al. (2019),1994-05-30,10,300,precip_mm,24.288654012308474,0,0
25,episodes,1.0,1995-02-21,0.0,200,0.0,2,25,>=,EST,110043,OK,1995,Li et al. 2025a,1995-02-14,34,200,tmax_c,24.288654012308474,0,0
25,episodes,1.0,1995-04-12,0.0,625,0.0,2,25,>=,VEG,110043,OK,1995,Li et al. 2025a,1995-03-19,34.6,625,tmax_c,24.288654012308474,0,0
25,episodes,1.0,1995-04-28,0.0,200,0.0,2,25,>=,REP,110043,OK,1995,Li et al. (2025b),1995-04-21,33.7,200,tmax_c,24.288654012308474,0,0
25,episodes,1.0,1995-04-20,0.0,200,0.0,2,25,>=,FLO,110043,OK,1995,Li et al. (2025b),1995-04-13,33.7,200,tmax_c,24.288654012308474,0,0
25,episodes,1.0,1995-05-29,0.0,775,0.0,2,25,>=,FIL,110043,OK,1995,Li et al. (2025b),1995-04-29,32.7,775,tmax_c,24.288654012308474,0,0
25,days,1.0,1995-06-10,0.0,300,0.0,1,25,>,MAT,110043,OK,1995,Ortega Gómez et al. (2019),1995-05-30,10,300,precip_mm,24.288654012308474,0,0
25,episodes,1.0,1996-02-21,0.0,200,0.0,2,25,>=,EST,110043,OK,1996,Li et al. 2025a,1996-02-14,34,200,tmax_c,24.288654012308474,0,0
25,episodes,1.0,1996-04-12,0.0,625,0.0,2,25,>=,VEG,110043,OK,1996,Li et al. 2025a,1996-03-19,34.6,625,tmax_c,24.288654012308474,0,0
25,episodes,1.0,1996-04-28,0.0,200,0.0,2,25,>=,REP,110043,OK,1996,Li et al. (2025b),1996-04-21,33.7,200,tmax_c,24.288654012308474,0,0
25,episodes,1.0,1996-04-20,0.0,200,0.0,2,25,>=,FLO,110043,OK,1996,Li et al. (2025b),1996-04-13,33.7,200,tmax_c,24.288654012308474,0,0
25,episodes,1.0,1996-05-29,0.0,775,0.0,2,25,>=,FIL,110043,OK,1996,Li et al. (2025b),1996-04-29,32.7,775,tmax_c,24.288654012308474,0,0
25,days,1.0,1996-06-10,0.0,300,0.0,1,25,>,MAT,110043,OK,1996,Ortega Gómez et al. (2019),1996-05-30,10,300,precip_mm,24.288654012308474,0,0
25,episodes,1.0,1981-02-21,0.0,200,0.0,2,25,>=,EST,110045,OK,1981,Li et al. 2025a,1981-02-14,34,200,tmax_c,24.288654012308474,0,0
25,episodes,1.0,1981-04-12,0.0,625,0.0,2,25,>=,VEG,110045,OK,1981,Li et al. 2025a,1981-03-19,34.6,625,tmax_c,24.288654012308474,0,0
25,episodes,1.0,1981-04-28,0.0,200,0.0,2,25,>=,REP,110045,OK,1981,Li et al. (2025b),1981-04-21,33.7,200,tmax_c,24.288654012308474,0,0
25,episodes,1.0,1981-04-20,0.0,200,0.0,2,25,>=,FLO,110045,OK,1981,Li et al. (2025b),1981-04-13,33.7,200,tmax_c,24.288654012308474,0,0
25,episodes,1.0,1981-05-29,0.0,775,0.0,2,25,>=,FIL,110045,OK,1981,Li et al. (2025b),1981-04-29,32.7,775,tmax_c,24.288654012308474,0,0
25,days,1.0,1981-06-10,0.7598301791531276,300,1.199608997709447,1,25,>,MAT,110045,OK,1981,Ortega Gómez et al. (2019),1981-05-30,10,300,precip_mm,24.288654012308474,29.13688789541691,18.45525232956068
25,episodes,1.0,1982-02-21,0.0,200,0.0,2,25,>=,EST,110045,OK,1982,Li et al. 2025a,1982-02-14,34,200,tmax_c,24.288654012308474,0,0
25,episodes,1.0,1982-04-12,0.0,625,0.0,2,25,>=,VEG,110045,OK,1982,Li et al. 2025a,1982-03-19,34.6,625,tmax_c,24.288654012308474,0,0
25,episodes,1.0,1982-04-28,0.0,200,0.0,2,25,>=,REP,110045,OK,1982,Li et al. (2025b),1982-04-21,33.7,200,tmax_c,24.288654012308474,0,0
25,episodes,1.0,1982-04-20,0.0,200,0.0,2,25,>=,FLO,110045,OK,1982,Li et al. (2025b),1982-04-13,33.7,200,tmax_c,24.288654012308474,0,0
25,episodes,1.0,1982-05-29,0.0,775,0.0,2,25,>=,FIL,110045,OK,1982,Li et al. (2025b),1982-04-29,32.7,775,tmax_c,24.288654012308474,0,0
25,days,1.0,1982-06-10,0.0,300,0.0,1,25,>,MAT,110045,OK,1982,Ortega Gómez et al. (2019),1982-05-30,10,300,precip_mm,24.288654012308474,0,0
25,episodes,1.0,1983-02-21,0.0,200,0.0,2,25,>=,EST,110045,OK,1983,Li et al. 2025a,1983-02-14,34,200,tmax_c,24.288654012308474,0,0
25,episodes,1.0,1983-04-12,0.0,625,0.0,2,25,>=,VEG,110045,OK,1983,Li et al. 2025a,1983-03-19,34.6,625,tmax_c,24.288654012308474,0,0
25,episodes,1.0,1983-04-28,0.0,200,0.0,2,25,>=,REP,110045,OK,1983,Li et al. (2025b),1983-04-21,33.7,200,tmax_c,24.288654012308474,0,0
25,episodes,1.0,1983-04-20,0.0,200,0.0,2,25,>=,FLO,110045,OK,1983,Li et al. (2025b),1983-04-13,33.7,200,tmax_c,24.288654012308474,0,0
25,episodes,1.0,1983-05-29,0.0,775,0.0,2,25,>=,FIL,110045,OK,1983,Li et al. (2025b),1983-04-29,32.7,775,tmax_c,24.288654012308474,0,0
25,days,1.0,1983-06-10,0.040033915420134854,300,0.040033915420134854,1,25,>,MAT,110045,OK,1983,Ortega Gómez et al. (2019),1983-05-30,10,300,precip_mm,24.288654012308474,0.9723699203976766,0.9723699203976766
25,episodes,1.0,1984-02-21,0.0,200,0.0,2,25,>=,EST,110045,OK,1984,Li et al. 2025a,1984-02-14,34,200,tmax_c,24.288654012308474,0,0
25,episodes,1.0,1984-04-12,0.0,625,0.0,2,25,>=,VEG,110045,OK,1984,Li et al. 2025a,1984-03-19,34.6,625,tmax_c,24.288654012308474,0,0
25,episodes,1.0,1984-04-28,0.0,200,0.0,2,25,>=,REP,110045,OK,1984,Li et al. (2025b),1984-04-21,33.7,200,tmax_c,24.288654012308474,0,0
25,episodes,1.0,1984-04-20,0.0,200,0.0,2,25,>=,FLO,110045,OK,1984,Li et al. (2025b),1984-04-13,33.7,200,tmax_c,24.288654012308474,0,0
25,episodes,1.0,1984-05-29,0.0,775,0.0,2,25,>=,FIL,110045,OK,1984,Li et al. (2025b),1984-04-29,32.7,775,tmax_c,24.288654012308474,0,0
25,days,1.0,1984-06-10,0.0,300,0.0,1,25,>,MAT,110045,OK,1984,Ortega Gómez et al. (2019),1984-05-30,10,300,precip_mm,24.288654012308474,0,0
25,episodes,1.0,2009-02-21,0.0,200,0.0,2,25,>=,EST,110040,OK,2009,Li et al. 2025a,2009-02-14,34,200,tmax_c,24.288654012308474,0,0
25,episodes,1.0,2009-04-12,0.0,625,0.0,2,25,>=,VEG,110040,OK,2009,Li et al. 2025a,2009-03-19,34.6,625,tmax_c,24.288654012308474,0,0
25,episodes,1.0,2009-04-28,0.0,200,0.0,2,25,>=,REP,110040,OK,2009,Li et al. (2025b),2009-04-21,33.7,200,tmax_c,24.288654012308474,0,0
25,episodes,1.0,2009-04-20,0.0,200,0.0,2,25,>=,FLO,110040,OK,2009,Li et al. (2025b),2009-04-13,33.7,200,tmax_c,24.288654012308474,0,0
25,episodes,1.0,2009-05-29,0.0,775,0.0,2,25,>=,FIL,110040,OK,2009,Li et al. (2025b),2009-04-29,32.7,775,tmax_c,24.288654012308474,0,0
25,days,1.0,2009-06-10,0.0,300,0.0,1,25,>,MAT,110040,OK,2009,Ortega Gómez et al. (2019),2009-05-30,10,300,precip_mm,24.288654012308474,0,0
25,episodes,1.0,2010-02-21,0.0,200,0.0,2,25,>=,EST,110040,OK,2010,Li et al. 2025a,2010-02-14,34,200,tmax_c,24.288654012308474,0,0
25,episodes,1.0,2010-04-12,0.0,625,0.0,2,25,>=,VEG,110040,OK,2010,Li et al. 2025a,2010-03-19,34.6,625,tmax_c,24.288654012308474,0,0
25,episodes,1.0,2010-04-28,0.0,200,0.0,2,25,>=,REP,110040,OK,2010,Li et al. (2025b),2010-04-21,33.7,200,tmax_c,24.288654012308474,0,0
25,episodes,1.0,2010-04-20,0.0,200,0.0,2,25,>=,FLO,110040,OK,2010,Li et al. (2025b),2010-04-13,33.7,200,tmax_c,24.288654012308474,0,0
25,episodes,1.0,2010-05-29,0.0,775,0.0,2,25,>=,FIL,110040,OK,2010,Li et al. (2025b),2010-04-29,32.7,775,tmax_c,24.288654012308474,0,0
25,days,1.0,2010-06-10,0.0,300,0.0,1,25,>,MAT,110040,OK,2010,Ortega Gómez et al. (2019),2010-05-30,10,300,precip_mm,24.288654012308474,0,0
25,episodes,1.0,2011-02-21,0.0,200,0.0,2,25,>=,EST,110040,OK,2011,Li et al. 2025a,2011-02-14,34,200,tmax_c,24.288654012308474,0,0
25,episodes,1.0,2011-04-12,0.0,625,0.0,2,25,>=,VEG,110040,OK,2011,Li et al. 2025a,2011-03-19,34.6,625,tmax_c,24.288654012308474,0,0
25,episodes,1.0,2011-04-28,0.0,200,0.0,2,25,>=,REP,110040,OK,2011,Li et al. (2025b),2011-04-21,33.7,200,tmax_c,24.288654012308474,0,0
25,episodes,1.0,2011-04-20,0.0,200,0.0,2,25,>=,FLO,110040,OK,2011,Li et al. (2025b),2011-04-13,33.7,200,tmax_c,24.288654012308474,0,0
25,episodes,1.0,2011-05-29,0.0,775,0.0,2,25,>=,FIL,110040,OK,2011,Li et al. (2025b),2011-04-29,32.7,775,tmax_c,24.288654012308474,0,0
25,days,1.0,2011-06-10,0.7200002436943937,300,0.7200002436943937,1,25,>,MAT,110040,OK,2011,Ortega Gómez et al. (2019),2011-05-30,10,300,precip_mm,24.288654012308474,17.487836807870917,17.487836807870917
25,episodes,1.0,2012-02-21,0.0,200,0.0,2,25,>=,EST,110040,OK,2012,Li et al. 2025a,2012-02-14,34,200,tmax_c,24.288654012308474,0,0
25,episodes,1.0,2012-04-12,0.0,625,0.0,2,25,>=,VEG,110040,OK,2012,Li et al. 2025a,2012-03-19,34.6,625,tmax_c,24.288654012308474,0,0
25,episodes,1.0,2012-04-28,0.0,200,0.0,2,25,>=,REP,110040,OK,2012,Li et al. (2025b),2012-04-21,33.7,200,tmax_c,24.288654012308474,0,0
25,episodes,1.0,2012-04-20,0.0,200,0.0,2,25,>=,FLO,110040,OK,2012,Li et al. (2025b),2012-04-13,33.7,200,tmax_c,24.288654012308474,0,0
25,episodes,1.0,2012-05-29,0.0,775,0.0,2,25,>=,FIL,110040,OK,2012,Li et al. (2025b),2012-04-29,32.7,775,tmax_c,24.288654012308474,0,0
25,days,1.0,2012-06-10,0.11989752265641467,300,0.11989752265641467,1,25,>,MAT,110040,OK,2012,Ortega Gómez et al. (2019),2012-05-30,10,300,precip_mm,24.288654012308474,2.912149444734572,2.912149444734572
25,episodes,1.0,1993-02-21,0.0,200,0.0,2,25,>=,EST,110040,OK,1993,Li et al. 2025a,1993-02-14,34,200,tmax_c,24.288654012308474,0,0
25,episodes,1.0,1993-04-12,0.0,625,0.0,2,25,>=,VEG,110040,OK,1993,Li et al. 2025a,1993-03-19,34.6,625,tmax_c,24.288654012308474,0,0
25,episodes,1.0,1993-04-28,0.0,200,0.0,2,25,>=,REP,110040,OK,1993,Li et al. (2025b),1993-04-21,33.7,200,tmax_c,24.288654012308474,0,0
25,episodes,1.0,1993-04-20,0.0,200,0.0,2,25,>=,FLO,110040,OK,1993,Li et al. (2025b),1993-04-13,33.7,200,tmax_c,24.288654012308474,0,0
25,episodes,1.0,1993-05-29,0.0,775,0.0,2,25,>=,FIL,110040,OK,1993,Li et al. (2025b),1993-04-29,32.7,775,tmax_c,24.288654012308474,0,0
25,days,1.0,1993-06-10,0.0,300,0.0,1,25,>,MAT,110040,OK,1993,Ortega Gómez et al. (2019),1993-05-30,10,300,precip_mm,24.288654012308474,0,0
25,episodes,1.0,1994-02-21,0.0,200,0.0,2,25,>=,EST,110040,OK,1994,Li et al. 2025a,1994-02-14,34,200,tmax_c,24.288654012308474,0,0
25,episodes,1.0,1994-04-12,0.0,625,0.0,2,25,>=,VEG,110040,OK,1994,Li et al. 2025a,1994-03-19,34.6,625,tmax_c,24.288654012308474,0,0
25,episodes,1.0,1994-04-28,0.0,200,0.0,2,25,>=,REP,110040,OK,1994,Li et al. (2025b),1994-04-21,33.7,200,tmax_c,24.288654012308474,0,0
25,episodes,1.0,1994-04-20,0.0,200,0.0,2,25,>=,FLO,110040,OK,1994,Li et al. (2025b),1994-04-13,33.7,200,tmax_c,24.288654012308474,0,0
25,episodes,1.0,1994-05-29,0.0,775,0.0,2,25,>=,FIL,110040,OK,1994,Li et al. (2025b),1994-04-29,32.7,775,tmax_c,24.288654012308474,0,0
25,days,1.0,1994-06-10,0.0,300,0.0,1,25,>,MAT,110040,OK,1994,Ortega Gómez et al. (2019),1994-05-30,10,300,precip_mm,24.288654012308474,0,0
25,episodes,1.0,1995-02-21,0.0,200,0.0,2,25,>=,EST,110040,OK,1995,Li et al. 2025a,1995-02-14,34,200,tmax_c,24.288654012308474,0,0
25,episodes,1.0,1995-04-12,0.0,625,0.0,2,25,>=,VEG,110040,OK,1995,Li et al. 2025a,1995-03-19,34.6,625,tmax_c,24.288654012308474,0,0
25,episodes,1.0,1995-04-28,0.0,200,0.0,2,25,>=,REP,110040,OK,1995,Li et al. (2025b),1995-04-21,33.7,200,tmax_c,24.288654012308474,0,0
25,episodes,1.0,1995-04-20,0.0,200,0.0,2,25,>=,FLO,110040,OK,1995,Li et al. (2025b),1995-04-13,33.7,200,tmax_c,24.288654012308474,0,0
25,episodes,1.0,1995-05-29,0.0,775,0.0,2,25,>=,FIL,110040,OK,1995,Li et al. (2025b),1995-04-29,32.7,775,tmax_c,24.288654012308474,0,0
25,days,1.0,1995-06-10,0.0,300,0.0,1,25,>,MAT,110040,OK,1995,Ortega Gómez et al. (2019),1995-05-30,10,300,precip_mm,24.288654012308474,0,0
25,episodes,1.0,1996-02-21,0.0,200,0.0,2,25,>=,EST,110040,OK,1996,Li et al. 2025a,1996-02-14,34,200,tmax_c,24.288654012308474,0,0
25,episodes,1.0,1996-04-12,0.0,625,0.0,2,25,>=,VEG,110040,OK,1996,Li et al. 2025a,1996-03-19,34.6,625,tmax_c,24.288654012308474,0,0
25,episodes,1.0,1996-04-28,0.0,200,0.0,2,25,>=,REP,110040,OK,1996,Li et al. (2025b),1996-04-21,33.7,200,tmax_c,24.288654012308474,0,0
25,episodes,1.0,1996-04-20,0.0,200,0.0,2,25,>=,FLO,110040,OK,1996,Li et al. (2025b),1996-04-13,33.7,200,tmax_c,24.288654012308474,0,0
25,episodes,1.0,1996-05-29,0.0,775,0.0,2,25,>=,FIL,110040,OK,1996,Li et al. (2025b),1996-04-29,32.7,775,tmax_c,24.288654012308474,0,0
25,days,1.0,1996-06-10,0.0,300,0.0,1,25,>,MAT,110040,OK,1996,Ortega Gómez et al. (2019),1996-05-30,10,300,precip_mm,24.288654012308474,0,0
25,episodes,1.0,2013-06-03,0.0,125,0.0,2,25,>=,EST,109724,OK,2013,Li et al. 2025a,2013-05-30,34,125,tmax_c,24.288654012308474,0,0
25,episodes,1.0,2013-07-04,0.0,400,0.0,2,25,>=,VEG,109724,OK,2013,Li et al. 2025a,2013-06-19,34.6,400,tmax_c,24.288654012308474,0,0
25,episodes,1.0,2013-07-13,0.0,125,0.0,2,25,>=,REP,109724,OK,2013,Li et al. (2025b),2013-07-09,33.7,125,tmax_c,24.288654012308474,0,0
25,episodes,1.0,2013-07-08,0.0,100,0.0,2,25,>=,FLO,109724,OK,2013,Li et al. (2025b),2013-07-05,33.7,100,tmax_c,24.288654012308474,0,0
25,episodes,1.0,2013-08-02,0.0,500,0.0,2,25,>=,FIL,109724,OK,2013,Li et al. (2025b),2013-07-14,32.7,500,tmax_c,24.288654012308474,0,0
25,days,1.0,2013-08-09,0.0,175,0.0,1,25,>,MAT,109724,OK,2013,Ortega Gómez et al. (2019),2013-08-03,10,175,precip_mm,24.288654012308474,0,0
25,episodes,1.0,2014-06-03,0.0,125,0.0,2,25,>=,EST,109724,OK,2014,Li et al. 2025a,2014-05-30,34,125,tmax_c,24.288654012308474,0,0
25,episodes,1.0,2014-07-04,0.0,400,0.0,2,25,>=,VEG,109724,OK,2014,Li et al. 2025a,2014-06-19,34.6,400,tmax_c,24.288654012308474,0,0
25,episodes,1.0,2014-07-13,0.0,125,0.0,2,25,>=,REP,109724,OK,2014,Li et al. (2025b),2014-07-09,33.7,125,tmax_c,24.288654012308474,0,0
25,episodes,1.0,2014-07-08,0.0,100,0.0,2,25,>=,FLO,109724,OK,2014,Li et al. (2025b),2014-07-05,33.7,100,tmax_c,24.288654012308474,0,0
25,episodes,1.0,2014-08-02,0.0,500,0.0,2,25,>=,FIL,109724,OK,2014,Li et al. (2025b),2014-07-14,32.7,500,tmax_c,24.288654012308474,0,0
25,days,1.0,2014-08-09,0.0,175,0.0,1,25,>,MAT,109724,OK,2014,Ortega Gómez et al. (2019),2014-08-03,10,175,precip_mm,24.288654012308474,0,0
25,episodes,1.0,2015-06-03,0.0,125,0.0,2,25,>=,EST,109724,OK,2015,Li et al. 2025a,2015-05-30,34,125,tmax_c,24.288654012308474,0,0
25,episodes,1.0,2015-07-04,0.0,400,0.0,2,25,>=,VEG,109724,OK,2015,Li et al. 2025a,2015-06-19,34.6,400,tmax_c,24.288654012308474,0,0
25,episodes,1.0,2015-07-13,0.0,125,0.0,2,25,>=,REP,109724,OK,2015,Li et al. (2025b),2015-07-09,33.7,125,tmax_c,24.288654012308474,0,0
25,episodes,1.0,2015-07-08,0.0,100,0.0,2,25,>=,FLO,109724,OK,2015,Li et al. (2025b),2015-07-05,33.7,100,tmax_c,24.288654012308474,0,0
25,episodes,1.0,2015-08-02,0.1599660845798652,500,0.1599660845798652,2,25,>=,FIL,109724,OK,2015,Li et al. (2025b),2015-07-14,32.7,500,tmax_c,24.288654012308474,3.8853608820640195,3.8853608820640195
25,days,1.0,2015-08-09,0.0,175,0.0,1,25,>,MAT,109724,OK,2015,Ortega Gómez et al. (2019),2015-08-03,10,175,precip_mm,24.288654012308474,0,0
25,episodes,1.0,2016-06-03,0.0,125,0.0,2,25,>=,EST,109724,OK,2016,Li et al. 2025a,2016-05-30,34,125,tmax_c,24.288654012308474,0,0
25,episodes,1.0,2016-07-04,0.0,400,0.0,2,25,>=,VEG,109724,OK,2016,Li et al. 2025a,2016-06-19,34.6,400,tmax_c,24.288654012308474,0,0
25,episodes,1.0,2016-07-13,0.0,125,0.0,2,25,>=,REP,109724,OK,2016,Li et al. (2025b),2016-07-09,33.7,125,tmax_c,24.288654012308474,0,0
25,episodes,1.0,2016-07-08,0.0,100,0.0,2,25,>=,FLO,109724,OK,2016,Li et al. (2025b),2016-07-05,33.7,100,tmax_c,24.288654012308474,0,0
25,episodes,1.0,2016-08-02,0.11994900499669862,500,0.15991484588217017,2,25,>=,FIL,109724,OK,2016,Li et al. (2025b),2016-07-14,32.7,500,tmax_c,24.288654012308474,3.8841163630636637,2.913399881485473
25,days,1.0,2016-08-09,0.0,175,0.0,1,25,>,MAT,109724,OK,2016,Ortega Gómez et al. (2019),2016-08-03,10,175,precip_mm,24.288654012308474,0,0
25,episodes,1.0,2009-06-03,0.0,125,0.0,2,25,>=,EST,109724,OK,2009,Li et al. 2025a,2009-05-30,34,125,tmax_c,24.288654012308474,0,0
25,episodes,1.0,2009-07-04,0.0,400,0.0,2,25,>=,VEG,109724,OK,2009,Li et al. 2025a,2009-06-19,34.6,400,tmax_c,24.288654012308474,0,0
25,episodes,1.0,2009-07-13,0.0,125,0.0,2,25,>=,REP,109724,OK,2009,Li et al. (2025b),2009-07-09,33.7,125,tmax_c,24.288654012308474,0,0
25,episodes,1.0,2009-07-08,0.0,100,0.0,2,25,>=,FLO,109724,OK,2009,Li et al. (2025b),2009-07-05,33.7,100,tmax_c,24.288654012308474,0,0
25,episodes,1.0,2009-08-02,0.0,500,0.0,2,25,>=,FIL,109724,OK,2009,Li et al. (2025b),2009-07-14,32.7,500,tmax_c,24.288654012308474,0,0
25,days,1.0,2009-08-09,0.0,175,0.0,1,25,>,MAT,109724,OK,2009,Ortega Gómez et al. (2019),2009-08-03,10,175,precip_mm,24.288654012308474,0,0
25,episodes,1.0,2010-06-03,0.0,125,0.0,2,25,>=,EST,109724,OK,2010,Li et al. 2025a,2010-05-30,34,125,tmax_c,24.288654012308474,0,0
25,episodes,1.0,2010-07-04,0.0,400,0.0,2,25,>=,VEG,109724,OK,2010,Li et al. 2025a,2010-06-19,34.6,400,tmax_c,24.288654012308474,0,0
25,episodes,1.0,2010-07-13,0.0,125,0.0,2,25,>=,REP,109724,OK,2010,Li et al. (2025b),2010-07-09,33.7,125,tmax_c,24.288654012308474,0,0
25,episodes,1.0,2010-07-08,0.0,100,0.0,2,25,>=,FLO,109724,OK,2010,Li et al. (2025b),2010-07-05,33.7,100,tmax_c,24.288654012308474,0,0
25,episodes,1.0,2010-08-02,0.0,500,0.0,2,25,>=,FIL,109724,OK,2010,Li et al. (2025b),2010-07-14,32.7,500,tmax_c,24.288654012308474,0,0
25,days,1.0,2010-08-09,0.0,175,0.0,1,25,>,MAT,109724,OK,2010,Ortega Gómez et al. (2019),2010-08-03,10,175,precip_mm,24.288654012308474,0,0
25,episodes,1.0,2011-06-03,0.0,125,0.0,2,25,>=,EST,109724,OK,2011,Li et al. 2025a,2011-05-30,34,125,tmax_c,24.288654012308474,0,0
25,episodes,1.0,2011-07-04,0.0,400,0.0,2,25,>=,VEG,109724,OK,2011,Li et al. 2025a,2011-06-19,34.6,400,tmax_c,24.288654012308474,0,0
25,episodes,1.0,2011-07-13,0.0,125,0.0,2,25,>=,REP,109724,OK,2011,Li et al. (2025b),2011-07-09,33.7,125,tmax_c,24.288654012308474,0,0
25,episodes,1.0,2011-07-08,0.0,100,0.0,2,25,>=,FLO,109724,OK,2011,Li et al. (2025b),2011-07-05,33.7,100,tmax_c,24.288654012308474,0,0
25,episodes,1.0,2011-08-02,0.0,500,0.0,2,25,>=,FIL,109724,OK,2011,Li et al. (2025b),2011-07-14,32.7,500,tmax_c,24.288654012308474,0,0
25,days,1.0,2011-08-09,0.0,175,0.0,1,25,>,MAT,109724,OK,2011,Ortega Gómez et al. (2019),2011-08-03,10,175,precip_mm,24.288654012308474,0,0
25,episodes,1.0,2012-06-03,0.0,125,0.0,2,25,>=,EST,109724,OK,2012,Li et al. 2025a,2012-05-30,34,125,tmax_c,24.288654012308474,0,0
25,episodes,1.0,2012-07-04,0.0,400,0.0,2,25,>=,VEG,109724,OK,2012,Li et al. 2025a,2012-06-19,34.6,400,tmax_c,24.288654012308474,0,0
25,episodes,1.0,2012-07-13,0.0,125,0.0,2,25,>=,REP,109724,OK,2012,Li et al. (2025b),2012-07-09,33.7,125,tmax_c,24.288654012308474,0,0
25,episodes,1.0,2012-07-08,0.0,100,0.0,2,25,>=,FLO,109724,OK,2012,Li et al. (2025b),2012-07-05,33.7,100,tmax_c,24.288654012308474,0,0
25,episodes,1.0,2012-08-02,0.0,500,0.0,2,25,>=,FIL,109724,OK,2012,Li et al. (2025b),2012-07-14,32.7,500,tmax_c,24.288654012308474,0,0
25,days,1.0,2012-08-09,0.0,175,0.0,1,25,>,MAT,109724,OK,2012,Ortega Gómez et al. (2019),2012-08-03,10,175,precip_mm,24.288654012308474,0,0
25,episodes,1.0,1993-06-03,0.0,125,0.0,2,25,>=,EST,109724,OK,1993,Li et al. 2025a,1993-05-30,34,125,tmax_c,24.288654012308474,0,0
25,episodes,1.0,1993-07-04,0.0,400,0.0,2,25,>=,VEG,109724,OK,1993,Li et al. 2025a,1993-06-19,34.6,400,tmax_c,24.288654012308474,0,0
25,episodes,1.0,1993-07-13,0.0,125,0.0,2,25,>=,REP,109724,OK,1993,Li et al. (2025b),1993-07-09,33.7,125,tmax_c,24.288654012308474,0,0
25,episodes,1.0,1993-07-08,0.0,100,0.0,2,25,>=,FLO,109724,OK,1993,Li et al. (2025b),1993-07-05,33.7,100,tmax_c,24.288654012308474,0,0
25,episodes,1.0,1993-08-02,0.28001720143040054,500,0.28001720143040054,2,25,>=,FIL,109724,OK,1993,Li et al. (2025b),1993-07-14,32.7,500,tmax_c,24.288654012308474,6.801240923037888,6.801240923037888
25,days,1.0,1993-08-09,0.0,175,0.0,1,25,>,MAT,109724,OK,1993,Ortega Gómez et al. (2019),1993-08-03,10,175,precip_mm,24.288654012308474,0,0
25,episodes,1.0,1994-06-03,0.0,125,0.0,2,25,>=,EST,109724,OK,1994,Li et al. 2025a,1994-05-30,34,125,tmax_c,24.288654012308474,0,0
25,episodes,1.0,1994-07-04,0.0,400,0.0,2,25,>=,VEG,109724,OK,1994,Li et al. 2025a,1994-06-19,34.6,400,tmax_c,24.288654012308474,0,0
25,episodes,1.0,1994-07-13,0.0,125,0.0,2,25,>=,REP,109724,OK,1994,Li et al. (2025b),1994-07-09,33.7,125,tmax_c,24.288654012308474,0,0
25,episodes,1.0,1994-07-08,0.0,100,0.0,2,25,>=,FLO,109724,OK,1994,Li et al. (2025b),1994-07-05,33.7,100,tmax_c,24.288654012308474,0,0
25,episodes,1.0,1994-08-02,0.0,500,0.0,2,25,>=,FIL,109724,OK,1994,Li et al. (2025b),1994-07-14,32.7,500,tmax_c,24.288654012308474,0,0
25,days,1.0,1994-08-09,0.0,175,0.0,1,25,>,MAT,109724,OK,1994,Ortega Gómez et al. (2019),1994-08-03,10,175,precip_mm,24.288654012308474,0,0
25,episodes,1.0,1995-06-03,0.0,125,0.0,2,25,>=,EST,109724,OK,1995,Li et al. 2025a,1995-05-30,34,125,tmax_c,24.288654012308474,0,0
25,episodes,1.0,1995-07-04,0.0,400,0.0,2,25,>=,VEG,109724,OK,1995,Li et al. 2025a,1995-06-19,34.6,400,tmax_c,24.288654012308474,0,0
25,episodes,1.0,1995-07-13,0.0,125,0.0,2,25,>=,REP,109724,OK,1995,Li et al. (2025b),1995-07-09,33.7,125,tmax_c,24.288654012308474,0,0
25,episodes,1.0,1995-07-08,0.0,100,0.0,2,25,>=,FLO,109724,OK,1995,Li et al. (2025b),1995-07-05,33.7,100,tmax_c,24.288654012308474,0,0
25,episodes,1.0,1995-08-02,0.8400173232257556,500,0.9599663282224542,2,25,>=,FIL,109724,OK,1995,Li et al. (2025b),1995-07-14,32.7,500,tmax_c,24.288654012308474,23.316290009661344,20.402890128175873
25,days,1.0,1995-08-09,0.0,175,0.0,1,25,>,MAT,109724,OK,1995,Ortega Gómez et al. (2019),1995-08-03,10,175,precip_mm,24.288654012308474,0,0
25,episodes,1.0,1996-06-03,0.0,125,0.0,2,25,>=,EST,109724,OK,1996,Li et al. 2025a,1996-05-30,34,125,tmax_c,24.288654012308474,0,0
25,episodes,1.0,1996-07-04,0.0,400,0.0,2,25,>=,VEG,109724,OK,1996,Li et al. 2025a,1996-06-19,34.6,400,tmax_c,24.288654012308474,0,0
25,episodes,1.0,1996-07-13,0.0,125,0.0,2,25,>=,REP,109724,OK,1996,Li et al. (2025b),1996-07-09,33.7,125,tmax_c,24.288654012308474,0,0
25,episodes,1.0,1996-07-08,0.0,100,0.0,2,25,>=,FLO,109724,OK,1996,Li et al. (2025b),1996-07-05,33.7,100,tmax_c,24.288654012308474,0,0
25,episodes,1.0,1996-08-02,0.0,500,0.0,2,25,>=,FIL,109724,OK,1996,Li et al. (2025b),1996-07-14,32.7,500,tmax_c,24.288654012308474,0,0
25,days,1.0,1996-08-09,0.0,175,0.0,1,25,>,MAT,109724,OK,1996,Ortega Gómez et al. (2019),1996-08-03,10,175,precip_mm,24.288654012308474,0,0
25,episodes,1.0,1993-12-09,0.0,225,0.0,2,25,>=,EST,109539,OK,1993,Li et al. 2025a,1993-12-01,34,225,tmax_c,24.288654012308474,0,0
25,episodes,1.0,1994-02-03,0.0,725,0.0,2,25,>=,VEG,109539,OK,1993,Li et al. 2025a,1994-01-06,34.6,725,tmax_c,24.288654012308474,0,0
25,episodes,1.0,1994-02-20,0.0,225,0.0,2,25,>=,REP,109539,OK,1993,Li et al. (2025b),1994-02-12,33.7,225,tmax_c,24.288654012308474,0,0
25,episodes,1.0,1994-02-11,0.0,200,0.0,2,25,>=,FLO,109539,OK,1993,Li et al. (2025b),1994-02-04,33.7,200,tmax_c,24.288654012308474,0,0
25,episodes,1.0,1994-03-27,0.0,875,0.0,2,25,>=,FIL,109539,OK,1993,Li et al. (2025b),1994-02-21,32.7,875,tmax_c,24.288654012308474,0,0
25,days,1.0,1994-04-09,0.24000048738878724,325,0.24000048738878724,1,25,>,MAT,109539,OK,1993,Ortega Gómez et al. (2019),1994-03-28,10,325,precip_mm,24.288654012308474,5.829288800971656,5.829288800971656
25,episodes,1.0,1994-12-09,0.0,225,0.0,2,25,>=,EST,109539,OK,1994,Li et al. 2025a,1994-12-01,34,225,tmax_c,24.288654012308474,0,0
25,episodes,1.0,1995-02-03,0.0,725,0.0,2,25,>=,VEG,109539,OK,1994,Li et al. 2025a,1995-01-06,34.6,725,tmax_c,24.288654012308474,0,0
25,episodes,1.0,1995-02-20,0.0,225,0.0,2,25,>=,REP,109539,OK,1994,Li et al. (2025b),1995-02-12,33.7,225,tmax_c,24.288654012308474,0,0
25,episodes,1.0,1995-02-11,0.0,200,0.0,2,25,>=,FLO,109539,OK,1994,Li et al. (2025b),1995-02-04,33.7,200,tmax_c,24.288654012308474,0,0
25,episodes,1.0,1995-03-27,0.0,875,0.0,2,25,>=,FIL,109539,OK,1994,Li et al. (2025b),1995-02-21,32.7,875,tmax_c,24.288654012308474,0,0
25,days,1.0,1995-04-09,1.0,325,1.479948883149465,1,25,>,MAT,109539,OK,1994,Ortega Gómez et al. (2019),1995-03-28,10,325,precip_mm,24.288654012308474,35.945966378719696,24.288654012308474
25,episodes,1.0,1995-12-09,0.0,225,0.0,2,25,>=,EST,109539,OK,1995,Li et al. 2025a,1995-12-01,34,225,tmax_c,24.288654012308474,0,0
25,episodes,1.0,1996-02-03,0.0,725,0.0,2,25,>=,VEG,109539,OK,1995,Li et al. 2025a,1996-01-06,34.6,725,tmax_c,24.288654012308474,0,0
25,episodes,1.0,1996-02-20,0.0,225,0.0,2,25,>=,REP,109539,OK,1995,Li et al. (2025b),1996-02-12,33.7,225,tmax_c,24.288654012308474,0,0
25,episodes,1.0,1996-02-11,0.0,200,0.0,2,25,>=,FLO,109539,OK,1995,Li et al. (2025b),1996-02-04,33.7,200,tmax_c,24.288654012308474,0,0
25,episodes,1.0,1996-03-27,0.0,900,0.0,2,25,>=,FIL,109539,OK,1995,Li et al. (2025b),1996-02-21,32.7,900,tmax_c,24.288654012308474,0,0
25,days,1.0,1996-04-09,0.5999831641630318,325,0.6400002437461983,1,25,>,MAT,109539,OK,1995,Ortega Gómez et al. (2019),1996-03-28,10,325,precip_mm,24.288654012308474,15.544744488144502,14.572783487565955
25,episodes,1.0,1996-12-09,0.0,225,0.0,2,25,>=,EST,109539,OK,1996,Li et al. 2025a,1996-12-01,34,225,tmax_c,24.288654012308474,0,0
25,episodes,1.0,1997-02-03,0.0,725,0.0,2,25,>=,VEG,109539,OK,1996,Li et al. 2025a,1997-01-06,34.6,725,tmax_c,24.288654012308474,0,0
25,episodes,1.0,1997-02-20,0.0,225,0.0,2,25,>=,REP,109539,OK,1996,Li et al. (2025b),1997-02-12,33.7,225,tmax_c,24.288654012308474,0,0
25,episodes,1.0,1997-02-11,0.0,200,0.0,2,25,>=,FLO,109539,OK,1996,Li et al. (2025b),1997-02-04,33.7,200,tmax_c,24.288654012308474,0,0
25,episodes,1.0,1997-03-27,0.0,875,0.0,2,25,>=,FIL,109539,OK,1996,Li et al. (2025b),1997-02-21,32.7,875,tmax_c,24.288654012308474,0,0
25,days,1.0,1997-04-09,0.8000174451247943,325,0.9600518479855948,1,25,>,MAT,109539,OK,1996,Ortega Gómez et al. (2019),1997-03-28,10,325,precip_mm,24.288654012308474,23.318367169599483,19.43134692844711
25,episodes,1.0,2005-02-21,0.0,200,0.0,2,25,>=,EST,110046,OK,2005,Li et al. 2025a,2005-02-14,34,200,tmax_c,24.288654012308474,0,0
25,episodes,1.0,2005-04-12,0.0,625,0.0,2,25,>=,VEG,110046,OK,2005,Li et al. 2025a,2005-03-19,34.6,625,tmax_c,24.288654012308474,0,0
25,episodes,1.0,2005-04-28,0.0,200,0.0,2,25,>=,REP,110046,OK,2005,Li et al. (2025b),2005-04-21,33.7,200,tmax_c,24.288654012308474,0,0
25,episodes,1.0,2005-04-20,0.0,200,0.0,2,25,>=,FLO,110046,OK,2005,Li et al. (2025b),2005-04-13,33.7,200,tmax_c,24.288654012308474,0,0
25,episodes,1.0,2005-05-29,0.0,775,0.0,2,25,>=,FIL,110046,OK,2005,Li et al. (2025b),2005-04-29,32.7,775,tmax_c,24.288654012308474,0,0
25,days,1.0,2005-06-10,0.0,300,0.0,1,25,>,MAT,110046,OK,2005,Ortega Gómez et al. (2019),2005-05-30,10,300,precip_mm,24.288654012308474,0,0
25,episodes,1.0,2006-02-21,0.0,200,0.0,2,25,>=,EST,110046,OK,2006,Li et al. 2025a,2006-02-14,34,200,tmax_c,24.288654012308474,0,0
25,episodes,1.0,2006-04-12,0.0,625,0.0,2,25,>=,VEG,110046,OK,2006,Li et al. 2025a,2006-03-19,34.6,625,tmax_c,24.288654012308474,0,0
25,episodes,1.0,2006-04-28,0.0,200,0.0,2,25,>=,REP,110046,OK,2006,Li et al. (2025b),2006-04-21,33.7,200,tmax_c,24.288654012308474,0,0
25,episodes,1.0,2006-04-20,0.0,200,0.0,2,25,>=,FLO,110046,OK,2006,Li et al. (2025b),2006-04-13,33.7,200,tmax_c,24.288654012308474,0,0
25,episodes,1.0,2006-05-29,0.0,775,0.0,2,25,>=,FIL,110046,OK,2006,Li et al. (2025b),2006-04-29,32.7,775,tmax_c,24.288654012308474,0,0
25,days,1.0,2006-06-10,0.0,300,0.0,1,25,>,MAT,110046,OK,2006,Ortega Gómez et al. (2019),2006-05-30,10,300,precip_mm,24.288654012308474,0,0
25,episodes,1.0,2007-02-21,0.0,200,0.0,2,25,>=,EST,110046,OK,2007,Li et al. 2025a,2007-02-14,34,200,tmax_c,24.288654012308474,0,0
25,episodes,1.0,2007-04-12,0.0,625,0.0,2,25,>=,VEG,110046,OK,2007,Li et al. 2025a,2007-03-19,34.6,625,tmax_c,24.288654012308474,0,0
25,episodes,1.0,2007-04-28,0.0,200,0.0,2,25,>=,REP,110046,OK,2007,Li et al. (2025b),2007-04-21,33.7,200,tmax_c,24.288654012308474,0,0
25,episodes,1.0,2007-04-20,0.0,200,0.0,2,25,>=,FLO,110046,OK,2007,Li et al. (2025b),2007-04-13,33.7,200,tmax_c,24.288654012308474,0,0
25,episodes,1.0,2007-05-29,0.3198638508787946,775,0.3198638508787946,2,25,>=,FIL,110046,OK,2007,Li et al. (2025b),2007-04-29,32.7,775,tmax_c,24.288654012308474,7.769062405039674,7.769062405039674
25,days,1.0,2007-06-10,0.0,300,0.0,1,25,>,MAT,110046,OK,2007,Ortega Gómez et al. (2019),2007-05-30,10,300,precip_mm,24.288654012308474,0,0
25,episodes,1.0,2008-02-21,0.0,200,0.0,2,25,>=,EST,110046,OK,2008,Li et al. 2025a,2008-02-14,34,200,tmax_c,24.288654012308474,0,0
25,episodes,1.0,2008-04-12,0.0,625,0.0,2,25,>=,VEG,110046,OK,2008,Li et al. 2025a,2008-03-19,34.6,625,tmax_c,24.288654012308474,0,0
25,episodes,1.0,2008-04-28,0.0,200,0.0,2,25,>=,REP,110046,OK,2008,Li et al. (2025b),2008-04-21,33.7,200,tmax_c,24.288654012308474,0,0
25,episodes,1.0,2008-04-20,0.0,200,0.0,2,25,>=,FLO,110046,OK,2008,Li et al. (2025b),2008-04-13,33.7,200,tmax_c,24.288654012308474,0,0
25,episodes,1.0,2008-05-29,0.0,775,0.0,2,25,>=,FIL,110046,OK,2008,Li et al. (2025b),2008-04-29,32.7,775,tmax_c,24.288654012308474,0,0
25,days,1.0,2008-06-10,0.0,300,0.0,1,25,>,MAT,110046,OK,2008,Ortega Gómez et al. (2019),2008-05-30,10,300,precip_mm,24.288654012308474,0,0
25,episodes,1.0,2005-06-03,0.0,125,0.0,2,25,>=,EST,109725,OK,2005,Li et al. 2025a,2005-05-30,34,125,tmax_c,24.288654012308474,0,0
25,episodes,1.0,2005-07-04,0.0,400,0.0,2,25,>=,VEG,109725,OK,2005,Li et al. 2025a,2005-06-19,34.6,400,tmax_c,24.288654012308474,0,0
25,episodes,1.0,2005-07-13,0.0,125,0.0,2,25,>=,REP,109725,OK,2005,Li et al. (2025b),2005-07-09,33.7,125,tmax_c,24.288654012308474,0,0
25,episodes,1.0,2005-07-08,0.0,100,0.0,2,25,>=,FLO,109725,OK,2005,Li et al. (2025b),2005-07-05,33.7,100,tmax_c,24.288654012308474,0,0
25,episodes,1.0,2005-08-02,0.0,500,0.0,2,25,>=,FIL,109725,OK,2005,Li et al. (2025b),2005-07-14,32.7,500,tmax_c,24.288654012308474,0,0
25,days,1.0,2005-08-09,0.0,175,0.0,1,25,>,MAT,109725,OK,2005,Ortega Gómez et al. (2019),2005-08-03,10,175,precip_mm,24.288654012308474,0,0
25,episodes,1.0,2006-06-03,0.0,125,0.0,2,25,>=,EST,109725,OK,2006,Li et al. 2025a,2006-05-30,34,125,tmax_c,24.288654012308474,0,0
25,episodes,1.0,2006-07-04,0.0,400,0.0,2,25,>=,VEG,109725,OK,2006,Li et al. 2025a,2006-06-19,34.6,400,tmax_c,24.288654012308474,0,0
25,episodes,1.0,2006-07-13,0.0,125,0.0,2,25,>=,REP,109725,OK,2006,Li et al. (2025b),2006-07-09,33.7,125,tmax_c,24.288654012308474,0,0
25,episodes,1.0,2006-07-08,0.0,100,0.0,2,25,>=,FLO,109725,OK,2006,Li et al. (2025b),2006-07-05,33.7,100,tmax_c,24.288654012308474,0,0
25,episodes,1.0,2006-08-02,0.0,500,0.0,2,25,>=,FIL,109725,OK,2006,Li et al. (2025b),2006-07-14,32.7,500,tmax_c,24.288654012308474,0,0
25,days,1.0,2006-08-09,0.0,175,0.0,1,25,>,MAT,109725,OK,2006,Ortega Gómez et al. (2019),2006-08-03,10,175,precip_mm,24.288654012308474,0,0
25,episodes,1.0,2007-06-03,0.0,125,0.0,2,25,>=,EST,109725,OK,2007,Li et al. 2025a,2007-05-30,34,125,tmax_c,24.288654012308474,0,0
25,episodes,1.0,2007-07-04,0.0,400,0.0,2,25,>=,VEG,109725,OK,2007,Li et al. 2025a,2007-06-19,34.6,400,tmax_c,24.288654012308474,0,0
25,episodes,1.0,2007-07-13,0.0,125,0.0,2,25,>=,REP,109725,OK,2007,Li et al. (2025b),2007-07-09,33.7,125,tmax_c,24.288654012308474,0,0
25,episodes,1.0,2007-07-08,0.0,100,0.0,2,25,>=,FLO,109725,OK,2007,Li et al. (2025b),2007-07-05,33.7,100,tmax_c,24.288654012308474,0,0
25,episodes,1.0,2007-08-02,0.0,500,0.0,2,25,>=,FIL,109725,OK,2007,Li et al. (2025b),2007-07-14,32.7,500,tmax_c,24.288654012308474,0,0
25,days,1.0,2007-08-09,0.0,175,0.0,1,25,>,MAT,109725,OK,2007,Ortega Gómez et al. (2019),2007-08-03,10,175,precip_mm,24.288654012308474,0,0
25,episodes,1.0,2008-06-03,0.0,125,0.0,2,25,>=,EST,109725,OK,2008,Li et al. 2025a,2008-05-30,34,125,tmax_c,24.288654012308474,0,0
25,episodes,1.0,2008-07-04,0.0,400,0.0,2,25,>=,VEG,109725,OK,2008,Li et al. 2025a,2008-06-19,34.6,400,tmax_c,24.288654012308474,0,0
25,episodes,1.0,2008-07-13,0.0,125,0.0,2,25,>=,REP,109725,OK,2008,Li et al. (2025b),2008-07-09,33.7,125,tmax_c,24.288654012308474,0,0
25,episodes,1.0,2008-07-08,0.0,100,0.0,2,25,>=,FLO,109725,OK,2008,Li et al. (2025b),2008-07-05,33.7,100,tmax_c,24.288654012308474,0,0
25,episodes,1.0,2008-08-02,0.0,500,0.0,2,25,>=,FIL,109725,OK,2008,Li et al. (2025b),2008-07-14,32.7,500,tmax_c,24.288654012308474,0,0
25,days,1.0,2008-08-09,0.0,175,0.0,1,25,>,MAT,109725,OK,2008,Ortega Gómez et al. (2019),2008-08-03,10,175,precip_mm,24.288654012308474,0,0
25,episodes,1.0,2013-02-21,0.0,200,0.0,2,25,>=,EST,110047,OK,2013,Li et al. 2025a,2013-02-14,34,200,tmax_c,24.288654012308474,0,0
25,episodes,1.0,2013-04-12,0.0,625,0.0,2,25,>=,VEG,110047,OK,2013,Li et al. 2025a,2013-03-19,34.6,625,tmax_c,24.288654012308474,0,0
25,episodes,1.0,2013-04-28,0.0,200,0.0,2,25,>=,REP,110047,OK,2013,Li et al. (2025b),2013-04-21,33.7,200,tmax_c,24.288654012308474,0,0
25,episodes,1.0,2013-04-20,0.0,200,0.0,2,25,>=,FLO,110047,OK,2013,Li et al. (2025b),2013-04-13,33.7,200,tmax_c,24.288654012308474,0,0
25,episodes,1.0,2013-05-29,0.0,775,0.0,2,25,>=,FIL,110047,OK,2013,Li et al. (2025b),2013-04-29,32.7,775,tmax_c,24.288654012308474,0,0
25,days,1.0,2013-06-10,0.8398643383194608,300,1.7993876945222167,1,25,>,MAT,110047,OK,2013,Ortega Gómez et al. (2019),2013-05-30,10,300,precip_mm,24.288654012308474,43.704705146255534,20.399174330717774
25,episodes,1.0,2014-02-21,0.0,200,0.0,2,25,>=,EST,110047,OK,2014,Li et al. 2025a,2014-02-14,34,200,tmax_c,24.288654012308474,0,0
25,episodes,1.0,2014-04-12,0.0,625,0.0,2,25,>=,VEG,110047,OK,2014,Li et al. 2025a,2014-03-19,34.6,625,tmax_c,24.288654012308474,0,0
25,episodes,1.0,2014-04-28,0.0,200,0.0,2,25,>=,REP,110047,OK,2014,Li et al. (2025b),2014-04-21,33.7,200,tmax_c,24.288654012308474,0,0
25,episodes,1.0,2014-04-20,0.0,200,0.0,2,25,>=,FLO,110047,OK,2014,Li et al. (2025b),2014-04-13,33.7,200,tmax_c,24.288654012308474,0,0
25,episodes,1.0,2014-05-29,0.0,775,0.0,2,25,>=,FIL,110047,OK,2014,Li et al. (2025b),2014-04-29,32.7,775,tmax_c,24.288654012308474,0,0
25,days,1.0,2014-06-10,0.11989752265641467,300,0.11989752265641467,1,25,>,MAT,110047,OK,2014,Ortega Gómez et al. (2019),2014-05-30,10,300,precip_mm,24.288654012308474,2.912149444734572,2.912149444734572
25,episodes,1.0,2015-02-21,0.0,200,0.0,2,25,>=,EST,110047,OK,2015,Li et al. 2025a,2015-02-14,34,200,tmax_c,24.288654012308474,0,0
25,episodes,1.0,2015-04-12,0.0,625,0.0,2,25,>=,VEG,110047,OK,2015,Li et al. 2025a,2015-03-19,34.6,625,tmax_c,24.288654012308474,0,0
25,episodes,1.0,2015-04-28,0.0,200,0.0,2,25,>=,REP,110047,OK,2015,Li et al. (2025b),2015-04-21,33.7,200,tmax_c,24.288654012308474,0,0
25,episodes,1.0,2015-04-20,0.0,200,0.0,2,25,>=,FLO,110047,OK,2015,Li et al. (2025b),2015-04-13,33.7,200,tmax_c,24.288654012308474,0,0
25,episodes,1.0,2015-05-29,0.0,775,0.0,2,25,>=,FIL,110047,OK,2015,Li et al. (2025b),2015-04-29,32.7,775,tmax_c,24.288654012308474,0,0
25,days,1.0,2015-06-10,0.0,300,0.0,1,25,>,MAT,110047,OK,2015,Ortega Gómez et al. (2019),2015-05-30,10,300,precip_mm,24.288654012308474,0,0
25,episodes,1.0,2016-02-21,0.0,200,0.0,2,25,>=,EST,110047,OK,2016,Li et al. 2025a,2016-02-14,34,200,tmax_c,24.288654012308474,0,0
25,episodes,1.0,2016-04-12,0.0,625,0.0,2,25,>=,VEG,110047,OK,2016,Li et al. 2025a,2016-03-19,34.6,625,tmax_c,24.288654012308474,0,0
25,episodes,1.0,2016-04-28,0.0,200,0.0,2,25,>=,REP,110047,OK,2016,Li et al. (2025b),2016-04-21,33.7,200,tmax_c,24.288654012308474,0,0
25,episodes,1.0,2016-04-20,0.0,200,0.0,2,25,>=,FLO,110047,OK,2016,Li et al. (2025b),2016-04-13,33.7,200,tmax_c,24.288654012308474,0,0
25,episodes,1.0,2016-05-29,0.7600344028608013,775,0.7600344028608013,2,25,>=,FIL,110047,OK,2016,Li et al. (2025b),2016-04-29,32.7,775,tmax_c,24.288654012308474,18.460212648537475,18.460212648537475
25,days,1.0,2016-06-10,0.0,300,0.0,1,25,>,MAT,110047,OK,2016,Ortega Gómez et al. (2019),2016-05-30,10,300,precip_mm,24.288654012308474,0,0
25,episodes,1.0,2009-02-21,0.0,200,0.0,2,25,>=,EST,110047,OK,2009,Li et al. 2025a,2009-02-14,34,200,tmax_c,24.288654012308474,0,0
25,episodes,1.0,2009-04-12,0.0,625,0.0,2,25,>=,VEG,110047,OK,2009,Li et al. 2025a,2009-03-19,34.6,625,tmax_c,24.288654012308474,0,0
25,episodes,1.0,2009-04-28,0.0,200,0.0,2,25,>=,REP,110047,OK,2009,Li et al. (2025b),2009-04-21,33.7,200,tmax_c,24.288654012308474,0,0
25,episodes,1.0,2009-04-20,0.0,200,0.0,2,25,>=,FLO,110047,OK,2009,Li et al. (2025b),2009-04-13,33.7,200,tmax_c,24.288654012308474,0,0
25,episodes,1.0,2009-05-29,0.0,775,0.0,2,25,>=,FIL,110047,OK,2009,Li et al. (2025b),2009-04-29,32.7,775,tmax_c,24.288654012308474,0,0
25,days,1.0,2009-06-10,0.0,300,0.0,1,25,>,MAT,110047,OK,2009,Ortega Gómez et al. (2019),2009-05-30,10,300,precip_mm,24.288654012308474,0,0
25,episodes,1.0,2010-02-21,0.0,200,0.0,2,25,>=,EST,110047,OK,2010,Li et al. 2025a,2010-02-14,34,200,tmax_c,24.288654012308474,0,0
25,episodes,1.0,2010-04-12,0.0,625,0.0,2,25,>=,VEG,110047,OK,2010,Li et al. 2025a,2010-03-19,34.6,625,tmax_c,24.288654012308474,0,0
25,episodes,1.0,2010-04-28,0.04001707958316657,200,0.04001707958316657,2,25,>=,REP,110047,OK,2010,Li et al. (2025b),2010-04-21,33.7,200,tmax_c,24.288654012308474,0.9719610005785462,0.9719610005785462
25,episodes,1.0,2010-04-20,0.0,200,0.0,2,25,>=,FLO,110047,OK,2010,Li et al. (2025b),2010-04-13,33.7,200,tmax_c,24.288654012308474,0,0
25,episodes,1.0,2010-05-29,0.8800852759650639,775,3.120341103963939,2,25,>=,FIL,110047,OK,2010,Li et al. (2025b),2010-04-29,32.7,775,tmax_c,24.288654012308474,75.78888547456478,21.37608676924246
25,days,1.0,2010-06-10,0.0,300,0.0,1,25,>,MAT,110047,OK,2010,Ortega Gómez et al. (2019),2010-05-30,10,300,precip_mm,24.288654012308474,0,0
25,episodes,1.0,2011-02-21,0.0,200,0.0,2,25,>=,EST,110047,OK,2011,Li et al. 2025a,2011-02-14,34,200,tmax_c,24.288654012308474,0,0
25,episodes,1.0,2011-04-12,0.0,625,0.0,2,25,>=,VEG,110047,OK,2011,Li et al. 2025a,2011-03-19,34.6,625,tmax_c,24.288654012308474,0,0
25,episodes,1.0,2011-04-28,0.0,200,0.0,2,25,>=,REP,110047,OK,2011,Li et al. (2025b),2011-04-21,33.7,200,tmax_c,24.288654012308474,0,0
25,episodes,1.0,2011-04-20,0.0,200,0.0,2,25,>=,FLO,110047,OK,2011,Li et al. (2025b),2011-04-13,33.7,200,tmax_c,24.288654012308474,0,0
25,episodes,1.0,2011-05-29,0.5999834079093044,775,0.6800006093397049,2,25,>=,FIL,110047,OK,2011,Li et al. (2025b),2011-04-29,32.7,775,tmax_c,24.288654012308474,16.51629952841103,14.572789407834836
25,days,1.0,2011-06-10,0.0,300,0.0,1,25,>,MAT,110047,OK,2011,Ortega Gómez et al. (2019),2011-05-30,10,300,precip_mm,24.288654012308474,0,0
25,episodes,1.0,2012-02-21,0.0,200,0.0,2,25,>=,EST,110047,OK,2012,Li et al. 2025a,2012-02-14,34,200,tmax_c,24.288654012308474,0,0
25,episodes,1.0,2012-04-12,0.0,625,0.0,2,25,>=,VEG,110047,OK,2012,Li et al. 2025a,2012-03-19,34.6,625,tmax_c,24.288654012308474,0,0
25,episodes,1.0,2012-04-28,0.0,200,0.0,2,25,>=,REP,110047,OK,2012,Li et al. (2025b),2012-04-21,33.7,200,tmax_c,24.288654012308474,0,0
25,episodes,1.0,2012-04-20,0.0,200,0.0,2,25,>=,FLO,110047,OK,2012,Li et al. (2025b),2012-04-13,33.7,200,tmax_c,24.288654012308474,0,0
25,episodes,1.0,2012-05-29,0.0,775,0.0,2,25,>=,FIL,110047,OK,2012,Li et al. (2025b),2012-04-29,32.7,775,tmax_c,24.288654012308474,0,0
25,days,1.0,2012-06-10,0.5197955325978587,300,0.5197955325978587,1,25,>,MAT,110047,OK,2012,Ortega Gómez et al. (2019),2012-05-30,10,300,precip_mm,24.288654012308474,12.625133848413,12.625133848413
25,episodes,1.0,1993-02-21,0.0,200,0.0,2,25,>=,EST,110045,OK,1993,Li et al. 2025a,1993-02-14,34,200,tmax_c,24.288654012308474,0,0
25,episodes,1.0,1993-04-12,0.0,625,0.0,2,25,>=,VEG,110045,OK,1993,Li et al. 2025a,1993-03-19,34.6,625,tmax_c,24.288654012308474,0,0
25,episodes,1.0,1993-04-28,0.0,200,0.0,2,25,>=,REP,110045,OK,1993,Li et al. (2025b),1993-04-21,33.7,200,tmax_c,24.288654012308474,0,0
25,episodes,1.0,1993-04-20,0.0,200,0.0,2,25,>=,FLO,110045,OK,1993,Li et al. (2025b),1993-04-13,33.7,200,tmax_c,24.288654012308474,0,0
25,episodes,1.0,1993-05-29,0.0,775,0.0,2,25,>=,FIL,110045,OK,1993,Li et al. (2025b),1993-04-29,32.7,775,tmax_c,24.288654012308474,0,0
25,days,1.0,1993-06-10,0.0,300,0.0,1,25,>,MAT,110045,OK,1993,Ortega Gómez et al. (2019),1993-05-30,10,300,precip_mm,24.288654012308474,0,0
25,episodes,1.0,1994-02-21,0.0,200,0.0,2,25,>=,EST,110045,OK,1994,Li et al. 2025a,1994-02-14,34,200,tmax_c,24.288654012308474,0,0
25,episodes,1.0,1994-04-12,0.0,625,0.0,2,25,>=,VEG,110045,OK,1994,Li et al. 2025a,1994-03-19,34.6,625,tmax_c,24.288654012308474,0,0
25,episodes,1.0,1994-04-28,0.0,200,0.0,2,25,>=,REP,110045,OK,1994,Li et al. (2025b),1994-04-21,33.7,200,tmax_c,24.288654012308474,0,0
25,episodes,1.0,1994-04-20,0.0,200,0.0,2,25,>=,FLO,110045,OK,1994,Li et al. (2025b),1994-04-13,33.7,200,tmax_c,24.288654012308474,0,0
25,episodes,1.0,1994-05-29,0.0,775,0.0,2,25,>=,FIL,110045,OK,1994,Li et al. (2025b),1994-04-29,32.7,775,tmax_c,24.288654012308474,0,0
25,days,1.0,1994-06-10,0.0,300,0.0,1,25,>,MAT,110045,OK,1994,Ortega Gómez et al. (2019),1994-05-30,10,300,precip_mm,24.288654012308474,0,0
25,episodes,1.0,1995-02-21,0.0,200,0.0,2,25,>=,EST,110045,OK,1995,Li et al. 2025a,1995-02-14,34,200,tmax_c,24.288654012308474,0,0
25,episodes,1.0,1995-04-12,0.0,625,0.0,2,25,>=,VEG,110045,OK,1995,Li et al. 2025a,1995-03-19,34.6,625,tmax_c,24.288654012308474,0,0
25,episodes,1.0,1995-04-28,0.0,200,0.0,2,25,>=,REP,110045,OK,1995,Li et al. (2025b),1995-04-21,33.7,200,tmax_c,24.288654012308474,0,0
25,episodes,1.0,1995-04-20,0.0,200,0.0,2,25,>=,FLO,110045,OK,1995,Li et al. (2025b),1995-04-13,33.7,200,tmax_c,24.288654012308474,0,0
25,episodes,1.0,1995-05-29,0.0,775,0.0,2,25,>=,FIL,110045,OK,1995,Li et al. (2025b),1995-04-29,32.7,775,tmax_c,24.288654012308474,0,0
25,days,1.0,1995-06-10,0.0,300,0.0,1,25,>,MAT,110045,OK,1995,Ortega Gómez et al. (2019),1995-05-30,10,300,precip_mm,24.288654012308474,0,0
25,episodes,1.0,1996-02-21,0.0,200,0.0,2,25,>=,EST,110045,OK,1996,Li et al. 2025a,1996-02-14,34,200,tmax_c,24.288654012308474,0,0
25,episodes,1.0,1996-04-12,0.0,625,0.0,2,25,>=,VEG,110045,OK,1996,Li et al. 2025a,1996-03-19,34.6,625,tmax_c,24.288654012308474,0,0
25,episodes,1.0,1996-04-28,0.0,200,0.0,2,25,>=,REP,110045,OK,1996,Li et al. (2025b),1996-04-21,33.7,200,tmax_c,24.288654012308474,0,0
25,episodes,1.0,1996-04-20,0.0,200,0.0,2,25,>=,FLO,110045,OK,1996,Li et al. (2025b),1996-04-13,33.7,200,tmax_c,24.288654012308474,0,0
25,episodes,1.0,1996-05-29,0.0,775,0.0,2,25,>=,FIL,110045,OK,1996,Li et al. (2025b),1996-04-29,32.7,775,tmax_c,24.288654012308474,0,0
25,days,1.0,1996-06-10,0.0,300,0.0,1,25,>,MAT,110045,OK,1996,Ortega Gómez et al. (2019),1996-05-30,10,300,precip_mm,24.288654012308474,0,0
25,episodes,1.0,1989-02-21,0.0,200,0.0,2,25,>=,EST,110046,OK,1989,Li et al. 2025a,1989-02-14,34,200,tmax_c,24.288654012308474,0,0
25,episodes,1.0,1989-04-12,0.0,625,0.0,2,25,>=,VEG,110046,OK,1989,Li et al. 2025a,1989-03-19,34.6,625,tmax_c,24.288654012308474,0,0
25,episodes,1.0,1989-04-28,0.0,200,0.0,2,25,>=,REP,110046,OK,1989,Li et al. (2025b),1989-04-21,33.7,200,tmax_c,24.288654012308474,0,0
25,episodes,1.0,1989-04-20,0.0,200,0.0,2,25,>=,FLO,110046,OK,1989,Li et al. (2025b),1989-04-13,33.7,200,tmax_c,24.288654012308474,0,0
25,episodes,1.0,1989-05-29,0.0,775,0.0,2,25,>=,FIL,110046,OK,1989,Li et al. (2025b),1989-04-29,32.7,775,tmax_c,24.288654012308474,0,0
25,days,1.0,1989-06-10,0.0,300,0.0,1,25,>,MAT,110046,OK,1989,Ortega Gómez et al. (2019),1989-05-30,10,300,precip_mm,24.288654012308474,0,0
25,episodes,1.0,1990-02-21,0.0,200,0.0,2,25,>=,EST,110046,OK,1990,Li et al. 2025a,1990-02-14,34,200,tmax_c,24.288654012308474,0,0
25,episodes,1.0,1990-04-12,0.0,625,0.0,2,25,>=,VEG,110046,OK,1990,Li et al. 2025a,1990-03-19,34.6,625,tmax_c,24.288654012308474,0,0
25,episodes,1.0,1990-04-28,0.0,200,0.0,2,25,>=,REP,110046,OK,1990,Li et al. (2025b),1990-04-21,33.7,200,tmax_c,24.288654012308474,0,0
25,episodes,1.0,1990-04-20,0.0,200,0.0,2,25,>=,FLO,110046,OK,1990,Li et al. (2025b),1990-04-13,33.7,200,tmax_c,24.288654012308474,0,0
25,episodes,1.0,1990-05-29,0.0,775,0.0,2,25,>=,FIL,110046,OK,1990,Li et al. (2025b),1990-04-29,32.7,775,tmax_c,24.288654012308474,0,0
25,days,1.0,1990-06-10,0.0,300,0.0,1,25,>,MAT,110046,OK,1990,Ortega Gómez et al. (2019),1990-05-30,10,300,precip_mm,24.288654012308474,0,0
25,episodes,1.0,1991-02-21,0.0,200,0.0,2,25,>=,EST,110046,OK,1991,Li et al. 2025a,1991-02-14,34,200,tmax_c,24.288654012308474,0,0
25,episodes,1.0,1991-04-12,0.0,625,0.0,2,25,>=,VEG,110046,OK,1991,Li et al. 2025a,1991-03-19,34.6,625,tmax_c,24.288654012308474,0,0
25,episodes,1.0,1991-04-28,0.0,200,0.0,2,25,>=,REP,110046,OK,1991,Li et al. (2025b),1991-04-21,33.7,200,tmax_c,24.288654012308474,0,0
25,episodes,1.0,1991-04-20,0.0,200,0.0,2,25,>=,FLO,110046,OK,1991,Li et al. (2025b),1991-04-13,33.7,200,tmax_c,24.288654012308474,0,0
25,episodes,1.0,1991-05-29,0.0,775,0.0,2,25,>=,FIL,110046,OK,1991,Li et al. (2025b),1991-04-29,32.7,775,tmax_c,24.288654012308474,0,0
25,days,1.0,1991-06-10,0.0,300,0.0,1,25,>,MAT,110046,OK,1991,Ortega Gómez et al. (2019),1991-05-30,10,300,precip_mm,24.288654012308474,0,0
25,episodes,1.0,1992-02-21,0.0,200,0.0,2,25,>=,EST,110046,OK,1992,Li et al. 2025a,1992-02-14,34,200,tmax_c,24.288654012308474,0,0
25,episodes,1.0,1992-04-12,0.0,625,0.0,2,25,>=,VEG,110046,OK,1992,Li et al. 2025a,1992-03-19,34.6,625,tmax_c,24.288654012308474,0,0
25,episodes,1.0,1992-04-28,0.0,200,0.0,2,25,>=,REP,110046,OK,1992,Li et al. (2025b),1992-04-21,33.7,200,tmax_c,24.288654012308474,0,0
25,episodes,1.0,1992-04-20,0.0,200,0.0,2,25,>=,FLO,110046,OK,1992,Li et al. (2025b),1992-04-13,33.7,200,tmax_c,24.288654012308474,0,0
25,episodes,1.0,1992-05-29,0.0,775,0.0,2,25,>=,FIL,110046,OK,1992,Li et al. (2025b),1992-04-29,32.7,775,tmax_c,24.288654012308474,0,0
25,days,1.0,1992-06-10,0.0,300,0.0,1,25,>,MAT,110046,OK,1992,Ortega Gómez et al. (2019),1992-05-30,10,300,precip_mm,24.288654012308474,0,0
25,episodes,1.0,1989-02-21,0.0,200,0.0,2,25,>=,EST,110039,OK,1989,Li et al. 2025a,1989-02-14,34,200,tmax_c,24.288654012308474,0,0
25,episodes,1.0,1989-04-12,0.0,625,0.0,2,25,>=,VEG,110039,OK,1989,Li et al. 2025a,1989-03-19,34.6,625,tmax_c,24.288654012308474,0,0
25,episodes,1.0,1989-04-28,0.0,200,0.0,2,25,>=,REP,110039,OK,1989,Li et al. (2025b),1989-04-21,33.7,200,tmax_c,24.288654012308474,0,0
25,episodes,1.0,1989-04-20,0.0,200,0.0,2,25,>=,FLO,110039,OK,1989,Li et al. (2025b),1989-04-13,33.7,200,tmax_c,24.288654012308474,0,0
25,episodes,1.0,1989-05-29,0.0,775,0.0,2,25,>=,FIL,110039,OK,1989,Li et al. (2025b),1989-04-29,32.7,775,tmax_c,24.288654012308474,0,0
25,days,1.0,1989-06-10,0.0,300,0.0,1,25,>,MAT,110039,OK,1989,Ortega Gómez et al. (2019),1989-05-30,10,300,precip_mm,24.288654012308474,0,0
25,episodes,1.0,1990-02-21,0.0,200,0.0,2,25,>=,EST,110039,OK,1990,Li et al. 2025a,1990-02-14,34,200,tmax_c,24.288654012308474,0,0
25,episodes,1.0,1990-04-12,0.0,625,0.0,2,25,>=,VEG,110039,OK,1990,Li et al. 2025a,1990-03-19,34.6,625,tmax_c,24.288654012308474,0,0
25,episodes,1.0,1990-04-28,0.0,200,0.0,2,25,>=,REP,110039,OK,1990,Li et al. (2025b),1990-04-21,33.7,200,tmax_c,24.288654012308474,0,0
25,episodes,1.0,1990-04-20,0.0,200,0.0,2,25,>=,FLO,110039,OK,1990,Li et al. (2025b),1990-04-13,33.7,200,tmax_c,24.288654012308474,0,0
25,episodes,1.0,1990-05-29,0.0,775,0.0,2,25,>=,FIL,110039,OK,1990,Li et al. (2025b),1990-04-29,32.7,775,tmax_c,24.288654012308474,0,0
25,days,1.0,1990-06-10,0.12005111685053535,300,0.12005111685053535,1,25,>,MAT,110039,OK,1990,Ortega Gómez et al. (2019),1990-05-30,10,300,precip_mm,24.288654012308474,2.9158800409738688,2.9158800409738688
25,episodes,1.0,1991-02-21,0.0,200,0.0,2,25,>=,EST,110039,OK,1991,Li et al. 2025a,1991-02-14,34,200,tmax_c,24.288654012308474,0,0
25,episodes,1.0,1991-04-12,0.0,625,0.0,2,25,>=,VEG,110039,OK,1991,Li et al. 2025a,1991-03-19,34.6,625,tmax_c,24.288654012308474,0,0
25,episodes,1.0,1991-04-28,0.0,200,0.0,2,25,>=,REP,110039,OK,1991,Li et al. (2025b),1991-04-21,33.7,200,tmax_c,24.288654012308474,0,0
25,episodes,1.0,1991-04-20,0.0,200,0.0,2,25,>=,FLO,110039,OK,1991,Li et al. (2025b),1991-04-13,33.7,200,tmax_c,24.288654012308474,0,0
25,episodes,1.0,1991-05-29,0.0,775,0.0,2,25,>=,FIL,110039,OK,1991,Li et al. (2025b),1991-04-29,32.7,775,tmax_c,24.288654012308474,0,0
25,days,1.0,1991-06-10,0.0,300,0.0,1,25,>,MAT,110039,OK,1991,Ortega Gómez et al. (2019),1991-05-30,10,300,precip_mm,24.288654012308474,0,0
25,episodes,1.0,1992-02-21,0.0,200,0.0,2,25,>=,EST,110039,OK,1992,Li et al. 2025a,1992-02-14,34,200,tmax_c,24.288654012308474,0,0
25,episodes,1.0,1992-04-12,0.0,625,0.0,2,25,>=,VEG,110039,OK,1992,Li et al. 2025a,1992-03-19,34.6,625,tmax_c,24.288654012308474,0,0
25,episodes,1.0,1992-04-28,0.0,200,0.0,2,25,>=,REP,110039,OK,1992,Li et al. (2025b),1992-04-21,33.7,200,tmax_c,24.288654012308474,0,0
25,episodes,1.0,1992-04-20,0.0,200,0.0,2,25,>=,FLO,110039,OK,1992,Li et al. (2025b),1992-04-13,33.7,200,tmax_c,24.288654012308474,0,0
25,episodes,1.0,1992-05-29,0.0,775,0.0,2,25,>=,FIL,110039,OK,1992,Li et al. (2025b),1992-04-29,32.7,775,tmax_c,24.288654012308474,0,0
25,days,1.0,1992-06-10,0.0,300,0.0,1,25,>,MAT,110039,OK,1992,Ortega Gómez et al. (2019),1992-05-30,10,300,precip_mm,24.288654012308474,0,0
25,episodes,1.0,1989-02-21,0.0,200,0.0,2,25,>=,EST,110045,OK,1989,Li et al. 2025a,1989-02-14,34,200,tmax_c,24.288654012308474,0,0
25,episodes,1.0,1989-04-12,0.0,625,0.0,2,25,>=,VEG,110045,OK,1989,Li et al. 2025a,1989-03-19,34.6,625,tmax_c,24.288654012308474,0,0
25,episodes,1.0,1989-04-28,0.0,200,0.0,2,25,>=,REP,110045,OK,1989,Li et al. (2025b),1989-04-21,33.7,200,tmax_c,24.288654012308474,0,0
25,episodes,1.0,1989-04-20,0.0,200,0.0,2,25,>=,FLO,110045,OK,1989,Li et al. (2025b),1989-04-13,33.7,200,tmax_c,24.288654012308474,0,0
25,episodes,1.0,1989-05-29,0.0,775,0.0,2,25,>=,FIL,110045,OK,1989,Li et al. (2025b),1989-04-29,32.7,775,tmax_c,24.288654012308474,0,0
25,days,1.0,1989-06-10,0.0,300,0.0,1,25,>,MAT,110045,OK,1989,Ortega Gómez et al. (2019),1989-05-30,10,300,precip_mm,24.288654012308474,0,0
25,episodes,1.0,1990-02-21,0.0,200,0.0,2,25,>=,EST,110045,OK,1990,Li et al. 2025a,1990-02-14,34,200,tmax_c,24.288654012308474,0,0
25,episodes,1.0,1990-04-12,0.0,625,0.0,2,25,>=,VEG,110045,OK,1990,Li et al. 2025a,1990-03-19,34.6,625,tmax_c,24.288654012308474,0,0
25,episodes,1.0,1990-04-28,0.0,200,0.0,2,25,>=,REP,110045,OK,1990,Li et al. (2025b),1990-04-21,33.7,200,tmax_c,24.288654012308474,0,0
25,episodes,1.0,1990-04-20,0.0,200,0.0,2,25,>=,FLO,110045,OK,1990,Li et al. (2025b),1990-04-13,33.7,200,tmax_c,24.288654012308474,0,0
25,episodes,1.0,1990-05-29,0.0,775,0.0,2,25,>=,FIL,110045,OK,1990,Li et al. (2025b),1990-04-29,32.7,775,tmax_c,24.288654012308474,0,0
25,days,1.0,1990-06-10,0.0,300,0.0,1,25,>,MAT,110045,OK,1990,Ortega Gómez et al. (2019),1990-05-30,10,300,precip_mm,24.288654012308474,0,0
25,episodes,1.0,1991-02-21,0.0,200,0.0,2,25,>=,EST,110045,OK,1991,Li et al. 2025a,1991-02-14,34,200,tmax_c,24.288654012308474,0,0
25,episodes,1.0,1991-04-12,0.0,625,0.0,2,25,>=,VEG,110045,OK,1991,Li et al. 2025a,1991-03-19,34.6,625,tmax_c,24.288654012308474,0,0
25,episodes,1.0,1991-04-28,0.0,200,0.0,2,25,>=,REP,110045,OK,1991,Li et al. (2025b),1991-04-21,33.7,200,tmax_c,24.288654012308474,0,0
25,episodes,1.0,1991-04-20,0.0,200,0.0,2,25,>=,FLO,110045,OK,1991,Li et al. (2025b),1991-04-13,33.7,200,tmax_c,24.288654012308474,0,0
25,episodes,1.0,1991-05-29,0.0,775,0.0,2,25,>=,FIL,110045,OK,1991,Li et al. (2025b),1991-04-29,32.7,775,tmax_c,24.288654012308474,0,0
25,days,1.0,1991-06-10,0.0,300,0.0,1,25,>,MAT,110045,OK,1991,Ortega Gómez et al. (2019),1991-05-30,10,300,precip_mm,24.288654012308474,0,0
25,episodes,1.0,1992-02-21,0.0,200,0.0,2,25,>=,EST,110045,OK,1992,Li et al. 2025a,1992-02-14,34,200,tmax_c,24.288654012308474,0,0
25,episodes,1.0,1992-04-12,0.0,625,0.0,2,25,>=,VEG,110045,OK,1992,Li et al. 2025a,1992-03-19,34.6,625,tmax_c,24.288654012308474,0,0
25,episodes,1.0,1992-04-28,0.0,200,0.0,2,25,>=,REP,110045,OK,1992,Li et al. (2025b),1992-04-21,33.7,200,tmax_c,24.288654012308474,0,0
25,episodes,1.0,1992-04-20,0.0,200,0.0,2,25,>=,FLO,110045,OK,1992,Li et al. (2025b),1992-04-13,33.7,200,tmax_c,24.288654012308474,0,0
25,episodes,1.0,1992-05-29,0.0,775,0.0,2,25,>=,FIL,110045,OK,1992,Li et al. (2025b),1992-04-29,32.7,775,tmax_c,24.288654012308474,0,0
25,days,1.0,1992-06-10,0.0,300,0.0,1,25,>,MAT,110045,OK,1992,Ortega Gómez et al. (2019),1992-05-30,10,300,precip_mm,24.288654012308474,0,0
25,episodes,1.0,2005-06-03,0.0,125,0.0,2,25,>=,EST,109724,OK,2005,Li et al. 2025a,2005-05-30,34,125,tmax_c,24.288654012308474,0,0
25,episodes,1.0,2005-07-04,0.0,400,0.0,2,25,>=,VEG,109724,OK,2005,Li et al. 2025a,2005-06-19,34.6,400,tmax_c,24.288654012308474,0,0
25,episodes,1.0,2005-07-13,0.0,125,0.0,2,25,>=,REP,109724,OK,2005,Li et al. (2025b),2005-07-09,33.7,125,tmax_c,24.288654012308474,0,0
25,episodes,1.0,2005-07-08,0.0,100,0.0,2,25,>=,FLO,109724,OK,2005,Li et al. (2025b),2005-07-05,33.7,100,tmax_c,24.288654012308474,0,0
25,episodes,1.0,2005-08-02,0.360034402860801,500,0.360034402860801,2,25,>=,FIL,109724,OK,2005,Li et al. (2025b),2005-07-14,32.7,500,tmax_c,24.288654012308474,8.74475104361408,8.74475104361408
25,days,1.0,2005-08-09,0.0,175,0.0,1,25,>,MAT,109724,OK,2005,Ortega Gómez et al. (2019),2005-08-03,10,175,precip_mm,24.288654012308474,0,0
25,episodes,1.0,2006-06-03,0.0,125,0.0,2,25,>=,EST,109724,OK,2006,Li et al. 2025a,2006-05-30,34,125,tmax_c,24.288654012308474,0,0
25,episodes,1.0,2006-07-04,0.0,400,0.0,2,25,>=,VEG,109724,OK,2006,Li et al. 2025a,2006-06-19,34.6,400,tmax_c,24.288654012308474,0,0
25,episodes,1.0,2006-07-13,0.0,125,0.0,2,25,>=,REP,109724,OK,2006,Li et al. (2025b),2006-07-09,33.7,125,tmax_c,24.288654012308474,0,0
25,episodes,1.0,2006-07-08,0.0,100,0.0,2,25,>=,FLO,109724,OK,2006,Li et al. (2025b),2006-07-05,33.7,100,tmax_c,24.288654012308474,0,0
25,episodes,1.0,2006-08-02,0.0,500,0.0,2,25,>=,FIL,109724,OK,2006,Li et al. (2025b),2006-07-14,32.7,500,tmax_c,24.288654012308474,0,0
25,days,1.0,2006-08-09,0.0,175,0.0,1,25,>,MAT,109724,OK,2006,Ortega Gómez et al. (2019),2006-08-03,10,175,precip_mm,24.288654012308474,0,0
25,episodes,1.0,2007-06-03,0.0,125,0.0,2,25,>=,EST,109724,OK,2007,Li et al. 2025a,2007-05-30,34,125,tmax_c,24.288654012308474,0,0
25,episodes,1.0,2007-07-04,0.0,400,0.0,2,25,>=,VEG,109724,OK,2007,Li et al. 2025a,2007-06-19,34.6,400,tmax_c,24.288654012308474,0,0
25,episodes,1.0,2007-07-13,0.0,125,0.0,2,25,>=,REP,109724,OK,2007,Li et al. (2025b),2007-07-09,33.7,125,tmax_c,24.288654012308474,0,0
25,episodes,1.0,2007-07-08,0.0,100,0.0,2,25,>=,FLO,109724,OK,2007,Li et al. (2025b),2007-07-05,33.7,100,tmax_c,24.288654012308474,0,0
25,episodes,1.0,2007-08-02,0.0,500,0.0,2,25,>=,FIL,109724,OK,2007,Li et al. (2025b),2007-07-14,32.7,500,tmax_c,24.288654012308474,0,0
25,days,1.0,2007-08-09,0.0,175,0.0,1,25,>,MAT,109724,OK,2007,Ortega Gómez et al. (2019),2007-08-03,10,175,precip_mm,24.288654012308474,0,0
25,episodes,1.0,2008-06-03,0.0,125,0.0,2,25,>=,EST,109724,OK,2008,Li et al. 2025a,2008-05-30,34,125,tmax_c,24.288654012308474,0,0
25,episodes,1.0,2008-07-04,0.0,400,0.0,2,25,>=,VEG,109724,OK,2008,Li et al. 2025a,2008-06-19,34.6,400,tmax_c,24.288654012308474,0,0
25,episodes,1.0,2008-07-13,0.0,125,0.0,2,25,>=,REP,109724,OK,2008,Li et al. (2025b),2008-07-09,33.7,125,tmax_c,24.288654012308474,0,0
25,episodes,1.0,2008-07-08,0.0,100,0.0,2,25,>=,FLO,109724,OK,2008,Li et al. (2025b),2008-07-05,33.7,100,tmax_c,24.288654012308474,0,0
25,episodes,1.0,2008-08-02,0.0,500,0.0,2,25,>=,FIL,109724,OK,2008,Li et al. (2025b),2008-07-14,32.7,500,tmax_c,24.288654012308474,0,0
25,days,1.0,2008-08-09,0.0,175,0.0,1,25,>,MAT,109724,OK,2008,Ortega Gómez et al. (2019),2008-08-03,10,175,precip_mm,24.288654012308474,0,0
25,episodes,1.0,2001-06-03,0.0,125,0.0,2,25,>=,EST,109724,OK,2001,Li et al. 2025a,2001-05-30,34,125,tmax_c,24.288654012308474,0,0
25,episodes,1.0,2001-07-04,0.0,400,0.0,2,25,>=,VEG,109724,OK,2001,Li et al. 2025a,2001-06-19,34.6,400,tmax_c,24.288654012308474,0,0
25,episodes,1.0,2001-07-13,0.0,125,0.0,2,25,>=,REP,109724,OK,2001,Li et al. (2025b),2001-07-09,33.7,125,tmax_c,24.288654012308474,0,0
25,episodes,1.0,2001-07-08,0.0,100,0.0,2,25,>=,FLO,109724,OK,2001,Li et al. (2025b),2001-07-05,33.7,100,tmax_c,24.288654012308474,0,0
25,episodes,1.0,2001-08-02,0.0,500,0.0,2,25,>=,FIL,109724,OK,2001,Li et al. (2025b),2001-07-14,32.7,500,tmax_c,24.288654012308474,0,0
25,days,1.0,2001-08-09,0.0,175,0.0,1,25,>,MAT,109724,OK,2001,Ortega Gómez et al. (2019),2001-08-03,10,175,precip_mm,24.288654012308474,0,0
25,episodes,1.0,2002-06-03,0.0,125,0.0,2,25,>=,EST,109724,OK,2002,Li et al. 2025a,2002-05-30,34,125,tmax_c,24.288654012308474,0,0
25,episodes,1.0,2002-07-04,0.0,400,0.0,2,25,>=,VEG,109724,OK,2002,Li et al. 2025a,2002-06-19,34.6,400,tmax_c,24.288654012308474,0,0
25,episodes,1.0,2002-07-13,0.0,125,0.0,2,25,>=,REP,109724,OK,2002,Li et al. (2025b),2002-07-09,33.7,125,tmax_c,24.288654012308474,0,0
25,episodes,1.0,2002-07-08,0.0,100,0.0,2,25,>=,FLO,109724,OK,2002,Li et al. (2025b),2002-07-05,33.7,100,tmax_c,24.288654012308474,0,0
25,episodes,1.0,2002-08-02,0.0,500,0.0,2,25,>=,FIL,109724,OK,2002,Li et al. (2025b),2002-07-14,32.7,500,tmax_c,24.288654012308474,0,0
25,days,1.0,2002-08-09,0.0,175,0.0,1,25,>,MAT,109724,OK,2002,Ortega Gómez et al. (2019),2002-08-03,10,175,precip_mm,24.288654012308474,0,0
25,episodes,1.0,2003-06-03,0.0,125,0.0,2,25,>=,EST,109724,OK,2003,Li et al. 2025a,2003-05-30,34,125,tmax_c,24.288654012308474,0,0
25,episodes,1.0,2003-07-04,0.0,400,0.0,2,25,>=,VEG,109724,OK,2003,Li et al. 2025a,2003-06-19,34.6,400,tmax_c,24.288654012308474,0,0
25,episodes,1.0,2003-07-13,0.0,125,0.0,2,25,>=,REP,109724,OK,2003,Li et al. (2025b),2003-07-09,33.7,125,tmax_c,24.288654012308474,0,0
25,episodes,1.0,2003-07-08,0.0,100,0.0,2,25,>=,FLO,109724,OK,2003,Li et al. (2025b),2003-07-05,33.7,100,tmax_c,24.288654012308474,0,0
25,episodes,1.0,2003-08-02,0.0,500,0.0,2,25,>=,FIL,109724,OK,2003,Li et al. (2025b),2003-07-14,32.7,500,tmax_c,24.288654012308474,0,0
25,days,1.0,2003-08-09,0.0,175,0.0,1,25,>,MAT,109724,OK,2003,Ortega Gómez et al. (2019),2003-08-03,10,175,precip_mm,24.288654012308474,0,0
25,episodes,1.0,2004-06-03,0.0,125,0.0,2,25,>=,EST,109724,OK,2004,Li et al. 2025a,2004-05-30,34,125,tmax_c,24.288654012308474,0,0
25,episodes,1.0,2004-07-04,0.0,400,0.0,2,25,>=,VEG,109724,OK,2004,Li et al. 2025a,2004-06-19,34.6,400,tmax_c,24.288654012308474,0,0
25,episodes,1.0,2004-07-13,0.0,125,0.0,2,25,>=,REP,109724,OK,2004,Li et al. (2025b),2004-07-09,33.7,125,tmax_c,24.288654012308474,0,0
25,episodes,1.0,2004-07-08,0.0,100,0.0,2,25,>=,FLO,109724,OK,2004,Li et al. (2025b),2004-07-05,33.7,100,tmax_c,24.288654012308474,0,0
25,episodes,1.0,2004-08-02,0.0,500,0.0,2,25,>=,FIL,109724,OK,2004,Li et al. (2025b),2004-07-14,32.7,500,tmax_c,24.288654012308474,0,0
25,days,1.0,2004-08-09,0.0,175,0.0,1,25,>,MAT,109724,OK,2004,Ortega Gómez et al. (2019),2004-08-03,10,175,precip_mm,24.288654012308474,0,0
25,episodes,1.0,2009-12-09,0.0,225,0.0,2,25,>=,EST,109539,OK,2009,Li et al. 2025a,2009-12-01,34,225,tmax_c,24.288654012308474,0,0
25,episodes,1.0,2010-02-03,0.0,725,0.0,2,25,>=,VEG,109539,OK,2009,Li et al. 2025a,2010-01-06,34.6,725,tmax_c,24.288654012308474,0,0
25,episodes,1.0,2010-02-20,0.0,225,0.0,2,25,>=,REP,109539,OK,2009,Li et al. (2025b),2010-02-12,33.7,225,tmax_c,24.288654012308474,0,0
25,episodes,1.0,2010-02-11,0.0,200,0.0,2,25,>=,FLO,109539,OK,2009,Li et al. (2025b),2010-02-04,33.7,200,tmax_c,24.288654012308474,0,0
25,episodes,1.0,2010-03-27,0.0,875,0.0,2,25,>=,FIL,109539,OK,2009,Li et al. (2025b),2010-02-21,32.7,875,tmax_c,24.288654012308474,0,0
25,days,1.0,2010-04-09,0.4798295699171064,325,0.4798295699171064,1,25,>,MAT,109539,OK,2009,Ortega Gómez et al. (2019),2010-03-28,10,325,precip_mm,24.288654012308474,11.654414408591375,11.654414408591375
25,episodes,1.0,2010-12-09,0.0,225,0.0,2,25,>=,EST,109539,OK,2010,Li et al. 2025a,2010-12-01,34,225,tmax_c,24.288654012308474,0,0
25,episodes,1.0,2011-02-03,0.0,725,0.0,2,25,>=,VEG,109539,OK,2010,Li et al. 2025a,2011-01-06,34.6,725,tmax_c,24.288654012308474,0,0
25,episodes,1.0,2011-02-20,0.0,225,0.0,2,25,>=,REP,109539,OK,2010,Li et al. (2025b),2011-02-12,33.7,225,tmax_c,24.288654012308474,0,0
25,episodes,1.0,2011-02-11,0.0,200,0.0,2,25,>=,FLO,109539,OK,2010,Li et al. (2025b),2011-02-04,33.7,200,tmax_c,24.288654012308474,0,0
25,episodes,1.0,2011-03-27,0.20006831828093583,875,0.20006831828093583,2,25,>=,FIL,109539,OK,2010,Li et al. (2025b),2011-02-21,32.7,875,tmax_c,24.288654012308474,4.859390161550061,4.859390161550061
25,days,1.0,2011-04-09,1.0,325,1.5196419384037385,1,25,>,MAT,109539,OK,2010,Ortega Gómez et al. (2019),2011-03-28,10,325,precip_mm,24.288654012308474,36.91005726448219,24.288654012308474
25,episodes,1.0,2011-12-09,0.0,225,0.0,2,25,>=,EST,109539,OK,2011,Li et al. 2025a,2011-12-01,34,225,tmax_c,24.288654012308474,0,0
25,episodes,1.0,2012-02-03,0.0,725,0.0,2,25,>=,VEG,109539,OK,2011,Li et al. 2025a,2012-01-06,34.6,725,tmax_c,24.288654012308474,0,0
25,episodes,1.0,2012-02-20,0.0,225,0.0,2,25,>=,REP,109539,OK,2011,Li et al. (2025b),2012-02-12,33.7,225,tmax_c,24.288654012308474,0,0
25,episodes,1.0,2012-02-11,0.0,200,0.0,2,25,>=,FLO,109539,OK,2011,Li et al. (2025b),2012-02-04,33.7,200,tmax_c,24.288654012308474,0,0
25,episodes,1.0,2012-03-27,0.0,900,0.0,2,25,>=,FIL,109539,OK,2011,Li et al. (2025b),2012-02-21,32.7,900,tmax_c,24.288654012308474,0,0
25,days,1.0,2012-04-09,0.9599660845798652,325,2.0800002436944682,1,25,>,MAT,109539,OK,2011,Ortega Gómez et al. (2019),2012-03-28,10,325,precip_mm,24.288654012308474,50.52040626461225,23.3162840919108
25,episodes,1.0,2012-12-09,0.0,225,0.0,2,25,>=,EST,109539,OK,2012,Li et al. 2025a,2012-12-01,34,225,tmax_c,24.288654012308474,0,0
25,episodes,1.0,2013-02-03,0.0,725,0.0,2,25,>=,VEG,109539,OK,2012,Li et al. 2025a,2013-01-06,34.6,725,tmax_c,24.288654012308474,0,0
25,episodes,1.0,2013-02-20,0.0,225,0.0,2,25,>=,REP,109539,OK,2012,Li et al. (2025b),2013-02-12,33.7,225,tmax_c,24.288654012308474,0,0
25,episodes,1.0,2013-02-11,0.0,200,0.0,2,25,>=,FLO,109539,OK,2012,Li et al. (2025b),2013-02-04,33.7,200,tmax_c,24.288654012308474,0,0
25,episodes,1.0,2013-03-27,0.040033915420134854,875,0.040033915420134854,2,25,>=,FIL,109539,OK,2012,Li et al. (2025b),2013-02-21,32.7,875,tmax_c,24.288654012308474,0.9723699203976766,0.9723699203976766
25,days,1.0,2013-04-09,0.04001707958316657,325,0.04001707958316657,1,25,>,MAT,109539,OK,2012,Ortega Gómez et al. (2019),2013-03-28,10,325,precip_mm,24.288654012308474,0.9719610005785462,0.9719610005785462
25,episodes,1.0,2009-02-21,0.0,200,0.0,2,25,>=,EST,110046,OK,2009,Li et al. 2025a,2009-02-14,34,200,tmax_c,24.288654012308474,0,0
25,episodes,1.0,2009-04-12,0.0,625,0.0,2,25,>=,VEG,110046,OK,2009,Li et al. 2025a,2009-03-19,34.6,625,tmax_c,24.288654012308474,0,0
25,episodes,1.0,2009-04-28,0.0,200,0.0,2,25,>=,REP,110046,OK,2009,Li et al. (2025b),2009-04-21,33.7,200,tmax_c,24.288654012308474,0,0
25,episodes,1.0,2009-04-20,0.0,200,0.0,2,25,>=,FLO,110046,OK,2009,Li et al. (2025b),2009-04-13,33.7,200,tmax_c,24.288654012308474,0,0
25,episodes,1.0,2009-05-29,0.0,775,0.0,2,25,>=,FIL,110046,OK,2009,Li et al. (2025b),2009-04-29,32.7,775,tmax_c,24.288654012308474,0,0
25,days,1.0,2009-06-10,0.0,300,0.0,1,25,>,MAT,110046,OK,2009,Ortega Gómez et al. (2019),2009-05-30,10,300,precip_mm,24.288654012308474,0,0
25,episodes,1.0,2010-02-21,0.0,200,0.0,2,25,>=,EST,110046,OK,2010,Li et al. 2025a,2010-02-14,34,200,tmax_c,24.288654012308474,0,0
25,episodes,1.0,2010-04-12,0.0,625,0.0,2,25,>=,VEG,110046,OK,2010,Li et al. 2025a,2010-03-19,34.6,625,tmax_c,24.288654012308474,0,0
25,episodes,1.0,2010-04-28,0.0,200,0.0,2,25,>=,REP,110046,OK,2010,Li et al. (2025b),2010-04-21,33.7,200,tmax_c,24.288654012308474,0,0
25,episodes,1.0,2010-04-20,0.0,200,0.0,2,25,>=,FLO,110046,OK,2010,Li et al. (2025b),2010-04-13,33.7,200,tmax_c,24.288654012308474,0,0
25,episodes,1.0,2010-05-29,0.8400679527393083,775,2.880255340506257,2,25,>=,FIL,110046,OK,2010,Li et al. (2025b),2010-04-29,32.7,775,tmax_c,24.288654012308474,69.9575254326602,20.404119850913368
25,days,1.0,2010-06-10,0.2799150895765638,300,0.2799150895765638,1,25,>,MAT,110046,OK,2010,Ortega Gómez et al. (2019),2010-05-30,10,300,precip_mm,24.288654012308474,6.798760763549493,6.798760763549493
25,episodes,1.0,2011-02-21,0.0,200,0.0,2,25,>=,EST,110046,OK,2011,Li et al. 2025a,2011-02-14,34,200,tmax_c,24.288654012308474,0,0
25,episodes,1.0,2011-04-12,0.0,625,0.0,2,25,>=,VEG,110046,OK,2011,Li et al. 2025a,2011-03-19,34.6,625,tmax_c,24.288654012308474,0,0
25,episodes,1.0,2011-04-28,0.0,200,0.0,2,25,>=,REP,110046,OK,2011,Li et al. (2025b),2011-04-21,33.7,200,tmax_c,24.288654012308474,0,0
25,episodes,1.0,2011-04-20,0.0,200,0.0,2,25,>=,FLO,110046,OK,2011,Li et al. (2025b),2011-04-13,33.7,200,tmax_c,24.288654012308474,0,0
25,episodes,1.0,2011-05-29,0.5999831641630318,775,0.5999831641630318,2,25,>=,FIL,110046,OK,2011,Li et al. (2025b),2011-04-29,32.7,775,tmax_c,24.288654012308474,14.572783487565955,14.572783487565955
25,days,1.0,2011-06-10,0.0,300,0.0,1,25,>,MAT,110046,OK,2011,Ortega Gómez et al. (2019),2011-05-30,10,300,precip_mm,24.288654012308474,0,0
25,episodes,1.0,2012-02-21,0.0,200,0.0,2,25,>=,EST,110046,OK,2012,Li et al. 2025a,2012-02-14,34,200,tmax_c,24.288654012308474,0,0
25,episodes,1.0,2012-04-12,0.0,625,0.0,2,25,>=,VEG,110046,OK,2012,Li et al. 2025a,2012-03-19,34.6,625,tmax_c,24.288654012308474,0,0
25,episodes,1.0,2012-04-28,0.0,200,0.0,2,25,>=,REP,110046,OK,2012,Li et al. (2025b),2012-04-21,33.7,200,tmax_c,24.288654012308474,0,0
25,episodes,1.0,2012-04-20,0.0,200,0.0,2,25,>=,FLO,110046,OK,2012,Li et al. (2025b),2012-04-13,33.7,200,tmax_c,24.288654012308474,0,0
25,episodes,1.0,2012-05-29,0.0,775,0.0,2,25,>=,FIL,110046,OK,2012,Li et al. (2025b),2012-04-29,32.7,775,tmax_c,24.288654012308474,0,0
25,days,1.0,2012-06-10,0.3197783312193372,300,0.3197783312193372,1,25,>,MAT,110046,OK,2012,Ortega Gómez et al. (2019),2012-05-30,10,300,precip_mm,24.288654012308474,7.766985247619862,7.766985247619862
25,episodes,1.0,1981-06-03,0.0,125,0.0,2,25,>=,EST,109725,OK,1981,Li et al. 2025a,1981-05-30,34,125,tmax_c,24.288654012308474,0,0
25,episodes,1.0,1981-07-04,0.0,400,0.0,2,25,>=,VEG,109725,OK,1981,Li et al. 2025a,1981-06-19,34.6,400,tmax_c,24.288654012308474,0,0
25,episodes,1.0,1981-07-13,0.0,125,0.0,2,25,>=,REP,109725,OK,1981,Li et al. (2025b),1981-07-09,33.7,125,tmax_c,24.288654012308474,0,0
25,episodes,1.0,1981-07-08,0.0,100,0.0,2,25,>=,FLO,109725,OK,1981,Li et al. (2025b),1981-07-05,33.7,100,tmax_c,24.288654012308474,0,0
25,episodes,1.0,1981-08-02,0.0,500,0.0,2,25,>=,FIL,109725,OK,1981,Li et al. (2025b),1981-07-14,32.7,500,tmax_c,24.288654012308474,0,0
25,days,1.0,1981-08-09,0.0,175,0.0,1,25,>,MAT,109725,OK,1981,Ortega Gómez et al. (2019),1981-08-03,10,175,precip_mm,24.288654012308474,0,0
25,episodes,1.0,1982-06-03,0.0,125,0.0,2,25,>=,EST,109725,OK,1982,Li et al. 2025a,1982-05-30,34,125,tmax_c,24.288654012308474,0,0
25,episodes,1.0,1982-07-04,0.0,400,0.0,2,25,>=,VEG,109725,OK,1982,Li et al. 2025a,1982-06-19,34.6,400,tmax_c,24.288654012308474,0,0
25,episodes,1.0,1982-07-13,0.0,125,0.0,2,25,>=,REP,109725,OK,1982,Li et al. (2025b),1982-07-09,33.7,125,tmax_c,24.288654012308474,0,0
25,episodes,1.0,1982-07-08,0.0,100,0.0,2,25,>=,FLO,109725,OK,1982,Li et al. (2025b),1982-07-05,33.7,100,tmax_c,24.288654012308474,0,0
25,episodes,1.0,1982-08-02,0.0,500,0.0,2,25,>=,FIL,109725,OK,1982,Li et al. (2025b),1982-07-14,32.7,500,tmax_c,24.288654012308474,0,0
25,days,1.0,1982-08-09,0.0,175,0.0,1,25,>,MAT,109725,OK,1982,Ortega Gómez et al. (2019),1982-08-03,10,175,precip_mm,24.288654012308474,0,0
25,episodes,1.0,1983-06-03,0.0,125,0.0,2,25,>=,EST,109725,OK,1983,Li et al. 2025a,1983-05-30,34,125,tmax_c,24.288654012308474,0,0
25,episodes,1.0,1983-07-04,0.0,400,0.0,2,25,>=,VEG,109725,OK,1983,Li et al. 2025a,1983-06-19,34.6,400,tmax_c,24.288654012308474,0,0
25,episodes,1.0,1983-07-13,0.0,125,0.0,2,25,>=,REP,109725,OK,1983,Li et al. (2025b),1983-07-09,33.7,125,tmax_c,24.288654012308474,0,0
25,episodes,1.0,1983-07-08,0.0,100,0.0,2,25,>=,FLO,109725,OK,1983,Li et al. (2025b),1983-07-05,33.7,100,tmax_c,24.288654012308474,0,0
25,episodes,1.0,1983-08-02,0.0,500,0.0,2,25,>=,FIL,109725,OK,1983,Li et al. (2025b),1983-07-14,32.7,500,tmax_c,24.288654012308474,0,0
25,days,1.0,1983-08-09,0.0,175,0.0,1,25,>,MAT,109725,OK,1983,Ortega Gómez et al. (2019),1983-08-03,10,175,precip_mm,24.288654012308474,0,0
25,episodes,1.0,1984-06-03,0.0,125,0.0,2,25,>=,EST,109725,OK,1984,Li et al. 2025a,1984-05-30,34,125,tmax_c,24.288654012308474,0,0
25,episodes,1.0,1984-07-04,0.0,400,0.0,2,25,>=,VEG,109725,OK,1984,Li et al. 2025a,1984-06-19,34.6,400,tmax_c,24.288654012308474,0,0
25,episodes,1.0,1984-07-13,0.0,125,0.0,2,25,>=,REP,109725,OK,1984,Li et al. (2025b),1984-07-09,33.7,125,tmax_c,24.288654012308474,0,0
25,episodes,1.0,1984-07-08,0.0,100,0.0,2,25,>=,FLO,109725,OK,1984,Li et al. (2025b),1984-07-05,33.7,100,tmax_c,24.288654012308474,0,0
25,episodes,1.0,1984-08-02,0.0,500,0.0,2,25,>=,FIL,109725,OK,1984,Li et al. (2025b),1984-07-14,32.7,500,tmax_c,24.288654012308474,0,0
25,days,1.0,1984-08-09,0.0,175,0.0,1,25,>,MAT,109725,OK,1984,Ortega Gómez et al. (2019),1984-08-03,10,175,precip_mm,24.288654012308474,0,0
25,episodes,1.0,1985-02-21,0.0,200,0.0,2,25,>=,EST,110045,OK,1985,Li et al. 2025a,1985-02-14,34,200,tmax_c,24.288654012308474,0,0
25,episodes,1.0,1985-04-12,0.0,625,0.0,2,25,>=,VEG,110045,OK,1985,Li et al. 2025a,1985-03-19,34.6,625,tmax_c,24.288654012308474,0,0
25,episodes,1.0,1985-04-28,0.0,200,0.0,2,25,>=,REP,110045,OK,1985,Li et al. (2025b),1985-04-21,33.7,200,tmax_c,24.288654012308474,0,0
25,episodes,1.0,1985-04-20,0.0,200,0.0,2,25,>=,FLO,110045,OK,1985,Li et al. (2025b),1985-04-13,33.7,200,tmax_c,24.288654012308474,0,0
25,episodes,1.0,1985-05-29,0.0,775,0.0,2,25,>=,FIL,110045,OK,1985,Li et al. (2025b),1985-04-29,32.7,775,tmax_c,24.288654012308474,0,0
25,days,1.0,1985-06-10,0.0,300,0.0,1,25,>,MAT,110045,OK,1985,Ortega Gómez et al. (2019),1985-05-30,10,300,precip_mm,24.288654012308474,0,0
25,episodes,1.0,1986-02-21,0.0,200,0.0,2,25,>=,EST,110045,OK,1986,Li et al. 2025a,1986-02-14,34,200,tmax_c,24.288654012308474,0,0
25,episodes,1.0,1986-04-12,0.0,625,0.0,2,25,>=,VEG,110045,OK,1986,Li et al. 2025a,1986-03-19,34.6,625,tmax_c,24.288654012308474,0,0
25,episodes,1.0,1986-04-28,0.0,200,0.0,2,25,>=,REP,110045,OK,1986,Li et al. (2025b),1986-04-21,33.7,200,tmax_c,24.288654012308474,0,0
25,episodes,1.0,1986-04-20,0.0,200,0.0,2,25,>=,FLO,110045,OK,1986,Li et al. (2025b),1986-04-13,33.7,200,tmax_c,24.288654012308474,0,0
25,episodes,1.0,1986-05-29,0.0,775,0.0,2,25,>=,FIL,110045,OK,1986,Li et al. (2025b),1986-04-29,32.7,775,tmax_c,24.288654012308474,0,0
25,days,1.0,1986-06-10,1.0,300,1.0,1,25,>,MAT,110045,OK,1986,Ortega Gómez et al. (2019),1986-05-30,10,300,precip_mm,24.288654012308474,24.288654012308474,24.288654012308474
25,episodes,1.0,1987-02-21,0.0,200,0.0,2,25,>=,EST,110045,OK,1987,Li et al. 2025a,1987-02-14,34,200,tmax_c,24.288654012308474,0,0
25,episodes,1.0,1987-04-12,0.0,625,0.0,2,25,>=,VEG,110045,OK,1987,Li et al. 2025a,1987-03-19,34.6,625,tmax_c,24.288654012308474,0,0
25,episodes,1.0,1987-04-28,0.0,200,0.0,2,25,>=,REP,110045,OK,1987,Li et al. (2025b),1987-04-21,33.7,200,tmax_c,24.288654012308474,0,0
25,episodes,1.0,1987-04-20,0.0,200,0.0,2,25,>=,FLO,110045,OK,1987,Li et al. (2025b),1987-04-13,33.7,200,tmax_c,24.288654012308474,0,0
25,episodes,1.0,1987-05-29,0.0,775,0.0,2,25,>=,FIL,110045,OK,1987,Li et al. (2025b),1987-04-29,32.7,775,tmax_c,24.288654012308474,0,0
25,days,1.0,1987-06-10,0.0,300,0.0,1,25,>,MAT,110045,OK,1987,Ortega Gómez et al. (2019),1987-05-30,10,300,precip_mm,24.288654012308474,0,0
25,episodes,1.0,1988-02-21,0.0,200,0.0,2,25,>=,EST,110045,OK,1988,Li et al. 2025a,1988-02-14,34,200,tmax_c,24.288654012308474,0,0
25,episodes,1.0,1988-04-12,0.0,625,0.0,2,25,>=,VEG,110045,OK,1988,Li et al. 2025a,1988-03-19,34.6,625,tmax_c,24.288654012308474,0,0
25,episodes,1.0,1988-04-28,0.0,200,0.0,2,25,>=,REP,110045,OK,1988,Li et al. (2025b),1988-04-21,33.7,200,tmax_c,24.288654012308474,0,0
25,episodes,1.0,1988-04-20,0.0,200,0.0,2,25,>=,FLO,110045,OK,1988,Li et al. (2025b),1988-04-13,33.7,200,tmax_c,24.288654012308474,0,0
25,episodes,1.0,1988-05-29,0.0,775,0.0,2,25,>=,FIL,110045,OK,1988,Li et al. (2025b),1988-04-29,32.7,775,tmax_c,24.288654012308474,0,0
25,days,1.0,1988-06-10,0.0,300,0.0,1,25,>,MAT,110045,OK,1988,Ortega Gómez et al. (2019),1988-05-30,10,300,precip_mm,24.288654012308474,0,0
25,episodes,1.0,1981-06-03,0.0,125,0.0,2,25,>=,EST,109724,OK,1981,Li et al. 2025a,1981-05-30,34,125,tmax_c,24.288654012308474,0,0
25,episodes,1.0,1981-07-04,0.0,400,0.0,2,25,>=,VEG,109724,OK,1981,Li et al. 2025a,1981-06-19,34.6,400,tmax_c,24.288654012308474,0,0
25,episodes,1.0,1981-07-13,0.0,125,0.0,2,25,>=,REP,109724,OK,1981,Li et al. (2025b),1981-07-09,33.7,125,tmax_c,24.288654012308474,0,0
25,episodes,1.0,1981-07-08,0.0,100,0.0,2,25,>=,FLO,109724,OK,1981,Li et al. (2025b),1981-07-05,33.7,100,tmax_c,24.288654012308474,0,0
25,episodes,1.0,1981-08-02,0.0,500,0.0,2,25,>=,FIL,109724,OK,1981,Li et al. (2025b),1981-07-14,32.7,500,tmax_c,24.288654012308474,0,0
25,days,1.0,1981-08-09,0.0,175,0.0,1,25,>,MAT,109724,OK,1981,Ortega Gómez et al. (2019),1981-08-03,10,175,precip_mm,24.288654012308474,0,0
25,episodes,1.0,1982-06-03,0.0,125,0.0,2,25,>=,EST,109724,OK,1982,Li et al. 2025a,1982-05-30,34,125,tmax_c,24.288654012308474,0,0
25,episodes,1.0,1982-07-04,0.0,400,0.0,2,25,>=,VEG,109724,OK,1982,Li et al. 2025a,1982-06-19,34.6,400,tmax_c,24.288654012308474,0,0
25,episodes,1.0,1982-07-13,0.0,125,0.0,2,25,>=,REP,109724,OK,1982,Li et al. (2025b),1982-07-09,33.7,125,tmax_c,24.288654012308474,0,0
25,episodes,1.0,1982-07-08,0.0,100,0.0,2,25,>=,FLO,109724,OK,1982,Li et al. (2025b),1982-07-05,33.7,100,tmax_c,24.288654012308474,0,0
25,episodes,1.0,1982-08-02,0.0,500,0.0,2,25,>=,FIL,109724,OK,1982,Li et al. (2025b),1982-07-14,32.7,500,tmax_c,24.288654012308474,0,0
25,days,1.0,1982-08-09,0.0,175,0.0,1,25,>,MAT,109724,OK,1982,Ortega Gómez et al. (2019),1982-08-03,10,175,precip_mm,24.288654012308474,0,0
25,episodes,1.0,1983-06-03,0.0,125,0.0,2,25,>=,EST,109724,OK,1983,Li et al. 2025a,1983-05-30,34,125,tmax_c,24.288654012308474,0,0
25,episodes,1.0,1983-07-04,0.0,400,0.0,2,25,>=,VEG,109724,OK,1983,Li et al. 2025a,1983-06-19,34.6,400,tmax_c,24.288654012308474,0,0
25,episodes,1.0,1983-07-13,0.0,125,0.0,2,25,>=,REP,109724,OK,1983,Li et al. (2025b),1983-07-09,33.7,125,tmax_c,24.288654012308474,0,0
25,episodes,1.0,1983-07-08,0.0,100,0.0,2,25,>=,FLO,109724,OK,1983,Li et al. (2025b),1983-07-05,33.7,100,tmax_c,24.288654012308474,0,0
25,episodes,1.0,1983-08-02,0.0,500,0.0,2,25,>=,FIL,109724,OK,1983,Li et al. (2025b),1983-07-14,32.7,500,tmax_c,24.288654012308474,0,0
25,days,1.0,1983-08-09,0.0,175,0.0,1,25,>,MAT,109724,OK,1983,Ortega Gómez et al. (2019),1983-08-03,10,175,precip_mm,24.288654012308474,0,0
25,episodes,1.0,1984-06-03,0.0,125,0.0,2,25,>=,EST,109724,OK,1984,Li et al. 2025a,1984-05-30,34,125,tmax_c,24.288654012308474,0,0
25,episodes,1.0,1984-07-04,0.0,400,0.0,2,25,>=,VEG,109724,OK,1984,Li et al. 2025a,1984-06-19,34.6,400,tmax_c,24.288654012308474,0,0
25,episodes,1.0,1984-07-13,0.0,125,0.0,2,25,>=,REP,109724,OK,1984,Li et al. (2025b),1984-07-09,33.7,125,tmax_c,24.288654012308474,0,0
25,episodes,1.0,1984-07-08,0.0,100,0.0,2,25,>=,FLO,109724,OK,1984,Li et al. (2025b),1984-07-05,33.7,100,tmax_c,24.288654012308474,0,0
25,episodes,1.0,1984-08-02,0.0,500,0.0,2,25,>=,FIL,109724,OK,1984,Li et al. (2025b),1984-07-14,32.7,500,tmax_c,24.288654012308474,0,0
25,days,1.0,1984-08-09,0.0,175,0.0,1,25,>,MAT,109724,OK,1984,Ortega Gómez et al. (2019),1984-08-03,10,175,precip_mm,24.288654012308474,0,0
25,episodes,1.0,2001-02-21,0.0,200,0.0,2,25,>=,EST,110044,OK,2001,Li et al. 2025a,2001-02-14,34,200,tmax_c,24.288654012308474,0,0
25,episodes,1.0,2001-04-12,0.0,625,0.0,2,25,>=,VEG,110044,OK,2001,Li et al. 2025a,2001-03-19,34.6,625,tmax_c,24.288654012308474,0,0
25,episodes,1.0,2001-04-28,0.0,200,0.0,2,25,>=,REP,110044,OK,2001,Li et al. (2025b),2001-04-21,33.7,200,tmax_c,24.288654012308474,0,0
25,episodes,1.0,2001-04-20,0.0,200,0.0,2,25,>=,FLO,110044,OK,2001,Li et al. (2025b),2001-04-13,33.7,200,tmax_c,24.288654012308474,0,0
25,episodes,1.0,2001-05-29,0.0,775,0.0,2,25,>=,FIL,110044,OK,2001,Li et al. (2025b),2001-04-29,32.7,775,tmax_c,24.288654012308474,0,0
25,days,1.0,2001-06-10,0.0,300,0.0,1,25,>,MAT,110044,OK,2001,Ortega Gómez et al. (2019),2001-05-30,10,300,precip_mm,24.288654012308474,0,0
25,episodes,1.0,2002-02-21,0.0,200,0.0,2,25,>=,EST,110044,OK,2002,Li et al. 2025a,2002-02-14,34,200,tmax_c,24.288654012308474,0,0
25,episodes,1.0,2002-04-12,0.0,625,0.0,2,25,>=,VEG,110044,OK,2002,Li et al. 2025a,2002-03-19,34.6,625,tmax_c,24.288654012308474,0,0
25,episodes,1.0,2002-04-28,0.0,200,0.0,2,25,>=,REP,110044,OK,2002,Li et al. (2025b),2002-04-21,33.7,200,tmax_c,24.288654012308474,0,0
25,episodes,1.0,2002-04-20,0.0,200,0.0,2,25,>=,FLO,110044,OK,2002,Li et al. (2025b),2002-04-13,33.7,200,tmax_c,24.288654012308474,0,0
25,episodes,1.0,2002-05-29,0.0,775,0.0,2,25,>=,FIL,110044,OK,2002,Li et al. (2025b),2002-04-29,32.7,775,tmax_c,24.288654012308474,0,0
25,days,1.0,2002-06-10,0.0,300,0.0,1,25,>,MAT,110044,OK,2002,Ortega Gómez et al. (2019),2002-05-30,10,300,precip_mm,24.288654012308474,0,0
25,episodes,1.0,2003-02-21,0.0,200,0.0,2,25,>=,EST,110044,OK,2003,Li et al. 2025a,2003-02-14,34,200,tmax_c,24.288654012308474,0,0
25,episodes,1.0,2003-04-12,0.0,625,0.0,2,25,>=,VEG,110044,OK,2003,Li et al. 2025a,2003-03-19,34.6,625,tmax_c,24.288654012308474,0,0
25,episodes,1.0,2003-04-28,0.0,200,0.0,2,25,>=,REP,110044,OK,2003,Li et al. (2025b),2003-04-21,33.7,200,tmax_c,24.288654012308474,0,0
25,episodes,1.0,2003-04-20,0.0,200,0.0,2,25,>=,FLO,110044,OK,2003,Li et al. (2025b),2003-04-13,33.7,200,tmax_c,24.288654012308474,0,0
25,episodes,1.0,2003-05-29,0.0,775,0.0,2,25,>=,FIL,110044,OK,2003,Li et al. (2025b),2003-04-29,32.7,775,tmax_c,24.288654012308474,0,0
25,days,1.0,2003-06-10,0.0,300,0.0,1,25,>,MAT,110044,OK,2003,Ortega Gómez et al. (2019),2003-05-30,10,300,precip_mm,24.288654012308474,0,0
25,episodes,1.0,2004-02-21,0.0,200,0.0,2,25,>=,EST,110044,OK,2004,Li et al. 2025a,2004-02-14,34,200,tmax_c,24.288654012308474,0,0
25,episodes,1.0,2004-04-12,0.0,625,0.0,2,25,>=,VEG,110044,OK,2004,Li et al. 2025a,2004-03-19,34.6,625,tmax_c,24.288654012308474,0,0
25,episodes,1.0,2004-04-28,0.0,200,0.0,2,25,>=,REP,110044,OK,2004,Li et al. (2025b),2004-04-21,33.7,200,tmax_c,24.288654012308474,0,0
25,episodes,1.0,2004-04-20,0.0,200,0.0,2,25,>=,FLO,110044,OK,2004,Li et al. (2025b),2004-04-13,33.7,200,tmax_c,24.288654012308474,0,0
25,episodes,1.0,2004-05-29,0.0,775,0.0,2,25,>=,FIL,110044,OK,2004,Li et al. (2025b),2004-04-29,32.7,775,tmax_c,24.288654012308474,0,0
25,days,1.0,2004-06-10,0.0,300,0.0,1,25,>,MAT,110044,OK,2004,Ortega Gómez et al. (2019),2004-05-30,10,300,precip_mm,24.288654012308474,0,0
25,episodes,1.0,1997-02-21,0.0,200,0.0,2,25,>=,EST,110043,OK,1997,Li et al. 2025a,1997-02-14,34,200,tmax_c,24.288654012308474,0,0
25,episodes,1.0,1997-04-12,0.0,625,0.0,2,25,>=,VEG,110043,OK,1997,Li et al. 2025a,1997-03-19,34.6,625,tmax_c,24.288654012308474,0,0
25,episodes,1.0,1997-04-28,0.0,200,0.0,2,25,>=,REP,110043,OK,1997,Li et al. (2025b),1997-04-21,33.7,200,tmax_c,24.288654012308474,0,0
25,episodes,1.0,1997-04-20,0.0,200,0.0,2,25,>=,FLO,110043,OK,1997,Li et al. (2025b),1997-04-13,33.7,200,tmax_c,24.288654012308474,0,0
25,episodes,1.0,1997-05-29,0.0,775,0.0,2,25,>=,FIL,110043,OK,1997,Li et al. (2025b),1997-04-29,32.7,775,tmax_c,24.288654012308474,0,0
25,days,1.0,1997-06-10,0.03996584088547156,300,0.03996584088547156,1,25,>,MAT,110043,OK,1997,Ortega Gómez et al. (2019),1997-05-30,10,300,precip_mm,24.288654012308474,0.9707164815781908,0.9707164815781908
25,episodes,1.0,1998-02-21,0.0,200,0.0,2,25,>=,EST,110043,OK,1998,Li et al. 2025a,1998-02-14,34,200,tmax_c,24.288654012308474,0,0
25,episodes,1.0,1998-04-12,0.0,625,0.0,2,25,>=,VEG,110043,OK,1998,Li et al. 2025a,1998-03-19,34.6,625,tmax_c,24.288654012308474,0,0
25,episodes,1.0,1998-04-28,0.0,200,0.0,2,25,>=,REP,110043,OK,1998,Li et al. (2025b),1998-04-21,33.7,200,tmax_c,24.288654012308474,0,0
25,episodes,1.0,1998-04-20,0.0,200,0.0,2,25,>=,FLO,110043,OK,1998,Li et al. (2025b),1998-04-13,33.7,200,tmax_c,24.288654012308474,0,0
25,episodes,1.0,1998-05-29,0.0,775,0.0,2,25,>=,FIL,110043,OK,1998,Li et al. (2025b),1998-04-29,32.7,775,tmax_c,24.288654012308474,0,0
25,days,1.0,1998-06-10,0.0,300,0.0,1,25,>,MAT,110043,OK,1998,Ortega Gómez et al. (2019),1998-05-30,10,300,precip_mm,24.288654012308474,0,0
25,episodes,1.0,1999-02-21,0.0,200,0.0,2,25,>=,EST,110043,OK,1999,Li et al. 2025a,1999-02-14,34,200,tmax_c,24.288654012308474,0,0
25,episodes,1.0,1999-04-12,0.0,625,0.0,2,25,>=,VEG,110043,OK,1999,Li et al. 2025a,1999-03-19,34.6,625,tmax_c,24.288654012308474,0,0
25,episodes,1.0,1999-04-28,0.0,200,0.0,2,25,>=,REP,110043,OK,1999,Li et al. (2025b),1999-04-21,33.7,200,tmax_c,24.288654012308474,0,0
25,episodes,1.0,1999-04-20,0.0,200,0.0,2,25,>=,FLO,110043,OK,1999,Li et al. (2025b),1999-04-13,33.7,200,tmax_c,24.288654012308474,0,0
25,episodes,1.0,1999-05-29,0.0,775,0.0,2,25,>=,FIL,110043,OK,1999,Li et al. (2025b),1999-04-29,32.7,775,tmax_c,24.288654012308474,0,0
25,days,1.0,1999-06-10,0.0,300,0.0,1,25,>,MAT,110043,OK,1999,Ortega Gómez et al. (2019),1999-05-30,10,300,precip_mm,24.288654012308474,0,0
25,episodes,1.0,2000-02-21,0.0,200,0.0,2,25,>=,EST,110043,OK,2000,Li et al. 2025a,2000-02-14,34,200,tmax_c,24.288654012308474,0,0
25,episodes,1.0,2000-04-12,0.0,625,0.0,2,25,>=,VEG,110043,OK,2000,Li et al. 2025a,2000-03-19,34.6,625,tmax_c,24.288654012308474,0,0
25,episodes,1.0,2000-04-28,0.0,200,0.0,2,25,>=,REP,110043,OK,2000,Li et al. (2025b),2000-04-21,33.7,200,tmax_c,24.288654012308474,0,0
25,episodes,1.0,2000-04-20,0.0,200,0.0,2,25,>=,FLO,110043,OK,2000,Li et al. (2025b),2000-04-13,33.7,200,tmax_c,24.288654012308474,0,0
25,episodes,1.0,2000-05-29,0.0,775,0.0,2,25,>=,FIL,110043,OK,2000,Li et al. (2025b),2000-04-29,32.7,775,tmax_c,24.288654012308474,0,0
25,days,1.0,2000-06-10,0.0,300,0.0,1,25,>,MAT,110043,OK,2000,Ortega Gómez et al. (2019),2000-05-30,10,300,precip_mm,24.288654012308474,0,0
25,episodes,1.0,2001-02-21,0.0,200,0.0,2,25,>=,EST,110040,OK,2001,Li et al. 2025a,2001-02-14,34,200,tmax_c,24.288654012308474,0,0
25,episodes,1.0,2001-04-12,0.0,625,0.0,2,25,>=,VEG,110040,OK,2001,Li et al. 2025a,2001-03-19,34.6,625,tmax_c,24.288654012308474,0,0
25,episodes,1.0,2001-04-28,0.0,200,0.0,2,25,>=,REP,110040,OK,2001,Li et al. (2025b),2001-04-21,33.7,200,tmax_c,24.288654012308474,0,0
25,episodes,1.0,2001-04-20,0.0,200,0.0,2,25,>=,FLO,110040,OK,2001,Li et al. (2025b),2001-04-13,33.7,200,tmax_c,24.288654012308474,0,0
25,episodes,1.0,2001-05-29,0.0,775,0.0,2,25,>=,FIL,110040,OK,2001,Li et al. (2025b),2001-04-29,32.7,775,tmax_c,24.288654012308474,0,0
25,days,1.0,2001-06-10,0.0,300,0.0,1,25,>,MAT,110040,OK,2001,Ortega Gómez et al. (2019),2001-05-30,10,300,precip_mm,24.288654012308474,0,0
25,episodes,1.0,2002-02-21,0.0,200,0.0,2,25,>=,EST,110040,OK,2002,Li et al. 2025a,2002-02-14,34,200,tmax_c,24.288654012308474,0,0
25,episodes,1.0,2002-04-12,0.0,625,0.0,2,25,>=,VEG,110040,OK,2002,Li et al. 2025a,2002-03-19,34.6,625,tmax_c,24.288654012308474,0,0
25,episodes,1.0,2002-04-28,0.0,200,0.0,2,25,>=,REP,110040,OK,2002,Li et al. (2025b),2002-04-21,33.7,200,tmax_c,24.288654012308474,0,0
25,episodes,1.0,2002-04-20,0.0,200,0.0,2,25,>=,FLO,110040,OK,2002,Li et al. (2025b),2002-04-13,33.7,200,tmax_c,24.288654012308474,0,0
25,episodes,1.0,2002-05-29,0.0,775,0.0,2,25,>=,FIL,110040,OK,2002,Li et al. (2025b),2002-04-29,32.7,775,tmax_c,24.288654012308474,0,0
25,days,1.0,2002-06-10,0.0,300,0.0,1,25,>,MAT,110040,OK,2002,Ortega Gómez et al. (2019),2002-05-30,10,300,precip_mm,24.288654012308474,0,0
25,episodes,1.0,2003-02-21,0.0,200,0.0,2,25,>=,EST,110040,OK,2003,Li et al. 2025a,2003-02-14,34,200,tmax_c,24.288654012308474,0,0
25,episodes,1.0,2003-04-12,0.0,625,0.0,2,25,>=,VEG,110040,OK,2003,Li et al. 2025a,2003-03-19,34.6,625,tmax_c,24.288654012308474,0,0
25,episodes,1.0,2003-04-28,0.0,200,0.0,2,25,>=,REP,110040,OK,2003,Li et al. (2025b),2003-04-21,33.7,200,tmax_c,24.288654012308474,0,0
25,episodes,1.0,2003-04-20,0.0,200,0.0,2,25,>=,FLO,110040,OK,2003,Li et al. (2025b),2003-04-13,33.7,200,tmax_c,24.288654012308474,0,0
25,episodes,1.0,2003-05-29,0.0,775,0.0,2,25,>=,FIL,110040,OK,2003,Li et al. (2025b),2003-04-29,32.7,775,tmax_c,24.288654012308474,0,0
25,days,1.0,2003-06-10,0.8799150895765638,300,0.9999153332709573,1,25,>,MAT,110040,OK,2003,Ortega Gómez et al. (2019),2003-05-30,10,300,precip_mm,24.288654012308474,24.2865975714204,21.371953170934578
25,episodes,1.0,2004-02-21,0.0,200,0.0,2,25,>=,EST,110040,OK,2004,Li et al. 2025a,2004-02-14,34,200,tmax_c,24.288654012308474,0,0
25,episodes,1.0,2004-04-12,0.0,625,0.0,2,25,>=,VEG,110040,OK,2004,Li et al. 2025a,2004-03-19,34.6,625,tmax_c,24.288654012308474,0,0
25,episodes,1.0,2004-04-28,0.0,200,0.0,2,25,>=,REP,110040,OK,2004,Li et al. (2025b),2004-04-21,33.7,200,tmax_c,24.288654012308474,0,0
25,episodes,1.0,2004-04-20,0.0,200,0.0,2,25,>=,FLO,110040,OK,2004,Li et al. (2025b),2004-04-13,33.7,200,tmax_c,24.288654012308474,0,0
25,episodes,1.0,2004-05-29,0.0,775,0.0,2,25,>=,FIL,110040,OK,2004,Li et al. (2025b),2004-04-29,32.7,775,tmax_c,24.288654012308474,0,0
25,days,1.0,2004-06-10,0.9200170795313619,300,0.9200170795313619,1,25,>,MAT,110040,OK,2004,Ortega Gómez et al. (2019),2004-05-30,10,300,precip_mm,24.288654012308474,22.345976530151738,22.345976530151738
25,episodes,1.0,2005-12-09,0.0,225,0.0,2,25,>=,EST,109539,OK,2005,Li et al. 2025a,2005-12-01,34,225,tmax_c,24.288654012308474,0,0
25,episodes,1.0,2006-02-03,0.0,725,0.0,2,25,>=,VEG,109539,OK,2005,Li et al. 2025a,2006-01-06,34.6,725,tmax_c,24.288654012308474,0,0
25,episodes,1.0,2006-02-20,0.0,225,0.0,2,25,>=,REP,109539,OK,2005,Li et al. (2025b),2006-02-12,33.7,225,tmax_c,24.288654012308474,0,0
25,episodes,1.0,2006-02-11,0.0,200,0.0,2,25,>=,FLO,109539,OK,2005,Li et al. (2025b),2006-02-04,33.7,200,tmax_c,24.288654012308474,0,0
25,episodes,1.0,2006-03-27,0.0,875,0.0,2,25,>=,FIL,109539,OK,2005,Li et al. (2025b),2006-02-21,32.7,875,tmax_c,24.288654012308474,0,0
25,days,1.0,2006-04-09,0.0,325,0.0,1,25,>,MAT,109539,OK,2005,Ortega Gómez et al. (2019),2006-03-28,10,325,precip_mm,24.288654012308474,0,0
25,episodes,1.0,2006-12-09,0.0,225,0.0,2,25,>=,EST,109539,OK,2006,Li et al. 2025a,2006-12-01,34,225,tmax_c,24.288654012308474,0,0
25,episodes,1.0,2007-02-03,0.0,725,0.0,2,25,>=,VEG,109539,OK,2006,Li et al. 2025a,2007-01-06,34.6,725,tmax_c,24.288654012308474,0,0
25,episodes,1.0,2007-02-20,0.0,225,0.0,2,25,>=,REP,109539,OK,2006,Li et al. (2025b),2007-02-12,33.7,225,tmax_c,24.288654012308474,0,0
25,episodes,1.0,2007-02-11,0.0,200,0.0,2,25,>=,FLO,109539,OK,2006,Li et al. (2025b),2007-02-04,33.7,200,tmax_c,24.288654012308474,0,0
25,episodes,1.0,2007-03-27,0.0,875,0.0,2,25,>=,FIL,109539,OK,2006,Li et al. (2025b),2007-02-21,32.7,875,tmax_c,24.288654012308474,0,0
25,days,1.0,2007-04-09,1.0,325,2.0,1,25,>,MAT,109539,OK,2006,Ortega Gómez et al. (2019),2007-03-28,10,325,precip_mm,24.288654012308474,48.57730802461695,24.288654012308474
25,episodes,1.0,2007-12-09,0.0,225,0.0,2,25,>=,EST,109539,OK,2007,Li et al. 2025a,2007-12-01,34,225,tmax_c,24.288654012308474,0,0
25,episodes,1.0,2008-02-03,0.0,725,0.0,2,25,>=,VEG,109539,OK,2007,Li et al. 2025a,2008-01-06,34.6,725,tmax_c,24.288654012308474,0,0
25,episodes,1.0,2008-02-20,0.0,225,0.0,2,25,>=,REP,109539,OK,2007,Li et al. (2025b),2008-02-12,33.7,225,tmax_c,24.288654012308474,0,0
25,episodes,1.0,2008-02-11,0.0,200,0.0,2,25,>=,FLO,109539,OK,2007,Li et al. (2025b),2008-02-04,33.7,200,tmax_c,24.288654012308474,0,0
25,episodes,1.0,2008-03-27,0.0,900,0.0,2,25,>=,FIL,109539,OK,2007,Li et al. (2025b),2008-02-21,32.7,900,tmax_c,24.288654012308474,0,0
25,days,1.0,2008-04-09,0.9200002436943937,325,0.9200002436943937,1,25,>,MAT,109539,OK,2007,Ortega Gómez et al. (2019),2008-03-28,10,325,precip_mm,24.288654012308474,22.34556761033261,22.34556761033261
25,episodes,1.0,2008-12-09,0.0,225,0.0,2,25,>=,EST,109539,OK,2008,Li et al. 2025a,2008-12-01,34,225,tmax_c,24.288654012308474,0,0
25,episodes,1.0,2009-02-03,0.0,725,0.0,2,25,>=,VEG,109539,OK,2008,Li et al. 2025a,2009-01-06,34.6,725,tmax_c,24.288654012308474,0,0
25,episodes,1.0,2009-02-20,0.0,225,0.0,2,25,>=,REP,109539,OK,2008,Li et al. (2025b),2009-02-12,33.7,225,tmax_c,24.288654012308474,0,0
25,episodes,1.0,2009-02-11,0.0,200,0.0,2,25,>=,FLO,109539,OK,2008,Li et al. (2025b),2009-02-04,33.7,200,tmax_c,24.288654012308474,0,0
25,episodes,1.0,2009-03-27,0.0,875,0.0,2,25,>=,FIL,109539,OK,2008,Li et al. (2025b),2009-02-21,32.7,875,tmax_c,24.288654012308474,0,0
25,days,1.0,2009-04-09,0.9599660845798652,325,2.1595573935219297,1,25,>,MAT,109539,OK,2008,Ortega Gómez et al. (2019),2009-03-28,10,325,precip_mm,24.288654012308474,52.45274235097684,23.3162840919108
25,episodes,1.0,2005-02-21,0.0,200,0.0,2,25,>=,EST,110047,OK,2005,Li et al. 2025a,2005-02-14,34,200,tmax_c,24.288654012308474,0,0
25,episodes,1.0,2005-04-12,0.0,625,0.0,2,25,>=,VEG,110047,OK,2005,Li et al. 2025a,2005-03-19,34.6,625,tmax_c,24.288654012308474,0,0
25,episodes,1.0,2005-04-28,0.0,200,0.0,2,25,>=,REP,110047,OK,2005,Li et al. (2025b),2005-04-21,33.7,200,tmax_c,24.288654012308474,0,0
25,episodes,1.0,2005-04-20,0.0,200,0.0,2,25,>=,FLO,110047,OK,2005,Li et al. (2025b),2005-04-13,33.7,200,tmax_c,24.288654012308474,0,0
25,episodes,1.0,2005-05-29,0.04001707958316657,775,0.08003415916633314,2,25,>=,FIL,110047,OK,2005,Li et al. (2025b),2005-04-29,32.7,775,tmax_c,24.288654012308474,1.9439220011570923,0.9719610005785462
25,days,1.0,2005-06-10,0.0,300,0.0,1,25,>,MAT,110047,OK,2005,Ortega Gómez et al. (2019),2005-05-30,10,300,precip_mm,24.288654012308474,0,0
25,episodes,1.0,2006-02-21,0.0,200,0.0,2,25,>=,EST,110047,OK,2006,Li et al. 2025a,2006-02-14,34,200,tmax_c,24.288654012308474,0,0
25,episodes,1.0,2006-04-12,0.0,625,0.0,2,25,>=,VEG,110047,OK,2006,Li et al. 2025a,2006-03-19,34.6,625,tmax_c,24.288654012308474,0,0
25,episodes,1.0,2006-04-28,0.0,200,0.0,2,25,>=,REP,110047,OK,2006,Li et al. (2025b),2006-04-21,33.7,200,tmax_c,24.288654012308474,0,0
25,episodes,1.0,2006-04-20,0.0,200,0.0,2,25,>=,FLO,110047,OK,2006,Li et al. (2025b),2006-04-13,33.7,200,tmax_c,24.288654012308474,0,0
25,episodes,1.0,2006-05-29,0.0,775,0.0,2,25,>=,FIL,110047,OK,2006,Li et al. (2025b),2006-04-29,32.7,775,tmax_c,24.288654012308474,0,0
25,days,1.0,2006-06-10,0.0,300,0.0,1,25,>,MAT,110047,OK,2006,Ortega Gómez et al. (2019),2006-05-30,10,300,precip_mm,24.288654012308474,0,0
25,episodes,1.0,2007-02-21,0.0,200,0.0,2,25,>=,EST,110047,OK,2007,Li et al. 2025a,2007-02-14,34,200,tmax_c,24.288654012308474,0,0
25,episodes,1.0,2007-04-12,0.0,625,0.0,2,25,>=,VEG,110047,OK,2007,Li et al. 2025a,2007-03-19,34.6,625,tmax_c,24.288654012308474,0,0
25,episodes,1.0,2007-04-28,0.0,200,0.0,2,25,>=,REP,110047,OK,2007,Li et al. (2025b),2007-04-21,33.7,200,tmax_c,24.288654012308474,0,0
25,episodes,1.0,2007-04-20,0.0,200,0.0,2,25,>=,FLO,110047,OK,2007,Li et al. (2025b),2007-04-13,33.7,200,tmax_c,24.288654012308474,0,0
25,episodes,1.0,2007-05-29,0.2799490050484291,775,0.31996608463159565,2,25,>=,FIL,110047,OK,2007,Li et al. (2025b),2007-04-29,32.7,775,tmax_c,24.288654012308474,7.771545525289839,6.7995845247112925
25,days,1.0,2007-06-10,0.0,300,0.0,1,25,>,MAT,110047,OK,2007,Ortega Gómez et al. (2019),2007-05-30,10,300,precip_mm,24.288654012308474,0,0
25,episodes,1.0,2008-02-21,0.0,200,0.0,2,25,>=,EST,110047,OK,2008,Li et al. 2025a,2008-02-14,34,200,tmax_c,24.288654012308474,0,0
25,episodes,1.0,2008-04-12,0.0,625,0.0,2,25,>=,VEG,110047,OK,2008,Li et al. 2025a,2008-03-19,34.6,625,tmax_c,24.288654012308474,0,0
25,episodes,1.0,2008-04-28,0.0,200,0.0,2,25,>=,REP,110047,OK,2008,Li et al. (2025b),2008-04-21,33.7,200,tmax_c,24.288654012308474,0,0
25,episodes,1.0,2008-04-20,0.0,200,0.0,2,25,>=,FLO,110047,OK,2008,Li et al. (2025b),2008-04-13,33.7,200,tmax_c,24.288654012308474,0,0
25,episodes,1.0,2008-05-29,0.0,775,0.0,2,25,>=,FIL,110047,OK,2008,Li et al. (2025b),2008-04-29,32.7,775,tmax_c,24.288654012308474,0,0
25,days,1.0,2008-06-10,0.0,300,0.0,1,25,>,MAT,110047,OK,2008,Ortega Gómez et al. (2019),2008-05-30,10,300,precip_mm,24.288654012308474,0,0
25,episodes,1.0,1993-06-03,0.0,125,0.0,2,25,>=,EST,109725,OK,1993,Li et al. 2025a,1993-05-30,34,125,tmax_c,24.288654012308474,0,0
25,episodes,1.0,1993-07-04,0.0,400,0.0,2,25,>=,VEG,109725,OK,1993,Li et al. 2025a,1993-06-19,34.6,400,tmax_c,24.288654012308474,0,0
25,episodes,1.0,1993-07-13,0.0,125,0.0,2,25,>=,REP,109725,OK,1993,Li et al. (2025b),1993-07-09,33.7,125,tmax_c,24.288654012308474,0,0
25,episodes,1.0,1993-07-08,0.0,100,0.0,2,25,>=,FLO,109725,OK,1993,Li et al. (2025b),1993-07-05,33.7,100,tmax_c,24.288654012308474,0,0
25,episodes,1.0,1993-08-02,0.0,500,0.0,2,25,>=,FIL,109725,OK,1993,Li et al. (2025b),1993-07-14,32.7,500,tmax_c,24.288654012308474,0,0
25,days,1.0,1993-08-09,0.0,175,0.0,1,25,>,MAT,109725,OK,1993,Ortega Gómez et al. (2019),1993-08-03,10,175,precip_mm,24.288654012308474,0,0
25,episodes,1.0,1994-06-03,0.0,125,0.0,2,25,>=,EST,109725,OK,1994,Li et al. 2025a,1994-05-30,34,125,tmax_c,24.288654012308474,0,0
25,episodes,1.0,1994-07-04,0.0,400,0.0,2,25,>=,VEG,109725,OK,1994,Li et al. 2025a,1994-06-19,34.6,400,tmax_c,24.288654012308474,0,0
25,episodes,1.0,1994-07-13,0.0,125,0.0,2,25,>=,REP,109725,OK,1994,Li et al. (2025b),1994-07-09,33.7,125,tmax_c,24.288654012308474,0,0
25,episodes,1.0,1994-07-08,0.0,100,0.0,2,25,>=,FLO,109725,OK,1994,Li et al. (2025b),1994-07-05,33.7,100,tmax_c,24.288654012308474,0,0
25,episodes,1.0,1994-08-02,0.0,500,0.0,2,25,>=,FIL,109725,OK,1994,Li et al. (2025b),1994-07-14,32.7,500,tmax_c,24.288654012308474,0,0
25,days,1.0,1994-08-09,0.0,175,0.0,1,25,>,MAT,109725,OK,1994,Ortega Gómez et al. (2019),1994-08-03,10,175,precip_mm,24.288654012308474,0,0
25,episodes,1.0,1995-06-03,0.0,125,0.0,2,25,>=,EST,109725,OK,1995,Li et al. 2025a,1995-05-30,34,125,tmax_c,24.288654012308474,0,0
25,episodes,1.0,1995-07-04,0.0,400,0.0,2,25,>=,VEG,109725,OK,1995,Li et al. 2025a,1995-06-19,34.6,400,tmax_c,24.288654012308474,0,0
25,episodes,1.0,1995-07-13,0.0,125,0.0,2,25,>=,REP,109725,OK,1995,Li et al. (2025b),1995-07-09,33.7,125,tmax_c,24.288654012308474,0,0
25,episodes,1.0,1995-07-08,0.0,100,0.0,2,25,>=,FLO,109725,OK,1995,Li et al. (2025b),1995-07-05,33.7,100,tmax_c,24.288654012308474,0,0
25,episodes,1.0,1995-08-02,0.0,500,0.0,2,25,>=,FIL,109725,OK,1995,Li et al. (2025b),1995-07-14,32.7,500,tmax_c,24.288654012308474,0,0
25,days,1.0,1995-08-09,0.0,175,0.0,1,25,>,MAT,109725,OK,1995,Ortega Gómez et al. (2019),1995-08-03,10,175,precip_mm,24.288654012308474,0,0
25,episodes,1.0,1996-06-03,0.0,125,0.0,2,25,>=,EST,109725,OK,1996,Li et al. 2025a,1996-05-30,34,125,tmax_c,24.288654012308474,0,0
25,episodes,1.0,1996-07-04,0.0,400,0.0,2,25,>=,VEG,109725,OK,1996,Li et al. 2025a,1996-06-19,34.6,400,tmax_c,24.288654012308474,0,0
25,episodes,1.0,1996-07-13,0.0,125,0.0,2,25,>=,REP,109725,OK,1996,Li et al. (2025b),1996-07-09,33.7,125,tmax_c,24.288654012308474,0,0
25,episodes,1.0,1996-07-08,0.0,100,0.0,2,25,>=,FLO,109725,OK,1996,Li et al. (2025b),1996-07-05,33.7,100,tmax_c,24.288654012308474,0,0
25,episodes,1.0,1996-08-02,0.0,500,0.0,2,25,>=,FIL,109725,OK,1996,Li et al. (2025b),1996-07-14,32.7,500,tmax_c,24.288654012308474,0,0
25,days,1.0,1996-08-09,0.0,175,0.0,1,25,>,MAT,109725,OK,1996,Ortega Gómez et al. (2019),1996-08-03,10,175,precip_mm,24.288654012308474,0,0
25,episodes,1.0,1985-06-03,0.0,125,0.0,2,25,>=,EST,109724,OK,1985,Li et al. 2025a,1985-05-30,34,125,tmax_c,24.288654012308474,0,0
25,episodes,1.0,1985-07-04,0.0,400,0.0,2,25,>=,VEG,109724,OK,1985,Li et al. 2025a,1985-06-19,34.6,400,tmax_c,24.288654012308474,0,0
25,episodes,1.0,1985-07-13,0.0,125,0.0,2,25,>=,REP,109724,OK,1985,Li et al. (2025b),1985-07-09,33.7,125,tmax_c,24.288654012308474,0,0
25,episodes,1.0,1985-07-08,0.0,100,0.0,2,25,>=,FLO,109724,OK,1985,Li et al. (2025b),1985-07-05,33.7,100,tmax_c,24.288654012308474,0,0
25,episodes,1.0,1985-08-02,0.0,500,0.0,2,25,>=,FIL,109724,OK,1985,Li et al. (2025b),1985-07-14,32.7,500,tmax_c,24.288654012308474,0,0
25,days,1.0,1985-08-09,0.0,175,0.0,1,25,>,MAT,109724,OK,1985,Ortega Gómez et al. (2019),1985-08-03,10,175,precip_mm,24.288654012308474,0,0
25,episodes,1.0,1986-06-03,0.0,125,0.0,2,25,>=,EST,109724,OK,1986,Li et al. 2025a,1986-05-30,34,125,tmax_c,24.288654012308474,0,0
25,episodes,1.0,1986-07-04,0.0,400,0.0,2,25,>=,VEG,109724,OK,1986,Li et al. 2025a,1986-06-19,34.6,400,tmax_c,24.288654012308474,0,0
25,episodes,1.0,1986-07-13,0.0,125,0.0,2,25,>=,REP,109724,OK,1986,Li et al. (2025b),1986-07-09,33.7,125,tmax_c,24.288654012308474,0,0
25,episodes,1.0,1986-07-08,0.0,100,0.0,2,25,>=,FLO,109724,OK,1986,Li et al. (2025b),1986-07-05,33.7,100,tmax_c,24.288654012308474,0,0
25,episodes,1.0,1986-08-02,0.11994900499669862,500,0.11994900499669862,2,25,>=,FIL,109724,OK,1986,Li et al. (2025b),1986-07-14,32.7,500,tmax_c,24.288654012308474,2.913399881485473,2.913399881485473
25,days,1.0,1986-08-09,0.0,175,0.0,1,25,>,MAT,109724,OK,1986,Ortega Gómez et al. (2019),1986-08-03,10,175,precip_mm,24.288654012308474,0,0
25,episodes,1.0,1987-06-03,0.0,125,0.0,2,25,>=,EST,109724,OK,1987,Li et al. 2025a,1987-05-30,34,125,tmax_c,24.288654012308474,0,0
25,episodes,1.0,1987-07-04,0.0,400,0.0,2,25,>=,VEG,109724,OK,1987,Li et al. 2025a,1987-06-19,34.6,400,tmax_c,24.288654012308474,0,0
25,episodes,1.0,1987-07-13,0.0,125,0.0,2,25,>=,REP,109724,OK,1987,Li et al. (2025b),1987-07-09,33.7,125,tmax_c,24.288654012308474,0,0
25,episodes,1.0,1987-07-08,0.0,100,0.0,2,25,>=,FLO,109724,OK,1987,Li et al. (2025b),1987-07-05,33.7,100,tmax_c,24.288654012308474,0,0
25,episodes,1.0,1987-08-02,0.0,500,0.0,2,25,>=,FIL,109724,OK,1987,Li et al. (2025b),1987-07-14,32.7,500,tmax_c,24.288654012308474,0,0
25,days,1.0,1987-08-09,0.0,175,0.0,1,25,>,MAT,109724,OK,1987,Ortega Gómez et al. (2019),1987-08-03,10,175,precip_mm,24.288654012308474,0,0
25,episodes,1.0,1988-06-03,0.0,125,0.0,2,25,>=,EST,109724,OK,1988,Li et al. 2025a,1988-05-30,34,125,tmax_c,24.288654012308474,0,0
25,episodes,1.0,1988-07-04,0.0,400,0.0,2,25,>=,VEG,109724,OK,1988,Li et al. 2025a,1988-06-19,34.6,400,tmax_c,24.288654012308474,0,0
25,episodes,1.0,1988-07-13,0.0,125,0.0,2,25,>=,REP,109724,OK,1988,Li et al. (2025b),1988-07-09,33.7,125,tmax_c,24.288654012308474,0,0
25,episodes,1.0,1988-07-08,0.0,100,0.0,2,25,>=,FLO,109724,OK,1988,Li et al. (2025b),1988-07-05,33.7,100,tmax_c,24.288654012308474,0,0
25,episodes,1.0,1988-08-02,0.0,500,0.0,2,25,>=,FIL,109724,OK,1988,Li et al. (2025b),1988-07-14,32.7,500,tmax_c,24.288654012308474,0,0
25,days,1.0,1988-08-09,0.0,175,0.0,1,25,>,MAT,109724,OK,1988,Ortega Gómez et al. (2019),1988-08-03,10,175,precip_mm,24.288654012308474,0,0
25,episodes,1.0,1997-02-21,0.0,200,0.0,2,25,>=,EST,110047,OK,1997,Li et al. 2025a,1997-02-14,34,200,tmax_c,24.288654012308474,0,0
25,episodes,1.0,1997-04-12,0.0,625,0.0,2,25,>=,VEG,110047,OK,1997,Li et al. 2025a,1997-03-19,34.6,625,tmax_c,24.288654012308474,0,0
25,episodes,1.0,1997-04-28,0.0,200,0.0,2,25,>=,REP,110047,OK,1997,Li et al. (2025b),1997-04-21,33.7,200,tmax_c,24.288654012308474,0,0
25,episodes,1.0,1997-04-20,0.0,200,0.0,2,25,>=,FLO,110047,OK,1997,Li et al. (2025b),1997-04-13,33.7,200,tmax_c,24.288654012308474,0,0
25,episodes,1.0,1997-05-29,0.0,775,0.0,2,25,>=,FIL,110047,OK,1997,Li et al. (2025b),1997-04-29,32.7,775,tmax_c,24.288654012308474,0,0
25,days,1.0,1997-06-10,1.0,300,1.920000243694394,1,25,>,MAT,110047,OK,1997,Ortega Gómez et al. (2019),1997-05-30,10,300,precip_mm,24.288654012308474,46.634221622641086,24.288654012308474
25,episodes,1.0,1998-02-21,0.0,200,0.0,2,25,>=,EST,110047,OK,1998,Li et al. 2025a,1998-02-14,34,200,tmax_c,24.288654012308474,0,0
25,episodes,1.0,1998-04-12,0.0,625,0.0,2,25,>=,VEG,110047,OK,1998,Li et al. 2025a,1998-03-19,34.6,625,tmax_c,24.288654012308474,0,0
25,episodes,1.0,1998-04-28,0.0,200,0.0,2,25,>=,REP,110047,OK,1998,Li et al. (2025b),1998-04-21,33.7,200,tmax_c,24.288654012308474,0,0
25,episodes,1.0,1998-04-20,0.0,200,0.0,2,25,>=,FLO,110047,OK,1998,Li et al. (2025b),1998-04-13,33.7,200,tmax_c,24.288654012308474,0,0
25,episodes,1.0,1998-05-29,0.04001707958316657,775,0.08003415916633314,2,25,>=,FIL,110047,OK,1998,Li et al. (2025b),1998-04-29,32.7,775,tmax_c,24.288654012308474,1.9439220011570923,0.9719610005785462
25,days,1.0,1998-06-10,0.0,300,0.0,1,25,>,MAT,110047,OK,1998,Ortega Gómez et al. (2019),1998-05-30,10,300,precip_mm,24.288654012308474,0,0
25,episodes,1.0,1999-02-21,0.0,200,0.0,2,25,>=,EST,110047,OK,1999,Li et al. 2025a,1999-02-14,34,200,tmax_c,24.288654012308474,0,0
25,episodes,1.0,1999-04-12,0.0,625,0.0,2,25,>=,VEG,110047,OK,1999,Li et al. 2025a,1999-03-19,34.6,625,tmax_c,24.288654012308474,0,0
25,episodes,1.0,1999-04-28,0.0,200,0.0,2,25,>=,REP,110047,OK,1999,Li et al. (2025b),1999-04-21,33.7,200,tmax_c,24.288654012308474,0,0
25,episodes,1.0,1999-04-20,0.0,200,0.0,2,25,>=,FLO,110047,OK,1999,Li et al. (2025b),1999-04-13,33.7,200,tmax_c,24.288654012308474,0,0
25,episodes,1.0,1999-05-29,0.0,775,0.0,2,25,>=,FIL,110047,OK,1999,Li et al. (2025b),1999-04-29,32.7,775,tmax_c,24.288654012308474,0,0
25,days,1.0,1999-06-10,0.0,300,0.0,1,25,>,MAT,110047,OK,1999,Ortega Gómez et al. (2019),1999-05-30,10,300,precip_mm,24.288654012308474,0,0
25,episodes,1.0,2000-02-21,0.0,200,0.0,2,25,>=,EST,110047,OK,2000,Li et al. 2025a,2000-02-14,34,200,tmax_c,24.288654012308474,0,0
25,episodes,1.0,2000-04-12,0.0,625,0.0,2,25,>=,VEG,110047,OK,2000,Li et al. 2025a,2000-03-19,34.6,625,tmax_c,24.288654012308474,0,0
25,episodes,1.0,2000-04-28,0.0,200,0.0,2,25,>=,REP,110047,OK,2000,Li et al. (2025b),2000-04-21,33.7,200,tmax_c,24.288654012308474,0,0
25,episodes,1.0,2000-04-20,0.0,200,0.0,2,25,>=,FLO,110047,OK,2000,Li et al. (2025b),2000-04-13,33.7,200,tmax_c,24.288654012308474,0,0
25,episodes,1.0,2000-05-29,0.0,775,0.0,2,25,>=,FIL,110047,OK,2000,Li et al. (2025b),2000-04-29,32.7,775,tmax_c,24.288654012308474,0,0
25,days,1.0,2000-06-10,0.0,300,0.0,1,25,>,MAT,110047,OK,2000,Ortega Gómez et al. (2019),2000-05-30,10,300,precip_mm,24.288654012308474,0,0
25,episodes,1.0,2005-02-21,0.0,200,0.0,2,25,>=,EST,110039,OK,2005,Li et al. 2025a,2005-02-14,34,200,tmax_c,24.288654012308474,0,0
25,episodes,1.0,2005-04-12,0.0,625,0.0,2,25,>=,VEG,110039,OK,2005,Li et al. 2025a,2005-03-19,34.6,625,tmax_c,24.288654012308474,0,0
25,episodes,1.0,2005-04-28,0.0,200,0.0,2,25,>=,REP,110039,OK,2005,Li et al. (2025b),2005-04-21,33.7,200,tmax_c,24.288654012308474,0,0
25,episodes,1.0,2005-04-20,0.0,200,0.0,2,25,>=,FLO,110039,OK,2005,Li et al. (2025b),2005-04-13,33.7,200,tmax_c,24.288654012308474,0,0
25,episodes,1.0,2005-05-29,0.0,775,0.0,2,25,>=,FIL,110039,OK,2005,Li et al. (2025b),2005-04-29,32.7,775,tmax_c,24.288654012308474,0,0
25,days,1.0,2005-06-10,0.11994900499669862,300,0.11994900499669862,1,25,>,MAT,110039,OK,2005,Ortega Gómez et al. (2019),2005-05-30,10,300,precip_mm,24.288654012308474,2.913399881485473,2.913399881485473
25,episodes,1.0,2006-02-21,0.0,200,0.0,2,25,>=,EST,110039,OK,2006,Li et al. 2025a,2006-02-14,34,200,tmax_c,24.288654012308474,0,0
25,episodes,1.0,2006-04-12,0.0,625,0.0,2,25,>=,VEG,110039,OK,2006,Li et al. 2025a,2006-03-19,34.6,625,tmax_c,24.288654012308474,0,0
25,episodes,1.0,2006-04-28,0.0,200,0.0,2,25,>=,REP,110039,OK,2006,Li et al. (2025b),2006-04-21,33.7,200,tmax_c,24.288654012308474,0,0
25,episodes,1.0,2006-04-20,0.0,200,0.0,2,25,>=,FLO,110039,OK,2006,Li et al. (2025b),2006-04-13,33.7,200,tmax_c,24.288654012308474,0,0
25,episodes,1.0,2006-05-29,0.0,775,0.0,2,25,>=,FIL,110039,OK,2006,Li et al. (2025b),2006-04-29,32.7,775,tmax_c,24.288654012308474,0,0
25,days,1.0,2006-06-10,0.0,300,0.0,1,25,>,MAT,110039,OK,2006,Ortega Gómez et al. (2019),2006-05-30,10,300,precip_mm,24.288654012308474,0,0
25,episodes,1.0,2007-02-21,0.0,200,0.0,2,25,>=,EST,110039,OK,2007,Li et al. 2025a,2007-02-14,34,200,tmax_c,24.288654012308474,0,0
25,episodes,1.0,2007-04-12,0.0,625,0.0,2,25,>=,VEG,110039,OK,2007,Li et al. 2025a,2007-03-19,34.6,625,tmax_c,24.288654012308474,0,0
25,episodes,1.0,2007-04-28,0.0,200,0.0,2,25,>=,REP,110039,OK,2007,Li et al. (2025b),2007-04-21,33.7,200,tmax_c,24.288654012308474,0,0
25,episodes,1.0,2007-04-20,0.0,200,0.0,2,25,>=,FLO,110039,OK,2007,Li et al. (2025b),2007-04-13,33.7,200,tmax_c,24.288654012308474,0,0
25,episodes,1.0,2007-05-29,0.5999319254653367,775,0.6399149677293298,2,25,>=,FIL,110039,OK,2007,Li et al. (2025b),2007-04-29,32.7,775,tmax_c,24.288654012308474,15.542673248475234,14.571538968565598
25,days,1.0,2007-06-10,0.0,300,0.0,1,25,>,MAT,110039,OK,2007,Ortega Gómez et al. (2019),2007-05-30,10,300,precip_mm,24.288654012308474,0,0
25,episodes,1.0,2008-02-21,0.0,200,0.0,2,25,>=,EST,110039,OK,2008,Li et al. 2025a,2008-02-14,34,200,tmax_c,24.288654012308474,0,0
25,episodes,1.0,2008-04-12,0.0,625,0.0,2,25,>=,VEG,110039,OK,2008,Li et al. 2025a,2008-03-19,34.6,625,tmax_c,24.288654012308474,0,0
25,episodes,1.0,2008-04-28,0.0,200,0.0,2,25,>=,REP,110039,OK,2008,Li et al. (2025b),2008-04-21,33.7,200,tmax_c,24.288654012308474,0,0
25,episodes,1.0,2008-04-20,0.0,200,0.0,2,25,>=,FLO,110039,OK,2008,Li et al. (2025b),2008-04-13,33.7,200,tmax_c,24.288654012308474,0,0
25,episodes,1.0,2008-05-29,0.0,775,0.0,2,25,>=,FIL,110039,OK,2008,Li et al. (2025b),2008-04-29,32.7,775,tmax_c,24.288654012308474,0,0
25,days,1.0,2008-06-10,0.0,300,0.0,1,25,>,MAT,110039,OK,2008,Ortega Gómez et al. (2019),2008-05-30,10,300,precip_mm,24.288654012308474,0,0
25,episodes,1.0,2013-12-09,0.0,225,0.0,2,25,>=,EST,109539,OK,2013,Li et al. 2025a,2013-12-01,34,225,tmax_c,24.288654012308474,0,0
25,episodes,1.0,2014-02-03,0.0,725,0.0,2,25,>=,VEG,109539,OK,2013,Li et al. 2025a,2014-01-06,34.6,725,tmax_c,24.288654012308474,0,0
25,episodes,1.0,2014-02-20,0.0,225,0.0,2,25,>=,REP,109539,OK,2013,Li et al. (2025b),2014-02-12,33.7,225,tmax_c,24.288654012308474,0,0
25,episodes,1.0,2014-02-11,0.0,200,0.0,2,25,>=,FLO,109539,OK,2013,Li et al. (2025b),2014-02-04,33.7,200,tmax_c,24.288654012308474,0,0
25,episodes,1.0,2014-03-27,0.0,875,0.0,2,25,>=,FIL,109539,OK,2013,Li et al. (2025b),2014-02-21,32.7,875,tmax_c,24.288654012308474,0,0
25,days,1.0,2014-04-09,1.0,325,1.1199490049966985,1,25,>,MAT,109539,OK,2013,Ortega Gómez et al. (2019),2014-03-28,10,325,precip_mm,24.288654012308474,27.20205389379394,24.288654012308474
25,episodes,1.0,2014-12-09,0.0,225,0.0,2,25,>=,EST,109539,OK,2014,Li et al. 2025a,2014-12-01,34,225,tmax_c,24.288654012308474,0,0
25,episodes,1.0,2015-02-03,0.0,725,0.0,2,25,>=,VEG,109539,OK,2014,Li et al. 2025a,2015-01-06,34.6,725,tmax_c,24.288654012308474,0,0
25,episodes,1.0,2015-02-20,0.0,225,0.0,2,25,>=,REP,109539,OK,2014,Li et al. (2025b),2015-02-12,33.7,225,tmax_c,24.288654012308474,0,0
25,episodes,1.0,2015-02-11,0.0,200,0.0,2,25,>=,FLO,109539,OK,2014,Li et al. (2025b),2015-02-04,33.7,200,tmax_c,24.288654012308474,0,0
25,episodes,1.0,2015-03-27,0.0,875,0.0,2,25,>=,FIL,109539,OK,2014,Li et al. (2025b),2015-02-21,32.7,875,tmax_c,24.288654012308474,0,0
25,days,1.0,2015-04-09,0.83991496772933,325,1.3597788186081246,1,25,>,MAT,109539,OK,2014,Ortega Gómez et al. (2019),2015-03-28,10,325,precip_mm,24.288654012308474,33.0271972584383,20.400404050936935
25,episodes,1.0,2015-12-09,0.0,225,0.0,2,25,>=,EST,109539,OK,2015,Li et al. 2025a,2015-12-01,34,225,tmax_c,24.288654012308474,0,0
25,episodes,1.0,2016-02-03,0.0,725,0.0,2,25,>=,VEG,109539,OK,2015,Li et al. 2025a,2016-01-06,34.6,725,tmax_c,24.288654012308474,0,0
25,episodes,1.0,2016-02-20,0.0,225,0.0,2,25,>=,REP,109539,OK,2015,Li et al. (2025b),2016-02-12,33.7,225,tmax_c,24.288654012308474,0,0
25,episodes,1.0,2016-02-11,0.0,200,0.0,2,25,>=,FLO,109539,OK,2015,Li et al. (2025b),2016-02-04,33.7,200,tmax_c,24.288654012308474,0,0
25,episodes,1.0,2016-03-27,0.0,900,0.0,2,25,>=,FIL,109539,OK,2015,Li et al. (2025b),2016-02-21,32.7,900,tmax_c,24.288654012308474,0,0
25,days,1.0,2016-04-09,1.0,325,2.0,1,25,>,MAT,109539,OK,2015,Ortega Gómez et al. (2019),2016-03-28,10,325,precip_mm,24.288654012308474,48.57730802461695,24.288654012308474
25,episodes,1.0,2016-12-09,0.0,225,0.0,2,25,>=,EST,109539,OK,2016,Li et al. 2025a,2016-12-01,34,225,tmax_c,24.288654012308474,0,0
25,episodes,1.0,2017-02-03,0.0,725,0.0,2,25,>=,VEG,109539,OK,2016,Li et al. 2025a,2017-01-06,34.6,725,tmax_c,24.288654012308474,0,0
25,episodes,1.0,2017-02-20,0.0,225,0.0,2,25,>=,REP,109539,OK,2016,Li et al. (2025b),2017-02-12,33.7,225,tmax_c,24.288654012308474,0,0
25,episodes,1.0,2017-02-11,0.0,200,0.0,2,25,>=,FLO,109539,OK,2016,Li et al. (2025b),2017-02-04,33.7,200,tmax_c,24.288654012308474,0,0
25,episodes,1.0,2017-03-27,0.0800172014304005,875,0.0800172014304005,2,25,>=,FIL,109539,OK,2016,Li et al. (2025b),2017-02-21,32.7,875,tmax_c,24.288654012308474,1.9435101205761924,1.9435101205761924
25,days,1.0,2017-04-09,1.0,325,2.0799663282742586,1,25,>,MAT,109539,OK,2016,Ortega Gómez et al. (2019),2017-03-28,10,325,precip_mm,24.288654012308474,50.51958250470509,24.288654012308474
25,episodes,1.0,1997-06-03,0.0,125,0.0,2,25,>=,EST,109724,OK,1997,Li et al. 2025a,1997-05-30,34,125,tmax_c,24.288654012308474,0,0
25,episodes,1.0,1997-07-04,0.0,400,0.0,2,25,>=,VEG,109724,OK,1997,Li et al. 2025a,1997-06-19,34.6,400,tmax_c,24.288654012308474,0,0
25,episodes,1.0,1997-07-13,0.0,125,0.0,2,25,>=,REP,109724,OK,1997,Li et al. (2025b),1997-07-09,33.7,125,tmax_c,24.288654012308474,0,0
25,episodes,1.0,1997-07-08,0.0,100,0.0,2,25,>=,FLO,109724,OK,1997,Li et al. (2025b),1997-07-05,33.7,100,tmax_c,24.288654012308474,0,0
25,episodes,1.0,1997-08-02,0.0,500,0.0,2,25,>=,FIL,109724,OK,1997,Li et al. (2025b),1997-07-14,32.7,500,tmax_c,24.288654012308474,0,0
25,days,1.0,1997-08-09,0.0,175,0.0,1,25,>,MAT,109724,OK,1997,Ortega Gómez et al. (2019),1997-08-03,10,175,precip_mm,24.288654012308474,0,0
25,episodes,1.0,1998-06-03,0.0,125,0.0,2,25,>=,EST,109724,OK,1998,Li et al. 2025a,1998-05-30,34,125,tmax_c,24.288654012308474,0,0
25,episodes,1.0,1998-07-04,0.0,400,0.0,2,25,>=,VEG,109724,OK,1998,Li et al. 2025a,1998-06-19,34.6,400,tmax_c,24.288654012308474,0,0
25,episodes,1.0,1998-07-13,0.0,125,0.0,2,25,>=,REP,109724,OK,1998,Li et al. (2025b),1998-07-09,33.7,125,tmax_c,24.288654012308474,0,0
25,episodes,1.0,1998-07-08,0.0,100,0.0,2,25,>=,FLO,109724,OK,1998,Li et al. (2025b),1998-07-05,33.7,100,tmax_c,24.288654012308474,0,0
25,episodes,1.0,1998-08-02,0.07998316411122705,500,0.07998316411122705,2,25,>=,FIL,109724,OK,1998,Li et al. (2025b),1998-07-14,32.7,500,tmax_c,24.288654012308474,1.9426833999072821,1.9426833999072821
25,days,1.0,1998-08-09,0.0,175,0.0,1,25,>,MAT,109724,OK,1998,Ortega Gómez et al. (2019),1998-08-03,10,175,precip_mm,24.288654012308474,0,0
25,episodes,1.0,1999-06-03,0.0,125,0.0,2,25,>=,EST,109724,OK,1999,Li et al. 2025a,1999-05-30,34,125,tmax_c,24.288654012308474,0,0
25,episodes,1.0,1999-07-04,0.0,400,0.0,2,25,>=,VEG,109724,OK,1999,Li et al. 2025a,1999-06-19,34.6,400,tmax_c,24.288654012308474,0,0
25,episodes,1.0,1999-07-13,0.0,125,0.0,2,25,>=,REP,109724,OK,1999,Li et al. (2025b),1999-07-09,33.7,125,tmax_c,24.288654012308474,0,0
25,episodes,1.0,1999-07-08,0.0,100,0.0,2,25,>=,FLO,109724,OK,1999,Li et al. (2025b),1999-07-05,33.7,100,tmax_c,24.288654012308474,0,0
25,episodes,1.0,1999-08-02,0.0,500,0.0,2,25,>=,FIL,109724,OK,1999,Li et al. (2025b),1999-07-14,32.7,500,tmax_c,24.288654012308474,0,0
25,days,1.0,1999-08-09,0.0,175,0.0,1,25,>,MAT,109724,OK,1999,Ortega Gómez et al. (2019),1999-08-03,10,175,precip_mm,24.288654012308474,0,0
25,episodes,1.0,2000-06-03,0.0,125,0.0,2,25,>=,EST,109724,OK,2000,Li et al. 2025a,2000-05-30,34,125,tmax_c,24.288654012308474,0,0
25,episodes,1.0,2000-07-04,0.0,400,0.0,2,25,>=,VEG,109724,OK,2000,Li et al. 2025a,2000-06-19,34.6,400,tmax_c,24.288654012308474,0,0
25,episodes,1.0,2000-07-13,0.0,125,0.0,2,25,>=,REP,109724,OK,2000,Li et al. (2025b),2000-07-09,33.7,125,tmax_c,24.288654012308474,0,0
25,episodes,1.0,2000-07-08,0.0,100,0.0,2,25,>=,FLO,109724,OK,2000,Li et al. (2025b),2000-07-05,33.7,100,tmax_c,24.288654012308474,0,0
25,episodes,1.0,2000-08-02,0.0,500,0.0,2,25,>=,FIL,109724,OK,2000,Li et al. (2025b),2000-07-14,32.7,500,tmax_c,24.288654012308474,0,0
25,days,1.0,2000-08-09,0.0,175,0.0,1,25,>,MAT,109724,OK,2000,Ortega Gómez et al. (2019),2000-08-03,10,175,precip_mm,24.288654012308474,0,0
25,episodes,1.0,1989-12-09,0.0,225,0.0,2,25,>=,EST,109539,OK,1989,Li et al. 2025a,1989-12-01,34,225,tmax_c,24.288654012308474,0,0
25,episodes,1.0,1990-02-03,0.0,725,0.0,2,25,>=,VEG,109539,OK,1989,Li et al. 2025a,1990-01-06,34.6,725,tmax_c,24.288654012308474,0,0
25,episodes,1.0,1990-02-20,0.0,225,0.0,2,25,>=,REP,109539,OK,1989,Li et al. (2025b),1990-02-12,33.7,225,tmax_c,24.288654012308474,0,0
25,episodes,1.0,1990-02-11,0.0,200,0.0,2,25,>=,FLO,109539,OK,1989,Li et al. (2025b),1990-02-04,33.7,200,tmax_c,24.288654012308474,0,0
25,episodes,1.0,1990-03-27,0.0,875,0.0,2,25,>=,FIL,109539,OK,1989,Li et al. (2025b),1990-02-21,32.7,875,tmax_c,24.288654012308474,0,0
25,days,1.0,1990-04-09,0.7198130995699609,325,0.7597789404554325,1,25,>,MAT,109539,OK,1989,Ortega Gómez et al. (2019),1990-03-28,10,325,precip_mm,24.288654012308474,18.45400781056032,17.48329132898213
25,episodes,1.0,1990-12-09,0.0,225,0.0,2,25,>=,EST,109539,OK,1990,Li et al. 2025a,1990-12-01,34,225,tmax_c,24.288654012308474,0,0
25,episodes,1.0,1991-02-03,0.0,725,0.0,2,25,>=,VEG,109539,OK,1990,Li et al. 2025a,1991-01-06,34.6,725,tmax_c,24.288654012308474,0,0
25,episodes,1.0,1991-02-20,0.0,225,0.0,2,25,>=,REP,109539,OK,1990,Li et al. (2025b),1991-02-12,33.7,225,tmax_c,24.288654012308474,0,0
25,episodes,1.0,1991-02-11,0.0,200,0.0,2,25,>=,FLO,109539,OK,1990,Li et al. (2025b),1991-02-04,33.7,200,tmax_c,24.288654012308474,0,0
25,episodes,1.0,1991-03-27,0.0,875,0.0,2,25,>=,FIL,109539,OK,1990,Li et al. (2025b),1991-02-21,32.7,875,tmax_c,24.288654012308474,0,0
25,days,1.0,1991-04-09,1.0,325,5.439727336216038,1,25,>,MAT,109539,OK,1990,Ortega Gómez et al. (2019),1991-03-28,10,325,precip_mm,24.288654012308474,132.12365519064775,24.288654012308474
25,episodes,1.0,1991-12-09,0.0,225,0.0,2,25,>=,EST,109539,OK,1991,Li et al. 2025a,1991-12-01,34,225,tmax_c,24.288654012308474,0,0
25,episodes,1.0,1992-02-03,0.0,725,0.0,2,25,>=,VEG,109539,OK,1991,Li et al. 2025a,1992-01-06,34.6,725,tmax_c,24.288654012308474,0,0
25,episodes,1.0,1992-02-20,0.0,225,0.0,2,25,>=,REP,109539,OK,1991,Li et al. (2025b),1992-02-12,33.7,225,tmax_c,24.288654012308474,0,0
25,episodes,1.0,1992-02-11,0.0,200,0.0,2,25,>=,FLO,109539,OK,1991,Li et al. (2025b),1992-02-04,33.7,200,tmax_c,24.288654012308474,0,0
25,episodes,1.0,1992-03-27,0.0,900,0.0,2,25,>=,FIL,109539,OK,1991,Li et al. (2025b),1992-02-21,32.7,900,tmax_c,24.288654012308474,0,0
25,days,1.0,1992-04-09,1.0,325,1.9195228689176522,1,25,>,MAT,109539,OK,1991,Ortega Gómez et al. (2019),1992-03-28,10,325,precip_mm,24.288654012308474,46.6226268318546,24.288654012308474
25,episodes,1.0,1992-12-09,0.0,225,0.0,2,25,>=,EST,109539,OK,1992,Li et al. 2025a,1992-12-01,34,225,tmax_c,24.288654012308474,0,0
25,episodes,1.0,1993-02-03,0.0,725,0.0,2,25,>=,VEG,109539,OK,1992,Li et al. 2025a,1993-01-06,34.6,725,tmax_c,24.288654012308474,0,0
25,episodes,1.0,1993-02-20,0.0,225,0.0,2,25,>=,REP,109539,OK,1992,Li et al. (2025b),1993-02-12,33.7,225,tmax_c,24.288654012308474,0,0
25,episodes,1.0,1993-02-11,0.0,200,0.0,2,25,>=,FLO,109539,OK,1992,Li et al. (2025b),1993-02-04,33.7,200,tmax_c,24.288654012308474,0,0
25,episodes,1.0,1993-03-27,0.0,875,0.0,2,25,>=,FIL,109539,OK,1992,Li et al. (2025b),1993-02-21,32.7,875,tmax_c,24.288654012308474,0,0
25,days,1.0,1993-04-09,0.6798637290315607,325,0.7597954108025037,1,25,>,MAT,109539,OK,1992,Ortega Gómez et al. (2019),1993-03-28,10,325,precip_mm,24.288654012308474,18.454407853121797,16.512974889965417
25,episodes,1.0,1985-02-21,0.0,200,0.0,2,25,>=,EST,110046,OK,1985,Li et al. 2025a,1985-02-14,34,200,tmax_c,24.288654012308474,0,0
25,episodes,1.0,1985-04-12,0.0,625,0.0,2,25,>=,VEG,110046,OK,1985,Li et al. 2025a,1985-03-19,34.6,625,tmax_c,24.288654012308474,0,0
25,episodes,1.0,1985-04-28,0.0,200,0.0,2,25,>=,REP,110046,OK,1985,Li et al. (2025b),1985-04-21,33.7,200,tmax_c,24.288654012308474,0,0
25,episodes,1.0,1985-04-20,0.0,200,0.0,2,25,>=,FLO,110046,OK,1985,Li et al. (2025b),1985-04-13,33.7,200,tmax_c,24.288654012308474,0,0
25,episodes,1.0,1985-05-29,0.0,775,0.0,2,25,>=,FIL,110046,OK,1985,Li et al. (2025b),1985-04-29,32.7,775,tmax_c,24.288654012308474,0,0
25,days,1.0,1985-06-10,0.0,300,0.0,1,25,>,MAT,110046,OK,1985,Ortega Gómez et al. (2019),1985-05-30,10,300,precip_mm,24.288654012308474,0,0
25,episodes,1.0,1986-02-21,0.0,200,0.0,2,25,>=,EST,110046,OK,1986,Li et al. 2025a,1986-02-14,34,200,tmax_c,24.288654012308474,0,0
25,episodes,1.0,1986-04-12,0.0,625,0.0,2,25,>=,VEG,110046,OK,1986,Li et al. 2025a,1986-03-19,34.6,625,tmax_c,24.288654012308474,0,0
25,episodes,1.0,1986-04-28,0.0,200,0.0,2,25,>=,REP,110046,OK,1986,Li et al. (2025b),1986-04-21,33.7,200,tmax_c,24.288654012308474,0,0
25,episodes,1.0,1986-04-20,0.0,200,0.0,2,25,>=,FLO,110046,OK,1986,Li et al. (2025b),1986-04-13,33.7,200,tmax_c,24.288654012308474,0,0
25,episodes,1.0,1986-05-29,0.0,775,0.0,2,25,>=,FIL,110046,OK,1986,Li et al. (2025b),1986-04-29,32.7,775,tmax_c,24.288654012308474,0,0
25,days,1.0,1986-06-10,1.0,300,1.0,1,25,>,MAT,110046,OK,1986,Ortega Gómez et al. (2019),1986-05-30,10,300,precip_mm,24.288654012308474,24.288654012308474,24.288654012308474
25,episodes,1.0,1987-02-21,0.0,200,0.0,2,25,>=,EST,110046,OK,1987,Li et al. 2025a,1987-02-14,34,200,tmax_c,24.288654012308474,0,0
25,episodes,1.0,1987-04-12,0.0,625,0.0,2,25,>=,VEG,110046,OK,1987,Li et al. 2025a,1987-03-19,34.6,625,tmax_c,24.288654012308474,0,0
25,episodes,1.0,1987-04-28,0.0,200,0.0,2,25,>=,REP,110046,OK,1987,Li et al. (2025b),1987-04-21,33.7,200,tmax_c,24.288654012308474,0,0
25,episodes,1.0,1987-04-20,0.0,200,0.0,2,25,>=,FLO,110046,OK,1987,Li et al. (2025b),1987-04-13,33.7,200,tmax_c,24.288654012308474,0,0
25,episodes,1.0,1987-05-29,0.0,775,0.0,2,25,>=,FIL,110046,OK,1987,Li et al. (2025b),1987-04-29,32.7,775,tmax_c,24.288654012308474,0,0
25,days,1.0,1987-06-10,0.0,300,0.0,1,25,>,MAT,110046,OK,1987,Ortega Gómez et al. (2019),1987-05-30,10,300,precip_mm,24.288654012308474,0,0
25,episodes,1.0,1988-02-21,0.0,200,0.0,2,25,>=,EST,110046,OK,1988,Li et al. 2025a,1988-02-14,34,200,tmax_c,24.288654012308474,0,0
25,episodes,1.0,1988-04-12,0.0,625,0.0,2,25,>=,VEG,110046,OK,1988,Li et al. 2025a,1988-03-19,34.6,625,tmax_c,24.288654012308474,0,0
25,episodes,1.0,1988-04-28,0.0,200,0.0,2,25,>=,REP,110046,OK,1988,Li et al. (2025b),1988-04-21,33.7,200,tmax_c,24.288654012308474,0,0
25,episodes,1.0,1988-04-20,0.0,200,0.0,2,25,>=,FLO,110046,OK,1988,Li et al. (2025b),1988-04-13,33.7,200,tmax_c,24.288654012308474,0,0
25,episodes,1.0,1988-05-29,0.0,775,0.0,2,25,>=,FIL,110046,OK,1988,Li et al. (2025b),1988-04-29,32.7,775,tmax_c,24.288654012308474,0,0
25,days,1.0,1988-06-10,0.0,300,0.0,1,25,>,MAT,110046,OK,1988,Ortega Gómez et al. (2019),1988-05-30,10,300,precip_mm,24.288654012308474,0,0
25,episodes,1.0,1997-02-21,0.0,200,0.0,2,25,>=,EST,110040,OK,1997,Li et al. 2025a,1997-02-14,34,200,tmax_c,24.288654012308474,0,0
25,episodes,1.0,1997-04-12,0.0,625,0.0,2,25,>=,VEG,110040,OK,1997,Li et al. 2025a,1997-03-19,34.6,625,tmax_c,24.288654012308474,0,0
25,episodes,1.0,1997-04-28,0.0,200,0.0,2,25,>=,REP,110040,OK,1997,Li et al. (2025b),1997-04-21,33.7,200,tmax_c,24.288654012308474,0,0
25,episodes,1.0,1997-04-20,0.0,200,0.0,2,25,>=,FLO,110040,OK,1997,Li et al. (2025b),1997-04-13,33.7,200,tmax_c,24.288654012308474,0,0
25,episodes,1.0,1997-05-29,0.0,775,0.0,2,25,>=,FIL,110040,OK,1997,Li et al. (2025b),1997-04-29,32.7,775,tmax_c,24.288654012308474,0,0
25,days,1.0,1997-06-10,1.0,300,1.0,1,25,>,MAT,110040,OK,1997,Ortega Gómez et al. (2019),1997-05-30,10,300,precip_mm,24.288654012308474,24.288654012308474,24.288654012308474
25,episodes,1.0,1998-02-21,0.0,200,0.0,2,25,>=,EST,110040,OK,1998,Li et al. 2025a,1998-02-14,34,200,tmax_c,24.288654012308474,0,0
25,episodes,1.0,1998-04-12,0.0,625,0.0,2,25,>=,VEG,110040,OK,1998,Li et al. 2025a,1998-03-19,34.6,625,tmax_c,24.288654012308474,0,0
25,episodes,1.0,1998-04-28,0.0,200,0.0,2,25,>=,REP,110040,OK,1998,Li et al. (2025b),1998-04-21,33.7,200,tmax_c,24.288654012308474,0,0
25,episodes,1.0,1998-04-20,0.0,200,0.0,2,25,>=,FLO,110040,OK,1998,Li et al. (2025b),1998-04-13,33.7,200,tmax_c,24.288654012308474,0,0
25,episodes,1.0,1998-05-29,0.0,775,0.0,2,25,>=,FIL,110040,OK,1998,Li et al. (2025b),1998-04-29,32.7,775,tmax_c,24.288654012308474,0,0
25,days,1.0,1998-06-10,0.0,300,0.0,1,25,>,MAT,110040,OK,1998,Ortega Gómez et al. (2019),1998-05-30,10,300,precip_mm,24.288654012308474,0,0
25,episodes,1.0,1999-02-21,0.0,200,0.0,2,25,>=,EST,110040,OK,1999,Li et al. 2025a,1999-02-14,34,200,tmax_c,24.288654012308474,0,0
25,episodes,1.0,1999-04-12,0.0,625,0.0,2,25,>=,VEG,110040,OK,1999,Li et al. 2025a,1999-03-19,34.6,625,tmax_c,24.288654012308474,0,0
25,episodes,1.0,1999-04-28,0.0,200,0.0,2,25,>=,REP,110040,OK,1999,Li et al. (2025b),1999-04-21,33.7,200,tmax_c,24.288654012308474,0,0
25,episodes,1.0,1999-04-20,0.0,200,0.0,2,25,>=,FLO,110040,OK,1999,Li et al. (2025b),1999-04-13,33.7,200,tmax_c,24.288654012308474,0,0
25,episodes,1.0,1999-05-29,0.0,775,0.0,2,25,>=,FIL,110040,OK,1999,Li et al. (2025b),1999-04-29,32.7,775,tmax_c,24.288654012308474,0,0
25,days,1.0,1999-06-10,0.0,300,0.0,1,25,>,MAT,110040,OK,1999,Ortega Gómez et al. (2019),1999-05-30,10,300,precip_mm,24.288654012308474,0,0
25,episodes,1.0,2000-02-21,0.0,200,0.0,2,25,>=,EST,110040,OK,2000,Li et al. 2025a,2000-02-14,34,200,tmax_c,24.288654012308474,0,0
25,episodes,1.0,2000-04-12,0.0,625,0.0,2,25,>=,VEG,110040,OK,2000,Li et al. 2025a,2000-03-19,34.6,625,tmax_c,24.288654012308474,0,0
25,episodes,1.0,2000-04-28,0.0,200,0.0,2,25,>=,REP,110040,OK,2000,Li et al. (2025b),2000-04-21,33.7,200,tmax_c,24.288654012308474,0,0
25,episodes,1.0,2000-04-20,0.0,200,0.0,2,25,>=,FLO,110040,OK,2000,Li et al. (2025b),2000-04-13,33.7,200,tmax_c,24.288654012308474,0,0
25,episodes,1.0,2000-05-29,0.0,775,0.0,2,25,>=,FIL,110040,OK,2000,Li et al. (2025b),2000-04-29,32.7,775,tmax_c,24.288654012308474,0,0
25,days,1.0,2000-06-10,0.0,300,0.0,1,25,>,MAT,110040,OK,2000,Ortega Gómez et al. (2019),2000-05-30,10,300,precip_mm,24.288654012308474,0,0
25,episodes,1.0,2001-02-21,0.0,200,0.0,2,25,>=,EST,110047,OK,2001,Li et al. 2025a,2001-02-14,34,200,tmax_c,24.288654012308474,0,0
25,episodes,1.0,2001-04-12,0.0,625,0.0,2,25,>=,VEG,110047,OK,2001,Li et al. 2025a,2001-03-19,34.6,625,tmax_c,24.288654012308474,0,0
25,episodes,1.0,2001-04-28,0.0,200,0.0,2,25,>=,REP,110047,OK,2001,Li et al. (2025b),2001-04-21,33.7,200,tmax_c,24.288654012308474,0,0
25,episodes,1.0,2001-04-20,0.0,200,0.0,2,25,>=,FLO,110047,OK,2001,Li et al. (2025b),2001-04-13,33.7,200,tmax_c,24.288654012308474,0,0
25,episodes,1.0,2001-05-29,0.0,775,0.0,2,25,>=,FIL,110047,OK,2001,Li et al. (2025b),2001-04-29,32.7,775,tmax_c,24.288654012308474,0,0
25,days,1.0,2001-06-10,0.0,300,0.0,1,25,>,MAT,110047,OK,2001,Ortega Gómez et al. (2019),2001-05-30,10,300,precip_mm,24.288654012308474,0,0
25,episodes,1.0,2002-02-21,0.0,200,0.0,2,25,>=,EST,110047,OK,2002,Li et al. 2025a,2002-02-14,34,200,tmax_c,24.288654012308474,0,0
25,episodes,1.0,2002-04-12,0.0,625,0.0,2,25,>=,VEG,110047,OK,2002,Li et al. 2025a,2002-03-19,34.6,625,tmax_c,24.288654012308474,0,0
25,episodes,1.0,2002-04-28,0.0,200,0.0,2,25,>=,REP,110047,OK,2002,Li et al. (2025b),2002-04-21,33.7,200,tmax_c,24.288654012308474,0,0
25,episodes,1.0,2002-04-20,0.0,200,0.0,2,25,>=,FLO,110047,OK,2002,Li et al. (2025b),2002-04-13,33.7,200,tmax_c,24.288654012308474,0,0
25,episodes,1.0,2002-05-29,0.8400513605449291,775,0.8800172014304006,2,25,>=,FIL,110047,OK,2002,Li et al. (2025b),2002-04-29,32.7,775,tmax_c,24.288654012308474,21.374433330422974,20.403716848844784
25,days,1.0,2002-06-10,0.0,300,0.0,1,25,>,MAT,110047,OK,2002,Ortega Gómez et al. (2019),2002-05-30,10,300,precip_mm,24.288654012308474,0,0
25,episodes,1.0,2003-02-21,0.0,200,0.0,2,25,>=,EST,110047,OK,2003,Li et al. 2025a,2003-02-14,34,200,tmax_c,24.288654012308474,0,0
25,episodes,1.0,2003-04-12,0.0,625,0.0,2,25,>=,VEG,110047,OK,2003,Li et al. 2025a,2003-03-19,34.6,625,tmax_c,24.288654012308474,0,0
25,episodes,1.0,2003-04-28,0.0,200,0.0,2,25,>=,REP,110047,OK,2003,Li et al. (2025b),2003-04-21,33.7,200,tmax_c,24.288654012308474,0,0
25,episodes,1.0,2003-04-20,0.0,200,0.0,2,25,>=,FLO,110047,OK,2003,Li et al. (2025b),2003-04-13,33.7,200,tmax_c,24.288654012308474,0,0
25,episodes,1.0,2003-05-29,0.0,775,0.0,2,25,>=,FIL,110047,OK,2003,Li et al. (2025b),2003-04-29,32.7,775,tmax_c,24.288654012308474,0,0
25,days,1.0,2003-06-10,0.0,300,0.0,1,25,>,MAT,110047,OK,2003,Ortega Gómez et al. (2019),2003-05-30,10,300,precip_mm,24.288654012308474,0,0
25,episodes,1.0,2004-02-21,0.0,200,0.0,2,25,>=,EST,110047,OK,2004,Li et al. 2025a,2004-02-14,34,200,tmax_c,24.288654012308474,0,0
25,episodes,1.0,2004-04-12,0.0,625,0.0,2,25,>=,VEG,110047,OK,2004,Li et al. 2025a,2004-03-19,34.6,625,tmax_c,24.288654012308474,0,0
25,episodes,1.0,2004-04-28,0.0,200,0.0,2,25,>=,REP,110047,OK,2004,Li et al. (2025b),2004-04-21,33.7,200,tmax_c,24.288654012308474,0,0
25,episodes,1.0,2004-04-20,0.0,200,0.0,2,25,>=,FLO,110047,OK,2004,Li et al. (2025b),2004-04-13,33.7,200,tmax_c,24.288654012308474,0,0
25,episodes,1.0,2004-05-29,0.0,775,0.0,2,25,>=,FIL,110047,OK,2004,Li et al. (2025b),2004-04-29,32.7,775,tmax_c,24.288654012308474,0,0
25,days,1.0,2004-06-10,0.0,300,0.0,1,25,>,MAT,110047,OK,2004,Ortega Gómez et al. (2019),2004-05-30,10,300,precip_mm,24.288654012308474,0,0
25,episodes,1.0,1997-06-03,0.0,125,0.0,2,25,>=,EST,109725,OK,1997,Li et al. 2025a,1997-05-30,34,125,tmax_c,24.288654012308474,0,0
25,episodes,1.0,1997-07-04,0.0,400,0.0,2,25,>=,VEG,109725,OK,1997,Li et al. 2025a,1997-06-19,34.6,400,tmax_c,24.288654012308474,0,0
25,episodes,1.0,1997-07-13,0.0,125,0.0,2,25,>=,REP,109725,OK,1997,Li et al. (2025b),1997-07-09,33.7,125,tmax_c,24.288654012308474,0,0
25,episodes,1.0,1997-07-08,0.0,100,0.0,2,25,>=,FLO,109725,OK,1997,Li et al. (2025b),1997-07-05,33.7,100,tmax_c,24.288654012308474,0,0
25,episodes,1.0,1997-08-02,0.0,500,0.0,2,25,>=,FIL,109725,OK,1997,Li et al. (2025b),1997-07-14,32.7,500,tmax_c,24.288654012308474,0,0
25,days,1.0,1997-08-09,0.0,175,0.0,1,25,>,MAT,109725,OK,1997,Ortega Gómez et al. (2019),1997-08-03,10,175,precip_mm,24.288654012308474,0,0
25,episodes,1.0,1998-06-03,0.0,125,0.0,2,25,>=,EST,109725,OK,1998,Li et al. 2025a,1998-05-30,34,125,tmax_c,24.288654012308474,0,0
25,episodes,1.0,1998-07-04,0.0,400,0.0,2,25,>=,VEG,109725,OK,1998,Li et al. 2025a,1998-06-19,34.6,400,tmax_c,24.288654012308474,0,0
25,episodes,1.0,1998-07-13,0.0,125,0.0,2,25,>=,REP,109725,OK,1998,Li et al. (2025b),1998-07-09,33.7,125,tmax_c,24.288654012308474,0,0
25,episodes,1.0,1998-07-08,0.0,100,0.0,2,25,>=,FLO,109725,OK,1998,Li et al. (2025b),1998-07-05,33.7,100,tmax_c,24.288654012308474,0,0
25,episodes,1.0,1998-08-02,0.0,500,0.0,2,25,>=,FIL,109725,OK,1998,Li et al. (2025b),1998-07-14,32.7,500,tmax_c,24.288654012308474,0,0
25,days,1.0,1998-08-09,0.0,175,0.0,1,25,>,MAT,109725,OK,1998,Ortega Gómez et al. (2019),1998-08-03,10,175,precip_mm,24.288654012308474,0,0
25,episodes,1.0,1999-06-03,0.0,125,0.0,2,25,>=,EST,109725,OK,1999,Li et al. 2025a,1999-05-30,34,125,tmax_c,24.288654012308474,0,0
25,episodes,1.0,1999-07-04,0.0,400,0.0,2,25,>=,VEG,109725,OK,1999,Li et al. 2025a,1999-06-19,34.6,400,tmax_c,24.288654012308474,0,0
25,episodes,1.0,1999-07-13,0.0,125,0.0,2,25,>=,REP,109725,OK,1999,Li et al. (2025b),1999-07-09,33.7,125,tmax_c,24.288654012308474,0,0
25,episodes,1.0,1999-07-08,0.0,100,0.0,2,25,>=,FLO,109725,OK,1999,Li et al. (2025b),1999-07-05,33.7,100,tmax_c,24.288654012308474,0,0
25,episodes,1.0,1999-08-02,0.0,500,0.0,2,25,>=,FIL,109725,OK,1999,Li et al. (2025b),1999-07-14,32.7,500,tmax_c,24.288654012308474,0,0
25,days,1.0,1999-08-09,0.0,175,0.0,1,25,>,MAT,109725,OK,1999,Ortega Gómez et al. (2019),1999-08-03,10,175,precip_mm,24.288654012308474,0,0
25,episodes,1.0,2000-06-03,0.0,125,0.0,2,25,>=,EST,109725,OK,2000,Li et al. 2025a,2000-05-30,34,125,tmax_c,24.288654012308474,0,0
25,episodes,1.0,2000-07-04,0.0,400,0.0,2,25,>=,VEG,109725,OK,2000,Li et al. 2025a,2000-06-19,34.6,400,tmax_c,24.288654012308474,0,0
25,episodes,1.0,2000-07-13,0.0,125,0.0,2,25,>=,REP,109725,OK,2000,Li et al. (2025b),2000-07-09,33.7,125,tmax_c,24.288654012308474,0,0
25,episodes,1.0,2000-07-08,0.0,100,0.0,2,25,>=,FLO,109725,OK,2000,Li et al. (2025b),2000-07-05,33.7,100,tmax_c,24.288654012308474,0,0
25,episodes,1.0,2000-08-02,0.0,500,0.0,2,25,>=,FIL,109725,OK,2000,Li et al. (2025b),2000-07-14,32.7,500,tmax_c,24.288654012308474,0,0
25,days,1.0,2000-08-09,0.0,175,0.0,1,25,>,MAT,109725,OK,2000,Ortega Gómez et al. (2019),2000-08-03,10,175,precip_mm,24.288654012308474,0,0
25,episodes,1.0,2009-02-21,0.0,200,0.0,2,25,>=,EST,110039,OK,2009,Li et al. 2025a,2009-02-14,34,200,tmax_c,24.288654012308474,0,0
25,episodes,1.0,2009-04-12,0.0,625,0.0,2,25,>=,VEG,110039,OK,2009,Li et al. 2025a,2009-03-19,34.6,625,tmax_c,24.288654012308474,0,0
25,episodes,1.0,2009-04-28,0.0,200,0.0,2,25,>=,REP,110039,OK,2009,Li et al. (2025b),2009-04-21,33.7,200,tmax_c,24.288654012308474,0,0
25,episodes,1.0,2009-04-20,0.0,200,0.0,2,25,>=,FLO,110039,OK,2009,Li et al. (2025b),2009-04-13,33.7,200,tmax_c,24.288654012308474,0,0
25,episodes,1.0,2009-05-29,0.0,775,0.0,2,25,>=,FIL,110039,OK,2009,Li et al. (2025b),2009-04-29,32.7,775,tmax_c,24.288654012308474,0,0
25,days,1.0,2009-06-10,0.0,300,0.0,1,25,>,MAT,110039,OK,2009,Ortega Gómez et al. (2019),2009-05-30,10,300,precip_mm,24.288654012308474,0,0
25,episodes,1.0,2010-02-21,0.0,200,0.0,2,25,>=,EST,110039,OK,2010,Li et al. 2025a,2010-02-14,34,200,tmax_c,24.288654012308474,0,0
25,episodes,1.0,2010-04-12,0.0,625,0.0,2,25,>=,VEG,110039,OK,2010,Li et al. 2025a,2010-03-19,34.6,625,tmax_c,24.288654012308474,0,0
25,episodes,1.0,2010-04-28,0.0,200,0.0,2,25,>=,REP,110039,OK,2010,Li et al. (2025b),2010-04-21,33.7,200,tmax_c,24.288654012308474,0,0
25,episodes,1.0,2010-04-20,0.0,200,0.0,2,25,>=,FLO,110039,OK,2010,Li et al. (2025b),2010-04-13,33.7,200,tmax_c,24.288654012308474,0,0
25,episodes,1.0,2010-05-29,0.3599660845798652,775,0.5999150896283685,2,25,>=,FIL,110039,OK,2010,Li et al. (2025b),2010-04-29,32.7,775,tmax_c,24.288654012308474,14.57113004874647,8.743091684525714
25,days,1.0,2010-06-10,0.0,300,0.0,1,25,>,MAT,110039,OK,2010,Ortega Gómez et al. (2019),2010-05-30,10,300,precip_mm,24.288654012308474,0,0
25,episodes,1.0,2011-02-21,0.0,200,0.0,2,25,>=,EST,110039,OK,2011,Li et al. 2025a,2011-02-14,34,200,tmax_c,24.288654012308474,0,0
25,episodes,1.0,2011-04-12,0.0,625,0.0,2,25,>=,VEG,110039,OK,2011,Li et al. 2025a,2011-03-19,34.6,625,tmax_c,24.288654012308474,0,0
25,episodes,1.0,2011-04-28,0.0,200,0.0,2,25,>=,REP,110039,OK,2011,Li et al. (2025b),2011-04-21,33.7,200,tmax_c,24.288654012308474,0,0
25,episodes,1.0,2011-04-20,0.0,200,0.0,2,25,>=,FLO,110039,OK,2011,Li et al. (2025b),2011-04-13,33.7,200,tmax_c,24.288654012308474,0,0
25,episodes,1.0,2011-05-29,0.0,775,0.0,2,25,>=,FIL,110039,OK,2011,Li et al. (2025b),2011-04-29,32.7,775,tmax_c,24.288654012308474,0,0
25,days,1.0,2011-06-10,0.0,300,0.0,1,25,>,MAT,110039,OK,2011,Ortega Gómez et al. (2019),2011-05-30,10,300,precip_mm,24.288654012308474,0,0
25,episodes,1.0,2012-02-21,0.0,200,0.0,2,25,>=,EST,110039,OK,2012,Li et al. 2025a,2012-02-14,34,200,tmax_c,24.288654012308474,0,0
25,episodes,1.0,2012-04-12,0.0,625,0.0,2,25,>=,VEG,110039,OK,2012,Li et al. 2025a,2012-03-19,34.6,625,tmax_c,24.288654012308474,0,0
25,episodes,1.0,2012-04-28,0.0,200,0.0,2,25,>=,REP,110039,OK,2012,Li et al. (2025b),2012-04-21,33.7,200,tmax_c,24.288654012308474,0,0
25,episodes,1.0,2012-04-20,0.0,200,0.0,2,25,>=,FLO,110039,OK,2012,Li et al. (2025b),2012-04-13,33.7,200,tmax_c,24.288654012308474,0,0
25,episodes,1.0,2012-05-29,0.0,775,0.0,2,25,>=,FIL,110039,OK,2012,Li et al. (2025b),2012-04-29,32.7,775,tmax_c,24.288654012308474,0,0
25,days,1.0,2012-06-10,0.7199147240349364,300,0.7199147240349364,1,25,>,MAT,110039,OK,2012,Ortega Gómez et al. (2019),2012-05-30,10,300,precip_mm,24.288654012308474,17.485759650451104,17.485759650451104
25,episodes,1.0,1989-02-21,0.0,200,0.0,2,25,>=,EST,110040,OK,1989,Li et al. 2025a,1989-02-14,34,200,tmax_c,24.288654012308474,0,0
25,episodes,1.0,1989-04-12,0.0,625,0.0,2,25,>=,VEG,110040,OK,1989,Li et al. 2025a,1989-03-19,34.6,625,tmax_c,24.288654012308474,0,0
25,episodes,1.0,1989-04-28,0.0,200,0.0,2,25,>=,REP,110040,OK,1989,Li et al. (2025b),1989-04-21,33.7,200,tmax_c,24.288654012308474,0,0
25,episodes,1.0,1989-04-20,0.0,200,0.0,2,25,>=,FLO,110040,OK,1989,Li et al. (2025b),1989-04-13,33.7,200,tmax_c,24.288654012308474,0,0
25,episodes,1.0,1989-05-29,0.0,775,0.0,2,25,>=,FIL,110040,OK,1989,Li et al. (2025b),1989-04-29,32.7,775,tmax_c,24.288654012308474,0,0
25,days,1.0,1989-06-10,0.0,300,0.0,1,25,>,MAT,110040,OK,1989,Ortega Gómez et al. (2019),1989-05-30,10,300,precip_mm,24.288654012308474,0,0
25,episodes,1.0,1990-02-21,0.0,200,0.0,2,25,>=,EST,110040,OK,1990,Li et al. 2025a,1990-02-14,34,200,tmax_c,24.288654012308474,0,0
25,episodes,1.0,1990-04-12,0.0,625,0.0,2,25,>=,VEG,110040,OK,1990,Li et al. 2025a,1990-03-19,34.6,625,tmax_c,24.288654012308474,0,0
25,episodes,1.0,1990-04-28,0.0,200,0.0,2,25,>=,REP,110040,OK,1990,Li et al. (2025b),1990-04-21,33.7,200,tmax_c,24.288654012308474,0,0
25,episodes,1.0,1990-04-20,0.0,200,0.0,2,25,>=,FLO,110040,OK,1990,Li et al. (2025b),1990-04-13,33.7,200,tmax_c,24.288654012308474,0,0
25,episodes,1.0,1990-05-29,0.0,775,0.0,2,25,>=,FIL,110040,OK,1990,Li et al. (2025b),1990-04-29,32.7,775,tmax_c,24.288654012308474,0,0
25,days,1.0,1990-06-10,0.6798808086148014,300,0.8397613735352092,1,25,>,MAT,110040,OK,1990,Ortega Gómez et al. (2019),1990-05-30,10,300,precip_mm,24.288654012308474,20.396673454697634,16.513389730053426
25,episodes,1.0,1991-02-21,0.0,200,0.0,2,25,>=,EST,110040,OK,1991,Li et al. 2025a,1991-02-14,34,200,tmax_c,24.288654012308474,0,0
25,episodes,1.0,1991-04-12,0.0,625,0.0,2,25,>=,VEG,110040,OK,1991,Li et al. 2025a,1991-03-19,34.6,625,tmax_c,24.288654012308474,0,0
25,episodes,1.0,1991-04-28,0.0,200,0.0,2,25,>=,REP,110040,OK,1991,Li et al. (2025b),1991-04-21,33.7,200,tmax_c,24.288654012308474,0,0
25,episodes,1.0,1991-04-20,0.0,200,0.0,2,25,>=,FLO,110040,OK,1991,Li et al. (2025b),1991-04-13,33.7,200,tmax_c,24.288654012308474,0,0
25,episodes,1.0,1991-05-29,0.0,775,0.0,2,25,>=,FIL,110040,OK,1991,Li et al. (2025b),1991-04-29,32.7,775,tmax_c,24.288654012308474,0,0
25,days,1.0,1991-06-10,0.0,300,0.0,1,25,>,MAT,110040,OK,1991,Ortega Gómez et al. (2019),1991-05-30,10,300,precip_mm,24.288654012308474,0,0
25,episodes,1.0,1992-02-21,0.0,200,0.0,2,25,>=,EST,110040,OK,1992,Li et al. 2025a,1992-02-14,34,200,tmax_c,24.288654012308474,0,0
25,episodes,1.0,1992-04-12,0.0,625,0.0,2,25,>=,VEG,110040,OK,1992,Li et al. 2025a,1992-03-19,34.6,625,tmax_c,24.288654012308474,0,0
25,episodes,1.0,1992-04-28,0.0,200,0.0,2,25,>=,REP,110040,OK,1992,Li et al. (2025b),1992-04-21,33.7,200,tmax_c,24.288654012308474,0,0
25,episodes,1.0,1992-04-20,0.0,200,0.0,2,25,>=,FLO,110040,OK,1992,Li et al. (2025b),1992-04-13,33.7,200,tmax_c,24.288654012308474,0,0
25,episodes,1.0,1992-05-29,0.0,775,0.0,2,25,>=,FIL,110040,OK,1992,Li et al. (2025b),1992-04-29,32.7,775,tmax_c,24.288654012308474,0,0
25,days,1.0,1992-06-10,0.0,300,0.0,1,25,>,MAT,110040,OK,1992,Ortega Gómez et al. (2019),1992-05-30,10,300,precip_mm,24.288654012308474,0,0
25,episodes,1.0,2009-02-21,0.0,200,0.0,2,25,>=,EST,110043,OK,2009,Li et al. 2025a,2009-02-14,34,200,tmax_c,24.288654012308474,0,0
25,episodes,1.0,2009-04-12,0.0,625,0.0,2,25,>=,VEG,110043,OK,2009,Li et al. 2025a,2009-03-19,34.6,625,tmax_c,24.288654012308474,0,0
25,episodes,1.0,2009-04-28,0.0,200,0.0,2,25,>=,REP,110043,OK,2009,Li et al. (2025b),2009-04-21,33.7,200,tmax_c,24.288654012308474,0,0
25,episodes,1.0,2009-04-20,0.0,200,0.0,2,25,>=,FLO,110043,OK,2009,Li et al. (2025b),2009-04-13,33.7,200,tmax_c,24.288654012308474,0,0
25,episodes,1.0,2009-05-29,0.0,775,0.0,2,25,>=,FIL,110043,OK,2009,Li et al. (2025b),2009-04-29,32.7,775,tmax_c,24.288654012308474,0,0
25,days,1.0,2009-06-10,0.0,300,0.0,1,25,>,MAT,110043,OK,2009,Ortega Gómez et al. (2019),2009-05-30,10,300,precip_mm,24.288654012308474,0,0
25,episodes,1.0,2010-02-21,0.0,200,0.0,2,25,>=,EST,110043,OK,2010,Li et al. 2025a,2010-02-14,34,200,tmax_c,24.288654012308474,0,0
25,episodes,1.0,2010-04-12,0.0,625,0.0,2,25,>=,VEG,110043,OK,2010,Li et al. 2025a,2010-03-19,34.6,625,tmax_c,24.288654012308474,0,0
25,episodes,1.0,2010-04-28,0.0,200,0.0,2,25,>=,REP,110043,OK,2010,Li et al. (2025b),2010-04-21,33.7,200,tmax_c,24.288654012308474,0,0
25,episodes,1.0,2010-04-20,0.0,200,0.0,2,25,>=,FLO,110043,OK,2010,Li et al. (2025b),2010-04-13,33.7,200,tmax_c,24.288654012308474,0,0
25,episodes,1.0,2010-05-29,0.0,775,0.0,2,25,>=,FIL,110043,OK,2010,Li et al. (2025b),2010-04-29,32.7,775,tmax_c,24.288654012308474,0,0
25,days,1.0,2010-06-10,0.0,300,0.0,1,25,>,MAT,110043,OK,2010,Ortega Gómez et al. (2019),2010-05-30,10,300,precip_mm,24.288654012308474,0,0
25,episodes,1.0,2011-02-21,0.0,200,0.0,2,25,>=,EST,110043,OK,2011,Li et al. 2025a,2011-02-14,34,200,tmax_c,24.288654012308474,0,0
25,episodes,1.0,2011-04-12,0.0,625,0.0,2,25,>=,VEG,110043,OK,2011,Li et al. 2025a,2011-03-19,34.6,625,tmax_c,24.288654012308474,0,0
25,episodes,1.0,2011-04-28,0.0,200,0.0,2,25,>=,REP,110043,OK,2011,Li et al. (2025b),2011-04-21,33.7,200,tmax_c,24.288654012308474,0,0
25,episodes,1.0,2011-04-20,0.0,200,0.0,2,25,>=,FLO,110043,OK,2011,Li et al. (2025b),2011-04-13,33.7,200,tmax_c,24.288654012308474,0,0
25,episodes,1.0,2011-05-29,0.0,775,0.0,2,25,>=,FIL,110043,OK,2011,Li et al. (2025b),2011-04-29,32.7,775,tmax_c,24.288654012308474,0,0
25,days,1.0,2011-06-10,0.0,300,0.0,1,25,>,MAT,110043,OK,2011,Ortega Gómez et al. (2019),2011-05-30,10,300,precip_mm,24.288654012308474,0,0
25,episodes,1.0,2012-02-21,0.0,200,0.0,2,25,>=,EST,110043,OK,2012,Li et al. 2025a,2012-02-14,34,200,tmax_c,24.288654012308474,0,0
25,episodes,1.0,2012-04-12,0.0,625,0.0,2,25,>=,VEG,110043,OK,2012,Li et al. 2025a,2012-03-19,34.6,625,tmax_c,24.288654012308474,0,0
25,episodes,1.0,2012-04-28,0.0,200,0.0,2,25,>=,REP,110043,OK,2012,Li et al. (2025b),2012-04-21,33.7,200,tmax_c,24.288654012308474,0,0
25,episodes,1.0,2012-04-20,0.0,200,0.0,2,25,>=,FLO,110043,OK,2012,Li et al. (2025b),2012-04-13,33.7,200,tmax_c,24.288654012308474,0,0
25,episodes,1.0,2012-05-29,0.0,775,0.0,2,25,>=,FIL,110043,OK,2012,Li et al. (2025b),2012-04-29,32.7,775,tmax_c,24.288654012308474,0,0
25,days,1.0,2012-06-10,0.0,300,0.0,1,25,>,MAT,110043,OK,2012,Ortega Gómez et al. (2019),2012-05-30,10,300,precip_mm,24.288654012308474,0,0
25,episodes,1.0,1993-02-21,0.0,200,0.0,2,25,>=,EST,110039,OK,1993,Li et al. 2025a,1993-02-14,34,200,tmax_c,24.288654012308474,0,0
25,episodes,1.0,1993-04-12,0.0,625,0.0,2,25,>=,VEG,110039,OK,1993,Li et al. 2025a,1993-03-19,34.6,625,tmax_c,24.288654012308474,0,0
25,episodes,1.0,1993-04-28,0.0,200,0.0,2,25,>=,REP,110039,OK,1993,Li et al. (2025b),1993-04-21,33.7,200,tmax_c,24.288654012308474,0,0
25,episodes,1.0,1993-04-20,0.0,200,0.0,2,25,>=,FLO,110039,OK,1993,Li et al. (2025b),1993-04-13,33.7,200,tmax_c,24.288654012308474,0,0
25,episodes,1.0,1993-05-29,0.0,775,0.0,2,25,>=,FIL,110039,OK,1993,Li et al. (2025b),1993-04-29,32.7,775,tmax_c,24.288654012308474,0,0
25,days,1.0,1993-06-10,0.11991472403493623,300,0.11991472403493623,1,25,>,MAT,110039,OK,1993,Ortega Gómez et al. (2019),1993-05-30,10,300,precip_mm,24.288654012308474,2.912567243066017,2.912567243066017
25,episodes,1.0,1994-02-21,0.0,200,0.0,2,25,>=,EST,110039,OK,1994,Li et al. 2025a,1994-02-14,34,200,tmax_c,24.288654012308474,0,0
25,episodes,1.0,1994-04-12,0.0,625,0.0,2,25,>=,VEG,110039,OK,1994,Li et al. 2025a,1994-03-19,34.6,625,tmax_c,24.288654012308474,0,0
25,episodes,1.0,1994-04-28,0.0,200,0.0,2,25,>=,REP,110039,OK,1994,Li et al. (2025b),1994-04-21,33.7,200,tmax_c,24.288654012308474,0,0
25,episodes,1.0,1994-04-20,0.0,200,0.0,2,25,>=,FLO,110039,OK,1994,Li et al. (2025b),1994-04-13,33.7,200,tmax_c,24.288654012308474,0,0
25,episodes,1.0,1994-05-29,0.0,775,0.0,2,25,>=,FIL,110039,OK,1994,Li et al. (2025b),1994-04-29,32.7,775,tmax_c,24.288654012308474,0,0
25,days,1.0,1994-06-10,0.0,300,0.0,1,25,>,MAT,110039,OK,1994,Ortega Gómez et al. (2019),1994-05-30,10,300,precip_mm,24.288654012308474,0,0
25,episodes,1.0,1995-02-21,0.0,200,0.0,2,25,>=,EST,110039,OK,1995,Li et al. 2025a,1995-02-14,34,200,tmax_c,24.288654012308474,0,0
25,episodes,1.0,1995-04-12,0.0,625,0.0,2,25,>=,VEG,110039,OK,1995,Li et al. 2025a,1995-03-19,34.6,625,tmax_c,24.288654012308474,0,0
25,episodes,1.0,1995-04-28,0.0,200,0.0,2,25,>=,REP,110039,OK,1995,Li et al. (2025b),1995-04-21,33.7,200,tmax_c,24.288654012308474,0,0
25,episodes,1.0,1995-04-20,0.0,200,0.0,2,25,>=,FLO,110039,OK,1995,Li et al. (2025b),1995-04-13,33.7,200,tmax_c,24.288654012308474,0,0
25,episodes,1.0,1995-05-29,0.0,775,0.0,2,25,>=,FIL,110039,OK,1995,Li et al. (2025b),1995-04-29,32.7,775,tmax_c,24.288654012308474,0,0
25,days,1.0,1995-06-10,0.0,300,0.0,1,25,>,MAT,110039,OK,1995,Ortega Gómez et al. (2019),1995-05-30,10,300,precip_mm,24.288654012308474,0,0
25,episodes,1.0,1996-02-21,0.0,200,0.0,2,25,>=,EST,110039,OK,1996,Li et al. 2025a,1996-02-14,34,200,tmax_c,24.288654012308474,0,0
25,episodes,1.0,1996-04-12,0.0,625,0.0,2,25,>=,VEG,110039,OK,1996,Li et al. 2025a,1996-03-19,34.6,625,tmax_c,24.288654012308474,0,0
25,episodes,1.0,1996-04-28,0.0,200,0.0,2,25,>=,REP,110039,OK,1996,Li et al. (2025b),1996-04-21,33.7,200,tmax_c,24.288654012308474,0,0
25,episodes,1.0,1996-04-20,0.0,200,0.0,2,25,>=,FLO,110039,OK,1996,Li et al. (2025b),1996-04-13,33.7,200,tmax_c,24.288654012308474,0,0
25,episodes,1.0,1996-05-29,0.0,775,0.0,2,25,>=,FIL,110039,OK,1996,Li et al. (2025b),1996-04-29,32.7,775,tmax_c,24.288654012308474,0,0
25,days,1.0,1996-06-10,0.0,300,0.0,1,25,>,MAT,110039,OK,1996,Ortega Gómez et al. (2019),1996-05-30,10,300,precip_mm,24.288654012308474,0,0
25,episodes,1.0,1985-02-21,0.0,200,0.0,2,25,>=,EST,110039,OK,1985,Li et al. 2025a,1985-02-14,34,200,tmax_c,24.288654012308474,0,0
25,episodes,1.0,1985-04-12,0.0,625,0.0,2,25,>=,VEG,110039,OK,1985,Li et al. 2025a,1985-03-19,34.6,625,tmax_c,24.288654012308474,0,0
25,episodes,1.0,1985-04-28,0.0,200,0.0,2,25,>=,REP,110039,OK,1985,Li et al. (2025b),1985-04-21,33.7,200,tmax_c,24.288654012308474,0,0
25,episodes,1.0,1985-04-20,0.0,200,0.0,2,25,>=,FLO,110039,OK,1985,Li et al. (2025b),1985-04-13,33.7,200,tmax_c,24.288654012308474,0,0
25,episodes,1.0,1985-05-29,0.0,775,0.0,2,25,>=,FIL,110039,OK,1985,Li et al. (2025b),1985-04-29,32.7,775,tmax_c,24.288654012308474,0,0
25,days,1.0,1985-06-10,0.0,300,0.0,1,25,>,MAT,110039,OK,1985,Ortega Gómez et al. (2019),1985-05-30,10,300,precip_mm,24.288654012308474,0,0
25,episodes,1.0,1986-02-21,0.0,200,0.0,2,25,>=,EST,110039,OK,1986,Li et al. 2025a,1986-02-14,34,200,tmax_c,24.288654012308474,0,0
25,episodes,1.0,1986-04-12,0.0,625,0.0,2,25,>=,VEG,110039,OK,1986,Li et al. 2025a,1986-03-19,34.6,625,tmax_c,24.288654012308474,0,0
25,episodes,1.0,1986-04-28,0.0,200,0.0,2,25,>=,REP,110039,OK,1986,Li et al. (2025b),1986-04-21,33.7,200,tmax_c,24.288654012308474,0,0
25,episodes,1.0,1986-04-20,0.0,200,0.0,2,25,>=,FLO,110039,OK,1986,Li et al. (2025b),1986-04-13,33.7,200,tmax_c,24.288654012308474,0,0
25,episodes,1.0,1986-05-29,0.0,775,0.0,2,25,>=,FIL,110039,OK,1986,Li et al. (2025b),1986-04-29,32.7,775,tmax_c,24.288654012308474,0,0
25,days,1.0,1986-06-10,0.9600341591145285,300,0.9600341591145285,1,25,>,MAT,110039,OK,1986,Ortega Gómez et al. (2019),1986-05-30,10,300,precip_mm,24.288654012308474,23.317937530730283,23.317937530730283
25,episodes,1.0,1987-02-21,0.0,200,0.0,2,25,>=,EST,110039,OK,1987,Li et al. 2025a,1987-02-14,34,200,tmax_c,24.288654012308474,0,0
25,episodes,1.0,1987-04-12,0.0,625,0.0,2,25,>=,VEG,110039,OK,1987,Li et al. 2025a,1987-03-19,34.6,625,tmax_c,24.288654012308474,0,0
25,episodes,1.0,1987-04-28,0.0,200,0.0,2,25,>=,REP,110039,OK,1987,Li et al. (2025b),1987-04-21,33.7,200,tmax_c,24.288654012308474,0,0
25,episodes,1.0,1987-04-20,0.0,200,0.0,2,25,>=,FLO,110039,OK,1987,Li et al. (2025b),1987-04-13,33.7,200,tmax_c,24.288654012308474,0,0
25,episodes,1.0,1987-05-29,0.0,775,0.0,2,25,>=,FIL,110039,OK,1987,Li et al. (2025b),1987-04-29,32.7,775,tmax_c,24.288654012308474,0,0
25,days,1.0,1987-06-10,0.0,300,0.0,1,25,>,MAT,110039,OK,1987,Ortega Gómez et al. (2019),1987-05-30,10,300,precip_mm,24.288654012308474,0,0
25,episodes,1.0,1988-02-21,0.0,200,0.0,2,25,>=,EST,110039,OK,1988,Li et al. 2025a,1988-02-14,34,200,tmax_c,24.288654012308474,0,0
25,episodes,1.0,1988-04-12,0.0,625,0.0,2,25,>=,VEG,110039,OK,1988,Li et al. 2025a,1988-03-19,34.6,625,tmax_c,24.288654012308474,0,0
25,episodes,1.0,1988-04-28,0.0,200,0.0,2,25,>=,REP,110039,OK,1988,Li et al. (2025b),1988-04-21,33.7,200,tmax_c,24.288654012308474,0,0
25,episodes,1.0,1988-04-20,0.0,200,0.0,2,25,>=,FLO,110039,OK,1988,Li et al. (2025b),1988-04-13,33.7,200,tmax_c,24.288654012308474,0,0
25,episodes,1.0,1988-05-29,0.0,775,0.0,2,25,>=,FIL,110039,OK,1988,Li et al. (2025b),1988-04-29,32.7,775,tmax_c,24.288654012308474,0,0
25,days,1.0,1988-06-10,0.0,300,0.0,1,25,>,MAT,110039,OK,1988,Ortega Gómez et al. (2019),1988-05-30,10,300,precip_mm,24.288654012308474,0,0
25,episodes,1.0,2001-02-21,0.0,200,0.0,2,25,>=,EST,110039,OK,2001,Li et al. 2025a,2001-02-14,34,200,tmax_c,24.288654012308474,0,0
25,episodes,1.0,2001-04-12,0.0,625,0.0,2,25,>=,VEG,110039,OK,2001,Li et al. 2025a,2001-03-19,34.6,625,tmax_c,24.288654012308474,0,0
25,episodes,1.0,2001-04-28,0.0,200,0.0,2,25,>=,REP,110039,OK,2001,Li et al. (2025b),2001-04-21,33.7,200,tmax_c,24.288654012308474,0,0
25,episodes,1.0,2001-04-20,0.0,200,0.0,2,25,>=,FLO,110039,OK,2001,Li et al. (2025b),2001-04-13,33.7,200,tmax_c,24.288654012308474,0,0
25,episodes,1.0,2001-05-29,0.0,775,0.0,2,25,>=,FIL,110039,OK,2001,Li et al. (2025b),2001-04-29,32.7,775,tmax_c,24.288654012308474,0,0
25,days,1.0,2001-06-10,0.0,300,0.0,1,25,>,MAT,110039,OK,2001,Ortega Gómez et al. (2019),2001-05-30,10,300,precip_mm,24.288654012308474,0,0
25,episodes,1.0,2002-02-21,0.0,200,0.0,2,25,>=,EST,110039,OK,2002,Li et al. 2025a,2002-02-14,34,200,tmax_c,24.288654012308474,0,0
25,episodes,1.0,2002-04-12,0.0,625,0.0,2,25,>=,VEG,110039,OK,2002,Li et al. 2025a,2002-03-19,34.6,625,tmax_c,24.288654012308474,0,0
25,episodes,1.0,2002-04-28,0.0,200,0.0,2,25,>=,REP,110039,OK,2002,Li et al. (2025b),2002-04-21,33.7,200,tmax_c,24.288654012308474,0,0
25,episodes,1.0,2002-04-20,0.0,200,0.0,2,25,>=,FLO,110039,OK,2002,Li et al. (2025b),2002-04-13,33.7,200,tmax_c,24.288654012308474,0,0
25,episodes,1.0,2002-05-29,0.0,775,0.0,2,25,>=,FIL,110039,OK,2002,Li et al. (2025b),2002-04-29,32.7,775,tmax_c,24.288654012308474,0,0
25,days,1.0,2002-06-10,0.0,300,0.0,1,25,>,MAT,110039,OK,2002,Ortega Gómez et al. (2019),2002-05-30,10,300,precip_mm,24.288654012308474,0,0
25,episodes,1.0,2003-02-21,0.0,200,0.0,2,25,>=,EST,110039,OK,2003,Li et al. 2025a,2003-02-14,34,200,tmax_c,24.288654012308474,0,0
25,episodes,1.0,2003-04-12,0.0,625,0.0,2,25,>=,VEG,110039,OK,2003,Li et al. 2025a,2003-03-19,34.6,625,tmax_c,24.288654012308474,0,0
25,episodes,1.0,2003-04-28,0.0,200,0.0,2,25,>=,REP,110039,OK,2003,Li et al. (2025b),2003-04-21,33.7,200,tmax_c,24.288654012308474,0,0
25,episodes,1.0,2003-04-20,0.0,200,0.0,2,25,>=,FLO,110039,OK,2003,Li et al. (2025b),2003-04-13,33.7,200,tmax_c,24.288654012308474,0,0
25,episodes,1.0,2003-05-29,0.20003403731917346,775,0.20003403731917346,2,25,>=,FIL,110039,OK,2003,Li et al. (2025b),2003-04-29,32.7,775,tmax_c,24.288654012308474,4.858557523130606,4.858557523130606
25,days,1.0,2003-06-10,0.2398294480698725,300,0.2398294480698725,1,25,>,MAT,110039,OK,2003,Ortega Gómez et al. (2019),2003-05-30,10,300,precip_mm,24.288654012308474,5.825134486132035,5.825134486132035
25,episodes,1.0,2004-02-21,0.0,200,0.0,2,25,>=,EST,110039,OK,2004,Li et al. 2025a,2004-02-14,34,200,tmax_c,24.288654012308474,0,0
25,episodes,1.0,2004-04-12,0.0,625,0.0,2,25,>=,VEG,110039,OK,2004,Li et al. 2025a,2004-03-19,34.6,625,tmax_c,24.288654012308474,0,0
25,episodes,1.0,2004-04-28,0.0,200,0.0,2,25,>=,REP,110039,OK,2004,Li et al. (2025b),2004-04-21,33.7,200,tmax_c,24.288654012308474,0,0
25,episodes,1.0,2004-04-20,0.0,200,0.0,2,25,>=,FLO,110039,OK,2004,Li et al. (2025b),2004-04-13,33.7,200,tmax_c,24.288654012308474,0,0
25,episodes,1.0,2004-05-29,0.0,775,0.0,2,25,>=,FIL,110039,OK,2004,Li et al. (2025b),2004-04-29,32.7,775,tmax_c,24.288654012308474,0,0
25,days,1.0,2004-06-10,0.12005111685053535,300,0.12005111685053535,1,25,>,MAT,110039,OK,2004,Ortega Gómez et al. (2019),2004-05-30,10,300,precip_mm,24.288654012308474,2.9158800409738688,2.9158800409738688
25,episodes,1.0,2013-02-21,0.0,200,0.0,2,25,>=,EST,110044,OK,2013,Li et al. 2025a,2013-02-14,34,200,tmax_c,24.288654012308474,0,0
25,episodes,1.0,2013-04-12,0.0,625,0.0,2,25,>=,VEG,110044,OK,2013,Li et al. 2025a,2013-03-19,34.6,625,tmax_c,24.288654012308474,0,0
25,episodes,1.0,2013-04-28,0.0,200,0.0,2,25,>=,REP,110044,OK,2013,Li et al. (2025b),2013-04-21,33.7,200,tmax_c,24.288654012308474,0,0
25,episodes,1.0,2013-04-20,0.0,200,0.0,2,25,>=,FLO,110044,OK,2013,Li et al. (2025b),2013-04-13,33.7,200,tmax_c,24.288654012308474,0,0
25,episodes,1.0,2013-05-29,0.0,775,0.0,2,25,>=,FIL,110044,OK,2013,Li et al. (2025b),2013-04-29,32.7,775,tmax_c,24.288654012308474,0,0
25,days,1.0,2013-06-10,1.0,300,2.120050873104263,1,25,>,MAT,110044,OK,2013,Ortega Gómez et al. (2019),2013-05-30,10,300,precip_mm,24.288654012308474,51.49318214532194,24.288654012308474
25,episodes,1.0,2014-02-21,0.0,200,0.0,2,25,>=,EST,110044,OK,2014,Li et al. 2025a,2014-02-14,34,200,tmax_c,24.288654012308474,0,0
25,episodes,1.0,2014-04-12,0.0,625,0.0,2,25,>=,VEG,110044,OK,2014,Li et al. 2025a,2014-03-19,34.6,625,tmax_c,24.288654012308474,0,0
25,episodes,1.0,2014-04-28,0.0,200,0.0,2,25,>=,REP,110044,OK,2014,Li et al. (2025b),2014-04-21,33.7,200,tmax_c,24.288654012308474,0,0
25,episodes,1.0,2014-04-20,0.0,200,0.0,2,25,>=,FLO,110044,OK,2014,Li et al. (2025b),2014-04-13,33.7,200,tmax_c,24.288654012308474,0,0
25,episodes,1.0,2014-05-29,0.0,775,0.0,2,25,>=,FIL,110044,OK,2014,Li et al. (2025b),2014-04-29,32.7,775,tmax_c,24.288654012308474,0,0
25,days,1.0,2014-06-10,0.0,300,0.0,1,25,>,MAT,110044,OK,2014,Ortega Gómez et al. (2019),2014-05-30,10,300,precip_mm,24.288654012308474,0,0
25,episodes,1.0,2015-02-21,0.0,200,0.0,2,25,>=,EST,110044,OK,2015,Li et al. 2025a,2015-02-14,34,200,tmax_c,24.288654012308474,0,0
25,episodes,1.0,2015-04-12,0.0,625,0.0,2,25,>=,VEG,110044,OK,2015,Li et al. 2025a,2015-03-19,34.6,625,tmax_c,24.288654012308474,0,0
25,episodes,1.0,2015-04-28,0.0,200,0.0,2,25,>=,REP,110044,OK,2015,Li et al. (2025b),2015-04-21,33.7,200,tmax_c,24.288654012308474,0,0
25,episodes,1.0,2015-04-20,0.0,200,0.0,2,25,>=,FLO,110044,OK,2015,Li et al. (2025b),2015-04-13,33.7,200,tmax_c,24.288654012308474,0,0
25,episodes,1.0,2015-05-29,0.0,775,0.0,2,25,>=,FIL,110044,OK,2015,Li et al. (2025b),2015-04-29,32.7,775,tmax_c,24.288654012308474,0,0
25,days,1.0,2015-06-10,0.07994888314946468,300,0.07994888314946468,1,25,>,MAT,110044,OK,2015,Ortega Gómez et al. (2019),2015-05-30,10,300,precip_mm,24.288654012308474,1.9418507614878266,1.9418507614878266
25,episodes,1.0,2016-02-21,0.0,200,0.0,2,25,>=,EST,110044,OK,2016,Li et al. 2025a,2016-02-14,34,200,tmax_c,24.288654012308474,0,0
25,episodes,1.0,2016-04-12,0.0,625,0.0,2,25,>=,VEG,110044,OK,2016,Li et al. 2025a,2016-03-19,34.6,625,tmax_c,24.288654012308474,0,0
25,episodes,1.0,2016-04-28,0.0,200,0.0,2,25,>=,REP,110044,OK,2016,Li et al. (2025b),2016-04-21,33.7,200,tmax_c,24.288654012308474,0,0
25,episodes,1.0,2016-04-20,0.0,200,0.0,2,25,>=,FLO,110044,OK,2016,Li et al. (2025b),2016-04-13,33.7,200,tmax_c,24.288654012308474,0,0
25,episodes,1.0,2016-05-29,0.0,775,0.0,2,25,>=,FIL,110044,OK,2016,Li et al. (2025b),2016-04-29,32.7,775,tmax_c,24.288654012308474,0,0
25,days,1.0,2016-06-10,0.0,300,0.0,1,25,>,MAT,110044,OK,2016,Ortega Gómez et al. (2019),2016-05-30,10,300,precip_mm,24.288654012308474,0,0
25,episodes,1.0,1985-02-21,0.0,200,0.0,2,25,>=,EST,110044,OK,1985,Li et al. 2025a,1985-02-14,34,200,tmax_c,24.288654012308474,0,0
25,episodes,1.0,1985-04-12,0.0,625,0.0,2,25,>=,VEG,110044,OK,1985,Li et al. 2025a,1985-03-19,34.6,625,tmax_c,24.288654012308474,0,0
25,episodes,1.0,1985-04-28,0.0,200,0.0,2,25,>=,REP,110044,OK,1985,Li et al. (2025b),1985-04-21,33.7,200,tmax_c,24.288654012308474,0,0
25,episodes,1.0,1985-04-20,0.0,200,0.0,2,25,>=,FLO,110044,OK,1985,Li et al. (2025b),1985-04-13,33.7,200,tmax_c,24.288654012308474,0,0
25,episodes,1.0,1985-05-29,0.0,775,0.0,2,25,>=,FIL,110044,OK,1985,Li et al. (2025b),1985-04-29,32.7,775,tmax_c,24.288654012308474,0,0
25,days,1.0,1985-06-10,0.0,300,0.0,1,25,>,MAT,110044,OK,1985,Ortega Gómez et al. (2019),1985-05-30,10,300,precip_mm,24.288654012308474,0,0
25,episodes,1.0,1986-02-21,0.0,200,0.0,2,25,>=,EST,110044,OK,1986,Li et al. 2025a,1986-02-14,34,200,tmax_c,24.288654012308474,0,0
25,episodes,1.0,1986-04-12,0.0,625,0.0,2,25,>=,VEG,110044,OK,1986,Li et al. 2025a,1986-03-19,34.6,625,tmax_c,24.288654012308474,0,0
25,episodes,1.0,1986-04-28,0.0,200,0.0,2,25,>=,REP,110044,OK,1986,Li et al. (2025b),1986-04-21,33.7,200,tmax_c,24.288654012308474,0,0
25,episodes,1.0,1986-04-20,0.0,200,0.0,2,25,>=,FLO,110044,OK,1986,Li et al. (2025b),1986-04-13,33.7,200,tmax_c,24.288654012308474,0,0
25,episodes,1.0,1986-05-29,0.0,775,0.0,2,25,>=,FIL,110044,OK,1986,Li et al. (2025b),1986-04-29,32.7,775,tmax_c,24.288654012308474,0,0
25,days,1.0,1986-06-10,0.28020373626700745,300,0.28020373626700745,1,25,>,MAT,110044,OK,1986,Ortega Gómez et al. (2019),1986-05-30,10,300,precip_mm,24.288654012308474,6.805771603145476,6.805771603145476
25,episodes,1.0,1987-02-21,0.0,200,0.0,2,25,>=,EST,110044,OK,1987,Li et al. 2025a,1987-02-14,34,200,tmax_c,24.288654012308474,0,0
25,episodes,1.0,1987-04-12,0.0,625,0.0,2,25,>=,VEG,110044,OK,1987,Li et al. 2025a,1987-03-19,34.6,625,tmax_c,24.288654012308474,0,0
25,episodes,1.0,1987-04-28,0.0,200,0.0,2,25,>=,REP,110044,OK,1987,Li et al. (2025b),1987-04-21,33.7,200,tmax_c,24.288654012308474,0,0
25,episodes,1.0,1987-04-20,0.0,200,0.0,2,25,>=,FLO,110044,OK,1987,Li et al. (2025b),1987-04-13,33.7,200,tmax_c,24.288654012308474,0,0
25,episodes,1.0,1987-05-29,0.0,775,0.0,2,25,>=,FIL,110044,OK,1987,Li et al. (2025b),1987-04-29,32.7,775,tmax_c,24.288654012308474,0,0
25,days,1.0,1987-06-10,0.0,300,0.0,1,25,>,MAT,110044,OK,1987,Ortega Gómez et al. (2019),1987-05-30,10,300,precip_mm,24.288654012308474,0,0
25,episodes,1.0,1988-02-21,0.0,200,0.0,2,25,>=,EST,110044,OK,1988,Li et al. 2025a,1988-02-14,34,200,tmax_c,24.288654012308474,0,0
25,episodes,1.0,1988-04-12,0.0,625,0.0,2,25,>=,VEG,110044,OK,1988,Li et al. 2025a,1988-03-19,34.6,625,tmax_c,24.288654012308474,0,0
25,episodes,1.0,1988-04-28,0.0,200,0.0,2,25,>=,REP,110044,OK,1988,Li et al. (2025b),1988-04-21,33.7,200,tmax_c,24.288654012308474,0,0
25,episodes,1.0,1988-04-20,0.0,200,0.0,2,25,>=,FLO,110044,OK,1988,Li et al. (2025b),1988-04-13,33.7,200,tmax_c,24.288654012308474,0,0
25,episodes,1.0,1988-05-29,0.0,775,0.0,2,25,>=,FIL,110044,OK,1988,Li et al. (2025b),1988-04-29,32.7,775,tmax_c,24.288654012308474,0,0
25,days,1.0,1988-06-10,0.0,300,0.0,1,25,>,MAT,110044,OK,1988,Ortega Gómez et al. (2019),1988-05-30,10,300,precip_mm,24.288654012308474,0,0
25,episodes,1.0,2013-02-21,0.0,200,0.0,2,25,>=,EST,110039,OK,2013,Li et al. 2025a,2013-02-14,34,200,tmax_c,24.288654012308474,0,0
25,episodes,1.0,2013-04-12,0.0,625,0.0,2,25,>=,VEG,110039,OK,2013,Li et al. 2025a,2013-03-19,34.6,625,tmax_c,24.288654012308474,0,0
25,episodes,1.0,2013-04-28,0.0,200,0.0,2,25,>=,REP,110039,OK,2013,Li et al. (2025b),2013-04-21,33.7,200,tmax_c,24.288654012308474,0,0
25,episodes,1.0,2013-04-20,0.0,200,0.0,2,25,>=,FLO,110039,OK,2013,Li et al. (2025b),2013-04-13,33.7,200,tmax_c,24.288654012308474,0,0
25,episodes,1.0,2013-05-29,0.0,775,0.0,2,25,>=,FIL,110039,OK,2013,Li et al. (2025b),2013-04-29,32.7,775,tmax_c,24.288654012308474,0,0
25,days,1.0,2013-06-10,0.44003391542013487,300,0.7601022336491918,1,25,>,MAT,110039,OK,2013,Ortega Gómez et al. (2019),2013-05-30,10,300,precip_mm,24.288654012308474,18.461860167088076,10.687831525321066
25,episodes,1.0,2014-02-21,0.0,200,0.0,2,25,>=,EST,110039,OK,2014,Li et al. 2025a,2014-02-14,34,200,tmax_c,24.288654012308474,0,0
25,episodes,1.0,2014-04-12,0.0,625,0.0,2,25,>=,VEG,110039,OK,2014,Li et al. 2025a,2014-03-19,34.6,625,tmax_c,24.288654012308474,0,0
25,episodes,1.0,2014-04-28,0.0,200,0.0,2,25,>=,REP,110039,OK,2014,Li et al. (2025b),2014-04-21,33.7,200,tmax_c,24.288654012308474,0,0
25,episodes,1.0,2014-04-20,0.0,200,0.0,2,25,>=,FLO,110039,OK,2014,Li et al. (2025b),2014-04-13,33.7,200,tmax_c,24.288654012308474,0,0
25,episodes,1.0,2014-05-29,0.0,775,0.0,2,25,>=,FIL,110039,OK,2014,Li et al. (2025b),2014-04-29,32.7,775,tmax_c,24.288654012308474,0,0
25,days,1.0,2014-06-10,0.0,300,0.0,1,25,>,MAT,110039,OK,2014,Ortega Gómez et al. (2019),2014-05-30,10,300,precip_mm,24.288654012308474,0,0
25,episodes,1.0,2015-02-21,0.0,200,0.0,2,25,>=,EST,110039,OK,2015,Li et al. 2025a,2015-02-14,34,200,tmax_c,24.288654012308474,0,0
25,episodes,1.0,2015-04-12,0.0,625,0.0,2,25,>=,VEG,110039,OK,2015,Li et al. 2025a,2015-03-19,34.6,625,tmax_c,24.288654012308474,0,0
25,episodes,1.0,2015-04-28,0.0,200,0.0,2,25,>=,REP,110039,OK,2015,Li et al. (2025b),2015-04-21,33.7,200,tmax_c,24.288654012308474,0,0
25,episodes,1.0,2015-04-20,0.0,200,0.0,2,25,>=,FLO,110039,OK,2015,Li et al. (2025b),2015-04-13,33.7,200,tmax_c,24.288654012308474,0,0
25,episodes,1.0,2015-05-29,0.0,775,0.0,2,25,>=,FIL,110039,OK,2015,Li et al. (2025b),2015-04-29,32.7,775,tmax_c,24.288654012308474,0,0
25,days,1.0,2015-06-10,0.0,300,0.0,1,25,>,MAT,110039,OK,2015,Ortega Gómez et al. (2019),2015-05-30,10,300,precip_mm,24.288654012308474,0,0
25,episodes,1.0,2016-02-21,0.0,200,0.0,2,25,>=,EST,110039,OK,2016,Li et al. 2025a,2016-02-14,34,200,tmax_c,24.288654012308474,0,0
25,episodes,1.0,2016-04-12,0.0,625,0.0,2,25,>=,VEG,110039,OK,2016,Li et al. 2025a,2016-03-19,34.6,625,tmax_c,24.288654012308474,0,0
25,episodes,1.0,2016-04-28,0.0,200,0.0,2,25,>=,REP,110039,OK,2016,Li et al. (2025b),2016-04-21,33.7,200,tmax_c,24.288654012308474,0,0
25,episodes,1.0,2016-04-20,0.0,200,0.0,2,25,>=,FLO,110039,OK,2016,Li et al. (2025b),2016-04-13,33.7,200,tmax_c,24.288654012308474,0,0
25,episodes,1.0,2016-05-29,0.0,775,0.0,2,25,>=,FIL,110039,OK,2016,Li et al. (2025b),2016-04-29,32.7,775,tmax_c,24.288654012308474,0,0
25,days,1.0,2016-06-10,0.0,300,0.0,1,25,>,MAT,110039,OK,2016,Ortega Gómez et al. (2019),2016-05-30,10,300,precip_mm,24.288654012308474,0,0
25,episodes,1.0,2001-06-03,0.0,125,0.0,2,25,>=,EST,109725,OK,2001,Li et al. 2025a,2001-05-30,34,125,tmax_c,24.288654012308474,0,0
25,episodes,1.0,2001-07-04,0.0,400,0.0,2,25,>=,VEG,109725,OK,2001,Li et al. 2025a,2001-06-19,34.6,400,tmax_c,24.288654012308474,0,0
25,episodes,1.0,2001-07-13,0.0,125,0.0,2,25,>=,REP,109725,OK,2001,Li et al. (2025b),2001-07-09,33.7,125,tmax_c,24.288654012308474,0,0
25,episodes,1.0,2001-07-08,0.0,100,0.0,2,25,>=,FLO,109725,OK,2001,Li et al. (2025b),2001-07-05,33.7,100,tmax_c,24.288654012308474,0,0
25,episodes,1.0,2001-08-02,0.0,500,0.0,2,25,>=,FIL,109725,OK,2001,Li et al. (2025b),2001-07-14,32.7,500,tmax_c,24.288654012308474,0,0
25,days,1.0,2001-08-09,0.0,175,0.0,1,25,>,MAT,109725,OK,2001,Ortega Gómez et al. (2019),2001-08-03,10,175,precip_mm,24.288654012308474,0,0
25,episodes,1.0,2002-06-03,0.0,125,0.0,2,25,>=,EST,109725,OK,2002,Li et al. 2025a,2002-05-30,34,125,tmax_c,24.288654012308474,0,0
25,episodes,1.0,2002-07-04,0.0,400,0.0,2,25,>=,VEG,109725,OK,2002,Li et al. 2025a,2002-06-19,34.6,400,tmax_c,24.288654012308474,0,0
25,episodes,1.0,2002-07-13,0.0,125,0.0,2,25,>=,REP,109725,OK,2002,Li et al. (2025b),2002-07-09,33.7,125,tmax_c,24.288654012308474,0,0
25,episodes,1.0,2002-07-08,0.0,100,0.0,2,25,>=,FLO,109725,OK,2002,Li et al. (2025b),2002-07-05,33.7,100,tmax_c,24.288654012308474,0,0
25,episodes,1.0,2002-08-02,0.0,500,0.0,2,25,>=,FIL,109725,OK,2002,Li et al. (2025b),2002-07-14,32.7,500,tmax_c,24.288654012308474,0,0
25,days,1.0,2002-08-09,0.0,175,0.0,1,25,>,MAT,109725,OK,2002,Ortega Gómez et al. (2019),2002-08-03,10,175,precip_mm,24.288654012308474,0,0
25,episodes,1.0,2003-06-03,0.0,125,0.0,2,25,>=,EST,109725,OK,2003,Li et al. 2025a,2003-05-30,34,125,tmax_c,24.288654012308474,0,0
25,episodes,1.0,2003-07-04,0.0,400,0.0,2,25,>=,VEG,109725,OK,2003,Li et al. 2025a,2003-06-19,34.6,400,tmax_c,24.288654012308474,0,0
25,episodes,1.0,2003-07-13,0.0,125,0.0,2,25,>=,REP,109725,OK,2003,Li et al. (2025b),2003-07-09,33.7,125,tmax_c,24.288654012308474,0,0
25,episodes,1.0,2003-07-08,0.0,100,0.0,2,25,>=,FLO,109725,OK,2003,Li et al. (2025b),2003-07-05,33.7,100,tmax_c,24.288654012308474,0,0
25,episodes,1.0,2003-08-02,0.0,500,0.0,2,25,>=,FIL,109725,OK,2003,Li et al. (2025b),2003-07-14,32.7,500,tmax_c,24.288654012308474,0,0
25,days,1.0,2003-08-09,0.0,175,0.0,1,25,>,MAT,109725,OK,2003,Ortega Gómez et al. (2019),2003-08-03,10,175,precip_mm,24.288654012308474,0,0
25,episodes,1.0,2004-06-03,0.0,125,0.0,2,25,>=,EST,109725,OK,2004,Li et al. 2025a,2004-05-30,34,125,tmax_c,24.288654012308474,0,0
25,episodes,1.0,2004-07-04,0.0,400,0.0,2,25,>=,VEG,109725,OK,2004,Li et al. 2025a,2004-06-19,34.6,400,tmax_c,24.288654012308474,0,0
25,episodes,1.0,2004-07-13,0.0,125,0.0,2,25,>=,REP,109725,OK,2004,Li et al. (2025b),2004-07-09,33.7,125,tmax_c,24.288654012308474,0,0
25,episodes,1.0,2004-07-08,0.0,100,0.0,2,25,>=,FLO,109725,OK,2004,Li et al. (2025b),2004-07-05,33.7,100,tmax_c,24.288654012308474,0,0
25,episodes,1.0,2004-08-02,0.0,500,0.0,2,25,>=,FIL,109725,OK,2004,Li et al. (2025b),2004-07-14,32.7,500,tmax_c,24.288654012308474,0,0
25,days,1.0,2004-08-09,0.0,175,0.0,1,25,>,MAT,109725,OK,2004,Ortega Gómez et al. (2019),2004-08-03,10,175,precip_mm,24.288654012308474,0,0
25,episodes,1.0,1989-06-03,0.0,125,0.0,2,25,>=,EST,109724,OK,1989,Li et al. 2025a,1989-05-30,34,125,tmax_c,24.288654012308474,0,0
25,episodes,1.0,1989-07-04,0.0,400,0.0,2,25,>=,VEG,109724,OK,1989,Li et al. 2025a,1989-06-19,34.6,400,tmax_c,24.288654012308474,0,0
25,episodes,1.0,1989-07-13,0.0,125,0.0,2,25,>=,REP,109724,OK,1989,Li et al. (2025b),1989-07-09,33.7,125,tmax_c,24.288654012308474,0,0
25,episodes,1.0,1989-07-08,0.0,100,0.0,2,25,>=,FLO,109724,OK,1989,Li et al. (2025b),1989-07-05,33.7,100,tmax_c,24.288654012308474,0,0
25,episodes,1.0,1989-08-02,0.0,500,0.0,2,25,>=,FIL,109724,OK,1989,Li et al. (2025b),1989-07-14,32.7,500,tmax_c,24.288654012308474,0,0
25,days,1.0,1989-08-09,0.0,175,0.0,1,25,>,MAT,109724,OK,1989,Ortega Gómez et al. (2019),1989-08-03,10,175,precip_mm,24.288654012308474,0,0
25,episodes,1.0,1990-06-03,0.0,125,0.0,2,25,>=,EST,109724,OK,1990,Li et al. 2025a,1990-05-30,34,125,tmax_c,24.288654012308474,0,0
25,episodes,1.0,1990-07-04,0.0,400,0.0,2,25,>=,VEG,109724,OK,1990,Li et al. 2025a,1990-06-19,34.6,400,tmax_c,24.288654012308474,0,0
25,episodes,1.0,1990-07-13,0.0,125,0.0,2,25,>=,REP,109724,OK,1990,Li et al. (2025b),1990-07-09,33.7,125,tmax_c,24.288654012308474,0,0
25,episodes,1.0,1990-07-08,0.0,100,0.0,2,25,>=,FLO,109724,OK,1990,Li et al. (2025b),1990-07-05,33.7,100,tmax_c,24.288654012308474,0,0
25,episodes,1.0,1990-08-02,0.0,500,0.0,2,25,>=,FIL,109724,OK,1990,Li et al. (2025b),1990-07-14,32.7,500,tmax_c,24.288654012308474,0,0
25,days,1.0,1990-08-09,0.0,175,0.0,1,25,>,MAT,109724,OK,1990,Ortega Gómez et al. (2019),1990-08-03,10,175,precip_mm,24.288654012308474,0,0
25,episodes,1.0,1991-06-03,0.0,125,0.0,2,25,>=,EST,109724,OK,1991,Li et al. 2025a,1991-05-30,34,125,tmax_c,24.288654012308474,0,0
25,episodes,1.0,1991-07-04,0.0,400,0.0,2,25,>=,VEG,109724,OK,1991,Li et al. 2025a,1991-06-19,34.6,400,tmax_c,24.288654012308474,0,0
25,episodes,1.0,1991-07-13,0.0,125,0.0,2,25,>=,REP,109724,OK,1991,Li et al. (2025b),1991-07-09,33.7,125,tmax_c,24.288654012308474,0,0
25,episodes,1.0,1991-07-08,0.0,100,0.0,2,25,>=,FLO,109724,OK,1991,Li et al. (2025b),1991-07-05,33.7,100,tmax_c,24.288654012308474,0,0
25,episodes,1.0,1991-08-02,0.0,500,0.0,2,25,>=,FIL,109724,OK,1991,Li et al. (2025b),1991-07-14,32.7,500,tmax_c,24.288654012308474,0,0
25,days,1.0,1991-08-09,0.0,175,0.0,1,25,>,MAT,109724,OK,1991,Ortega Gómez et al. (2019),1991-08-03,10,175,precip_mm,24.288654012308474,0,0
25,episodes,1.0,1992-06-03,0.0,125,0.0,2,25,>=,EST,109724,OK,1992,Li et al. 2025a,1992-05-30,34,125,tmax_c,24.288654012308474,0,0
25,episodes,1.0,1992-07-04,0.0,400,0.0,2,25,>=,VEG,109724,OK,1992,Li et al. 2025a,1992-06-19,34.6,400,tmax_c,24.288654012308474,0,0
25,episodes,1.0,1992-07-13,0.0,125,0.0,2,25,>=,REP,109724,OK,1992,Li et al. (2025b),1992-07-09,33.7,125,tmax_c,24.288654012308474,0,0
25,episodes,1.0,1992-07-08,0.0,100,0.0,2,25,>=,FLO,109724,OK,1992,Li et al. (2025b),1992-07-05,33.7,100,tmax_c,24.288654012308474,0,0
25,episodes,1.0,1992-08-02,0.0,500,0.0,2,25,>=,FIL,109724,OK,1992,Li et al. (2025b),1992-07-14,32.7,500,tmax_c,24.288654012308474,0,0
25,days,1.0,1992-08-09,0.0,175,0.0,1,25,>,MAT,109724,OK,1992,Ortega Gómez et al. (2019),1992-08-03,10,175,precip_mm,24.288654012308474,0,0
25,episodes,1.0,1981-02-21,0.0,200,0.0,2,25,>=,EST,110046,OK,1981,Li et al. 2025a,1981-02-14,34,200,tmax_c,24.288654012308474,0,0
25,episodes,1.0,1981-04-12,0.0,625,0.0,2,25,>=,VEG,110046,OK,1981,Li et al. 2025a,1981-03-19,34.6,625,tmax_c,24.288654012308474,0,0
25,episodes,1.0,1981-04-28,0.0,200,0.0,2,25,>=,REP,110046,OK,1981,Li et al. (2025b),1981-04-21,33.7,200,tmax_c,24.288654012308474,0,0
25,episodes,1.0,1981-04-20,0.0,200,0.0,2,25,>=,FLO,110046,OK,1981,Li et al. (2025b),1981-04-13,33.7,200,tmax_c,24.288654012308474,0,0
25,episodes,1.0,1981-05-29,0.0,775,0.0,2,25,>=,FIL,110046,OK,1981,Li et al. (2025b),1981-04-29,32.7,775,tmax_c,24.288654012308474,0,0
25,days,1.0,1981-06-10,0.319795410802578,300,0.319795410802578,1,25,>,MAT,110046,OK,1981,Ortega Gómez et al. (2019),1981-05-30,10,300,precip_mm,24.288654012308474,7.767400087707873,7.767400087707873
25,episodes,1.0,1982-02-21,0.0,200,0.0,2,25,>=,EST,110046,OK,1982,Li et al. 2025a,1982-02-14,34,200,tmax_c,24.288654012308474,0,0
25,episodes,1.0,1982-04-12,0.0,625,0.0,2,25,>=,VEG,110046,OK,1982,Li et al. 2025a,1982-03-19,34.6,625,tmax_c,24.288654012308474,0,0
25,episodes,1.0,1982-04-28,0.0,200,0.0,2,25,>=,REP,110046,OK,1982,Li et al. (2025b),1982-04-21,33.7,200,tmax_c,24.288654012308474,0,0
25,episodes,1.0,1982-04-20,0.0,200,0.0,2,25,>=,FLO,110046,OK,1982,Li et al. (2025b),1982-04-13,33.7,200,tmax_c,24.288654012308474,0,0
25,episodes,1.0,1982-05-29,0.0,775,0.0,2,25,>=,FIL,110046,OK,1982,Li et al. (2025b),1982-04-29,32.7,775,tmax_c,24.288654012308474,0,0
25,days,1.0,1982-06-10,0.0,300,0.0,1,25,>,MAT,110046,OK,1982,Ortega Gómez et al. (2019),1982-05-30,10,300,precip_mm,24.288654012308474,0,0
25,episodes,1.0,1983-02-21,0.0,200,0.0,2,25,>=,EST,110046,OK,1983,Li et al. 2025a,1983-02-14,34,200,tmax_c,24.288654012308474,0,0
25,episodes,1.0,1983-04-12,0.0,625,0.0,2,25,>=,VEG,110046,OK,1983,Li et al. 2025a,1983-03-19,34.6,625,tmax_c,24.288654012308474,0,0
25,episodes,1.0,1983-04-28,0.0,200,0.0,2,25,>=,REP,110046,OK,1983,Li et al. (2025b),1983-04-21,33.7,200,tmax_c,24.288654012308474,0,0
25,episodes,1.0,1983-04-20,0.0,200,0.0,2,25,>=,FLO,110046,OK,1983,Li et al. (2025b),1983-04-13,33.7,200,tmax_c,24.288654012308474,0,0
25,episodes,1.0,1983-05-29,0.47984701504190047,775,0.7996596272230001,2,25,>=,FIL,110046,OK,1983,Li et al. (2025b),1983-04-29,32.7,775,tmax_c,24.288654012308474,19.42265601323102,11.6548381271917
25,days,1.0,1983-06-10,0.5602383828222021,300,0.5602383828222021,1,25,>,MAT,110046,OK,1983,Ortega Gómez et al. (2019),1983-05-30,10,300,precip_mm,24.288654012308474,13.60743624478369,13.60743624478369
25,episodes,1.0,1984-02-21,0.0,200,0.0,2,25,>=,EST,110046,OK,1984,Li et al. 2025a,1984-02-14,34,200,tmax_c,24.288654012308474,0,0
25,episodes,1.0,1984-04-12,0.0,625,0.0,2,25,>=,VEG,110046,OK,1984,Li et al. 2025a,1984-03-19,34.6,625,tmax_c,24.288654012308474,0,0
25,episodes,1.0,1984-04-28,0.0,200,0.0,2,25,>=,REP,110046,OK,1984,Li et al. (2025b),1984-04-21,33.7,200,tmax_c,24.288654012308474,0,0
25,episodes,1.0,1984-04-20,0.0,200,0.0,2,25,>=,FLO,110046,OK,1984,Li et al. (2025b),1984-04-13,33.7,200,tmax_c,24.288654012308474,0,0
25,episodes,1.0,1984-05-29,0.0,775,0.0,2,25,>=,FIL,110046,OK,1984,Li et al. (2025b),1984-04-29,32.7,775,tmax_c,24.288654012308474,0,0
25,days,1.0,1984-06-10,0.0,300,0.0,1,25,>,MAT,110046,OK,1984,Ortega Gómez et al. (2019),1984-05-30,10,300,precip_mm,24.288654012308474,0,0
25,episodes,1.0,1997-02-21,0.0,200,0.0,2,25,>=,EST,110044,OK,1997,Li et al. 2025a,1997-02-14,34,200,tmax_c,24.288654012308474,0,0
25,episodes,1.0,1997-04-12,0.0,625,0.0,2,25,>=,VEG,110044,OK,1997,Li et al. 2025a,1997-03-19,34.6,625,tmax_c,24.288654012308474,0,0
25,episodes,1.0,1997-04-28,0.0,200,0.0,2,25,>=,REP,110044,OK,1997,Li et al. (2025b),1997-04-21,33.7,200,tmax_c,24.288654012308474,0,0
25,episodes,1.0,1997-04-20,0.0,200,0.0,2,25,>=,FLO,110044,OK,1997,Li et al. (2025b),1997-04-13,33.7,200,tmax_c,24.288654012308474,0,0
25,episodes,1.0,1997-05-29,0.0,775,0.0,2,25,>=,FIL,110044,OK,1997,Li et al. (2025b),1997-04-29,32.7,775,tmax_c,24.288654012308474,0,0
25,days,1.0,1997-06-10,1.0,300,1.2798124903338657,1,25,>,MAT,110044,OK,1997,Ortega Gómez et al. (2019),1997-05-30,10,300,precip_mm,24.288654012308474,31.084922778350148,24.288654012308474
25,episodes,1.0,1998-02-21,0.0,200,0.0,2,25,>=,EST,110044,OK,1998,Li et al. 2025a,1998-02-14,34,200,tmax_c,24.288654012308474,0,0
25,episodes,1.0,1998-04-12,0.0,625,0.0,2,25,>=,VEG,110044,OK,1998,Li et al. 2025a,1998-03-19,34.6,625,tmax_c,24.288654012308474,0,0
25,episodes,1.0,1998-04-28,0.0,200,0.0,2,25,>=,REP,110044,OK,1998,Li et al. (2025b),1998-04-21,33.7,200,tmax_c,24.288654012308474,0,0
25,episodes,1.0,1998-04-20,0.0,200,0.0,2,25,>=,FLO,110044,OK,1998,Li et al. (2025b),1998-04-13,33.7,200,tmax_c,24.288654012308474,0,0
25,episodes,1.0,1998-05-29,0.0,775,0.0,2,25,>=,FIL,110044,OK,1998,Li et al. (2025b),1998-04-29,32.7,775,tmax_c,24.288654012308474,0,0
25,days,1.0,1998-06-10,0.0,300,0.0,1,25,>,MAT,110044,OK,1998,Ortega Gómez et al. (2019),1998-05-30,10,300,precip_mm,24.288654012308474,0,0
25,episodes,1.0,1999-02-21,0.0,200,0.0,2,25,>=,EST,110044,OK,1999,Li et al. 2025a,1999-02-14,34,200,tmax_c,24.288654012308474,0,0
25,episodes,1.0,1999-04-12,0.0,625,0.0,2,25,>=,VEG,110044,OK,1999,Li et al. 2025a,1999-03-19,34.6,625,tmax_c,24.288654012308474,0,0
25,episodes,1.0,1999-04-28,0.0,200,0.0,2,25,>=,REP,110044,OK,1999,Li et al. (2025b),1999-04-21,33.7,200,tmax_c,24.288654012308474,0,0
25,episodes,1.0,1999-04-20,0.0,200,0.0,2,25,>=,FLO,110044,OK,1999,Li et al. (2025b),1999-04-13,33.7,200,tmax_c,24.288654012308474,0,0
25,episodes,1.0,1999-05-29,0.0,775,0.0,2,25,>=,FIL,110044,OK,1999,Li et al. (2025b),1999-04-29,32.7,775,tmax_c,24.288654012308474,0,0
25,days,1.0,1999-06-10,0.0,300,0.0,1,25,>,MAT,110044,OK,1999,Ortega Gómez et al. (2019),1999-05-30,10,300,precip_mm,24.288654012308474,0,0
25,episodes,1.0,2000-02-21,0.0,200,0.0,2,25,>=,EST,110044,OK,2000,Li et al. 2025a,2000-02-14,34,200,tmax_c,24.288654012308474,0,0
25,episodes,1.0,2000-04-12,0.0,625,0.0,2,25,>=,VEG,110044,OK,2000,Li et al. 2025a,2000-03-19,34.6,625,tmax_c,24.288654012308474,0,0
25,episodes,1.0,2000-04-28,0.0,200,0.0,2,25,>=,REP,110044,OK,2000,Li et al. (2025b),2000-04-21,33.7,200,tmax_c,24.288654012308474,0,0
25,episodes,1.0,2000-04-20,0.0,200,0.0,2,25,>=,FLO,110044,OK,2000,Li et al. (2025b),2000-04-13,33.7,200,tmax_c,24.288654012308474,0,0
25,episodes,1.0,2000-05-29,0.0,775,0.0,2,25,>=,FIL,110044,OK,2000,Li et al. (2025b),2000-04-29,32.7,775,tmax_c,24.288654012308474,0,0
25,days,1.0,2000-06-10,0.0,300,0.0,1,25,>,MAT,110044,OK,2000,Ortega Gómez et al. (2019),2000-05-30,10,300,precip_mm,24.288654012308474,0,0
25,episodes,1.0,2005-02-21,0.0,200,0.0,2,25,>=,EST,110045,OK,2005,Li et al. 2025a,2005-02-14,34,200,tmax_c,24.288654012308474,0,0
25,episodes,1.0,2005-04-12,0.0,625,0.0,2,25,>=,VEG,110045,OK,2005,Li et al. 2025a,2005-03-19,34.6,625,tmax_c,24.288654012308474,0,0
25,episodes,1.0,2005-04-28,0.0,200,0.0,2,25,>=,REP,110045,OK,2005,Li et al. (2025b),2005-04-21,33.7,200,tmax_c,24.288654012308474,0,0
25,episodes,1.0,2005-04-20,0.0,200,0.0,2,25,>=,FLO,110045,OK,2005,Li et al. (2025b),2005-04-13,33.7,200,tmax_c,24.288654012308474,0,0
25,episodes,1.0,2005-05-29,0.0,775,0.0,2,25,>=,FIL,110045,OK,2005,Li et al. (2025b),2005-04-29,32.7,775,tmax_c,24.288654012308474,0,0
25,days,1.0,2005-06-10,0.0,300,0.0,1,25,>,MAT,110045,OK,2005,Ortega Gómez et al. (2019),2005-05-30,10,300,precip_mm,24.288654012308474,0,0
25,episodes,1.0,2006-02-21,0.0,200,0.0,2,25,>=,EST,110045,OK,2006,Li et al. 2025a,2006-02-14,34,200,tmax_c,24.288654012308474,0,0
25,episodes,1.0,2006-04-12,0.0,625,0.0,2,25,>=,VEG,110045,OK,2006,Li et al. 2025a,2006-03-19,34.6,625,tmax_c,24.288654012308474,0,0
25,episodes,1.0,2006-04-28,0.0,200,0.0,2,25,>=,REP,110045,OK,2006,Li et al. (2025b),2006-04-21,33.7,200,tmax_c,24.288654012308474,0,0
25,episodes,1.0,2006-04-20,0.0,200,0.0,2,25,>=,FLO,110045,OK,2006,Li et al. (2025b),2006-04-13,33.7,200,tmax_c,24.288654012308474,0,0
25,episodes,1.0,2006-05-29,0.0,775,0.0,2,25,>=,FIL,110045,OK,2006,Li et al. (2025b),2006-04-29,32.7,775,tmax_c,24.288654012308474,0,0
25,days,1.0,2006-06-10,0.0,300,0.0,1,25,>,MAT,110045,OK,2006,Ortega Gómez et al. (2019),2006-05-30,10,300,precip_mm,24.288654012308474,0,0
25,episodes,1.0,2007-02-21,0.0,200,0.0,2,25,>=,EST,110045,OK,2007,Li et al. 2025a,2007-02-14,34,200,tmax_c,24.288654012308474,0,0
25,episodes,1.0,2007-04-12,0.0,625,0.0,2,25,>=,VEG,110045,OK,2007,Li et al. 2025a,2007-03-19,34.6,625,tmax_c,24.288654012308474,0,0
25,episodes,1.0,2007-04-28,0.0,200,0.0,2,25,>=,REP,110045,OK,2007,Li et al. (2025b),2007-04-21,33.7,200,tmax_c,24.288654012308474,0,0
25,episodes,1.0,2007-04-20,0.0,200,0.0,2,25,>=,FLO,110045,OK,2007,Li et al. (2025b),2007-04-13,33.7,200,tmax_c,24.288654012308474,0,0
25,episodes,1.0,2007-05-29,0.08006783084026971,775,0.08006783084026971,2,25,>=,FIL,110045,OK,2007,Li et al. (2025b),2007-04-29,32.7,775,tmax_c,24.288654012308474,1.9447398407953531,1.9447398407953531
25,days,1.0,2007-06-10,0.0,300,0.0,1,25,>,MAT,110045,OK,2007,Ortega Gómez et al. (2019),2007-05-30,10,300,precip_mm,24.288654012308474,0,0
25,episodes,1.0,2008-02-21,0.0,200,0.0,2,25,>=,EST,110045,OK,2008,Li et al. 2025a,2008-02-14,34,200,tmax_c,24.288654012308474,0,0
25,episodes,1.0,2008-04-12,0.0,625,0.0,2,25,>=,VEG,110045,OK,2008,Li et al. 2025a,2008-03-19,34.6,625,tmax_c,24.288654012308474,0,0
25,episodes,1.0,2008-04-28,0.0,200,0.0,2,25,>=,REP,110045,OK,2008,Li et al. (2025b),2008-04-21,33.7,200,tmax_c,24.288654012308474,0,0
25,episodes,1.0,2008-04-20,0.0,200,0.0,2,25,>=,FLO,110045,OK,2008,Li et al. (2025b),2008-04-13,33.7,200,tmax_c,24.288654012308474,0,0
25,episodes,1.0,2008-05-29,0.0,775,0.0,2,25,>=,FIL,110045,OK,2008,Li et al. (2025b),2008-04-29,32.7,775,tmax_c,24.288654012308474,0,0
25,days,1.0,2008-06-10,0.0,300,0.0,1,25,>,MAT,110045,OK,2008,Ortega Gómez et al. (2019),2008-05-30,10,300,precip_mm,24.288654012308474,0,0
25,episodes,1.0,1997-12-09,0.0,225,0.0,2,25,>=,EST,109539,OK,1997,Li et al. 2025a,1997-12-01,34,225,tmax_c,24.288654012308474,0,0
25,episodes,1.0,1998-02-03,0.0,725,0.0,2,25,>=,VEG,109539,OK,1997,Li et al. 2025a,1998-01-06,34.6,725,tmax_c,24.288654012308474,0,0
25,episodes,1.0,1998-02-20,0.0,225,0.0,2,25,>=,REP,109539,OK,1997,Li et al. (2025b),1998-02-12,33.7,225,tmax_c,24.288654012308474,0,0
25,episodes,1.0,1998-02-11,0.20010211185383678,200,0.20010211185383678,2,25,>=,FLO,109539,OK,1997,Li et al. (2025b),1998-02-04,33.7,200,tmax_c,24.288654012308474,4.8602109619500915,4.8602109619500915
25,episodes,1.0,1998-03-27,0.4001021118538368,875,0.4001021118538368,2,25,>=,FIL,109539,OK,1997,Li et al. (2025b),1998-02-21,32.7,875,tmax_c,24.288654012308474,9.717941764411787,9.717941764411787
25,days,1.0,1998-04-09,1.0,325,2.879302540352508,1,25,>,MAT,109539,OK,1997,Ortega Gómez et al. (2019),1998-03-28,10,325,precip_mm,24.288654012308474,69.93438319938292,24.288654012308474
25,episodes,1.0,1998-12-09,0.0,225,0.0,2,25,>=,EST,109539,OK,1998,Li et al. 2025a,1998-12-01,34,225,tmax_c,24.288654012308474,0,0
25,episodes,1.0,1999-02-03,0.0,725,0.0,2,25,>=,VEG,109539,OK,1998,Li et al. 2025a,1999-01-06,34.6,725,tmax_c,24.288654012308474,0,0
25,episodes,1.0,1999-02-20,0.0,225,0.0,2,25,>=,REP,109539,OK,1998,Li et al. (2025b),1999-02-12,33.7,225,tmax_c,24.288654012308474,0,0
25,episodes,1.0,1999-02-11,0.0,200,0.0,2,25,>=,FLO,109539,OK,1998,Li et al. (2025b),1999-02-04,33.7,200,tmax_c,24.288654012308474,0,0
25,episodes,1.0,1999-03-27,0.0,875,0.0,2,25,>=,FIL,109539,OK,1998,Li et al. (2025b),1999-02-21,32.7,875,tmax_c,24.288654012308474,0,0
25,days,1.0,1999-04-09,0.6401360272739718,325,0.6401360272739718,1,25,>,MAT,109539,OK,1998,Ortega Gómez et al. (2019),1999-03-28,10,325,precip_mm,24.288654012308474,15.548042487271161,15.548042487271161
25,episodes,1.0,1999-12-09,0.0,225,0.0,2,25,>=,EST,109539,OK,1999,Li et al. 2025a,1999-12-01,34,225,tmax_c,24.288654012308474,0,0
25,episodes,1.0,2000-02-03,0.1600169577360069,725,0.20003403731917346,2,25,>=,VEG,109539,OK,1999,Li et al. 2025a,2000-01-06,34.6,725,tmax_c,24.288654012308474,4.858557523130606,3.8865965225520593
25,episodes,1.0,2000-02-20,0.0,225,0.0,2,25,>=,REP,109539,OK,1999,Li et al. (2025b),2000-02-12,33.7,225,tmax_c,24.288654012308474,0,0
25,episodes,1.0,2000-02-11,0.0,200,0.0,2,25,>=,FLO,109539,OK,1999,Li et al. (2025b),2000-02-04,33.7,200,tmax_c,24.288654012308474,0,0
25,episodes,1.0,2000-03-27,0.0,900,0.0,2,25,>=,FIL,109539,OK,1999,Li et al. (2025b),2000-02-21,32.7,900,tmax_c,24.288654012308474,0,0
25,days,1.0,2000-04-09,0.7998809304102308,325,0.8798126121811739,1,25,>,MAT,109539,OK,1999,Ortega Gómez et al. (2019),2000-03-28,10,325,precip_mm,24.288654012308474,21.369464132933867,19.428031169777487
25,episodes,1.0,2000-12-09,0.0,225,0.0,2,25,>=,EST,109539,OK,2000,Li et al. 2025a,2000-12-01,34,225,tmax_c,24.288654012308474,0,0
25,episodes,1.0,2001-02-03,0.0,725,0.0,2,25,>=,VEG,109539,OK,2000,Li et al. 2025a,2001-01-06,34.6,725,tmax_c,24.288654012308474,0,0
25,episodes,1.0,2001-02-20,0.0,225,0.0,2,25,>=,REP,109539,OK,2000,Li et al. (2025b),2001-02-12,33.7,225,tmax_c,24.288654012308474,0,0
25,episodes,1.0,2001-02-11,0.0,200,0.0,2,25,>=,FLO,109539,OK,2000,Li et al. (2025b),2001-02-04,33.7,200,tmax_c,24.288654012308474,0,0
25,episodes,1.0,2001-03-27,0.0,875,0.0,2,25,>=,FIL,109539,OK,2000,Li et al. (2025b),2001-02-21,32.7,875,tmax_c,24.288654012308474,0,0
25,days,1.0,2001-04-09,0.0,325,0.0,1,25,>,MAT,109539,OK,2000,Ortega Gómez et al. (2019),2001-03-28,10,325,precip_mm,24.288654012308474,0,0
25,episodes,1.0,2001-02-21,0.0,200,0.0,2,25,>=,EST,110045,OK,2001,Li et al. 2025a,2001-02-14,34,200,tmax_c,24.288654012308474,0,0
25,episodes,1.0,2001-04-12,0.0,625,0.0,2,25,>=,VEG,110045,OK,2001,Li et al. 2025a,2001-03-19,34.6,625,tmax_c,24.288654012308474,0,0
25,episodes,1.0,2001-04-28,0.0,200,0.0,2,25,>=,REP,110045,OK,2001,Li et al. (2025b),2001-04-21,33.7,200,tmax_c,24.288654012308474,0,0
25,episodes,1.0,2001-04-20,0.0,200,0.0,2,25,>=,FLO,110045,OK,2001,Li et al. (2025b),2001-04-13,33.7,200,tmax_c,24.288654012308474,0,0
25,episodes,1.0,2001-05-29,0.0,775,0.0,2,25,>=,FIL,110045,OK,2001,Li et al. (2025b),2001-04-29,32.7,775,tmax_c,24.288654012308474,0,0
25,days,1.0,2001-06-10,0.0,300,0.0,1,25,>,MAT,110045,OK,2001,Ortega Gómez et al. (2019),2001-05-30,10,300,precip_mm,24.288654012308474,0,0
25,episodes,1.0,2002-02-21,0.0,200,0.0,2,25,>=,EST,110045,OK,2002,Li et al. 2025a,2002-02-14,34,200,tmax_c,24.288654012308474,0,0
25,episodes,1.0,2002-04-12,0.0,625,0.0,2,25,>=,VEG,110045,OK,2002,Li et al. 2025a,2002-03-19,34.6,625,tmax_c,24.288654012308474,0,0
25,episodes,1.0,2002-04-28,0.0,200,0.0,2,25,>=,REP,110045,OK,2002,Li et al. (2025b),2002-04-21,33.7,200,tmax_c,24.288654012308474,0,0
25,episodes,1.0,2002-04-20,0.0,200,0.0,2,25,>=,FLO,110045,OK,2002,Li et al. (2025b),2002-04-13,33.7,200,tmax_c,24.288654012308474,0,0
25,episodes,1.0,2002-05-29,0.0,775,0.0,2,25,>=,FIL,110045,OK,2002,Li et al. (2025b),2002-04-29,32.7,775,tmax_c,24.288654012308474,0,0
25,days,1.0,2002-06-10,0.0,300,0.0,1,25,>,MAT,110045,OK,2002,Ortega Gómez et al. (2019),2002-05-30,10,300,precip_mm,24.288654012308474,0,0
25,episodes,1.0,2003-02-21,0.0,200,0.0,2,25,>=,EST,110045,OK,2003,Li et al. 2025a,2003-02-14,34,200,tmax_c,24.288654012308474,0,0
25,episodes,1.0,2003-04-12,0.0,625,0.0,2,25,>=,VEG,110045,OK,2003,Li et al. 2025a,2003-03-19,34.6,625,tmax_c,24.288654012308474,0,0
25,episodes,1.0,2003-04-28,0.0,200,0.0,2,25,>=,REP,110045,OK,2003,Li et al. (2025b),2003-04-21,33.7,200,tmax_c,24.288654012308474,0,0
25,episodes,1.0,2003-04-20,0.0,200,0.0,2,25,>=,FLO,110045,OK,2003,Li et al. (2025b),2003-04-13,33.7,200,tmax_c,24.288654012308474,0,0
25,episodes,1.0,2003-05-29,0.0,775,0.0,2,25,>=,FIL,110045,OK,2003,Li et al. (2025b),2003-04-29,32.7,775,tmax_c,24.288654012308474,0,0
25,days,1.0,2003-06-10,0.0,300,0.0,1,25,>,MAT,110045,OK,2003,Ortega Gómez et al. (2019),2003-05-30,10,300,precip_mm,24.288654012308474,0,0
25,episodes,1.0,2004-02-21,0.0,200,0.0,2,25,>=,EST,110045,OK,2004,Li et al. 2025a,2004-02-14,34,200,tmax_c,24.288654012308474,0,0
25,episodes,1.0,2004-04-12,0.0,625,0.0,2,25,>=,VEG,110045,OK,2004,Li et al. 2025a,2004-03-19,34.6,625,tmax_c,24.288654012308474,0,0
25,episodes,1.0,2004-04-28,0.0,200,0.0,2,25,>=,REP,110045,OK,2004,Li et al. (2025b),2004-04-21,33.7,200,tmax_c,24.288654012308474,0,0
25,episodes,1.0,2004-04-20,0.0,200,0.0,2,25,>=,FLO,110045,OK,2004,Li et al. (2025b),2004-04-13,33.7,200,tmax_c,24.288654012308474,0,0
25,episodes,1.0,2004-05-29,0.0,775,0.0,2,25,>=,FIL,110045,OK,2004,Li et al. (2025b),2004-04-29,32.7,775,tmax_c,24.288654012308474,0,0
25,days,1.0,2004-06-10,0.0,300,0.0,1,25,>,MAT,110045,OK,2004,Ortega Gómez et al. (2019),2004-05-30,10,300,precip_mm,24.288654012308474,0,0
25,episodes,1.0,2013-02-21,0.0,200,0.0,2,25,>=,EST,110045,OK,2013,Li et al. 2025a,2013-02-14,34,200,tmax_c,24.288654012308474,0,0
25,episodes,1.0,2013-04-12,0.0,625,0.0,2,25,>=,VEG,110045,OK,2013,Li et al. 2025a,2013-03-19,34.6,625,tmax_c,24.288654012308474,0,0
25,episodes,1.0,2013-04-28,0.0,200,0.0,2,25,>=,REP,110045,OK,2013,Li et al. (2025b),2013-04-21,33.7,200,tmax_c,24.288654012308474,0,0
25,episodes,1.0,2013-04-20,0.0,200,0.0,2,25,>=,FLO,110045,OK,2013,Li et al. (2025b),2013-04-13,33.7,200,tmax_c,24.288654012308474,0,0
25,episodes,1.0,2013-05-29,0.0,775,0.0,2,25,>=,FIL,110045,OK,2013,Li et al. (2025b),2013-04-29,32.7,775,tmax_c,24.288654012308474,0,0
25,days,1.0,2013-06-10,0.7998809304102308,300,1.3596936644385642,1,25,>,MAT,110045,OK,2013,Ortega Gómez et al. (2019),2013-05-30,10,300,precip_mm,24.288654012308474,33.02512897827614,19.428031169777487
25,episodes,1.0,2014-02-21,0.0,200,0.0,2,25,>=,EST,110045,OK,2014,Li et al. 2025a,2014-02-14,34,200,tmax_c,24.288654012308474,0,0
25,episodes,1.0,2014-04-12,0.0,625,0.0,2,25,>=,VEG,110045,OK,2014,Li et al. 2025a,2014-03-19,34.6,625,tmax_c,24.288654012308474,0,0
25,episodes,1.0,2014-04-28,0.0,200,0.0,2,25,>=,REP,110045,OK,2014,Li et al. (2025b),2014-04-21,33.7,200,tmax_c,24.288654012308474,0,0
25,episodes,1.0,2014-04-20,0.0,200,0.0,2,25,>=,FLO,110045,OK,2014,Li et al. (2025b),2014-04-13,33.7,200,tmax_c,24.288654012308474,0,0
25,episodes,1.0,2014-05-29,0.0,775,0.0,2,25,>=,FIL,110045,OK,2014,Li et al. (2025b),2014-04-29,32.7,775,tmax_c,24.288654012308474,0,0
25,days,1.0,2014-06-10,0.11991472403493623,300,0.11991472403493623,1,25,>,MAT,110045,OK,2014,Ortega Gómez et al. (2019),2014-05-30,10,300,precip_mm,24.288654012308474,2.912567243066017,2.912567243066017
25,episodes,1.0,2015-02-21,0.0,200,0.0,2,25,>=,EST,110045,OK,2015,Li et al. 2025a,2015-02-14,34,200,tmax_c,24.288654012308474,0,0
25,episodes,1.0,2015-04-12,0.0,625,0.0,2,25,>=,VEG,110045,OK,2015,Li et al. 2025a,2015-03-19,34.6,625,tmax_c,24.288654012308474,0,0
25,episodes,1.0,2015-04-28,0.0,200,0.0,2,25,>=,REP,110045,OK,2015,Li et al. (2025b),2015-04-21,33.7,200,tmax_c,24.288654012308474,0,0
25,episodes,1.0,2015-04-20,0.0,200,0.0,2,25,>=,FLO,110045,OK,2015,Li et al. (2025b),2015-04-13,33.7,200,tmax_c,24.288654012308474,0,0
25,episodes,1.0,2015-05-29,0.0,775,0.0,2,25,>=,FIL,110045,OK,2015,Li et al. (2025b),2015-04-29,32.7,775,tmax_c,24.288654012308474,0,0
25,days,1.0,2015-06-10,0.0,300,0.0,1,25,>,MAT,110045,OK,2015,Ortega Gómez et al. (2019),2015-05-30,10,300,precip_mm,24.288654012308474,0,0
25,episodes,1.0,2016-02-21,0.0,200,0.0,2,25,>=,EST,110045,OK,2016,Li et al. 2025a,2016-02-14,34,200,tmax_c,24.288654012308474,0,0
25,episodes,1.0,2016-04-12,0.0,625,0.0,2,25,>=,VEG,110045,OK,2016,Li et al. 2025a,2016-03-19,34.6,625,tmax_c,24.288654012308474,0,0
25,episodes,1.0,2016-04-28,0.0,200,0.0,2,25,>=,REP,110045,OK,2016,Li et al. (2025b),2016-04-21,33.7,200,tmax_c,24.288654012308474,0,0
25,episodes,1.0,2016-04-20,0.0,200,0.0,2,25,>=,FLO,110045,OK,2016,Li et al. (2025b),2016-04-13,33.7,200,tmax_c,24.288654012308474,0,0
25,episodes,1.0,2016-05-29,0.0,775,0.0,2,25,>=,FIL,110045,OK,2016,Li et al. (2025b),2016-04-29,32.7,775,tmax_c,24.288654012308474,0,0
25,days,1.0,2016-06-10,0.0,300,0.0,1,25,>,MAT,110045,OK,2016,Ortega Gómez et al. (2019),2016-05-30,10,300,precip_mm,24.288654012308474,0,0
25,episodes,1.0,1981-02-21,0.0,200,0.0,2,25,>=,EST,110040,OK,1981,Li et al. 2025a,1981-02-14,34,200,tmax_c,24.288654012308474,0,0
25,episodes,1.0,1981-04-12,0.0,625,0.0,2,25,>=,VEG,110040,OK,1981,Li et al. 2025a,1981-03-19,34.6,625,tmax_c,24.288654012308474,0,0
25,episodes,1.0,1981-04-28,0.0,200,0.0,2,25,>=,REP,110040,OK,1981,Li et al. (2025b),1981-04-21,33.7,200,tmax_c,24.288654012308474,0,0
25,episodes,1.0,1981-04-20,0.0,200,0.0,2,25,>=,FLO,110040,OK,1981,Li et al. (2025b),1981-04-13,33.7,200,tmax_c,24.288654012308474,0,0
25,episodes,1.0,1981-05-29,0.0,775,0.0,2,25,>=,FIL,110040,OK,1981,Li et al. (2025b),1981-04-29,32.7,775,tmax_c,24.288654012308474,0,0
25,days,1.0,1981-06-10,1.0,300,1.9997619827194257,1,25,>,MAT,110040,OK,1981,Ortega Gómez et al. (2019),1981-05-30,10,300,precip_mm,24.288654012308474,48.57152690524013,24.288654012308474
25,episodes,1.0,1982-02-21,0.0,200,0.0,2,25,>=,EST,110040,OK,1982,Li et al. 2025a,1982-02-14,34,200,tmax_c,24.288654012308474,0,0
25,episodes,1.0,1982-04-12,0.0,625,0.0,2,25,>=,VEG,110040,OK,1982,Li et al. 2025a,1982-03-19,34.6,625,tmax_c,24.288654012308474,0,0
25,episodes,1.0,1982-04-28,0.0,200,0.0,2,25,>=,REP,110040,OK,1982,Li et al. (2025b),1982-04-21,33.7,200,tmax_c,24.288654012308474,0,0
25,episodes,1.0,1982-04-20,0.0,200,0.0,2,25,>=,FLO,110040,OK,1982,Li et al. (2025b),1982-04-13,33.7,200,tmax_c,24.288654012308474,0,0
25,episodes,1.0,1982-05-29,0.0,775,0.0,2,25,>=,FIL,110040,OK,1982,Li et al. (2025b),1982-04-29,32.7,775,tmax_c,24.288654012308474,0,0
25,days,1.0,1982-06-10,0.0,300,0.0,1,25,>,MAT,110040,OK,1982,Ortega Gómez et al. (2019),1982-05-30,10,300,precip_mm,24.288654012308474,0,0
25,episodes,1.0,1983-02-21,0.0,200,0.0,2,25,>=,EST,110040,OK,1983,Li et al. 2025a,1983-02-14,34,200,tmax_c,24.288654012308474,0,0
25,episodes,1.0,1983-04-12,0.0,625,0.0,2,25,>=,VEG,110040,OK,1983,Li et al. 2025a,1983-03-19,34.6,625,tmax_c,24.288654012308474,0,0
25,episodes,1.0,1983-04-28,0.0,200,0.0,2,25,>=,REP,110040,OK,1983,Li et al. (2025b),1983-04-21,33.7,200,tmax_c,24.288654012308474,0,0
25,episodes,1.0,1983-04-20,0.0,200,0.0,2,25,>=,FLO,110040,OK,1983,Li et al. (2025b),1983-04-13,33.7,200,tmax_c,24.288654012308474,0,0
25,episodes,1.0,1983-05-29,0.0,775,0.0,2,25,>=,FIL,110040,OK,1983,Li et al. (2025b),1983-04-29,32.7,775,tmax_c,24.288654012308474,0,0
25,days,1.0,1983-06-10,0.0,300,0.0,1,25,>,MAT,110040,OK,1983,Ortega Gómez et al. (2019),1983-05-30,10,300,precip_mm,24.288654012308474,0,0
25,episodes,1.0,1984-02-21,0.0,200,0.0,2,25,>=,EST,110040,OK,1984,Li et al. 2025a,1984-02-14,34,200,tmax_c,24.288654012308474,0,0
25,episodes,1.0,1984-04-12,0.0,625,0.0,2,25,>=,VEG,110040,OK,1984,Li et al. 2025a,1984-03-19,34.6,625,tmax_c,24.288654012308474,0,0
25,episodes,1.0,1984-04-28,0.0,200,0.0,2,25,>=,REP,110040,OK,1984,Li et al. (2025b),1984-04-21,33.7,200,tmax_c,24.288654012308474,0,0
25,episodes,1.0,1984-04-20,0.0,200,0.0,2,25,>=,FLO,110040,OK,1984,Li et al. (2025b),1984-04-13,33.7,200,tmax_c,24.288654012308474,0,0
25,episodes,1.0,1984-05-29,0.0,775,0.0,2,25,>=,FIL,110040,OK,1984,Li et al. (2025b),1984-04-29,32.7,775,tmax_c,24.288654012308474,0,0
25,days,1.0,1984-06-10,0.0,300,0.0,1,25,>,MAT,110040,OK,1984,Ortega Gómez et al. (2019),1984-05-30,10,300,precip_mm,24.288654012308474,0,0
25,episodes,1.0,1985-06-03,0.0,125,0.0,2,25,>=,EST,109725,OK,1985,Li et al. 2025a,1985-05-30,34,125,tmax_c,24.288654012308474,0,0
25,episodes,1.0,1985-07-04,0.0,400,0.0,2,25,>=,VEG,109725,OK,1985,Li et al. 2025a,1985-06-19,34.6,400,tmax_c,24.288654012308474,0,0
25,episodes,1.0,1985-07-13,0.0,125,0.0,2,25,>=,REP,109725,OK,1985,Li et al. (2025b),1985-07-09,33.7,125,tmax_c,24.288654012308474,0,0
25,episodes,1.0,1985-07-08,0.0,100,0.0,2,25,>=,FLO,109725,OK,1985,Li et al. (2025b),1985-07-05,33.7,100,tmax_c,24.288654012308474,0,0
25,episodes,1.0,1985-08-02,0.0,500,0.0,2,25,>=,FIL,109725,OK,1985,Li et al. (2025b),1985-07-14,32.7,500,tmax_c,24.288654012308474,0,0
25,days,1.0,1985-08-09,0.0,175,0.0,1,25,>,MAT,109725,OK,1985,Ortega Gómez et al. (2019),1985-08-03,10,175,precip_mm,24.288654012308474,0,0
25,episodes,1.0,1986-06-03,0.0,125,0.0,2,25,>=,EST,109725,OK,1986,Li et al. 2025a,1986-05-30,34,125,tmax_c,24.288654012308474,0,0
25,episodes,1.0,1986-07-04,0.0,400,0.0,2,25,>=,VEG,109725,OK,1986,Li et al. 2025a,1986-06-19,34.6,400,tmax_c,24.288654012308474,0,0
25,episodes,1.0,1986-07-13,0.0,125,0.0,2,25,>=,REP,109725,OK,1986,Li et al. (2025b),1986-07-09,33.7,125,tmax_c,24.288654012308474,0,0
25,episodes,1.0,1986-07-08,0.0,100,0.0,2,25,>=,FLO,109725,OK,1986,Li et al. (2025b),1986-07-05,33.7,100,tmax_c,24.288654012308474,0,0
25,episodes,1.0,1986-08-02,0.0,500,0.0,2,25,>=,FIL,109725,OK,1986,Li et al. (2025b),1986-07-14,32.7,500,tmax_c,24.288654012308474,0,0
25,days,1.0,1986-08-09,0.0,175,0.0,1,25,>,MAT,109725,OK,1986,Ortega Gómez et al. (2019),1986-08-03,10,175,precip_mm,24.288654012308474,0,0
25,episodes,1.0,1987-06-03,0.0,125,0.0,2,25,>=,EST,109725,OK,1987,Li et al. 2025a,1987-05-30,34,125,tmax_c,24.288654012308474,0,0
25,episodes,1.0,1987-07-04,0.0,400,0.0,2,25,>=,VEG,109725,OK,1987,Li et al. 2025a,1987-06-19,34.6,400,tmax_c,24.288654012308474,0,0
25,episodes,1.0,1987-07-13,0.0,125,0.0,2,25,>=,REP,109725,OK,1987,Li et al. (2025b),1987-07-09,33.7,125,tmax_c,24.288654012308474,0,0
25,episodes,1.0,1987-07-08,0.0,100,0.0,2,25,>=,FLO,109725,OK,1987,Li et al. (2025b),1987-07-05,33.7,100,tmax_c,24.288654012308474,0,0
25,episodes,1.0,1987-08-02,0.0,500,0.0,2,25,>=,FIL,109725,OK,1987,Li et al. (2025b),1987-07-14,32.7,500,tmax_c,24.288654012308474,0,0
25,days,1.0,1987-08-09,0.0,175,0.0,1,25,>,MAT,109725,OK,1987,Ortega Gómez et al. (2019),1987-08-03,10,175,precip_mm,24.288654012308474,0,0
25,episodes,1.0,1988-06-03,0.0,125,0.0,2,25,>=,EST,109725,OK,1988,Li et al. 2025a,1988-05-30,34,125,tmax_c,24.288654012308474,0,0
25,episodes,1.0,1988-07-04,0.0,400,0.0,2,25,>=,VEG,109725,OK,1988,Li et al. 2025a,1988-06-19,34.6,400,tmax_c,24.288654012308474,0,0
25,episodes,1.0,1988-07-13,0.0,125,0.0,2,25,>=,REP,109725,OK,1988,Li et al. (2025b),1988-07-09,33.7,125,tmax_c,24.288654012308474,0,0
25,episodes,1.0,1988-07-08,0.0,100,0.0,2,25,>=,FLO,109725,OK,1988,Li et al. (2025b),1988-07-05,33.7,100,tmax_c,24.288654012308474,0,0
25,episodes,1.0,1988-08-02,0.0,500,0.0,2,25,>=,FIL,109725,OK,1988,Li et al. (2025b),1988-07-14,32.7,500,tmax_c,24.288654012308474,0,0
25,days,1.0,1988-08-09,0.0,175,0.0,1,25,>,MAT,109725,OK,1988,Ortega Gómez et al. (2019),1988-08-03,10,175,precip_mm,24.288654012308474,0,0
25,episodes,1.0,2009-06-03,0.0,125,0.0,2,25,>=,EST,109725,OK,2009,Li et al. 2025a,2009-05-30,34,125,tmax_c,24.288654012308474,0,0
25,episodes,1.0,2009-07-04,0.0,400,0.0,2,25,>=,VEG,109725,OK,2009,Li et al. 2025a,2009-06-19,34.6,400,tmax_c,24.288654012308474,0,0
25,episodes,1.0,2009-07-13,0.0,125,0.0,2,25,>=,REP,109725,OK,2009,Li et al. (2025b),2009-07-09,33.7,125,tmax_c,24.288654012308474,0,0
25,episodes,1.0,2009-07-08,0.0,100,0.0,2,25,>=,FLO,109725,OK,2009,Li et al. (2025b),2009-07-05,33.7,100,tmax_c,24.288654012308474,0,0
25,episodes,1.0,2009-08-02,0.0,500,0.0,2,25,>=,FIL,109725,OK,2009,Li et al. (2025b),2009-07-14,32.7,500,tmax_c,24.288654012308474,0,0
25,days,1.0,2009-08-09,0.0,175,0.0,1,25,>,MAT,109725,OK,2009,Ortega Gómez et al. (2019),2009-08-03,10,175,precip_mm,24.288654012308474,0,0
25,episodes,1.0,2010-06-03,0.0,125,0.0,2,25,>=,EST,109725,OK,2010,Li et al. 2025a,2010-05-30,34,125,tmax_c,24.288654012308474,0,0
25,episodes,1.0,2010-07-04,0.0,400,0.0,2,25,>=,VEG,109725,OK,2010,Li et al. 2025a,2010-06-19,34.6,400,tmax_c,24.288654012308474,0,0
25,episodes,1.0,2010-07-13,0.0,125,0.0,2,25,>=,REP,109725,OK,2010,Li et al. (2025b),2010-07-09,33.7,125,tmax_c,24.288654012308474,0,0
25,episodes,1.0,2010-07-08,0.0,100,0.0,2,25,>=,FLO,109725,OK,2010,Li et al. (2025b),2010-07-05,33.7,100,tmax_c,24.288654012308474,0,0
25,episodes,1.0,2010-08-02,0.0,500,0.0,2,25,>=,FIL,109725,OK,2010,Li et al. (2025b),2010-07-14,32.7,500,tmax_c,24.288654012308474,0,0
25,days,1.0,2010-08-09,0.0,175,0.0,1,25,>,MAT,109725,OK,2010,Ortega Gómez et al. (2019),2010-08-03,10,175,precip_mm,24.288654012308474,0,0
25,episodes,1.0,2011-06-03,0.0,125,0.0,2,25,>=,EST,109725,OK,2011,Li et al. 2025a,2011-05-30,34,125,tmax_c,24.288654012308474,0,0
25,episodes,1.0,2011-07-04,0.0,400,0.0,2,25,>=,VEG,109725,OK,2011,Li et al. 2025a,2011-06-19,34.6,400,tmax_c,24.288654012308474,0,0
25,episodes,1.0,2011-07-13,0.0,125,0.0,2,25,>=,REP,109725,OK,2011,Li et al. (2025b),2011-07-09,33.7,125,tmax_c,24.288654012308474,0,0
25,episodes,1.0,2011-07-08,0.0,100,0.0,2,25,>=,FLO,109725,OK,2011,Li et al. (2025b),2011-07-05,33.7,100,tmax_c,24.288654012308474,0,0
25,episodes,1.0,2011-08-02,0.0,500,0.0,2,25,>=,FIL,109725,OK,2011,Li et al. (2025b),2011-07-14,32.7,500,tmax_c,24.288654012308474,0,0
25,days,1.0,2011-08-09,0.0,175,0.0,1,25,>,MAT,109725,OK,2011,Ortega Gómez et al. (2019),2011-08-03,10,175,precip_mm,24.288654012308474,0,0
25,episodes,1.0,2012-06-03,0.0,125,0.0,2,25,>=,EST,109725,OK,2012,Li et al. 2025a,2012-05-30,34,125,tmax_c,24.288654012308474,0,0
25,episodes,1.0,2012-07-04,0.0,400,0.0,2,25,>=,VEG,109725,OK,2012,Li et al. 2025a,2012-06-19,34.6,400,tmax_c,24.288654012308474,0,0
25,episodes,1.0,2012-07-13,0.0,125,0.0,2,25,>=,REP,109725,OK,2012,Li et al. (2025b),2012-07-09,33.7,125,tmax_c,24.288654012308474,0,0
25,episodes,1.0,2012-07-08,0.0,100,0.0,2,25,>=,FLO,109725,OK,2012,Li et al. (2025b),2012-07-05,33.7,100,tmax_c,24.288654012308474,0,0
25,episodes,1.0,2012-08-02,0.0,500,0.0,2,25,>=,FIL,109725,OK,2012,Li et al. (2025b),2012-07-14,32.7,500,tmax_c,24.288654012308474,0,0
25,days,1.0,2012-08-09,0.0,175,0.0,1,25,>,MAT,109725,OK,2012,Ortega Gómez et al. (2019),2012-08-03,10,175,precip_mm,24.288654012308474,0,0
25,episodes,1.0,1981-02-21,0.0,200,0.0,2,25,>=,EST,110047,OK,1981,Li et al. 2025a,1981-02-14,34,200,tmax_c,24.288654012308474,0,0
25,episodes,1.0,1981-04-12,0.0,625,0.0,2,25,>=,VEG,110047,OK,1981,Li et al. 2025a,1981-03-19,34.6,625,tmax_c,24.288654012308474,0,0
25,episodes,1.0,1981-04-28,0.0,200,0.0,2,25,>=,REP,110047,OK,1981,Li et al. (2025b),1981-04-21,33.7,200,tmax_c,24.288654012308474,0,0
25,episodes,1.0,1981-04-20,0.0,200,0.0,2,25,>=,FLO,110047,OK,1981,Li et al. (2025b),1981-04-13,33.7,200,tmax_c,24.288654012308474,0,0
25,episodes,1.0,1981-05-29,0.04001707958316657,775,0.04001707958316657,2,25,>=,FIL,110047,OK,1981,Li et al. (2025b),1981-04-29,32.7,775,tmax_c,24.288654012308474,0.9719610005785462,0.9719610005785462
25,days,1.0,1981-06-10,0.03996584088547156,300,0.03996584088547156,1,25,>,MAT,110047,OK,1981,Ortega Gómez et al. (2019),1981-05-30,10,300,precip_mm,24.288654012308474,0.9707164815781908,0.9707164815781908
25,episodes,1.0,1982-02-21,0.0,200,0.0,2,25,>=,EST,110047,OK,1982,Li et al. 2025a,1982-02-14,34,200,tmax_c,24.288654012308474,0,0
25,episodes,1.0,1982-04-12,0.0,625,0.0,2,25,>=,VEG,110047,OK,1982,Li et al. 2025a,1982-03-19,34.6,625,tmax_c,24.288654012308474,0,0
25,episodes,1.0,1982-04-28,0.0,200,0.0,2,25,>=,REP,110047,OK,1982,Li et al. (2025b),1982-04-21,33.7,200,tmax_c,24.288654012308474,0,0
25,episodes,1.0,1982-04-20,0.0,200,0.0,2,25,>=,FLO,110047,OK,1982,Li et al. (2025b),1982-04-13,33.7,200,tmax_c,24.288654012308474,0,0
25,episodes,1.0,1982-05-29,0.0,775,0.0,2,25,>=,FIL,110047,OK,1982,Li et al. (2025b),1982-04-29,32.7,775,tmax_c,24.288654012308474,0,0
25,days,1.0,1982-06-10,0.0,300,0.0,1,25,>,MAT,110047,OK,1982,Ortega Gómez et al. (2019),1982-05-30,10,300,precip_mm,24.288654012308474,0,0
25,episodes,1.0,1983-02-21,0.0,200,0.0,2,25,>=,EST,110047,OK,1983,Li et al. 2025a,1983-02-14,34,200,tmax_c,24.288654012308474,0,0
25,episodes,1.0,1983-04-12,0.0,625,0.0,2,25,>=,VEG,110047,OK,1983,Li et al. 2025a,1983-03-19,34.6,625,tmax_c,24.288654012308474,0,0
25,episodes,1.0,1983-04-28,0.0,200,0.0,2,25,>=,REP,110047,OK,1983,Li et al. (2025b),1983-04-21,33.7,200,tmax_c,24.288654012308474,0,0
25,episodes,1.0,1983-04-20,0.0,200,0.0,2,25,>=,FLO,110047,OK,1983,Li et al. (2025b),1983-04-13,33.7,200,tmax_c,24.288654012308474,0,0
25,episodes,1.0,1983-05-29,0.19991484588209593,775,0.2798465276530391,2,25,>=,FIL,110047,OK,1983,Li et al. (2025b),1983-04-29,32.7,775,tmax_c,24.288654012308474,6.797095486710582,4.8556625235542
25,days,1.0,1983-06-10,0.5998127340282591,300,0.5998127340282591,1,25,>,MAT,110047,OK,1983,Ortega Gómez et al. (2019),1983-05-30,10,300,precip_mm,24.288654012308474,14.568643968989191,14.568643968989191
25,episodes,1.0,1984-02-21,0.0,200,0.0,2,25,>=,EST,110047,OK,1984,Li et al. 2025a,1984-02-14,34,200,tmax_c,24.288654012308474,0,0
25,episodes,1.0,1984-04-12,0.0,625,0.0,2,25,>=,VEG,110047,OK,1984,Li et al. 2025a,1984-03-19,34.6,625,tmax_c,24.288654012308474,0,0
25,episodes,1.0,1984-04-28,0.0,200,0.0,2,25,>=,REP,110047,OK,1984,Li et al. (2025b),1984-04-21,33.7,200,tmax_c,24.288654012308474,0,0
25,episodes,1.0,1984-04-20,0.0,200,0.0,2,25,>=,FLO,110047,OK,1984,Li et al. (2025b),1984-04-13,33.7,200,tmax_c,24.288654012308474,0,0
25,episodes,1.0,1984-05-29,0.0,775,0.0,2,25,>=,FIL,110047,OK,1984,Li et al. (2025b),1984-04-29,32.7,775,tmax_c,24.288654012308474,0,0
25,days,1.0,1984-06-10,0.0,300,0.0,1,25,>,MAT,110047,OK,1984,Ortega Gómez et al. (2019),1984-05-30,10,300,precip_mm,24.288654012308474,0,0
25,episodes,1.0,1981-02-21,0.0,200,0.0,2,25,>=,EST,110039,OK,1981,Li et al. 2025a,1981-02-14,34,200,tmax_c,24.288654012308474,0,0
25,episodes,1.0,1981-04-12,0.0,625,0.0,2,25,>=,VEG,110039,OK,1981,Li et al. 2025a,1981-03-19,34.6,625,tmax_c,24.288654012308474,0,0
25,episodes,1.0,1981-04-28,0.0,200,0.0,2,25,>=,REP,110039,OK,1981,Li et al. (2025b),1981-04-21,33.7,200,tmax_c,24.288654012308474,0,0
25,episodes,1.0,1981-04-20,0.0,200,0.0,2,25,>=,FLO,110039,OK,1981,Li et al. (2025b),1981-04-13,33.7,200,tmax_c,24.288654012308474,0,0
25,episodes,1.0,1981-05-29,0.0,775,0.0,2,25,>=,FIL,110039,OK,1981,Li et al. (2025b),1981-04-29,32.7,775,tmax_c,24.288654012308474,0,0
25,days,1.0,1981-06-10,0.7598982536877908,300,0.7998640945732624,1,25,>,MAT,110039,OK,1981,Ortega Gómez et al. (2019),1981-05-30,10,300,precip_mm,24.288654012308474,19.427622249958354,18.456905768380164
25,episodes,1.0,1982-02-21,0.0,200,0.0,2,25,>=,EST,110039,OK,1982,Li et al. 2025a,1982-02-14,34,200,tmax_c,24.288654012308474,0,0
25,episodes,1.0,1982-04-12,0.0,625,0.0,2,25,>=,VEG,110039,OK,1982,Li et al. 2025a,1982-03-19,34.6,625,tmax_c,24.288654012308474,0,0
25,episodes,1.0,1982-04-28,0.0,200,0.0,2,25,>=,REP,110039,OK,1982,Li et al. (2025b),1982-04-21,33.7,200,tmax_c,24.288654012308474,0,0
25,episodes,1.0,1982-04-20,0.0,200,0.0,2,25,>=,FLO,110039,OK,1982,Li et al. (2025b),1982-04-13,33.7,200,tmax_c,24.288654012308474,0,0
25,episodes,1.0,1982-05-29,0.0,775,0.0,2,25,>=,FIL,110039,OK,1982,Li et al. (2025b),1982-04-29,32.7,775,tmax_c,24.288654012308474,0,0
25,days,1.0,1982-06-10,0.0,300,0.0,1,25,>,MAT,110039,OK,1982,Ortega Gómez et al. (2019),1982-05-30,10,300,precip_mm,24.288654012308474,0,0
25,episodes,1.0,1983-02-21,0.0,200,0.0,2,25,>=,EST,110039,OK,1983,Li et al. 2025a,1983-02-14,34,200,tmax_c,24.288654012308474,0,0
25,episodes,1.0,1983-04-12,0.0,625,0.0,2,25,>=,VEG,110039,OK,1983,Li et al. 2025a,1983-03-19,34.6,625,tmax_c,24.288654012308474,0,0
25,episodes,1.0,1983-04-28,0.0,200,0.0,2,25,>=,REP,110039,OK,1983,Li et al. (2025b),1983-04-21,33.7,200,tmax_c,24.288654012308474,0,0
25,episodes,1.0,1983-04-20,0.0,200,0.0,2,25,>=,FLO,110039,OK,1983,Li et al. (2025b),1983-04-13,33.7,200,tmax_c,24.288654012308474,0,0
25,episodes,1.0,1983-05-29,0.0,775,0.0,2,25,>=,FIL,110039,OK,1983,Li et al. (2025b),1983-04-29,32.7,775,tmax_c,24.288654012308474,0,0
25,days,1.0,1983-06-10,0.6400170795831667,300,0.6400170795831667,1,25,>,MAT,110039,OK,1983,Ortega Gómez et al. (2019),1983-05-30,10,300,precip_mm,24.288654012308474,15.545153407963634,15.545153407963634
25,episodes,1.0,1984-02-21,0.0,200,0.0,2,25,>=,EST,110039,OK,1984,Li et al. 2025a,1984-02-14,34,200,tmax_c,24.288654012308474,0,0
25,episodes,1.0,1984-04-12,0.0,625,0.0,2,25,>=,VEG,110039,OK,1984,Li et al. 2025a,1984-03-19,34.6,625,tmax_c,24.288654012308474,0,0
25,episodes,1.0,1984-04-28,0.0,200,0.0,2,25,>=,REP,110039,OK,1984,Li et al. (2025b),1984-04-21,33.7,200,tmax_c,24.288654012308474,0,0
25,episodes,1.0,1984-04-20,0.0,200,0.0,2,25,>=,FLO,110039,OK,1984,Li et al. (2025b),1984-04-13,33.7,200,tmax_c,24.288654012308474,0,0
25,episodes,1.0,1984-05-29,0.0,775,0.0,2,25,>=,FIL,110039,OK,1984,Li et al. (2025b),1984-04-29,32.7,775,tmax_c,24.288654012308474,0,0
25,days,1.0,1984-06-10,0.0,300,0.0,1,25,>,MAT,110039,OK,1984,Ortega Gómez et al. (2019),1984-05-30,10,300,precip_mm,24.288654012308474,0,0
25,episodes,1.0,2001-02-21,0.0,200,0.0,2,25,>=,EST,110046,OK,2001,Li et al. 2025a,2001-02-14,34,200,tmax_c,24.288654012308474,0,0
25,episodes,1.0,2001-04-12,0.0,625,0.0,2,25,>=,VEG,110046,OK,2001,Li et al. 2025a,2001-03-19,34.6,625,tmax_c,24.288654012308474,0,0
25,episodes,1.0,2001-04-28,0.0,200,0.0,2,25,>=,REP,110046,OK,2001,Li et al. (2025b),2001-04-21,33.7,200,tmax_c,24.288654012308474,0,0
25,episodes,1.0,2001-04-20,0.0,200,0.0,2,25,>=,FLO,110046,OK,2001,Li et al. (2025b),2001-04-13,33.7,200,tmax_c,24.288654012308474,0,0
25,episodes,1.0,2001-05-29,0.0,775,0.0,2,25,>=,FIL,110046,OK,2001,Li et al. (2025b),2001-04-29,32.7,775,tmax_c,24.288654012308474,0,0
25,days,1.0,2001-06-10,0.0,300,0.0,1,25,>,MAT,110046,OK,2001,Ortega Gómez et al. (2019),2001-05-30,10,300,precip_mm,24.288654012308474,0,0
25,episodes,1.0,2002-02-21,0.0,200,0.0,2,25,>=,EST,110046,OK,2002,Li et al. 2025a,2002-02-14,34,200,tmax_c,24.288654012308474,0,0
25,episodes,1.0,2002-04-12,0.0,625,0.0,2,25,>=,VEG,110046,OK,2002,Li et al. 2025a,2002-03-19,34.6,625,tmax_c,24.288654012308474,0,0
25,episodes,1.0,2002-04-28,0.0,200,0.0,2,25,>=,REP,110046,OK,2002,Li et al. (2025b),2002-04-21,33.7,200,tmax_c,24.288654012308474,0,0
25,episodes,1.0,2002-04-20,0.0,200,0.0,2,25,>=,FLO,110046,OK,2002,Li et al. (2025b),2002-04-13,33.7,200,tmax_c,24.288654012308474,0,0
25,episodes,1.0,2002-05-29,0.5200002436943936,775,0.5200002436943936,2,25,>=,FIL,110046,OK,2002,Li et al. (2025b),2002-04-29,32.7,775,tmax_c,24.288654012308474,12.630106005409218,12.630106005409218
25,days,1.0,2002-06-10,0.0,300,0.0,1,25,>,MAT,110046,OK,2002,Ortega Gómez et al. (2019),2002-05-30,10,300,precip_mm,24.288654012308474,0,0
25,episodes,1.0,2003-02-21,0.0,200,0.0,2,25,>=,EST,110046,OK,2003,Li et al. 2025a,2003-02-14,34,200,tmax_c,24.288654012308474,0,0
25,episodes,1.0,2003-04-12,0.0,625,0.0,2,25,>=,VEG,110046,OK,2003,Li et al. 2025a,2003-03-19,34.6,625,tmax_c,24.288654012308474,0,0
25,episodes,1.0,2003-04-28,0.0,200,0.0,2,25,>=,REP,110046,OK,2003,Li et al. (2025b),2003-04-21,33.7,200,tmax_c,24.288654012308474,0,0
25,episodes,1.0,2003-04-20,0.0,200,0.0,2,25,>=,FLO,110046,OK,2003,Li et al. (2025b),2003-04-13,33.7,200,tmax_c,24.288654012308474,0,0
25,episodes,1.0,2003-05-29,0.0,775,0.0,2,25,>=,FIL,110046,OK,2003,Li et al. (2025b),2003-04-29,32.7,775,tmax_c,24.288654012308474,0,0
25,days,1.0,2003-06-10,0.0,300,0.0,1,25,>,MAT,110046,OK,2003,Ortega Gómez et al. (2019),2003-05-30,10,300,precip_mm,24.288654012308474,0,0
25,episodes,1.0,2004-02-21,0.0,200,0.0,2,25,>=,EST,110046,OK,2004,Li et al. 2025a,2004-02-14,34,200,tmax_c,24.288654012308474,0,0
25,episodes,1.0,2004-04-12,0.0,625,0.0,2,25,>=,VEG,110046,OK,2004,Li et al. 2025a,2004-03-19,34.6,625,tmax_c,24.288654012308474,0,0
25,episodes,1.0,2004-04-28,0.0,200,0.0,2,25,>=,REP,110046,OK,2004,Li et al. (2025b),2004-04-21,33.7,200,tmax_c,24.288654012308474,0,0
25,episodes,1.0,2004-04-20,0.0,200,0.0,2,25,>=,FLO,110046,OK,2004,Li et al. (2025b),2004-04-13,33.7,200,tmax_c,24.288654012308474,0,0
25,episodes,1.0,2004-05-29,0.0,775,0.0,2,25,>=,FIL,110046,OK,2004,Li et al. (2025b),2004-04-29,32.7,775,tmax_c,24.288654012308474,0,0
25,days,1.0,2004-06-10,0.0,300,0.0,1,25,>,MAT,110046,OK,2004,Ortega Gómez et al. (2019),2004-05-30,10,300,precip_mm,24.288654012308474,0,0
25,episodes,1.0,2001-12-09,0.0,225,0.0,2,25,>=,EST,109539,OK,2001,Li et al. 2025a,2001-12-01,34,225,tmax_c,24.288654012308474,0,0
25,episodes,1.0,2002-02-03,0.0,725,0.0,2,25,>=,VEG,109539,OK,2001,Li et al. 2025a,2002-01-06,34.6,725,tmax_c,24.288654012308474,0,0
25,episodes,1.0,2002-02-20,0.0,225,0.0,2,25,>=,REP,109539,OK,2001,Li et al. (2025b),2002-02-12,33.7,225,tmax_c,24.288654012308474,0,0
25,episodes,1.0,2002-02-11,0.0,200,0.0,2,25,>=,FLO,109539,OK,2001,Li et al. (2025b),2002-02-04,33.7,200,tmax_c,24.288654012308474,0,0
25,episodes,1.0,2002-03-27,0.0,875,0.0,2,25,>=,FIL,109539,OK,2001,Li et al. (2025b),2002-02-21,32.7,875,tmax_c,24.288654012308474,0,0
25,days,1.0,2002-04-09,0.5197447812890251,325,0.7595742293588976,1,25,>,MAT,109539,OK,2001,Ortega Gómez et al. (2019),2002-03-28,10,325,precip_mm,24.288654012308474,18.449035653564106,12.62390116743207
25,episodes,1.0,2002-12-09,0.0,225,0.0,2,25,>=,EST,109539,OK,2002,Li et al. 2025a,2002-12-01,34,225,tmax_c,24.288654012308474,0,0
25,episodes,1.0,2003-02-03,0.0,725,0.0,2,25,>=,VEG,109539,OK,2002,Li et al. 2025a,2003-01-06,34.6,725,tmax_c,24.288654012308474,0,0
25,episodes,1.0,2003-02-20,0.0,225,0.0,2,25,>=,REP,109539,OK,2002,Li et al. (2025b),2003-02-12,33.7,225,tmax_c,24.288654012308474,0,0
25,episodes,1.0,2003-02-11,0.0,200,0.0,2,25,>=,FLO,109539,OK,2002,Li et al. (2025b),2003-02-04,33.7,200,tmax_c,24.288654012308474,0,0
25,episodes,1.0,2003-03-27,0.0,875,0.0,2,25,>=,FIL,109539,OK,2002,Li et al. (2025b),2003-02-21,32.7,875,tmax_c,24.288654012308474,0,0
25,days,1.0,2003-04-09,1.0,325,5.719778818608201,1,25,>,MAT,109539,OK,2002,Ortega Gómez et al. (2019),2003-03-28,10,325,precip_mm,24.288654012308474,138.9257287521051,24.288654012308474
25,episodes,1.0,2003-12-09,0.0,225,0.0,2,25,>=,EST,109539,OK,2003,Li et al. 2025a,2003-12-01,34,225,tmax_c,24.288654012308474,0,0
25,episodes,1.0,2004-02-03,0.0,725,0.0,2,25,>=,VEG,109539,OK,2003,Li et al. 2025a,2004-01-06,34.6,725,tmax_c,24.288654012308474,0,0
25,episodes,1.0,2004-02-20,0.0,225,0.0,2,25,>=,REP,109539,OK,2003,Li et al. (2025b),2004-02-12,33.7,225,tmax_c,24.288654012308474,0,0
25,episodes,1.0,2004-02-11,0.0,200,0.0,2,25,>=,FLO,109539,OK,2003,Li et al. (2025b),2004-02-04,33.7,200,tmax_c,24.288654012308474,0,0
25,episodes,1.0,2004-03-27,0.0,900,0.0,2,25,>=,FIL,109539,OK,2003,Li et al. (2025b),2004-02-21,32.7,900,tmax_c,24.288654012308474,0,0
25,days,1.0,2004-04-09,1.0,325,2.6394883441577393,1,25,>,MAT,109539,OK,2003,Ortega Gómez et al. (2019),2004-03-28,10,325,precip_mm,24.288654012308474,64.10961916076832,24.288654012308474
25,episodes,1.0,2004-12-09,0.0,225,0.0,2,25,>=,EST,109539,OK,2004,Li et al. 2025a,2004-12-01,34,225,tmax_c,24.288654012308474,0,0
25,episodes,1.0,2005-02-03,0.0,725,0.0,2,25,>=,VEG,109539,OK,2004,Li et al. 2025a,2005-01-06,34.6,725,tmax_c,24.288654012308474,0,0
25,episodes,1.0,2005-02-20,0.0,225,0.0,2,25,>=,REP,109539,OK,2004,Li et al. (2025b),2005-02-12,33.7,225,tmax_c,24.288654012308474,0,0
25,episodes,1.0,2005-02-11,0.0,200,0.0,2,25,>=,FLO,109539,OK,2004,Li et al. (2025b),2005-02-04,33.7,200,tmax_c,24.288654012308474,0,0
25,episodes,1.0,2005-03-27,0.0,875,0.0,2,25,>=,FIL,109539,OK,2004,Li et al. (2025b),2005-02-21,32.7,875,tmax_c,24.288654012308474,0,0
25,days,1.0,2005-04-09,1.0,325,1.8401191914370036,1,25,>,MAT,109539,OK,2004,Ortega Gómez et al. (2019),2005-03-28,10,325,precip_mm,24.288654012308474,44.694018382222204,24.288654012308474
25,episodes,1.0,1981-12-09,0.0,225,0.0,2,25,>=,EST,109539,OK,1981,Li et al. 2025a,1981-12-01,34,225,tmax_c,24.288654012308474,0,0
25,episodes,1.0,1982-02-03,0.0,725,0.0,2,25,>=,VEG,109539,OK,1981,Li et al. 2025a,1982-01-06,34.6,725,tmax_c,24.288654012308474,0,0
25,episodes,1.0,1982-02-20,0.0,225,0.0,2,25,>=,REP,109539,OK,1981,Li et al. (2025b),1982-02-12,33.7,225,tmax_c,24.288654012308474,0,0
25,episodes,1.0,1982-02-11,0.0,200,0.0,2,25,>=,FLO,109539,OK,1981,Li et al. (2025b),1982-02-04,33.7,200,tmax_c,24.288654012308474,0,0
25,episodes,1.0,1982-03-27,0.0,875,0.0,2,25,>=,FIL,109539,OK,1981,Li et al. (2025b),1982-02-21,32.7,875,tmax_c,24.288654012308474,0,0
25,days,1.0,1982-04-09,1.0,325,2.479421244400725,1,25,>,MAT,109539,OK,1981,Ortega Gómez et al. (2019),1982-03-28,10,325,precip_mm,24.288654012308474,60.22180475601653,24.288654012308474
25,episodes,1.0,1982-12-09,0.0,225,0.0,2,25,>=,EST,109539,OK,1982,Li et al. 2025a,1982-12-01,34,225,tmax_c,24.288654012308474,0,0
25,episodes,1.0,1983-02-03,0.0,725,0.0,2,25,>=,VEG,109539,OK,1982,Li et al. 2025a,1983-01-06,34.6,725,tmax_c,24.288654012308474,0,0
25,episodes,1.0,1983-02-20,0.0,225,0.0,2,25,>=,REP,109539,OK,1982,Li et al. (2025b),1983-02-12,33.7,225,tmax_c,24.288654012308474,0,0
25,episodes,1.0,1983-02-11,0.0,200,0.0,2,25,>=,FLO,109539,OK,1982,Li et al. (2025b),1983-02-04,33.7,200,tmax_c,24.288654012308474,0,0
25,episodes,1.0,1983-03-27,0.0,875,0.0,2,25,>=,FIL,109539,OK,1982,Li et al. (2025b),1983-02-21,32.7,875,tmax_c,24.288654012308474,0,0
25,days,1.0,1983-04-09,0.03996584088547156,325,0.03996584088547156,1,25,>,MAT,109539,OK,1982,Ortega Gómez et al. (2019),1983-03-28,10,325,precip_mm,24.288654012308474,0.9707164815781908,0.9707164815781908
25,episodes,1.0,1983-12-09,0.0,225,0.0,2,25,>=,EST,109539,OK,1983,Li et al. 2025a,1983-12-01,34,225,tmax_c,24.288654012308474,0,0
25,episodes,1.0,1984-02-03,0.0,725,0.0,2,25,>=,VEG,109539,OK,1983,Li et al. 2025a,1984-01-06,34.6,725,tmax_c,24.288654012308474,0,0
25,episodes,1.0,1984-02-20,0.0,225,0.0,2,25,>=,REP,109539,OK,1983,Li et al. (2025b),1984-02-12,33.7,225,tmax_c,24.288654012308474,0,0
25,episodes,1.0,1984-02-11,0.0,200,0.0,2,25,>=,FLO,109539,OK,1983,Li et al. (2025b),1984-02-04,33.7,200,tmax_c,24.288654012308474,0,0
25,episodes,1.0,1984-03-27,0.0,900,0.0,2,25,>=,FIL,109539,OK,1983,Li et al. (2025b),1984-02-21,32.7,900,tmax_c,24.288654012308474,0,0
25,days,1.0,1984-04-09,1.0,325,2.400102111853837,1,25,>,MAT,109539,OK,1983,Ortega Gómez et al. (2019),1984-03-28,10,325,precip_mm,24.288654012308474,58.29524978902873,24.288654012308474
25,episodes,1.0,1984-12-09,0.0,225,0.0,2,25,>=,EST,109539,OK,1984,Li et al. 2025a,1984-12-01,34,225,tmax_c,24.288654012308474,0,0
25,episodes,1.0,1985-02-03,0.0,725,0.0,2,25,>=,VEG,109539,OK,1984,Li et al. 2025a,1985-01-06,34.6,725,tmax_c,24.288654012308474,0,0
25,episodes,1.0,1985-02-20,0.0,225,0.0,2,25,>=,REP,109539,OK,1984,Li et al. (2025b),1985-02-12,33.7,225,tmax_c,24.288654012308474,0,0
25,episodes,1.0,1985-02-11,0.0,200,0.0,2,25,>=,FLO,109539,OK,1984,Li et al. (2025b),1985-02-04,33.7,200,tmax_c,24.288654012308474,0,0
25,episodes,1.0,1985-03-27,0.0,875,0.0,2,25,>=,FIL,109539,OK,1984,Li et al. (2025b),1985-02-21,32.7,875,tmax_c,24.288654012308474,0,0
25,days,1.0,1985-04-09,0.0,325,0.0,1,25,>,MAT,109539,OK,1984,Ortega Gómez et al. (2019),1985-03-28,10,325,precip_mm,24.288654012308474,0,0
25,episodes,1.0,1981-02-21,0.0,200,0.0,2,25,>=,EST,110044,OK,1981,Li et al. 2025a,1981-02-14,34,200,tmax_c,24.288654012308474,0,0
25,episodes,1.0,1981-04-12,0.0,625,0.0,2,25,>=,VEG,110044,OK,1981,Li et al. 2025a,1981-03-19,34.6,625,tmax_c,24.288654012308474,0,0
25,episodes,1.0,1981-04-28,0.0,200,0.0,2,25,>=,REP,110044,OK,1981,Li et al. (2025b),1981-04-21,33.7,200,tmax_c,24.288654012308474,0,0
25,episodes,1.0,1981-04-20,0.0,200,0.0,2,25,>=,FLO,110044,OK,1981,Li et al. (2025b),1981-04-13,33.7,200,tmax_c,24.288654012308474,0,0
25,episodes,1.0,1981-05-29,0.0,775,0.0,2,25,>=,FIL,110044,OK,1981,Li et al. (2025b),1981-04-29,32.7,775,tmax_c,24.288654012308474,0,0
25,days,1.0,1981-06-10,1.0,300,1.679846771295628,1,25,>,MAT,110044,OK,1981,Ortega Gómez et al. (2019),1981-05-30,10,300,precip_mm,24.288654012308474,40.80121702169299,24.288654012308474
25,episodes,1.0,1982-02-21,0.0,200,0.0,2,25,>=,EST,110044,OK,1982,Li et al. 2025a,1982-02-14,34,200,tmax_c,24.288654012308474,0,0
25,episodes,1.0,1982-04-12,0.0,625,0.0,2,25,>=,VEG,110044,OK,1982,Li et al. 2025a,1982-03-19,34.6,625,tmax_c,24.288654012308474,0,0
25,episodes,1.0,1982-04-28,0.0,200,0.0,2,25,>=,REP,110044,OK,1982,Li et al. (2025b),1982-04-21,33.7,200,tmax_c,24.288654012308474,0,0
25,episodes,1.0,1982-04-20,0.0,200,0.0,2,25,>=,FLO,110044,OK,1982,Li et al. (2025b),1982-04-13,33.7,200,tmax_c,24.288654012308474,0,0
25,episodes,1.0,1982-05-29,0.0,775,0.0,2,25,>=,FIL,110044,OK,1982,Li et al. (2025b),1982-04-29,32.7,775,tmax_c,24.288654012308474,0,0
25,days,1.0,1982-06-10,0.0,300,0.0,1,25,>,MAT,110044,OK,1982,Ortega Gómez et al. (2019),1982-05-30,10,300,precip_mm,24.288654012308474,0,0
25,episodes,1.0,1983-02-21,0.0,200,0.0,2,25,>=,EST,110044,OK,1983,Li et al. 2025a,1983-02-14,34,200,tmax_c,24.288654012308474,0,0
25,episodes,1.0,1983-04-12,0.0,625,0.0,2,25,>=,VEG,110044,OK,1983,Li et al. 2025a,1983-03-19,34.6,625,tmax_c,24.288654012308474,0,0
25,episodes,1.0,1983-04-28,0.0,200,0.0,2,25,>=,REP,110044,OK,1983,Li et al. (2025b),1983-04-21,33.7,200,tmax_c,24.288654012308474,0,0
25,episodes,1.0,1983-04-20,0.0,200,0.0,2,25,>=,FLO,110044,OK,1983,Li et al. (2025b),1983-04-13,33.7,200,tmax_c,24.288654012308474,0,0
25,episodes,1.0,1983-05-29,0.0,775,0.0,2,25,>=,FIL,110044,OK,1983,Li et al. (2025b),1983-04-29,32.7,775,tmax_c,24.288654012308474,0,0
25,days,1.0,1983-06-10,0.0,300,0.0,1,25,>,MAT,110044,OK,1983,Ortega Gómez et al. (2019),1983-05-30,10,300,precip_mm,24.288654012308474,0,0
25,episodes,1.0,1984-02-21,0.0,200,0.0,2,25,>=,EST,110044,OK,1984,Li et al. 2025a,1984-02-14,34,200,tmax_c,24.288654012308474,0,0
25,episodes,1.0,1984-04-12,0.0,625,0.0,2,25,>=,VEG,110044,OK,1984,Li et al. 2025a,1984-03-19,34.6,625,tmax_c,24.288654012308474,0,0
25,episodes,1.0,1984-04-28,0.0,200,0.0,2,25,>=,REP,110044,OK,1984,Li et al. (2025b),1984-04-21,33.7,200,tmax_c,24.288654012308474,0,0
25,episodes,1.0,1984-04-20,0.0,200,0.0,2,25,>=,FLO,110044,OK,1984,Li et al. (2025b),1984-04-13,33.7,200,tmax_c,24.288654012308474,0,0
25,episodes,1.0,1984-05-29,0.0,775,0.0,2,25,>=,FIL,110044,OK,1984,Li et al. (2025b),1984-04-29,32.7,775,tmax_c,24.288654012308474,0,0
25,days,1.0,1984-06-10,0.0,300,0.0,1,25,>,MAT,110044,OK,1984,Ortega Gómez et al. (2019),1984-05-30,10,300,precip_mm,24.288654012308474,0,0
25,episodes,1.0,2013-06-03,0.0,125,0.0,2,25,>=,EST,109725,OK,2013,Li et al. 2025a,2013-05-30,34,125,tmax_c,24.288654012308474,0,0
25,episodes,1.0,2013-07-04,0.0,400,0.0,2,25,>=,VEG,109725,OK,2013,Li et al. 2025a,2013-06-19,34.6,400,tmax_c,24.288654012308474,0,0
25,episodes,1.0,2013-07-13,0.0,125,0.0,2,25,>=,REP,109725,OK,2013,Li et al. (2025b),2013-07-09,33.7,125,tmax_c,24.288654012308474,0,0
25,episodes,1.0,2013-07-08,0.0,100,0.0,2,25,>=,FLO,109725,OK,2013,Li et al. (2025b),2013-07-05,33.7,100,tmax_c,24.288654012308474,0,0
25,episodes,1.0,2013-08-02,0.0,500,0.0,2,25,>=,FIL,109725,OK,2013,Li et al. (2025b),2013-07-14,32.7,500,tmax_c,24.288654012308474,0,0
25,days,1.0,2013-08-09,0.0,175,0.0,1,25,>,MAT,109725,OK,2013,Ortega Gómez et al. (2019),2013-08-03,10,175,precip_mm,24.288654012308474,0,0
25,episodes,1.0,2014-06-03,0.0,125,0.0,2,25,>=,EST,109725,OK,2014,Li et al. 2025a,2014-05-30,34,125,tmax_c,24.288654012308474,0,0
25,episodes,1.0,2014-07-04,0.0,400,0.0,2,25,>=,VEG,109725,OK,2014,Li et al. 2025a,2014-06-19,34.6,400,tmax_c,24.288654012308474,0,0
25,episodes,1.0,2014-07-13,0.0,125,0.0,2,25,>=,REP,109725,OK,2014,Li et al. (2025b),2014-07-09,33.7,125,tmax_c,24.288654012308474,0,0
25,episodes,1.0,2014-07-08,0.0,100,0.0,2,25,>=,FLO,109725,OK,2014,Li et al. (2025b),2014-07-05,33.7,100,tmax_c,24.288654012308474,0,0
25,episodes,1.0,2014-08-02,0.0,500,0.0,2,25,>=,FIL,109725,OK,2014,Li et al. (2025b),2014-07-14,32.7,500,tmax_c,24.288654012308474,0,0
25,days,1.0,2014-08-09,0.0,175,0.0,1,25,>,MAT,109725,OK,2014,Ortega Gómez et al. (2019),2014-08-03,10,175,precip_mm,24.288654012308474,0,0
25,episodes,1.0,2015-06-03,0.0,125,0.0,2,25,>=,EST,109725,OK,2015,Li et al. 2025a,2015-05-30,34,125,tmax_c,24.288654012308474,0,0
25,episodes,1.0,2015-07-04,0.0,400,0.0,2,25,>=,VEG,109725,OK,2015,Li et al. 2025a,2015-06-19,34.6,400,tmax_c,24.288654012308474,0,0
25,episodes,1.0,2015-07-13,0.0,125,0.0,2,25,>=,REP,109725,OK,2015,Li et al. (2025b),2015-07-09,33.7,125,tmax_c,24.288654012308474,0,0
25,episodes,1.0,2015-07-08,0.0,100,0.0,2,25,>=,FLO,109725,OK,2015,Li et al. (2025b),2015-07-05,33.7,100,tmax_c,24.288654012308474,0,0
25,episodes,1.0,2015-08-02,0.0,500,0.0,2,25,>=,FIL,109725,OK,2015,Li et al. (2025b),2015-07-14,32.7,500,tmax_c,24.288654012308474,0,0
25,days,1.0,2015-08-09,0.0,175,0.0,1,25,>,MAT,109725,OK,2015,Ortega Gómez et al. (2019),2015-08-03,10,175,precip_mm,24.288654012308474,0,0
25,episodes,1.0,2016-06-03,0.0,125,0.0,2,25,>=,EST,109725,OK,2016,Li et al. 2025a,2016-05-30,34,125,tmax_c,24.288654012308474,0,0
25,episodes,1.0,2016-07-04,0.0,400,0.0,2,25,>=,VEG,109725,OK,2016,Li et al. 2025a,2016-06-19,34.6,400,tmax_c,24.288654012308474,0,0
25,episodes,1.0,2016-07-13,0.0,125,0.0,2,25,>=,REP,109725,OK,2016,Li et al. (2025b),2016-07-09,33.7,125,tmax_c,24.288654012308474,0,0
25,episodes,1.0,2016-07-08,0.0,100,0.0,2,25,>=,FLO,109725,OK,2016,Li et al. (2025b),2016-07-05,33.7,100,tmax_c,24.288654012308474,0,0
25,episodes,1.0,2016-08-02,0.0,500,0.0,2,25,>=,FIL,109725,OK,2016,Li et al. (2025b),2016-07-14,32.7,500,tmax_c,24.288654012308474,0,0
25,days,1.0,2016-08-09,0.0,175,0.0,1,25,>,MAT,109725,OK,2016,Ortega Gómez et al. (2019),2016-08-03,10,175,precip_mm,24.288654012308474,0,0
25,episodes,1.0,1993-02-21,0.0,200,0.0,2,25,>=,EST,110046,OK,1993,Li et al. 2025a,1993-02-14,34,200,tmax_c,24.288654012308474,0,0
25,episodes,1.0,1993-04-12,0.0,625,0.0,2,25,>=,VEG,110046,OK,1993,Li et al. 2025a,1993-03-19,34.6,625,tmax_c,24.288654012308474,0,0
25,episodes,1.0,1993-04-28,0.0,200,0.0,2,25,>=,REP,110046,OK,1993,Li et al. (2025b),1993-04-21,33.7,200,tmax_c,24.288654012308474,0,0
25,episodes,1.0,1993-04-20,0.0,200,0.0,2,25,>=,FLO,110046,OK,1993,Li et al. (2025b),1993-04-13,33.7,200,tmax_c,24.288654012308474,0,0
25,episodes,1.0,1993-05-29,0.0,775,0.0,2,25,>=,FIL,110046,OK,1993,Li et al. (2025b),1993-04-29,32.7,775,tmax_c,24.288654012308474,0,0
25,days,1.0,1993-06-10,0.0,300,0.0,1,25,>,MAT,110046,OK,1993,Ortega Gómez et al. (2019),1993-05-30,10,300,precip_mm,24.288654012308474,0,0
25,episodes,1.0,1994-02-21,0.0,200,0.0,2,25,>=,EST,110046,OK,1994,Li et al. 2025a,1994-02-14,34,200,tmax_c,24.288654012308474,0,0
25,episodes,1.0,1994-04-12,0.0,625,0.0,2,25,>=,VEG,110046,OK,1994,Li et al. 2025a,1994-03-19,34.6,625,tmax_c,24.288654012308474,0,0
25,episodes,1.0,1994-04-28,0.0,200,0.0,2,25,>=,REP,110046,OK,1994,Li et al. (2025b),1994-04-21,33.7,200,tmax_c,24.288654012308474,0,0
25,episodes,1.0,1994-04-20,0.0,200,0.0,2,25,>=,FLO,110046,OK,1994,Li et al. (2025b),1994-04-13,33.7,200,tmax_c,24.288654012308474,0,0
25,episodes,1.0,1994-05-29,0.0,775,0.0,2,25,>=,FIL,110046,OK,1994,Li et al. (2025b),1994-04-29,32.7,775,tmax_c,24.288654012308474,0,0
25,days,1.0,1994-06-10,0.0,300,0.0,1,25,>,MAT,110046,OK,1994,Ortega Gómez et al. (2019),1994-05-30,10,300,precip_mm,24.288654012308474,0,0
25,episodes,1.0,1995-02-21,0.0,200,0.0,2,25,>=,EST,110046,OK,1995,Li et al. 2025a,1995-02-14,34,200,tmax_c,24.288654012308474,0,0
25,episodes,1.0,1995-04-12,0.0,625,0.0,2,25,>=,VEG,110046,OK,1995,Li et al. 2025a,1995-03-19,34.6,625,tmax_c,24.288654012308474,0,0
25,episodes,1.0,1995-04-28,0.0,200,0.0,2,25,>=,REP,110046,OK,1995,Li et al. (2025b),1995-04-21,33.7,200,tmax_c,24.288654012308474,0,0
25,episodes,1.0,1995-04-20,0.0,200,0.0,2,25,>=,FLO,110046,OK,1995,Li et al. (2025b),1995-04-13,33.7,200,tmax_c,24.288654012308474,0,0
25,episodes,1.0,1995-05-29,0.0,775,0.0,2,25,>=,FIL,110046,OK,1995,Li et al. (2025b),1995-04-29,32.7,775,tmax_c,24.288654012308474,0,0
25,days,1.0,1995-06-10,0.0,300,0.0,1,25,>,MAT,110046,OK,1995,Ortega Gómez et al. (2019),1995-05-30,10,300,precip_mm,24.288654012308474,0,0
25,episodes,1.0,1996-02-21,0.0,200,0.0,2,25,>=,EST,110046,OK,1996,Li et al. 2025a,1996-02-14,34,200,tmax_c,24.288654012308474,0,0
25,episodes,1.0,1996-04-12,0.0,625,0.0,2,25,>=,VEG,110046,OK,1996,Li et al. 2025a,1996-03-19,34.6,625,tmax_c,24.288654012308474,0,0
25,episodes,1.0,1996-04-28,0.0,200,0.0,2,25,>=,REP,110046,OK,1996,Li et al. (2025b),1996-04-21,33.7,200,tmax_c,24.288654012308474,0,0
25,episodes,1.0,1996-04-20,0.0,200,0.0,2,25,>=,FLO,110046,OK,1996,Li et al. (2025b),1996-04-13,33.7,200,tmax_c,24.288654012308474,0,0
25,episodes,1.0,1996-05-29,0.0,775,0.0,2,25,>=,FIL,110046,OK,1996,Li et al. (2025b),1996-04-29,32.7,775,tmax_c,24.288654012308474,0,0
25,days,1.0,1996-06-10,0.0,300,0.0,1,25,>,MAT,110046,OK,1996,Ortega Gómez et al. (2019),1996-05-30,10,300,precip_mm,24.288654012308474,0,0
25,episodes,1.0,2005-02-21,0.0,200,0.0,2,25,>=,EST,110040,OK,2005,Li et al. 2025a,2005-02-14,34,200,tmax_c,24.288654012308474,0,0
25,episodes,1.0,2005-04-12,0.0,625,0.0,2,25,>=,VEG,110040,OK,2005,Li et al. 2025a,2005-03-19,34.6,625,tmax_c,24.288654012308474,0,0
25,episodes,1.0,2005-04-28,0.0,200,0.0,2,25,>=,REP,110040,OK,2005,Li et al. (2025b),2005-04-21,33.7,200,tmax_c,24.288654012308474,0,0
25,episodes,1.0,2005-04-20,0.0,200,0.0,2,25,>=,FLO,110040,OK,2005,Li et al. (2025b),2005-04-13,33.7,200,tmax_c,24.288654012308474,0,0
25,episodes,1.0,2005-05-29,0.0,775,0.0,2,25,>=,FIL,110040,OK,2005,Li et al. (2025b),2005-04-29,32.7,775,tmax_c,24.288654012308474,0,0
25,days,1.0,2005-06-10,0.0,300,0.0,1,25,>,MAT,110040,OK,2005,Ortega Gómez et al. (2019),2005-05-30,10,300,precip_mm,24.288654012308474,0,0
25,episodes,1.0,2006-02-21,0.0,200,0.0,2,25,>=,EST,110040,OK,2006,Li et al. 2025a,2006-02-14,34,200,tmax_c,24.288654012308474,0,0
25,episodes,1.0,2006-04-12,0.0,625,0.0,2,25,>=,VEG,110040,OK,2006,Li et al. 2025a,2006-03-19,34.6,625,tmax_c,24.288654012308474,0,0
25,episodes,1.0,2006-04-28,0.0,200,0.0,2,25,>=,REP,110040,OK,2006,Li et al. (2025b),2006-04-21,33.7,200,tmax_c,24.288654012308474,0,0
25,episodes,1.0,2006-04-20,0.0,200,0.0,2,25,>=,FLO,110040,OK,2006,Li et al. (2025b),2006-04-13,33.7,200,tmax_c,24.288654012308474,0,0
25,episodes,1.0,2006-05-29,0.0,775,0.0,2,25,>=,FIL,110040,OK,2006,Li et al. (2025b),2006-04-29,32.7,775,tmax_c,24.288654012308474,0,0
25,days,1.0,2006-06-10,0.0,300,0.0,1,25,>,MAT,110040,OK,2006,Ortega Gómez et al. (2019),2006-05-30,10,300,precip_mm,24.288654012308474,0,0
25,episodes,1.0,2007-02-21,0.0,200,0.0,2,25,>=,EST,110040,OK,2007,Li et al. 2025a,2007-02-14,34,200,tmax_c,24.288654012308474,0,0
25,episodes,1.0,2007-04-12,0.0,625,0.0,2,25,>=,VEG,110040,OK,2007,Li et al. 2025a,2007-03-19,34.6,625,tmax_c,24.288654012308474,0,0
25,episodes,1.0,2007-04-28,0.0,200,0.0,2,25,>=,REP,110040,OK,2007,Li et al. (2025b),2007-04-21,33.7,200,tmax_c,24.288654012308474,0,0
25,episodes,1.0,2007-04-20,0.0,200,0.0,2,25,>=,FLO,110040,OK,2007,Li et al. (2025b),2007-04-13,33.7,200,tmax_c,24.288654012308474,0,0
25,episodes,1.0,2007-05-29,0.03996584088547156,775,0.03996584088547156,2,25,>=,FIL,110040,OK,2007,Li et al. (2025b),2007-04-29,32.7,775,tmax_c,24.288654012308474,0.9707164815781908,0.9707164815781908
25,days,1.0,2007-06-10,0.0,300,0.0,1,25,>,MAT,110040,OK,2007,Ortega Gómez et al. (2019),2007-05-30,10,300,precip_mm,24.288654012308474,0,0
25,episodes,1.0,2008-02-21,0.0,200,0.0,2,25,>=,EST,110040,OK,2008,Li et al. 2025a,2008-02-14,34,200,tmax_c,24.288654012308474,0,0
25,episodes,1.0,2008-04-12,0.0,625,0.0,2,25,>=,VEG,110040,OK,2008,Li et al. 2025a,2008-03-19,34.6,625,tmax_c,24.288654012308474,0,0
25,episodes,1.0,2008-04-28,0.0,200,0.0,2,25,>=,REP,110040,OK,2008,Li et al. (2025b),2008-04-21,33.7,200,tmax_c,24.288654012308474,0,0
25,episodes,1.0,2008-04-20,0.0,200,0.0,2,25,>=,FLO,110040,OK,2008,Li et al. (2025b),2008-04-13,33.7,200,tmax_c,24.288654012308474,0,0
25,episodes,1.0,2008-05-29,0.0,775,0.0,2,25,>=,FIL,110040,OK,2008,Li et al. (2025b),2008-04-29,32.7,775,tmax_c,24.288654012308474,0,0
25,days,1.0,2008-06-10,0.0,300,0.0,1,25,>,MAT,110040,OK,2008,Ortega Gómez et al. (2019),2008-05-30,10,300,precip_mm,24.288654012308474,0,0
25,episodes,1.0,1997-02-21,0.0,200,0.0,2,25,>=,EST,110045,OK,1997,Li et al. 2025a,1997-02-14,34,200,tmax_c,24.288654012308474,0,0
25,episodes,1.0,1997-04-12,0.0,625,0.0,2,25,>=,VEG,110045,OK,1997,Li et al. 2025a,1997-03-19,34.6,625,tmax_c,24.288654012308474,0,0
25,episodes,1.0,1997-04-28,0.0,200,0.0,2,25,>=,REP,110045,OK,1997,Li et al. (2025b),1997-04-21,33.7,200,tmax_c,24.288654012308474,0,0
25,episodes,1.0,1997-04-20,0.0,200,0.0,2,25,>=,FLO,110045,OK,1997,Li et al. (2025b),1997-04-13,33.7,200,tmax_c,24.288654012308474,0,0
25,episodes,1.0,1997-05-29,0.0,775,0.0,2,25,>=,FIL,110045,OK,1997,Li et al. (2025b),1997-04-29,32.7,775,tmax_c,24.288654012308474,0,0
25,days,1.0,1997-06-10,0.5997957762923265,300,0.6797446594417913,1,25,>,MAT,110045,OK,1997,Ortega Gómez et al. (2019),1997-05-30,10,300,precip_mm,24.288654012308474,16.510082849896122,14.568232088408292
25,episodes,1.0,1998-02-21,0.0,200,0.0,2,25,>=,EST,110045,OK,1998,Li et al. 2025a,1998-02-14,34,200,tmax_c,24.288654012308474,0,0
25,episodes,1.0,1998-04-12,0.0,625,0.0,2,25,>=,VEG,110045,OK,1998,Li et al. 2025a,1998-03-19,34.6,625,tmax_c,24.288654012308474,0,0
25,episodes,1.0,1998-04-28,0.0,200,0.0,2,25,>=,REP,110045,OK,1998,Li et al. (2025b),1998-04-21,33.7,200,tmax_c,24.288654012308474,0,0
25,episodes,1.0,1998-04-20,0.0,200,0.0,2,25,>=,FLO,110045,OK,1998,Li et al. (2025b),1998-04-13,33.7,200,tmax_c,24.288654012308474,0,0
25,episodes,1.0,1998-05-29,0.0,775,0.0,2,25,>=,FIL,110045,OK,1998,Li et al. (2025b),1998-04-29,32.7,775,tmax_c,24.288654012308474,0,0
25,days,1.0,1998-06-10,0.0,300,0.0,1,25,>,MAT,110045,OK,1998,Ortega Gómez et al. (2019),1998-05-30,10,300,precip_mm,24.288654012308474,0,0
25,episodes,1.0,1999-02-21,0.0,200,0.0,2,25,>=,EST,110045,OK,1999,Li et al. 2025a,1999-02-14,34,200,tmax_c,24.288654012308474,0,0
25,episodes,1.0,1999-04-12,0.0,625,0.0,2,25,>=,VEG,110045,OK,1999,Li et al. 2025a,1999-03-19,34.6,625,tmax_c,24.288654012308474,0,0
25,episodes,1.0,1999-04-28,0.0,200,0.0,2,25,>=,REP,110045,OK,1999,Li et al. (2025b),1999-04-21,33.7,200,tmax_c,24.288654012308474,0,0
25,episodes,1.0,1999-04-20,0.0,200,0.0,2,25,>=,FLO,110045,OK,1999,Li et al. (2025b),1999-04-13,33.7,200,tmax_c,24.288654012308474,0,0
25,episodes,1.0,1999-05-29,0.0,775,0.0,2,25,>=,FIL,110045,OK,1999,Li et al. (2025b),1999-04-29,32.7,775,tmax_c,24.288654012308474,0,0
25,days,1.0,1999-06-10,0.0,300,0.0,1,25,>,MAT,110045,OK,1999,Ortega Gómez et al. (2019),1999-05-30,10,300,precip_mm,24.288654012308474,0,0
25,episodes,1.0,2000-02-21,0.0,200,0.0,2,25,>=,EST,110045,OK,2000,Li et al. 2025a,2000-02-14,34,200,tmax_c,24.288654012308474,0,0
25,episodes,1.0,2000-04-12,0.0,625,0.0,2,25,>=,VEG,110045,OK,2000,Li et al. 2025a,2000-03-19,34.6,625,tmax_c,24.288654012308474,0,0
25,episodes,1.0,2000-04-28,0.0,200,0.0,2,25,>=,REP,110045,OK,2000,Li et al. (2025b),2000-04-21,33.7,200,tmax_c,24.288654012308474,0,0
25,episodes,1.0,2000-04-20,0.0,200,0.0,2,25,>=,FLO,110045,OK,2000,Li et al. (2025b),2000-04-13,33.7,200,tmax_c,24.288654012308474,0,0
25,episodes,1.0,2000-05-29,0.0,775,0.0,2,25,>=,FIL,110045,OK,2000,Li et al. (2025b),2000-04-29,32.7,775,tmax_c,24.288654012308474,0,0
25,days,1.0,2000-06-10,0.0,300,0.0,1,25,>,MAT,110045,OK,2000,Ortega Gómez et al. (2019),2000-05-30,10,300,precip_mm,24.288654012308474,0,0
25,episodes,1.0,2005-02-21,0.0,200,0.0,2,25,>=,EST,110044,OK,2005,Li et al. 2025a,2005-02-14,34,200,tmax_c,24.288654012308474,0,0
25,episodes,1.0,2005-04-12,0.0,625,0.0,2,25,>=,VEG,110044,OK,2005,Li et al. 2025a,2005-03-19,34.6,625,tmax_c,24.288654012308474,0,0
25,episodes,1.0,2005-04-28,0.0,200,0.0,2,25,>=,REP,110044,OK,2005,Li et al. (2025b),2005-04-21,33.7,200,tmax_c,24.288654012308474,0,0
25,episodes,1.0,2005-04-20,0.0,200,0.0,2,25,>=,FLO,110044,OK,2005,Li et al. (2025b),2005-04-13,33.7,200,tmax_c,24.288654012308474,0,0
25,episodes,1.0,2005-05-29,0.0,775,0.0,2,25,>=,FIL,110044,OK,2005,Li et al. (2025b),2005-04-29,32.7,775,tmax_c,24.288654012308474,0,0
25,days,1.0,2005-06-10,0.0,300,0.0,1,25,>,MAT,110044,OK,2005,Ortega Gómez et al. (2019),2005-05-30,10,300,precip_mm,24.288654012308474,0,0
25,episodes,1.0,2006-02-21,0.0,200,0.0,2,25,>=,EST,110044,OK,2006,Li et al. 2025a,2006-02-14,34,200,tmax_c,24.288654012308474,0,0
25,episodes,1.0,2006-04-12,0.0,625,0.0,2,25,>=,VEG,110044,OK,2006,Li et al. 2025a,2006-03-19,34.6,625,tmax_c,24.288654012308474,0,0
25,episodes,1.0,2006-04-28,0.0,200,0.0,2,25,>=,REP,110044,OK,2006,Li et al. (2025b),2006-04-21,33.7,200,tmax_c,24.288654012308474,0,0
25,episodes,1.0,2006-04-20,0.0,200,0.0,2,25,>=,FLO,110044,OK,2006,Li et al. (2025b),2006-04-13,33.7,200,tmax_c,24.288654012308474,0,0
25,episodes,1.0,2006-05-29,0.0,775,0.0,2,25,>=,FIL,110044,OK,2006,Li et al. (2025b),2006-04-29,32.7,775,tmax_c,24.288654012308474,0,0
25,days,1.0,2006-06-10,0.0,300,0.0,1,25,>,MAT,110044,OK,2006,Ortega Gómez et al. (2019),2006-05-30,10,300,precip_mm,24.288654012308474,0,0
25,episodes,1.0,2007-02-21,0.0,200,0.0,2,25,>=,EST,110044,OK,2007,Li et al. 2025a,2007-02-14,34,200,tmax_c,24.288654012308474,0,0
25,episodes,1.0,2007-04-12,0.0,625,0.0,2,25,>=,VEG,110044,OK,2007,Li et al. 2025a,2007-03-19,34.6,625,tmax_c,24.288654012308474,0,0
25,episodes,1.0,2007-04-28,0.0,200,0.0,2,25,>=,REP,110044,OK,2007,Li et al. (2025b),2007-04-21,33.7,200,tmax_c,24.288654012308474,0,0
25,episodes,1.0,2007-04-20,0.0,200,0.0,2,25,>=,FLO,110044,OK,2007,Li et al. (2025b),2007-04-13,33.7,200,tmax_c,24.288654012308474,0,0
25,episodes,1.0,2007-05-29,0.0,775,0.0,2,25,>=,FIL,110044,OK,2007,Li et al. (2025b),2007-04-29,32.7,775,tmax_c,24.288654012308474,0,0
25,days,1.0,2007-06-10,0.0,300,0.0,1,25,>,MAT,110044,OK,2007,Ortega Gómez et al. (2019),2007-05-30,10,300,precip_mm,24.288654012308474,0,0
25,episodes,1.0,2008-02-21,0.0,200,0.0,2,25,>=,EST,110044,OK,2008,Li et al. 2025a,2008-02-14,34,200,tmax_c,24.288654012308474,0,0
25,episodes,1.0,2008-04-12,0.0,625,0.0,2,25,>=,VEG,110044,OK,2008,Li et al. 2025a,2008-03-19,34.6,625,tmax_c,24.288654012308474,0,0
25,episodes,1.0,2008-04-28,0.0,200,0.0,2,25,>=,REP,110044,OK,2008,Li et al. (2025b),2008-04-21,33.7,200,tmax_c,24.288654012308474,0,0
25,episodes,1.0,2008-04-20,0.0,200,0.0,2,25,>=,FLO,110044,OK,2008,Li et al. (2025b),2008-04-13,33.7,200,tmax_c,24.288654012308474,0,0
25,episodes,1.0,2008-05-29,0.0,775,0.0,2,25,>=,FIL,110044,OK,2008,Li et al. (2025b),2008-04-29,32.7,775,tmax_c,24.288654012308474,0,0
25,days,1.0,2008-06-10,0.0,300,0.0,1,25,>,MAT,110044,OK,2008,Ortega Gómez et al. (2019),2008-05-30,10,300,precip_mm,24.288654012308474,0,0
25,episodes,1.0,2001-02-21,0.0,200,0.0,2,25,>=,EST,110043,OK,2001,Li et al. 2025a,2001-02-14,34,200,tmax_c,24.288654012308474,0,0
25,episodes,1.0,2001-04-12,0.0,625,0.0,2,25,>=,VEG,110043,OK,2001,Li et al. 2025a,2001-03-19,34.6,625,tmax_c,24.288654012308474,0,0
25,episodes,1.0,2001-04-28,0.0,200,0.0,2,25,>=,REP,110043,OK,2001,Li et al. (2025b),2001-04-21,33.7,200,tmax_c,24.288654012308474,0,0
25,episodes,1.0,2001-04-20,0.0,200,0.0,2,25,>=,FLO,110043,OK,2001,Li et al. (2025b),2001-04-13,33.7,200,tmax_c,24.288654012308474,0,0
25,episodes,1.0,2001-05-29,0.0,775,0.0,2,25,>=,FIL,110043,OK,2001,Li et al. (2025b),2001-04-29,32.7,775,tmax_c,24.288654012308474,0,0
25,days,1.0,2001-06-10,0.0,300,0.0,1,25,>,MAT,110043,OK,2001,Ortega Gómez et al. (2019),2001-05-30,10,300,precip_mm,24.288654012308474,0,0
25,episodes,1.0,2002-02-21,0.0,200,0.0,2,25,>=,EST,110043,OK,2002,Li et al. 2025a,2002-02-14,34,200,tmax_c,24.288654012308474,0,0
25,episodes,1.0,2002-04-12,0.0,625,0.0,2,25,>=,VEG,110043,OK,2002,Li et al. 2025a,2002-03-19,34.6,625,tmax_c,24.288654012308474,0,0
25,episodes,1.0,2002-04-28,0.0,200,0.0,2,25,>=,REP,110043,OK,2002,Li et al. (2025b),2002-04-21,33.7,200,tmax_c,24.288654012308474,0,0
25,episodes,1.0,2002-04-20,0.0,200,0.0,2,25,>=,FLO,110043,OK,2002,Li et al. (2025b),2002-04-13,33.7,200,tmax_c,24.288654012308474,0,0
25,episodes,1.0,2002-05-29,0.0,775,0.0,2,25,>=,FIL,110043,OK,2002,Li et al. (2025b),2002-04-29,32.7,775,tmax_c,24.288654012308474,0,0
25,days,1.0,2002-06-10,0.0,300,0.0,1,25,>,MAT,110043,OK,2002,Ortega Gómez et al. (2019),2002-05-30,10,300,precip_mm,24.288654012308474,0,0
25,episodes,1.0,2003-02-21,0.0,200,0.0,2,25,>=,EST,110043,OK,2003,Li et al. 2025a,2003-02-14,34,200,tmax_c,24.288654012308474,0,0
25,episodes,1.0,2003-04-12,0.0,625,0.0,2,25,>=,VEG,110043,OK,2003,Li et al. 2025a,2003-03-19,34.6,625,tmax_c,24.288654012308474,0,0
25,episodes,1.0,2003-04-28,0.0,200,0.0,2,25,>=,REP,110043,OK,2003,Li et al. (2025b),2003-04-21,33.7,200,tmax_c,24.288654012308474,0,0
25,episodes,1.0,2003-04-20,0.0,200,0.0,2,25,>=,FLO,110043,OK,2003,Li et al. (2025b),2003-04-13,33.7,200,tmax_c,24.288654012308474,0,0
25,episodes,1.0,2003-05-29,0.0,775,0.0,2,25,>=,FIL,110043,OK,2003,Li et al. (2025b),2003-04-29,32.7,775,tmax_c,24.288654012308474,0,0
25,days,1.0,2003-06-10,0.0,300,0.0,1,25,>,MAT,110043,OK,2003,Ortega Gómez et al. (2019),2003-05-30,10,300,precip_mm,24.288654012308474,0,0
25,episodes,1.0,2004-02-21,0.0,200,0.0,2,25,>=,EST,110043,OK,2004,Li et al. 2025a,2004-02-14,34,200,tmax_c,24.288654012308474,0,0
25,episodes,1.0,2004-04-12,0.0,625,0.0,2,25,>=,VEG,110043,OK,2004,Li et al. 2025a,2004-03-19,34.6,625,tmax_c,24.288654012308474,0,0
25,episodes,1.0,2004-04-28,0.0,200,0.0,2,25,>=,REP,110043,OK,2004,Li et al. (2025b),2004-04-21,33.7,200,tmax_c,24.288654012308474,0,0
25,episodes,1.0,2004-04-20,0.0,200,0.0,2,25,>=,FLO,110043,OK,2004,Li et al. (2025b),2004-04-13,33.7,200,tmax_c,24.288654012308474,0,0
25,episodes,1.0,2004-05-29,0.0,775,0.0,2,25,>=,FIL,110043,OK,2004,Li et al. (2025b),2004-04-29,32.7,775,tmax_c,24.288654012308474,0,0
25,days,1.0,2004-06-10,0.0,300,0.0,1,25,>,MAT,110043,OK,2004,Ortega Gómez et al. (2019),2004-05-30,10,300,precip_mm,24.288654012308474,0,0
25,episodes,1.0,2013-02-21,0.0,200,0.0,2,25,>=,EST,110040,OK,2013,Li et al. 2025a,2013-02-14,34,200,tmax_c,24.288654012308474,0,0
25,episodes,1.0,2013-04-12,0.0,625,0.0,2,25,>=,VEG,110040,OK,2013,Li et al. 2025a,2013-03-19,34.6,625,tmax_c,24.288654012308474,0,0
25,episodes,1.0,2013-04-28,0.0,200,0.0,2,25,>=,REP,110040,OK,2013,Li et al. (2025b),2013-04-21,33.7,200,tmax_c,24.288654012308474,0,0
25,episodes,1.0,2013-04-20,0.0,200,0.0,2,25,>=,FLO,110040,OK,2013,Li et al. (2025b),2013-04-13,33.7,200,tmax_c,24.288654012308474,0,0
25,episodes,1.0,2013-05-29,0.0,775,0.0,2,25,>=,FIL,110040,OK,2013,Li et al. (2025b),2013-04-29,32.7,775,tmax_c,24.288654012308474,0,0
25,days,1.0,2013-06-10,0.6399830422639933,300,0.7199147240349364,1,25,>,MAT,110040,OK,2013,Ortega Gómez et al. (2019),2013-05-30,10,300,precip_mm,24.288654012308474,17.485759650451104,15.544326687294722
25,episodes,1.0,2014-02-21,0.0,200,0.0,2,25,>=,EST,110040,OK,2014,Li et al. 2025a,2014-02-14,34,200,tmax_c,24.288654012308474,0,0
25,episodes,1.0,2014-04-12,0.0,625,0.0,2,25,>=,VEG,110040,OK,2014,Li et al. 2025a,2014-03-19,34.6,625,tmax_c,24.288654012308474,0,0
25,episodes,1.0,2014-04-28,0.0,200,0.0,2,25,>=,REP,110040,OK,2014,Li et al. (2025b),2014-04-21,33.7,200,tmax_c,24.288654012308474,0,0
25,episodes,1.0,2014-04-20,0.0,200,0.0,2,25,>=,FLO,110040,OK,2014,Li et al. (2025b),2014-04-13,33.7,200,tmax_c,24.288654012308474,0,0
25,episodes,1.0,2014-05-29,0.0,775,0.0,2,25,>=,FIL,110040,OK,2014,Li et al. (2025b),2014-04-29,32.7,775,tmax_c,24.288654012308474,0,0
25,days,1.0,2014-06-10,0.0,300,0.0,1,25,>,MAT,110040,OK,2014,Ortega Gómez et al. (2019),2014-05-30,10,300,precip_mm,24.288654012308474,0,0
25,episodes,1.0,2015-02-21,0.0,200,0.0,2,25,>=,EST,110040,OK,2015,Li et al. 2025a,2015-02-14,34,200,tmax_c,24.288654012308474,0,0
25,episodes,1.0,2015-04-12,0.0,625,0.0,2,25,>=,VEG,110040,OK,2015,Li et al. 2025a,2015-03-19,34.6,625,tmax_c,24.288654012308474,0,0
25,episodes,1.0,2015-04-28,0.0,200,0.0,2,25,>=,REP,110040,OK,2015,Li et al. (2025b),2015-04-21,33.7,200,tmax_c,24.288654012308474,0,0
25,episodes,1.0,2015-04-20,0.0,200,0.0,2,25,>=,FLO,110040,OK,2015,Li et al. (2025b),2015-04-13,33.7,200,tmax_c,24.288654012308474,0,0
25,episodes,1.0,2015-05-29,0.0,775,0.0,2,25,>=,FIL,110040,OK,2015,Li et al. (2025b),2015-04-29,32.7,775,tmax_c,24.288654012308474,0,0
25,days,1.0,2015-06-10,0.03996584088547156,300,0.03996584088547156,1,25,>,MAT,110040,OK,2015,Ortega Gómez et al. (2019),2015-05-30,10,300,precip_mm,24.288654012308474,0.9707164815781908,0.9707164815781908
25,episodes,1.0,2016-02-21,0.0,200,0.0,2,25,>=,EST,110040,OK,2016,Li et al. 2025a,2016-02-14,34,200,tmax_c,24.288654012308474,0,0
25,episodes,1.0,2016-04-12,0.0,625,0.0,2,25,>=,VEG,110040,OK,2016,Li et al. 2025a,2016-03-19,34.6,625,tmax_c,24.288654012308474,0,0
25,episodes,1.0,2016-04-28,0.0,200,0.0,2,25,>=,REP,110040,OK,2016,Li et al. (2025b),2016-04-21,33.7,200,tmax_c,24.288654012308474,0,0
25,episodes,1.0,2016-04-20,0.0,200,0.0,2,25,>=,FLO,110040,OK,2016,Li et al. (2025b),2016-04-13,33.7,200,tmax_c,24.288654012308474,0,0
25,episodes,1.0,2016-05-29,0.0,775,0.0,2,25,>=,FIL,110040,OK,2016,Li et al. (2025b),2016-04-29,32.7,775,tmax_c,24.288654012308474,0,0
25,days,1.0,2016-06-10,0.03996584088547156,300,0.03996584088547156,1,25,>,MAT,110040,OK,2016,Ortega Gómez et al. (2019),2016-05-30,10,300,precip_mm,24.288654012308474,0.9707164815781908,0.9707164815781908
25,episodes,1.0,1985-02-21,0.0,200,0.0,2,25,>=,EST,110047,OK,1985,Li et al. 2025a,1985-02-14,34,200,tmax_c,24.288654012308474,0,0
25,episodes,1.0,1985-04-12,0.0,625,0.0,2,25,>=,VEG,110047,OK,1985,Li et al. 2025a,1985-03-19,34.6,625,tmax_c,24.288654012308474,0,0
25,episodes,1.0,1985-04-28,0.0,200,0.0,2,25,>=,REP,110047,OK,1985,Li et al. (2025b),1985-04-21,33.7,200,tmax_c,24.288654012308474,0,0
25,episodes,1.0,1985-04-20,0.0,200,0.0,2,25,>=,FLO,110047,OK,1985,Li et al. (2025b),1985-04-13,33.7,200,tmax_c,24.288654012308474,0,0
25,episodes,1.0,1985-05-29,0.0,775,0.0,2,25,>=,FIL,110047,OK,1985,Li et al. (2025b),1985-04-29,32.7,775,tmax_c,24.288654012308474,0,0
25,days,1.0,1985-06-10,0.0,300,0.0,1,25,>,MAT,110047,OK,1985,Ortega Gómez et al. (2019),1985-05-30,10,300,precip_mm,24.288654012308474,0,0
25,episodes,1.0,1986-02-21,0.0,200,0.0,2,25,>=,EST,110047,OK,1986,Li et al. 2025a,1986-02-14,34,200,tmax_c,24.288654012308474,0,0
25,episodes,1.0,1986-04-12,0.0,625,0.0,2,25,>=,VEG,110047,OK,1986,Li et al. 2025a,1986-03-19,34.6,625,tmax_c,24.288654012308474,0,0
25,episodes,1.0,1986-04-28,0.0,200,0.0,2,25,>=,REP,110047,OK,1986,Li et al. (2025b),1986-04-21,33.7,200,tmax_c,24.288654012308474,0,0
25,episodes,1.0,1986-04-20,0.0,200,0.0,2,25,>=,FLO,110047,OK,1986,Li et al. (2025b),1986-04-13,33.7,200,tmax_c,24.288654012308474,0,0
25,episodes,1.0,1986-05-29,0.0,775,0.0,2,25,>=,FIL,110047,OK,1986,Li et al. (2025b),1986-04-29,32.7,775,tmax_c,24.288654012308474,0,0
25,days,1.0,1986-06-10,1.0,300,1.0,1,25,>,MAT,110047,OK,1986,Ortega Gómez et al. (2019),1986-05-30,10,300,precip_mm,24.288654012308474,24.288654012308474,24.288654012308474
25,episodes,1.0,1987-02-21,0.0,200,0.0,2,25,>=,EST,110047,OK,1987,Li et al. 2025a,1987-02-14,34,200,tmax_c,24.288654012308474,0,0
25,episodes,1.0,1987-04-12,0.0,625,0.0,2,25,>=,VEG,110047,OK,1987,Li et al. 2025a,1987-03-19,34.6,625,tmax_c,24.288654012308474,0,0
25,episodes,1.0,1987-04-28,0.0,200,0.0,2,25,>=,REP,110047,OK,1987,Li et al. (2025b),1987-04-21,33.7,200,tmax_c,24.288654012308474,0,0
25,episodes,1.0,1987-04-20,0.0,200,0.0,2,25,>=,FLO,110047,OK,1987,Li et al. (2025b),1987-04-13,33.7,200,tmax_c,24.288654012308474,0,0
25,episodes,1.0,1987-05-29,0.0,775,0.0,2,25,>=,FIL,110047,OK,1987,Li et al. (2025b),1987-04-29,32.7,775,tmax_c,24.288654012308474,0,0
25,days,1.0,1987-06-10,0.0,300,0.0,1,25,>,MAT,110047,OK,1987,Ortega Gómez et al. (2019),1987-05-30,10,300,precip_mm,24.288654012308474,0,0
25,episodes,1.0,1988-02-21,0.0,200,0.0,2,25,>=,EST,110047,OK,1988,Li et al. 2025a,1988-02-14,34,200,tmax_c,24.288654012308474,0,0
25,episodes,1.0,1988-04-12,0.0,625,0.0,2,25,>=,VEG,110047,OK,1988,Li et al. 2025a,1988-03-19,34.6,625,tmax_c,24.288654012308474,0,0
25,episodes,1.0,1988-04-28,0.0,200,0.0,2,25,>=,REP,110047,OK,1988,Li et al. (2025b),1988-04-21,33.7,200,tmax_c,24.288654012308474,0,0
25,episodes,1.0,1988-04-20,0.0,200,0.0,2,25,>=,FLO,110047,OK,1988,Li et al. (2025b),1988-04-13,33.7,200,tmax_c,24.288654012308474,0,0
25,episodes,1.0,1988-05-29,0.0,775,0.0,2,25,>=,FIL,110047,OK,1988,Li et al. (2025b),1988-04-29,32.7,775,tmax_c,24.288654012308474,0,0
25,days,1.0,1988-06-10,0.0,300,0.0,1,25,>,MAT,110047,OK,1988,Ortega Gómez et al. (2019),1988-05-30,10,300,precip_mm,24.288654012308474,0,0
25,episodes,1.0,1993-02-21,0.0,200,0.0,2,25,>=,EST,110047,OK,1993,Li et al. 2025a,1993-02-14,34,200,tmax_c,24.288654012308474,0,0
25,episodes,1.0,1993-04-12,0.0,625,0.0,2,25,>=,VEG,110047,OK,1993,Li et al. 2025a,1993-03-19,34.6,625,tmax_c,24.288654012308474,0,0
25,episodes,1.0,1993-04-28,0.0,200,0.0,2,25,>=,REP,110047,OK,1993,Li et al. (2025b),1993-04-21,33.7,200,tmax_c,24.288654012308474,0,0
25,episodes,1.0,1993-04-20,0.0,200,0.0,2,25,>=,FLO,110047,OK,1993,Li et al. (2025b),1993-04-13,33.7,200,tmax_c,24.288654012308474,0,0
25,episodes,1.0,1993-05-29,0.0,775,0.0,2,25,>=,FIL,110047,OK,1993,Li et al. (2025b),1993-04-29,32.7,775,tmax_c,24.288654012308474,0,0
25,days,1.0,1993-06-10,0.0,300,0.0,1,25,>,MAT,110047,OK,1993,Ortega Gómez et al. (2019),1993-05-30,10,300,precip_mm,24.288654012308474,0,0
25,episodes,1.0,1994-02-21,0.0,200,0.0,2,25,>=,EST,110047,OK,1994,Li et al. 2025a,1994-02-14,34,200,tmax_c,24.288654012308474,0,0
25,episodes,1.0,1994-04-12,0.0,625,0.0,2,25,>=,VEG,110047,OK,1994,Li et al. 2025a,1994-03-19,34.6,625,tmax_c,24.288654012308474,0,0
25,episodes,1.0,1994-04-28,0.0,200,0.0,2,25,>=,REP,110047,OK,1994,Li et al. (2025b),1994-04-21,33.7,200,tmax_c,24.288654012308474,0,0
25,episodes,1.0,1994-04-20,0.0,200,0.0,2,25,>=,FLO,110047,OK,1994,Li et al. (2025b),1994-04-13,33.7,200,tmax_c,24.288654012308474,0,0
25,episodes,1.0,1994-05-29,0.0,775,0.0,2,25,>=,FIL,110047,OK,1994,Li et al. (2025b),1994-04-29,32.7,775,tmax_c,24.288654012308474,0,0
25,days,1.0,1994-06-10,0.0,300,0.0,1,25,>,MAT,110047,OK,1994,Ortega Gómez et al. (2019),1994-05-30,10,300,precip_mm,24.288654012308474,0,0
25,episodes,1.0,1995-02-21,0.0,200,0.0,2,25,>=,EST,110047,OK,1995,Li et al. 2025a,1995-02-14,34,200,tmax_c,24.288654012308474,0,0
25,episodes,1.0,1995-04-12,0.0,625,0.0,2,25,>=,VEG,110047,OK,1995,Li et al. 2025a,1995-03-19,34.6,625,tmax_c,24.288654012308474,0,0
25,episodes,1.0,1995-04-28,0.0,200,0.0,2,25,>=,REP,110047,OK,1995,Li et al. (2025b),1995-04-21,33.7,200,tmax_c,24.288654012308474,0,0
25,episodes,1.0,1995-04-20,0.0,200,0.0,2,25,>=,FLO,110047,OK,1995,Li et al. (2025b),1995-04-13,33.7,200,tmax_c,24.288654012308474,0,0
25,episodes,1.0,1995-05-29,0.0,775,0.0,2,25,>=,FIL,110047,OK,1995,Li et al. (2025b),1995-04-29,32.7,775,tmax_c,24.288654012308474,0,0
25,days,1.0,1995-06-10,0.0,300,0.0,1,25,>,MAT,110047,OK,1995,Ortega Gómez et al. (2019),1995-05-30,10,300,precip_mm,24.288654012308474,0,0
25,episodes,1.0,1996-02-21,0.0,200,0.0,2,25,>=,EST,110047,OK,1996,Li et al. 2025a,1996-02-14,34,200,tmax_c,24.288654012308474,0,0
25,episodes,1.0,1996-04-12,0.0,625,0.0,2,25,>=,VEG,110047,OK,1996,Li et al. 2025a,1996-03-19,34.6,625,tmax_c,24.288654012308474,0,0
25,episodes,1.0,1996-04-28,0.0,200,0.0,2,25,>=,REP,110047,OK,1996,Li et al. (2025b),1996-04-21,33.7,200,tmax_c,24.288654012308474,0,0
25,episodes,1.0,1996-04-20,0.0,200,0.0,2,25,>=,FLO,110047,OK,1996,Li et al. (2025b),1996-04-13,33.7,200,tmax_c,24.288654012308474,0,0
25,episodes,1.0,1996-05-29,0.0,775,0.0,2,25,>=,FIL,110047,OK,1996,Li et al. (2025b),1996-04-29,32.7,775,tmax_c,24.288654012308474,0,0
25,days,1.0,1996-06-10,0.0,300,0.0,1,25,>,MAT,110047,OK,1996,Ortega Gómez et al. (2019),1996-05-30,10,300,precip_mm,24.288654012308474,0,0
25,episodes,1.0,1997-02-21,0.0,200,0.0,2,25,>=,EST,110046,OK,1997,Li et al. 2025a,1997-02-14,34,200,tmax_c,24.288654012308474,0,0
25,episodes,1.0,1997-04-12,0.0,625,0.0,2,25,>=,VEG,110046,OK,1997,Li et al. 2025a,1997-03-19,34.6,625,tmax_c,24.288654012308474,0,0
25,episodes,1.0,1997-04-28,0.0,200,0.0,2,25,>=,REP,110046,OK,1997,Li et al. (2025b),1997-04-21,33.7,200,tmax_c,24.288654012308474,0,0
25,episodes,1.0,1997-04-20,0.0,200,0.0,2,25,>=,FLO,110046,OK,1997,Li et al. (2025b),1997-04-13,33.7,200,tmax_c,24.288654012308474,0,0
25,episodes,1.0,1997-05-29,0.0,775,0.0,2,25,>=,FIL,110046,OK,1997,Li et al. (2025b),1997-04-29,32.7,775,tmax_c,24.288654012308474,0,0
25,days,1.0,1997-06-10,0.9599660845798652,300,1.2401360272739714,1,25,>,MAT,110046,OK,1997,Ortega Gómez et al. (2019),1997-05-30,10,300,precip_mm,24.288654012308474,30.121234894656236,23.3162840919108
25,episodes,1.0,1998-02-21,0.0,200,0.0,2,25,>=,EST,110046,OK,1998,Li et al. 2025a,1998-02-14,34,200,tmax_c,24.288654012308474,0,0
25,episodes,1.0,1998-04-12,0.0,625,0.0,2,25,>=,VEG,110046,OK,1998,Li et al. 2025a,1998-03-19,34.6,625,tmax_c,24.288654012308474,0,0
25,episodes,1.0,1998-04-28,0.0,200,0.0,2,25,>=,REP,110046,OK,1998,Li et al. (2025b),1998-04-21,33.7,200,tmax_c,24.288654012308474,0,0
25,episodes,1.0,1998-04-20,0.0,200,0.0,2,25,>=,FLO,110046,OK,1998,Li et al. (2025b),1998-04-13,33.7,200,tmax_c,24.288654012308474,0,0
25,episodes,1.0,1998-05-29,0.0,775,0.0,2,25,>=,FIL,110046,OK,1998,Li et al. (2025b),1998-04-29,32.7,775,tmax_c,24.288654012308474,0,0
25,days,1.0,1998-06-10,0.0,300,0.0,1,25,>,MAT,110046,OK,1998,Ortega Gómez et al. (2019),1998-05-30,10,300,precip_mm,24.288654012308474,0,0
25,episodes,1.0,1999-02-21,0.0,200,0.0,2,25,>=,EST,110046,OK,1999,Li et al. 2025a,1999-02-14,34,200,tmax_c,24.288654012308474,0,0
25,episodes,1.0,1999-04-12,0.0,625,0.0,2,25,>=,VEG,110046,OK,1999,Li et al. 2025a,1999-03-19,34.6,625,tmax_c,24.288654012308474,0,0
25,episodes,1.0,1999-04-28,0.0,200,0.0,2,25,>=,REP,110046,OK,1999,Li et al. (2025b),1999-04-21,33.7,200,tmax_c,24.288654012308474,0,0
25,episodes,1.0,1999-04-20,0.0,200,0.0,2,25,>=,FLO,110046,OK,1999,Li et al. (2025b),1999-04-13,33.7,200,tmax_c,24.288654012308474,0,0
25,episodes,1.0,1999-05-29,0.0,775,0.0,2,25,>=,FIL,110046,OK,1999,Li et al. (2025b),1999-04-29,32.7,775,tmax_c,24.288654012308474,0,0
25,days,1.0,1999-06-10,0.0,300,0.0,1,25,>,MAT,110046,OK,1999,Ortega Gómez et al. (2019),1999-05-30,10,300,precip_mm,24.288654012308474,0,0
25,episodes,1.0,2000-02-21,0.0,200,0.0,2,25,>=,EST,110046,OK,2000,Li et al. 2025a,2000-02-14,34,200,tmax_c,24.288654012308474,0,0
25,episodes,1.0,2000-04-12,0.0,625,0.0,2,25,>=,VEG,110046,OK,2000,Li et al. 2025a,2000-03-19,34.6,625,tmax_c,24.288654012308474,0,0
25,episodes,1.0,2000-04-28,0.0,200,0.0,2,25,>=,REP,110046,OK,2000,Li et al. (2025b),2000-04-21,33.7,200,tmax_c,24.288654012308474,0,0
25,episodes,1.0,2000-04-20,0.0,200,0.0,2,25,>=,FLO,110046,OK,2000,Li et al. (2025b),2000-04-13,33.7,200,tmax_c,24.288654012308474,0,0
25,episodes,1.0,2000-05-29,0.0,775,0.0,2,25,>=,FIL,110046,OK,2000,Li et al. (2025b),2000-04-29,32.7,775,tmax_c,24.288654012308474,0,0
25,days,1.0,2000-06-10,0.0,300,0.0,1,25,>,MAT,110046,OK,2000,Ortega Gómez et al. (2019),2000-05-30,10,300,precip_mm,24.288654012308474,0,0
25,episodes,1.0,1989-02-21,0.0,200,0.0,2,25,>=,EST,110047,OK,1989,Li et al. 2025a,1989-02-14,34,200,tmax_c,24.288654012308474,0,0
25,episodes,1.0,1989-04-12,0.0,625,0.0,2,25,>=,VEG,110047,OK,1989,Li et al. 2025a,1989-03-19,34.6,625,tmax_c,24.288654012308474,0,0
25,episodes,1.0,1989-04-28,0.0,200,0.0,2,25,>=,REP,110047,OK,1989,Li et al. (2025b),1989-04-21,33.7,200,tmax_c,24.288654012308474,0,0
25,episodes,1.0,1989-04-20,0.0,200,0.0,2,25,>=,FLO,110047,OK,1989,Li et al. (2025b),1989-04-13,33.7,200,tmax_c,24.288654012308474,0,0
25,episodes,1.0,1989-05-29,0.0,775,0.0,2,25,>=,FIL,110047,OK,1989,Li et al. (2025b),1989-04-29,32.7,775,tmax_c,24.288654012308474,0,0
25,days,1.0,1989-06-10,0.0,300,0.0,1,25,>,MAT,110047,OK,1989,Ortega Gómez et al. (2019),1989-05-30,10,300,precip_mm,24.288654012308474,0,0
25,episodes,1.0,1990-02-21,0.0,200,0.0,2,25,>=,EST,110047,OK,1990,Li et al. 2025a,1990-02-14,34,200,tmax_c,24.288654012308474,0,0
25,episodes,1.0,1990-04-12,0.0,625,0.0,2,25,>=,VEG,110047,OK,1990,Li et al. 2025a,1990-03-19,34.6,625,tmax_c,24.288654012308474,0,0
25,episodes,1.0,1990-04-28,0.0,200,0.0,2,25,>=,REP,110047,OK,1990,Li et al. (2025b),1990-04-21,33.7,200,tmax_c,24.288654012308474,0,0
25,episodes,1.0,1990-04-20,0.0,200,0.0,2,25,>=,FLO,110047,OK,1990,Li et al. (2025b),1990-04-13,33.7,200,tmax_c,24.288654012308474,0,0
25,episodes,1.0,1990-05-29,0.0,775,0.0,2,25,>=,FIL,110047,OK,1990,Li et al. (2025b),1990-04-29,32.7,775,tmax_c,24.288654012308474,0,0
25,days,1.0,1990-06-10,0.0,300,0.0,1,25,>,MAT,110047,OK,1990,Ortega Gómez et al. (2019),1990-05-30,10,300,precip_mm,24.288654012308474,0,0
25,episodes,1.0,1991-02-21,0.0,200,0.0,2,25,>=,EST,110047,OK,1991,Li et al. 2025a,1991-02-14,34,200,tmax_c,24.288654012308474,0,0
25,episodes,1.0,1991-04-12,0.0,625,0.0,2,25,>=,VEG,110047,OK,1991,Li et al. 2025a,1991-03-19,34.6,625,tmax_c,24.288654012308474,0,0
25,episodes,1.0,1991-04-28,0.0,200,0.0,2,25,>=,REP,110047,OK,1991,Li et al. (2025b),1991-04-21,33.7,200,tmax_c,24.288654012308474,0,0
25,episodes,1.0,1991-04-20,0.0,200,0.0,2,25,>=,FLO,110047,OK,1991,Li et al. (2025b),1991-04-13,33.7,200,tmax_c,24.288654012308474,0,0
25,episodes,1.0,1991-05-29,0.0,775,0.0,2,25,>=,FIL,110047,OK,1991,Li et al. (2025b),1991-04-29,32.7,775,tmax_c,24.288654012308474,0,0
25,days,1.0,1991-06-10,0.0,300,0.0,1,25,>,MAT,110047,OK,1991,Ortega Gómez et al. (2019),1991-05-30,10,300,precip_mm,24.288654012308474,0,0
25,episodes,1.0,1992-02-21,0.0,200,0.0,2,25,>=,EST,110047,OK,1992,Li et al. 2025a,1992-02-14,34,200,tmax_c,24.288654012308474,0,0
25,episodes,1.0,1992-04-12,0.0,625,0.0,2,25,>=,VEG,110047,OK,1992,Li et al. 2025a,1992-03-19,34.6,625,tmax_c,24.288654012308474,0,0
25,episodes,1.0,1992-04-28,0.0,200,0.0,2,25,>=,REP,110047,OK,1992,Li et al. (2025b),1992-04-21,33.7,200,tmax_c,24.288654012308474,0,0
25,episodes,1.0,1992-04-20,0.0,200,0.0,2,25,>=,FLO,110047,OK,1992,Li et al. (2025b),1992-04-13,33.7,200,tmax_c,24.288654012308474,0,0
25,episodes,1.0,1992-05-29,0.0,775,0.0,2,25,>=,FIL,110047,OK,1992,Li et al. (2025b),1992-04-29,32.7,775,tmax_c,24.288654012308474,0,0
25,days,1.0,1992-06-10,0.0,300,0.0,1,25,>,MAT,110047,OK,1992,Ortega Gómez et al. (2019),1992-05-30,10,300,precip_mm,24.288654012308474,0,0
25,episodes,1.0,2009-02-21,0.0,200,0.0,2,25,>=,EST,110044,OK,2009,Li et al. 2025a,2009-02-14,34,200,tmax_c,24.288654012308474,0,0
25,episodes,1.0,2009-04-12,0.0,625,0.0,2,25,>=,VEG,110044,OK,2009,Li et al. 2025a,2009-03-19,34.6,625,tmax_c,24.288654012308474,0,0
25,episodes,1.0,2009-04-28,0.0,200,0.0,2,25,>=,REP,110044,OK,2009,Li et al. (2025b),2009-04-21,33.7,200,tmax_c,24.288654012308474,0,0
25,episodes,1.0,2009-04-20,0.0,200,0.0,2,25,>=,FLO,110044,OK,2009,Li et al. (2025b),2009-04-13,33.7,200,tmax_c,24.288654012308474,0,0
25,episodes,1.0,2009-05-29,0.0,775,0.0,2,25,>=,FIL,110044,OK,2009,Li et al. (2025b),2009-04-29,32.7,775,tmax_c,24.288654012308474,0,0
25,days,1.0,2009-06-10,0.0,300,0.0,1,25,>,MAT,110044,OK,2009,Ortega Gómez et al. (2019),2009-05-30,10,300,precip_mm,24.288654012308474,0,0
25,episodes,1.0,2010-02-21,0.0,200,0.0,2,25,>=,EST,110044,OK,2010,Li et al. 2025a,2010-02-14,34,200,tmax_c,24.288654012308474,0,0
25,episodes,1.0,2010-04-12,0.0,625,0.0,2,25,>=,VEG,110044,OK,2010,Li et al. 2025a,2010-03-19,34.6,625,tmax_c,24.288654012308474,0,0
25,episodes,1.0,2010-04-28,0.0,200,0.0,2,25,>=,REP,110044,OK,2010,Li et al. (2025b),2010-04-21,33.7,200,tmax_c,24.288654012308474,0,0
25,episodes,1.0,2010-04-20,0.0,200,0.0,2,25,>=,FLO,110044,OK,2010,Li et al. (2025b),2010-04-13,33.7,200,tmax_c,24.288654012308474,0,0
25,episodes,1.0,2010-05-29,0.0,775,0.0,2,25,>=,FIL,110044,OK,2010,Li et al. (2025b),2010-04-29,32.7,775,tmax_c,24.288654012308474,0,0
25,days,1.0,2010-06-10,0.0,300,0.0,1,25,>,MAT,110044,OK,2010,Ortega Gómez et al. (2019),2010-05-30,10,300,precip_mm,24.288654012308474,0,0
25,episodes,1.0,2011-02-21,0.0,200,0.0,2,25,>=,EST,110044,OK,2011,Li et al. 2025a,2011-02-14,34,200,tmax_c,24.288654012308474,0,0
25,episodes,1.0,2011-04-12,0.0,625,0.0,2,25,>=,VEG,110044,OK,2011,Li et al. 2025a,2011-03-19,34.6,625,tmax_c,24.288654012308474,0,0
25,episodes,1.0,2011-04-28,0.0,200,0.0,2,25,>=,REP,110044,OK,2011,Li et al. (2025b),2011-04-21,33.7,200,tmax_c,24.288654012308474,0,0
25,episodes,1.0,2011-04-20,0.0,200,0.0,2,25,>=,FLO,110044,OK,2011,Li et al. (2025b),2011-04-13,33.7,200,tmax_c,24.288654012308474,0,0
25,episodes,1.0,2011-05-29,0.0,775,0.0,2,25,>=,FIL,110044,OK,2011,Li et al. (2025b),2011-04-29,32.7,775,tmax_c,24.288654012308474,0,0
25,days,1.0,2011-06-10,0.0,300,0.0,1,25,>,MAT,110044,OK,2011,Ortega Gómez et al. (2019),2011-05-30,10,300,precip_mm,24.288654012308474,0,0
25,episodes,1.0,2012-02-21,0.0,200,0.0,2,25,>=,EST,110044,OK,2012,Li et al. 2025a,2012-02-14,34,200,tmax_c,24.288654012308474,0,0
25,episodes,1.0,2012-04-12,0.0,625,0.0,2,25,>=,VEG,110044,OK,2012,Li et al. 2025a,2012-03-19,34.6,625,tmax_c,24.288654012308474,0,0
25,episodes,1.0,2012-04-28,0.0,200,0.0,2,25,>=,REP,110044,OK,2012,Li et al. (2025b),2012-04-21,33.7,200,tmax_c,24.288654012308474,0,0
25,episodes,1.0,2012-04-20,0.0,200,0.0,2,25,>=,FLO,110044,OK,2012,Li et al. (2025b),2012-04-13,33.7,200,tmax_c,24.288654012308474,0,0
25,episodes,1.0,2012-05-29,0.0,775,0.0,2,25,>=,FIL,110044,OK,2012,Li et al. (2025b),2012-04-29,32.7,775,tmax_c,24.288654012308474,0,0
25,days,1.0,2012-06-10,0.07993168177094312,300,0.07993168177094312,1,25,>,MAT,110044,OK,2012,Ortega Gómez et al. (2019),2012-05-30,10,300,precip_mm,24.288654012308474,1.9414329631563816,1.9414329631563816
25,episodes,1.0,1981-02-21,0.0,200,0.0,2,25,>=,EST,110043,OK,1981,Li et al. 2025a,1981-02-14,34,200,tmax_c,24.288654012308474,0,0
25,episodes,1.0,1981-04-12,0.0,625,0.0,2,25,>=,VEG,110043,OK,1981,Li et al. 2025a,1981-03-19,34.6,625,tmax_c,24.288654012308474,0,0
25,episodes,1.0,1981-04-28,0.0,200,0.0,2,25,>=,REP,110043,OK,1981,Li et al. (2025b),1981-04-21,33.7,200,tmax_c,24.288654012308474,0,0
25,episodes,1.0,1981-04-20,0.0,200,0.0,2,25,>=,FLO,110043,OK,1981,Li et al. (2025b),1981-04-13,33.7,200,tmax_c,24.288654012308474,0,0
25,episodes,1.0,1981-05-29,0.0,775,0.0,2,25,>=,FIL,110043,OK,1981,Li et al. (2025b),1981-04-29,32.7,775,tmax_c,24.288654012308474,0,0
25,days,1.0,1981-06-10,1.0,300,1.8398811741564292,1,25,>,MAT,110043,OK,1981,Ortega Gómez et al. (2019),1981-05-30,10,300,precip_mm,24.288654012308474,44.68823726284538,24.288654012308474
25,episodes,1.0,1982-02-21,0.0,200,0.0,2,25,>=,EST,110043,OK,1982,Li et al. 2025a,1982-02-14,34,200,tmax_c,24.288654012308474,0,0
25,episodes,1.0,1982-04-12,0.0,625,0.0,2,25,>=,VEG,110043,OK,1982,Li et al. 2025a,1982-03-19,34.6,625,tmax_c,24.288654012308474,0,0
25,episodes,1.0,1982-04-28,0.0,200,0.0,2,25,>=,REP,110043,OK,1982,Li et al. (2025b),1982-04-21,33.7,200,tmax_c,24.288654012308474,0,0
25,episodes,1.0,1982-04-20,0.0,200,0.0,2,25,>=,FLO,110043,OK,1982,Li et al. (2025b),1982-04-13,33.7,200,tmax_c,24.288654012308474,0,0
25,episodes,1.0,1982-05-29,0.0,775,0.0,2,25,>=,FIL,110043,OK,1982,Li et al. (2025b),1982-04-29,32.7,775,tmax_c,24.288654012308474,0,0
25,days,1.0,1982-06-10,0.0,300,0.0,1,25,>,MAT,110043,OK,1982,Ortega Gómez et al. (2019),1982-05-30,10,300,precip_mm,24.288654012308474,0,0
25,episodes,1.0,1983-02-21,0.0,200,0.0,2,25,>=,EST,110043,OK,1983,Li et al. 2025a,1983-02-14,34,200,tmax_c,24.288654012308474,0,0
25,episodes,1.0,1983-04-12,0.0,625,0.0,2,25,>=,VEG,110043,OK,1983,Li et al. 2025a,1983-03-19,34.6,625,tmax_c,24.288654012308474,0,0
25,episodes,1.0,1983-04-28,0.0,200,0.0,2,25,>=,REP,110043,OK,1983,Li et al. (2025b),1983-04-21,33.7,200,tmax_c,24.288654012308474,0,0
25,episodes,1.0,1983-04-20,0.0,200,0.0,2,25,>=,FLO,110043,OK,1983,Li et al. (2025b),1983-04-13,33.7,200,tmax_c,24.288654012308474,0,0
25,episodes,1.0,1983-05-29,0.0,775,0.0,2,25,>=,FIL,110043,OK,1983,Li et al. (2025b),1983-04-29,32.7,775,tmax_c,24.288654012308474,0,0
25,days,1.0,1983-06-10,0.1998292044273578,300,0.1998292044273578,1,25,>,MAT,110043,OK,1983,Ortega Gómez et al. (2019),1983-05-30,10,300,precip_mm,24.288654012308474,4.853582407890954,4.853582407890954
25,episodes,1.0,1984-02-21,0.0,200,0.0,2,25,>=,EST,110043,OK,1984,Li et al. 2025a,1984-02-14,34,200,tmax_c,24.288654012308474,0,0
25,episodes,1.0,1984-04-12,0.0,625,0.0,2,25,>=,VEG,110043,OK,1984,Li et al. 2025a,1984-03-19,34.6,625,tmax_c,24.288654012308474,0,0
25,episodes,1.0,1984-04-28,0.0,200,0.0,2,25,>=,REP,110043,OK,1984,Li et al. (2025b),1984-04-21,33.7,200,tmax_c,24.288654012308474,0,0
25,episodes,1.0,1984-04-20,0.0,200,0.0,2,25,>=,FLO,110043,OK,1984,Li et al. (2025b),1984-04-13,33.7,200,tmax_c,24.288654012308474,0,0
25,episodes,1.0,1984-05-29,0.0,775,0.0,2,25,>=,FIL,110043,OK,1984,Li et al. (2025b),1984-04-29,32.7,775,tmax_c,24.288654012308474,0,0
25,days,1.0,1984-06-10,0.0,300,0.0,1,25,>,MAT,110043,OK,1984,Ortega Gómez et al. (2019),1984-05-30,10,300,precip_mm,24.288654012308474,0,0
25,episodes,1.0,1989-02-21,0.0,200,0.0,2,25,>=,EST,110044,OK,1989,Li et al. 2025a,1989-02-14,34,200,tmax_c,24.288654012308474,0,0
25,episodes,1.0,1989-04-12,0.0,625,0.0,2,25,>=,VEG,110044,OK,1989,Li et al. 2025a,1989-03-19,34.6,625,tmax_c,24.288654012308474,0,0
25,episodes,1.0,1989-04-28,0.0,200,0.0,2,25,>=,REP,110044,OK,1989,Li et al. (2025b),1989-04-21,33.7,200,tmax_c,24.288654012308474,0,0
25,episodes,1.0,1989-04-20,0.0,200,0.0,2,25,>=,FLO,110044,OK,1989,Li et al. (2025b),1989-04-13,33.7,200,tmax_c,24.288654012308474,0,0
25,episodes,1.0,1989-05-29,0.0,775,0.0,2,25,>=,FIL,110044,OK,1989,Li et al. (2025b),1989-04-29,32.7,775,tmax_c,24.288654012308474,0,0
25,days,1.0,1989-06-10,0.0,300,0.0,1,25,>,MAT,110044,OK,1989,Ortega Gómez et al. (2019),1989-05-30,10,300,precip_mm,24.288654012308474,0,0
25,episodes,1.0,1990-02-21,0.0,200,0.0,2,25,>=,EST,110044,OK,1990,Li et al. 2025a,1990-02-14,34,200,tmax_c,24.288654012308474,0,0
25,episodes,1.0,1990-04-12,0.0,625,0.0,2,25,>=,VEG,110044,OK,1990,Li et al. 2025a,1990-03-19,34.6,625,tmax_c,24.288654012308474,0,0
25,episodes,1.0,1990-04-28,0.0,200,0.0,2,25,>=,REP,110044,OK,1990,Li et al. (2025b),1990-04-21,33.7,200,tmax_c,24.288654012308474,0,0
25,episodes,1.0,1990-04-20,0.0,200,0.0,2,25,>=,FLO,110044,OK,1990,Li et al. (2025b),1990-04-13,33.7,200,tmax_c,24.288654012308474,0,0
25,episodes,1.0,1990-05-29,0.0,775,0.0,2,25,>=,FIL,110044,OK,1990,Li et al. (2025b),1990-04-29,32.7,775,tmax_c,24.288654012308474,0,0
25,days,1.0,1990-06-10,0.0,300,0.0,1,25,>,MAT,110044,OK,1990,Ortega Gómez et al. (2019),1990-05-30,10,300,precip_mm,24.288654012308474,0,0
25,episodes,1.0,1991-02-21,0.0,200,0.0,2,25,>=,EST,110044,OK,1991,Li et al. 2025a,1991-02-14,34,200,tmax_c,24.288654012308474,0,0
25,episodes,1.0,1991-04-12,0.0,625,0.0,2,25,>=,VEG,110044,OK,1991,Li et al. 2025a,1991-03-19,34.6,625,tmax_c,24.288654012308474,0,0
25,episodes,1.0,1991-04-28,0.0,200,0.0,2,25,>=,REP,110044,OK,1991,Li et al. (2025b),1991-04-21,33.7,200,tmax_c,24.288654012308474,0,0
25,episodes,1.0,1991-04-20,0.0,200,0.0,2,25,>=,FLO,110044,OK,1991,Li et al. (2025b),1991-04-13,33.7,200,tmax_c,24.288654012308474,0,0
25,episodes,1.0,1991-05-29,0.0,775,0.0,2,25,>=,FIL,110044,OK,1991,Li et al. (2025b),1991-04-29,32.7,775,tmax_c,24.288654012308474,0,0
25,days,1.0,1991-06-10,0.0,300,0.0,1,25,>,MAT,110044,OK,1991,Ortega Gómez et al. (2019),1991-05-30,10,300,precip_mm,24.288654012308474,0,0
25,episodes,1.0,1992-02-21,0.0,200,0.0,2,25,>=,EST,110044,OK,1992,Li et al. 2025a,1992-02-14,34,200,tmax_c,24.288654012308474,0,0
25,episodes,1.0,1992-04-12,0.0,625,0.0,2,25,>=,VEG,110044,OK,1992,Li et al. 2025a,1992-03-19,34.6,625,tmax_c,24.288654012308474,0,0
25,episodes,1.0,1992-04-28,0.0,200,0.0,2,25,>=,REP,110044,OK,1992,Li et al. (2025b),1992-04-21,33.7,200,tmax_c,24.288654012308474,0,0
25,episodes,1.0,1992-04-20,0.0,200,0.0,2,25,>=,FLO,110044,OK,1992,Li et al. (2025b),1992-04-13,33.7,200,tmax_c,24.288654012308474,0,0
25,episodes,1.0,1992-05-29,0.0,775,0.0,2,25,>=,FIL,110044,OK,1992,Li et al. (2025b),1992-04-29,32.7,775,tmax_c,24.288654012308474,0,0
25,days,1.0,1992-06-10,0.0,300,0.0,1,25,>,MAT,110044,OK,1992,Ortega Gómez et al. (2019),1992-05-30,10,300,precip_mm,24.288654012308474,0,0
25,episodes,1.0,2005-02-21,0.0,200,0.0,2,25,>=,EST,110043,OK,2005,Li et al. 2025a,2005-02-14,34,200,tmax_c,24.288654012308474,0,0
25,episodes,1.0,2005-04-12,0.0,625,0.0,2,25,>=,VEG,110043,OK,2005,Li et al. 2025a,2005-03-19,34.6,625,tmax_c,24.288654012308474,0,0
25,episodes,1.0,2005-04-28,0.0,200,0.0,2,25,>=,REP,110043,OK,2005,Li et al. (2025b),2005-04-21,33.7,200,tmax_c,24.288654012308474,0,0
25,episodes,1.0,2005-04-20,0.0,200,0.0,2,25,>=,FLO,110043,OK,2005,Li et al. (2025b),2005-04-13,33.7,200,tmax_c,24.288654012308474,0,0
25,episodes,1.0,2005-05-29,0.0,775,0.0,2,25,>=,FIL,110043,OK,2005,Li et al. (2025b),2005-04-29,32.7,775,tmax_c,24.288654012308474,0,0
25,days,1.0,2005-06-10,0.0,300,0.0,1,25,>,MAT,110043,OK,2005,Ortega Gómez et al. (2019),2005-05-30,10,300,precip_mm,24.288654012308474,0,0
25,episodes,1.0,2006-02-21,0.0,200,0.0,2,25,>=,EST,110043,OK,2006,Li et al. 2025a,2006-02-14,34,200,tmax_c,24.288654012308474,0,0
25,episodes,1.0,2006-04-12,0.0,625,0.0,2,25,>=,VEG,110043,OK,2006,Li et al. 2025a,2006-03-19,34.6,625,tmax_c,24.288654012308474,0,0
25,episodes,1.0,2006-04-28,0.0,200,0.0,2,25,>=,REP,110043,OK,2006,Li et al. (2025b),2006-04-21,33.7,200,tmax_c,24.288654012308474,0,0
25,episodes,1.0,2006-04-20,0.0,200,0.0,2,25,>=,FLO,110043,OK,2006,Li et al. (2025b),2006-04-13,33.7,200,tmax_c,24.288654012308474,0,0
25,episodes,1.0,2006-05-29,0.0,775,0.0,2,25,>=,FIL,110043,OK,2006,Li et al. (2025b),2006-04-29,32.7,775,tmax_c,24.288654012308474,0,0
25,days,1.0,2006-06-10,0.0,300,0.0,1,25,>,MAT,110043,OK,2006,Ortega Gómez et al. (2019),2006-05-30,10,300,precip_mm,24.288654012308474,0,0
25,episodes,1.0,2007-02-21,0.0,200,0.0,2,25,>=,EST,110043,OK,2007,Li et al. 2025a,2007-02-14,34,200,tmax_c,24.288654012308474,0,0
25,episodes,1.0,2007-04-12,0.0,625,0.0,2,25,>=,VEG,110043,OK,2007,Li et al. 2025a,2007-03-19,34.6,625,tmax_c,24.288654012308474,0,0
25,episodes,1.0,2007-04-28,0.0,200,0.0,2,25,>=,REP,110043,OK,2007,Li et al. (2025b),2007-04-21,33.7,200,tmax_c,24.288654012308474,0,0
25,episodes,1.0,2007-04-20,0.0,200,0.0,2,25,>=,FLO,110043,OK,2007,Li et al. (2025b),2007-04-13,33.7,200,tmax_c,24.288654012308474,0,0
25,episodes,1.0,2007-05-29,0.0,775,0.0,2,25,>=,FIL,110043,OK,2007,Li et al. (2025b),2007-04-29,32.7,775,tmax_c,24.288654012308474,0,0
25,days,1.0,2007-06-10,0.0,300,0.0,1,25,>,MAT,110043,OK,2007,Ortega Gómez et al. (2019),2007-05-30,10,300,precip_mm,24.288654012308474,0,0
25,episodes,1.0,2008-02-21,0.0,200,0.0,2,25,>=,EST,110043,OK,2008,Li et al. 2025a,2008-02-14,34,200,tmax_c,24.288654012308474,0,0
25,episodes,1.0,2008-04-12,0.0,625,0.0,2,25,>=,VEG,110043,OK,2008,Li et al. 2025a,2008-03-19,34.6,625,tmax_c,24.288654012308474,0,0
25,episodes,1.0,2008-04-28,0.0,200,0.0,2,25,>=,REP,110043,OK,2008,Li et al. (2025b),2008-04-21,33.7,200,tmax_c,24.288654012308474,0,0
25,episodes,1.0,2008-04-20,0.0,200,0.0,2,25,>=,FLO,110043,OK,2008,Li et al. (2025b),2008-04-13,33.7,200,tmax_c,24.288654012308474,0,0
25,episodes,1.0,2008-05-29,0.0,775,0.0,2,25,>=,FIL,110043,OK,2008,Li et al. (2025b),2008-04-29,32.7,775,tmax_c,24.288654012308474,0,0
25,days,1.0,2008-06-10,0.0,300,0.0,1,25,>,MAT,110043,OK,2008,Ortega Gómez et al. (2019),2008-05-30,10,300,precip_mm,24.288654012308474,0,0
25,episodes,1.0,2013-02-21,0.0,200,0.0,2,25,>=,EST,110043,OK,2013,Li et al. 2025a,2013-02-14,34,200,tmax_c,24.288654012308474,0,0
25,episodes,1.0,2013-04-12,0.0,625,0.0,2,25,>=,VEG,110043,OK,2013,Li et al. 2025a,2013-03-19,34.6,625,tmax_c,24.288654012308474,0,0
25,episodes,1.0,2013-04-28,0.0,200,0.0,2,25,>=,REP,110043,OK,2013,Li et al. (2025b),2013-04-21,33.7,200,tmax_c,24.288654012308474,0,0
25,episodes,1.0,2013-04-20,0.0,200,0.0,2,25,>=,FLO,110043,OK,2013,Li et al. (2025b),2013-04-13,33.7,200,tmax_c,24.288654012308474,0,0
25,episodes,1.0,2013-05-29,0.0,775,0.0,2,25,>=,FIL,110043,OK,2013,Li et al. (2025b),2013-04-29,32.7,775,tmax_c,24.288654012308474,0,0
25,days,1.0,2013-06-10,0.5201529849580997,300,0.5201529849580997,1,25,>,MAT,110043,OK,2013,Ortega Gómez et al. (2019),2013-05-30,10,300,precip_mm,24.288654012308474,12.633815885116778,12.633815885116778
25,episodes,1.0,2014-02-21,0.0,200,0.0,2,25,>=,EST,110043,OK,2014,Li et al. 2025a,2014-02-14,34,200,tmax_c,24.288654012308474,0,0
25,episodes,1.0,2014-04-12,0.0,625,0.0,2,25,>=,VEG,110043,OK,2014,Li et al. 2025a,2014-03-19,34.6,625,tmax_c,24.288654012308474,0,0
25,episodes,1.0,2014-04-28,0.0,200,0.0,2,25,>=,REP,110043,OK,2014,Li et al. (2025b),2014-04-21,33.7,200,tmax_c,24.288654012308474,0,0
25,episodes,1.0,2014-04-20,0.0,200,0.0,2,25,>=,FLO,110043,OK,2014,Li et al. (2025b),2014-04-13,33.7,200,tmax_c,24.288654012308474,0,0
25,episodes,1.0,2014-05-29,0.0,775,0.0,2,25,>=,FIL,110043,OK,2014,Li et al. (2025b),2014-04-29,32.7,775,tmax_c,24.288654012308474,0,0
25,days,1.0,2014-06-10,0.0,300,0.0,1,25,>,MAT,110043,OK,2014,Ortega Gómez et al. (2019),2014-05-30,10,300,precip_mm,24.288654012308474,0,0
25,episodes,1.0,2015-02-21,0.0,200,0.0,2,25,>=,EST,110043,OK,2015,Li et al. 2025a,2015-02-14,34,200,tmax_c,24.288654012308474,0,0
25,episodes,1.0,2015-04-12,0.0,625,0.0,2,25,>=,VEG,110043,OK,2015,Li et al. 2025a,2015-03-19,34.6,625,tmax_c,24.288654012308474,0,0
25,episodes,1.0,2015-04-28,0.0,200,0.0,2,25,>=,REP,110043,OK,2015,Li et al. (2025b),2015-04-21,33.7,200,tmax_c,24.288654012308474,0,0
25,episodes,1.0,2015-04-20,0.0,200,0.0,2,25,>=,FLO,110043,OK,2015,Li et al. (2025b),2015-04-13,33.7,200,tmax_c,24.288654012308474,0,0
25,episodes,1.0,2015-05-29,0.0,775,0.0,2,25,>=,FIL,110043,OK,2015,Li et al. (2025b),2015-04-29,32.7,775,tmax_c,24.288654012308474,0,0
25,days,1.0,2015-06-10,0.6797791841498261,300,0.6797791841498261,1,25,>,MAT,110043,OK,2015,Ortega Gómez et al. (2019),2015-05-30,10,300,precip_mm,24.288654012308474,16.510921408584455,16.510921408584455
25,episodes,1.0,2016-02-21,0.0,200,0.0,2,25,>=,EST,110043,OK,2016,Li et al. 2025a,2016-02-14,34,200,tmax_c,24.288654012308474,0,0
25,episodes,1.0,2016-04-12,0.0,625,0.0,2,25,>=,VEG,110043,OK,2016,Li et al. 2025a,2016-03-19,34.6,625,tmax_c,24.288654012308474,0,0
25,episodes,1.0,2016-04-28,0.0,200,0.0,2,25,>=,REP,110043,OK,2016,Li et al. (2025b),2016-04-21,33.7,200,tmax_c,24.288654012308474,0,0
25,episodes,1.0,2016-04-20,0.0,200,0.0,2,25,>=,FLO,110043,OK,2016,Li et al. (2025b),2016-04-13,33.7,200,tmax_c,24.288654012308474,0,0
25,episodes,1.0,2016-05-29,0.0,775,0.0,2,25,>=,FIL,110043,OK,2016,Li et al. (2025b),2016-04-29,32.7,775,tmax_c,24.288654012308474,0,0
25,days,1.0,2016-06-10,0.0,300,0.0,1,25,>,MAT,110043,OK,2016,Ortega Gómez et al. (2019),2016-05-30,10,300,precip_mm,24.288654012308474,0,0
25,episodes,1.0,2009-02-21,0.0,200,0.0,2,25,>=,EST,110045,OK,2009,Li et al. 2025a,2009-02-14,34,200,tmax_c,24.288654012308474,0,0
25,episodes,1.0,2009-04-12,0.0,625,0.0,2,25,>=,VEG,110045,OK,2009,Li et al. 2025a,2009-03-19,34.6,625,tmax_c,24.288654012308474,0,0
25,episodes,1.0,2009-04-28,0.0,200,0.0,2,25,>=,REP,110045,OK,2009,Li et al. (2025b),2009-04-21,33.7,200,tmax_c,24.288654012308474,0,0
25,episodes,1.0,2009-04-20,0.0,200,0.0,2,25,>=,FLO,110045,OK,2009,Li et al. (2025b),2009-04-13,33.7,200,tmax_c,24.288654012308474,0,0
25,episodes,1.0,2009-05-29,0.0,775,0.0,2,25,>=,FIL,110045,OK,2009,Li et al. (2025b),2009-04-29,32.7,775,tmax_c,24.288654012308474,0,0
25,days,1.0,2009-06-10,0.0,300,0.0,1,25,>,MAT,110045,OK,2009,Ortega Gómez et al. (2019),2009-05-30,10,300,precip_mm,24.288654012308474,0,0
25,episodes,1.0,2010-02-21,0.0,200,0.0,2,25,>=,EST,110045,OK,2010,Li et al. 2025a,2010-02-14,34,200,tmax_c,24.288654012308474,0,0
25,episodes,1.0,2010-04-12,0.0,625,0.0,2,25,>=,VEG,110045,OK,2010,Li et al. 2025a,2010-03-19,34.6,625,tmax_c,24.288654012308474,0,0
25,episodes,1.0,2010-04-28,0.0,200,0.0,2,25,>=,REP,110045,OK,2010,Li et al. (2025b),2010-04-21,33.7,200,tmax_c,24.288654012308474,0,0
25,episodes,1.0,2010-04-20,0.0,200,0.0,2,25,>=,FLO,110045,OK,2010,Li et al. (2025b),2010-04-13,33.7,200,tmax_c,24.288654012308474,0,0
25,episodes,1.0,2010-05-29,0.2001359054267377,775,0.5604074725340148,2,25,>=,FIL,110045,OK,2010,Li et al. (2025b),2010-04-29,32.7,775,tmax_c,24.288654012308474,13.611543206290948,4.861031762350122
25,days,1.0,2010-06-10,0.0,300,0.0,1,25,>,MAT,110045,OK,2010,Ortega Gómez et al. (2019),2010-05-30,10,300,precip_mm,24.288654012308474,0,0
25,episodes,1.0,2011-02-21,0.0,200,0.0,2,25,>=,EST,110045,OK,2011,Li et al. 2025a,2011-02-14,34,200,tmax_c,24.288654012308474,0,0
25,episodes,1.0,2011-04-12,0.0,625,0.0,2,25,>=,VEG,110045,OK,2011,Li et al. 2025a,2011-03-19,34.6,625,tmax_c,24.288654012308474,0,0
25,episodes,1.0,2011-04-28,0.0,200,0.0,2,25,>=,REP,110045,OK,2011,Li et al. (2025b),2011-04-21,33.7,200,tmax_c,24.288654012308474,0,0
25,episodes,1.0,2011-04-20,0.0,200,0.0,2,25,>=,FLO,110045,OK,2011,Li et al. (2025b),2011-04-13,33.7,200,tmax_c,24.288654012308474,0,0
25,episodes,1.0,2011-05-29,0.040033915420134854,775,0.040033915420134854,2,25,>=,FIL,110045,OK,2011,Li et al. (2025b),2011-04-29,32.7,775,tmax_c,24.288654012308474,0.9723699203976766,0.9723699203976766
25,days,1.0,2011-06-10,0.0,300,0.0,1,25,>,MAT,110045,OK,2011,Ortega Gómez et al. (2019),2011-05-30,10,300,precip_mm,24.288654012308474,0,0
25,episodes,1.0,2012-02-21,0.0,200,0.0,2,25,>=,EST,110045,OK,2012,Li et al. 2025a,2012-02-14,34,200,tmax_c,24.288654012308474,0,0
25,episodes,1.0,2012-04-12,0.0,625,0.0,2,25,>=,VEG,110045,OK,2012,Li et al. 2025a,2012-03-19,34.6,625,tmax_c,24.288654012308474,0,0
25,episodes,1.0,2012-04-28,0.0,200,0.0,2,25,>=,REP,110045,OK,2012,Li et al. (2025b),2012-04-21,33.7,200,tmax_c,24.288654012308474,0,0
25,episodes,1.0,2012-04-20,0.0,200,0.0,2,25,>=,FLO,110045,OK,2012,Li et al. (2025b),2012-04-13,33.7,200,tmax_c,24.288654012308474,0,0
25,episodes,1.0,2012-05-29,0.0,775,0.0,2,25,>=,FIL,110045,OK,2012,Li et al. (2025b),2012-04-29,32.7,775,tmax_c,24.288654012308474,0,0
25,days,1.0,2012-06-10,0.0,300,0.0,1,25,>,MAT,110045,OK,2012,Ortega Gómez et al. (2019),2012-05-30,10,300,precip_mm,24.288654012308474,0,0
25,episodes,1.0,1989-06-03,0.0,125,0.0,2,25,>=,EST,109725,OK,1989,Li et al. 2025a,1989-05-30,34,125,tmax_c,24.288654012308474,0,0
25,episodes,1.0,1989-07-04,0.0,400,0.0,2,25,>=,VEG,109725,OK,1989,Li et al. 2025a,1989-06-19,34.6,400,tmax_c,24.288654012308474,0,0
25,episodes,1.0,1989-07-13,0.0,125,0.0,2,25,>=,REP,109725,OK,1989,Li et al. (2025b),1989-07-09,33.7,125,tmax_c,24.288654012308474,0,0
25,episodes,1.0,1989-07-08,0.0,100,0.0,2,25,>=,FLO,109725,OK,1989,Li et al. (2025b),1989-07-05,33.7,100,tmax_c,24.288654012308474,0,0
25,episodes,1.0,1989-08-02,0.0,500,0.0,2,25,>=,FIL,109725,OK,1989,Li et al. (2025b),1989-07-14,32.7,500,tmax_c,24.288654012308474,0,0
25,days,1.0,1989-08-09,0.0,175,0.0,1,25,>,MAT,109725,OK,1989,Ortega Gómez et al. (2019),1989-08-03,10,175,precip_mm,24.288654012308474,0,0
25,episodes,1.0,1990-06-03,0.0,125,0.0,2,25,>=,EST,109725,OK,1990,Li et al. 2025a,1990-05-30,34,125,tmax_c,24.288654012308474,0,0
25,episodes,1.0,1990-07-04,0.0,400,0.0,2,25,>=,VEG,109725,OK,1990,Li et al. 2025a,1990-06-19,34.6,400,tmax_c,24.288654012308474,0,0
25,episodes,1.0,1990-07-13,0.0,125,0.0,2,25,>=,REP,109725,OK,1990,Li et al. (2025b),1990-07-09,33.7,125,tmax_c,24.288654012308474,0,0
25,episodes,1.0,1990-07-08,0.0,100,0.0,2,25,>=,FLO,109725,OK,1990,Li et al. (2025b),1990-07-05,33.7,100,tmax_c,24.288654012308474,0,0
25,episodes,1.0,1990-08-02,0.0,500,0.0,2,25,>=,FIL,109725,OK,1990,Li et al. (2025b),1990-07-14,32.7,500,tmax_c,24.288654012308474,0,0
25,days,1.0,1990-08-09,0.0,175,0.0,1,25,>,MAT,109725,OK,1990,Ortega Gómez et al. (2019),1990-08-03,10,175,precip_mm,24.288654012308474,0,0
25,episodes,1.0,1991-06-03,0.0,125,0.0,2,25,>=,EST,109725,OK,1991,Li et al. 2025a,1991-05-30,34,125,tmax_c,24.288654012308474,0,0
25,episodes,1.0,1991-07-04,0.0,400,0.0,2,25,>=,VEG,109725,OK,1991,Li et al. 2025a,1991-06-19,34.6,400,tmax_c,24.288654012308474,0,0
25,episodes,1.0,1991-07-13,0.0,125,0.0,2,25,>=,REP,109725,OK,1991,Li et al. (2025b),1991-07-09,33.7,125,tmax_c,24.288654012308474,0,0
25,episodes,1.0,1991-07-08,0.0,100,0.0,2,25,>=,FLO,109725,OK,1991,Li et al. (2025b),1991-07-05,33.7,100,tmax_c,24.288654012308474,0,0
25,episodes,1.0,1991-08-02,0.0,500,0.0,2,25,>=,FIL,109725,OK,1991,Li et al. (2025b),1991-07-14,32.7,500,tmax_c,24.288654012308474,0,0
25,days,1.0,1991-08-09,0.0,175,0.0,1,25,>,MAT,109725,OK,1991,Ortega Gómez et al. (2019),1991-08-03,10,175,precip_mm,24.288654012308474,0,0
25,episodes,1.0,1992-06-03,0.0,125,0.0,2,25,>=,EST,109725,OK,1992,Li et al. 2025a,1992-05-30,34,125,tmax_c,24.288654012308474,0,0
25,episodes,1.0,1992-07-04,0.0,400,0.0,2,25,>=,VEG,109725,OK,1992,Li et al. 2025a,1992-06-19,34.6,400,tmax_c,24.288654012308474,0,0
25,episodes,1.0,1992-07-13,0.0,125,0.0,2,25,>=,REP,109725,OK,1992,Li et al. (2025b),1992-07-09,33.7,125,tmax_c,24.288654012308474,0,0
25,episodes,1.0,1992-07-08,0.0,100,0.0,2,25,>=,FLO,109725,OK,1992,Li et al. (2025b),1992-07-05,33.7,100,tmax_c,24.288654012308474,0,0
25,episodes,1.0,1992-08-02,0.0,500,0.0,2,25,>=,FIL,109725,OK,1992,Li et al. (2025b),1992-07-14,32.7,500,tmax_c,24.288654012308474,0,0
25,days,1.0,1992-08-09,0.0,175,0.0,1,25,>,MAT,109725,OK,1992,Ortega Gómez et al. (2019),1992-08-03,10,175,precip_mm,24.288654012308474,0,0
25,episodes,1.0,1997-02-21,0.0,200,0.0,2,25,>=,EST,110039,OK,1997,Li et al. 2025a,1997-02-14,34,200,tmax_c,24.288654012308474,0,0
25,episodes,1.0,1997-04-12,0.0,625,0.0,2,25,>=,VEG,110039,OK,1997,Li et al. 2025a,1997-03-19,34.6,625,tmax_c,24.288654012308474,0,0
25,episodes,1.0,1997-04-28,0.0,200,0.0,2,25,>=,REP,110039,OK,1997,Li et al. (2025b),1997-04-21,33.7,200,tmax_c,24.288654012308474,0,0
25,episodes,1.0,1997-04-20,0.0,200,0.0,2,25,>=,FLO,110039,OK,1997,Li et al. (2025b),1997-04-13,33.7,200,tmax_c,24.288654012308474,0,0
25,episodes,1.0,1997-05-29,0.0,775,0.0,2,25,>=,FIL,110039,OK,1997,Li et al. (2025b),1997-04-29,32.7,775,tmax_c,24.288654012308474,0,0
25,days,1.0,1997-06-10,1.0,300,1.0400339154201348,1,25,>,MAT,110039,OK,1997,Ortega Gómez et al. (2019),1997-05-30,10,300,precip_mm,24.288654012308474,25.26102393270615,24.288654012308474
25,episodes,1.0,1998-02-21,0.0,200,0.0,2,25,>=,EST,110039,OK,1998,Li et al. 2025a,1998-02-14,34,200,tmax_c,24.288654012308474,0,0
25,episodes,1.0,1998-04-12,0.0,625,0.0,2,25,>=,VEG,110039,OK,1998,Li et al. 2025a,1998-03-19,34.6,625,tmax_c,24.288654012308474,0,0
25,episodes,1.0,1998-04-28,0.0,200,0.0,2,25,>=,REP,110039,OK,1998,Li et al. (2025b),1998-04-21,33.7,200,tmax_c,24.288654012308474,0,0
25,episodes,1.0,1998-04-20,0.0,200,0.0,2,25,>=,FLO,110039,OK,1998,Li et al. (2025b),1998-04-13,33.7,200,tmax_c,24.288654012308474,0,0
25,episodes,1.0,1998-05-29,0.0,775,0.0,2,25,>=,FIL,110039,OK,1998,Li et al. (2025b),1998-04-29,32.7,775,tmax_c,24.288654012308474,0,0
25,days,1.0,1998-06-10,0.0,300,0.0,1,25,>,MAT,110039,OK,1998,Ortega Gómez et al. (2019),1998-05-30,10,300,precip_mm,24.288654012308474,0,0
25,episodes,1.0,1999-02-21,0.0,200,0.0,2,25,>=,EST,110039,OK,1999,Li et al. 2025a,1999-02-14,34,200,tmax_c,24.288654012308474,0,0
25,episodes,1.0,1999-04-12,0.0,625,0.0,2,25,>=,VEG,110039,OK,1999,Li et al. 2025a,1999-03-19,34.6,625,tmax_c,24.288654012308474,0,0
25,episodes,1.0,1999-04-28,0.0,200,0.0,2,25,>=,REP,110039,OK,1999,Li et al. (2025b),1999-04-21,33.7,200,tmax_c,24.288654012308474,0,0
25,episodes,1.0,1999-04-20,0.0,200,0.0,2,25,>=,FLO,110039,OK,1999,Li et al. (2025b),1999-04-13,33.7,200,tmax_c,24.288654012308474,0,0
25,episodes,1.0,1999-05-29,0.0,775,0.0,2,25,>=,FIL,110039,OK,1999,Li et al. (2025b),1999-04-29,32.7,775,tmax_c,24.288654012308474,0,0
25,days,1.0,1999-06-10,0.0,300,0.0,1,25,>,MAT,110039,OK,1999,Ortega Gómez et al. (2019),1999-05-30,10,300,precip_mm,24.288654012308474,0,0
25,episodes,1.0,2000-02-21,0.0,200,0.0,2,25,>=,EST,110039,OK,2000,Li et al. 2025a,2000-02-14,34,200,tmax_c,24.288654012308474,0,0
25,episodes,1.0,2000-04-12,0.0,625,0.0,2,25,>=,VEG,110039,OK,2000,Li et al. 2025a,2000-03-19,34.6,625,tmax_c,24.288654012308474,0,0
25,episodes,1.0,2000-04-28,0.0,200,0.0,2,25,>=,REP,110039,OK,2000,Li et al. (2025b),2000-04-21,33.7,200,tmax_c,24.288654012308474,0,0
25,episodes,1.0,2000-04-20,0.0,200,0.0,2,25,>=,FLO,110039,OK,2000,Li et al. (2025b),2000-04-13,33.7,200,tmax_c,24.288654012308474,0,0
25,episodes,1.0,2000-05-29,0.0,775,0.0,2,25,>=,FIL,110039,OK,2000,Li et al. (2025b),2000-04-29,32.7,775,tmax_c,24.288654012308474,0,0
25,days,1.0,2000-06-10,0.0,300,0.0,1,25,>,MAT,110039,OK,2000,Ortega Gómez et al. (2019),2000-05-30,10,300,precip_mm,24.288654012308474,0,0
