label,count,fraction
0,718,0.2253609541745135
3,646,0.20276208411801633
5,614,0.19271814187068426
4,518,0.162586315128688
1,408,0.128060263653484
2,282,0.08851224105461393
