label,count,fraction
0,503,0.1578782172002511
1,716,0.22473320778405526
2,528,0.1657250470809793
3,305,0.09573132454488387
4,707,0.2219083490269931
5,427,0.13402385436283742
