pixel_id,h5_index,lat_idx,lon_idx,latitude,longitude
68255,0,94,575,-42.75,-72.25
70413,1,97,573,-41.25,-73.25
70415,2,97,575,-41.25,-72.25
71133,3,98,573,-40.75,-73.25
71134,4,98,574,-40.75,-72.75
71152,5,98,592,-40.75,-63.75
71153,6,98,593,-40.75,-63.25
71853,7,99,573,-40.25,-73.25
71854,8,99,574,-40.25,-72.75
71855,9,99,575,-40.25,-72.25
71874,10,99,594,-40.25,-62.75
72574,11,100,574,-39.75,-72.75
72575,12,100,575,-39.75,-72.25
72593,13,100,593,-39.75,-63.25
72594,14,100,594,-39.75,-62.75
73294,15,101,574,-39.25,-72.75
73295,16,101,575,-39.25,-72.25
73296,17,101,576,-39.25,-71.75
73312,18,101,592,-39.25,-63.75
73313,19,101,593,-39.25,-63.25
73314,20,101,594,-39.25,-62.75
74014,21,102,574,-38.75,-72.75
74015,22,102,575,-38.75,-72.25
74016,23,102,576,-38.75,-71.75
74017,24,102,577,-38.75,-71.25
74018,25,102,578,-38.75,-70.75
74031,26,102,591,-38.75,-64.25
74032,27,102,592,-38.75,-63.75
74033,28,102,593,-38.75,-63.25
74034,29,102,594,-38.75,-62.75
74037,30,102,597,-38.75,-61.25
74446,31,103,286,-38.25,143.25
74447,32,103,287,-38.25,143.75
74452,33,103,292,-38.25,146.25
74453,34,103,293,-38.25,146.75
74734,35,103,574,-38.25,-72.75
74735,36,103,575,-38.25,-72.25
74736,37,103,576,-38.25,-71.75
74737,38,103,577,-38.25,-71.25
74738,39,103,578,-38.25,-70.75
74751,40,103,591,-38.25,-64.25
74752,41,103,592,-38.25,-63.75
74753,42,103,593,-38.25,-63.25
74754,43,103,594,-38.25,-62.75
74755,44,103,595,-38.25,-62.25
74756,45,103,596,-38.25,-61.75
74757,46,103,597,-38.25,-61.25
74758,47,103,598,-38.25,-60.75
74759,48,103,599,-38.25,-60.25
74760,49,103,600,-38.25,-59.75
74761,50,103,601,-38.25,-59.25
74762,51,103,602,-38.25,-58.75
75161,52,104,281,-37.75,140.75
75162,53,104,282,-37.75,141.25
75163,54,104,283,-37.75,141.75
75164,55,104,284,-37.75,142.25
75165,56,104,285,-37.75,142.75
75166,57,104,286,-37.75,143.25
75167,58,104,287,-37.75,143.75
75168,59,104,288,-37.75,144.25
75170,60,104,290,-37.75,145.25
75173,61,104,293,-37.75,146.75
75174,62,104,294,-37.75,147.25
75453,63,104,573,-37.75,-73.25
75454,64,104,574,-37.75,-72.75
75455,65,104,575,-37.75,-72.25
75456,66,104,576,-37.75,-71.75
75457,67,104,577,-37.75,-71.25
75469,68,104,589,-37.75,-65.25
75471,69,104,591,-37.75,-64.25
75472,70,104,592,-37.75,-63.75
75473,71,104,593,-37.75,-63.25
75474,72,104,594,-37.75,-62.75
75475,73,104,595,-37.75,-62.25
75476,74,104,596,-37.75,-61.75
75477,75,104,597,-37.75,-61.25
75478,76,104,598,-37.75,-60.75
75479,77,104,599,-37.75,-60.25
75480,78,104,600,-37.75,-59.75
75481,79,104,601,-37.75,-59.25
75482,80,104,602,-37.75,-58.75
75483,81,104,603,-37.75,-58.25
75880,82,105,280,-37.25,140.25
75881,83,105,281,-37.25,140.75
75882,84,105,282,-37.25,141.25
75883,85,105,283,-37.25,141.75
75884,86,105,284,-37.25,142.25
75885,87,105,285,-37.25,142.75
75886,88,105,286,-37.25,143.25
75887,89,105,287,-37.25,143.75
75888,90,105,288,-37.25,144.25
75889,91,105,289,-37.25,144.75
75890,92,105,290,-37.25,145.25
75891,93,105,291,-37.25,145.75
75892,94,105,292,-37.25,146.25
75893,95,105,293,-37.25,146.75
75895,96,105,295,-37.25,147.75
75896,97,105,296,-37.25,148.25
75898,98,105,298,-37.25,149.25
76174,99,105,574,-37.25,-72.75
76175,100,105,575,-37.25,-72.25
76176,101,105,576,-37.25,-71.75
76177,102,105,577,-37.25,-71.25
76189,103,105,589,-37.25,-65.25
76190,104,105,590,-37.25,-64.75
76191,105,105,591,-37.25,-64.25
76192,106,105,592,-37.25,-63.75
76193,107,105,593,-37.25,-63.25
76194,108,105,594,-37.25,-62.75
76195,109,105,595,-37.25,-62.25
76196,110,105,596,-37.25,-61.75
76197,111,105,597,-37.25,-61.25
76198,112,105,598,-37.25,-60.75
76199,113,105,599,-37.25,-60.25
76200,114,105,600,-37.25,-59.75
76201,115,105,601,-37.25,-59.25
76202,116,105,602,-37.25,-58.75
76203,117,105,603,-37.25,-58.25
76204,118,105,604,-37.25,-57.75
76600,119,106,280,-36.75,140.25
76601,120,106,281,-36.75,140.75
76602,121,106,282,-36.75,141.25
76603,122,106,283,-36.75,141.75
76604,123,106,284,-36.75,142.25
76605,124,106,285,-36.75,142.75
76606,125,106,286,-36.75,143.25
76607,126,106,287,-36.75,143.75
76608,127,106,288,-36.75,144.25
76609,128,106,289,-36.75,144.75
76610,129,106,290,-36.75,145.25
76611,130,106,291,-36.75,145.75
76612,131,106,292,-36.75,146.25
76613,132,106,293,-36.75,146.75
76615,133,106,295,-36.75,147.75
76617,134,106,297,-36.75,148.75
76618,135,106,298,-36.75,149.25
76895,136,106,575,-36.75,-72.25
76896,137,106,576,-36.75,-71.75
76897,138,106,577,-36.75,-71.25
76909,139,106,589,-36.75,-65.25
76910,140,106,590,-36.75,-64.75
76911,141,106,591,-36.75,-64.25
76912,142,106,592,-36.75,-63.75
76913,143,106,593,-36.75,-63.25
76914,144,106,594,-36.75,-62.75
76915,145,106,595,-36.75,-62.25
76916,146,106,596,-36.75,-61.75
76917,147,106,597,-36.75,-61.25
76918,148,106,598,-36.75,-60.75
76919,149,106,599,-36.75,-60.25
76920,150,106,600,-36.75,-59.75
76921,151,106,601,-36.75,-59.25
76922,152,106,602,-36.75,-58.75
76923,153,106,603,-36.75,-58.25
76924,154,106,604,-36.75,-57.75
76925,155,106,605,-36.75,-57.25
77320,156,107,280,-36.25,140.25
77321,157,107,281,-36.25,140.75
77322,158,107,282,-36.25,141.25
77323,159,107,283,-36.25,141.75
77324,160,107,284,-36.25,142.25
77325,161,107,285,-36.25,142.75
77326,162,107,286,-36.25,143.25
77327,163,107,287,-36.25,143.75
77328,164,107,288,-36.25,144.25
77329,165,107,289,-36.25,144.75
77330,166,107,290,-36.25,145.25
77331,167,107,291,-36.25,145.75
77332,168,107,292,-36.25,146.25
77333,169,107,293,-36.25,146.75
77334,170,107,294,-36.25,147.25
77335,171,107,295,-36.25,147.75
77336,172,107,296,-36.25,148.25
77337,173,107,297,-36.25,148.75
77338,174,107,298,-36.25,149.25
77339,175,107,299,-36.25,149.75
77615,176,107,575,-36.25,-72.25
77616,177,107,576,-36.25,-71.75
77617,178,107,577,-36.25,-71.25
77618,179,107,578,-36.25,-70.75
77628,180,107,588,-36.25,-65.75
77629,181,107,589,-36.25,-65.25
77630,182,107,590,-36.25,-64.75
77631,183,107,591,-36.25,-64.25
77632,184,107,592,-36.25,-63.75
77633,185,107,593,-36.25,-63.25
77634,186,107,594,-36.25,-62.75
77635,187,107,595,-36.25,-62.25
77636,188,107,596,-36.25,-61.75
77637,189,107,597,-36.25,-61.25
77638,190,107,598,-36.25,-60.75
77639,191,107,599,-36.25,-60.25
77640,192,107,600,-36.25,-59.75
77641,193,107,601,-36.25,-59.25
77642,194,107,602,-36.25,-58.75
77643,195,107,603,-36.25,-58.25
77644,196,107,604,-36.25,-57.75
78039,197,108,279,-35.75,139.75
78040,198,108,280,-35.75,140.25
78041,199,108,281,-35.75,140.75
78042,200,108,282,-35.75,141.25
78043,201,108,283,-35.75,141.75
78044,202,108,284,-35.75,142.25
78045,203,108,285,-35.75,142.75
78046,204,108,286,-35.75,143.25
78047,205,108,287,-35.75,143.75
78048,206,108,288,-35.75,144.25
78049,207,108,289,-35.75,144.75
78050,208,108,290,-35.75,145.25
78051,209,108,291,-35.75,145.75
78052,210,108,292,-35.75,146.25
78053,211,108,293,-35.75,146.75
78054,212,108,294,-35.75,147.25
78055,213,108,295,-35.75,147.75
78056,214,108,296,-35.75,148.25
78058,215,108,298,-35.75,149.25
78059,216,108,299,-35.75,149.75
78335,217,108,575,-35.75,-72.25
78336,218,108,576,-35.75,-71.75
78337,219,108,577,-35.75,-71.25
78348,220,108,588,-35.75,-65.75
78349,221,108,589,-35.75,-65.25
78350,222,108,590,-35.75,-64.75
78351,223,108,591,-35.75,-64.25
78352,224,108,592,-35.75,-63.75
78353,225,108,593,-35.75,-63.25
78354,226,108,594,-35.75,-62.75
78355,227,108,595,-35.75,-62.25
78356,228,108,596,-35.75,-61.75
78357,229,108,597,-35.75,-61.25
78358,230,108,598,-35.75,-60.75
78359,231,108,599,-35.75,-60.25
78360,232,108,600,-35.75,-59.75
78361,233,108,601,-35.75,-59.25
78362,234,108,602,-35.75,-58.75
78363,235,108,603,-35.75,-58.25
78364,236,108,604,-35.75,-57.75
78757,237,109,277,-35.25,138.75
78758,238,109,278,-35.25,139.25
78759,239,109,279,-35.25,139.75
78760,240,109,280,-35.25,140.25
78761,241,109,281,-35.25,140.75
78762,242,109,282,-35.25,141.25
78763,243,109,283,-35.25,141.75
78764,244,109,284,-35.25,142.25
78765,245,109,285,-35.25,142.75
78766,246,109,286,-35.25,143.25
78767,247,109,287,-35.25,143.75
78768,248,109,288,-35.25,144.25
78769,249,109,289,-35.25,144.75
78770,250,109,290,-35.25,145.25
78771,251,109,291,-35.25,145.75
78772,252,109,292,-35.25,146.25
78773,253,109,293,-35.25,146.75
78774,254,109,294,-35.25,147.25
78775,255,109,295,-35.25,147.75
78776,256,109,296,-35.25,148.25
78777,257,109,297,-35.25,148.75
78779,258,109,299,-35.25,149.75
79056,259,109,576,-35.25,-71.75
79057,260,109,577,-35.25,-71.25
79058,261,109,578,-35.25,-70.75
79068,262,109,588,-35.25,-65.75
79069,263,109,589,-35.25,-65.25
79070,264,109,590,-35.25,-64.75
79071,265,109,591,-35.25,-64.25
79072,266,109,592,-35.25,-63.75
79073,267,109,593,-35.25,-63.25
79074,268,109,594,-35.25,-62.75
79075,269,109,595,-35.25,-62.25
79076,270,109,596,-35.25,-61.75
79077,271,109,597,-35.25,-61.25
79078,272,109,598,-35.25,-60.75
79079,273,109,599,-35.25,-60.25
79080,274,109,600,-35.25,-59.75
79081,275,109,601,-35.25,-59.25
79082,276,109,602,-35.25,-58.75
79083,277,109,603,-35.25,-58.25
79084,278,109,604,-35.25,-57.75
79433,279,110,233,-34.75,116.75
79434,280,110,234,-34.75,117.25
79477,281,110,277,-34.75,138.75
79478,282,110,278,-34.75,139.25
79479,283,110,279,-34.75,139.75
79480,284,110,280,-34.75,140.25
79481,285,110,281,-34.75,140.75
79482,286,110,282,-34.75,141.25
79483,287,110,283,-34.75,141.75
79484,288,110,284,-34.75,142.25
79485,289,110,285,-34.75,142.75
79486,290,110,286,-34.75,143.25
79487,291,110,287,-34.75,143.75
79488,292,110,288,-34.75,144.25
79489,293,110,289,-34.75,144.75
79490,294,110,290,-34.75,145.25
79491,295,110,291,-34.75,145.75
79492,296,110,292,-34.75,146.25
79493,297,110,293,-34.75,146.75
79494,298,110,294,-34.75,147.25
79495,299,110,295,-34.75,147.75
79496,300,110,296,-34.75,148.25
79497,301,110,297,-34.75,148.75
79498,302,110,298,-34.75,149.25
79499,303,110,299,-34.75,149.75
79500,304,110,300,-34.75,150.25
79776,305,110,576,-34.75,-71.75
79777,306,110,577,-34.75,-71.25
79778,307,110,578,-34.75,-70.75
79788,308,110,588,-34.75,-65.75
79789,309,110,589,-34.75,-65.25
79790,310,110,590,-34.75,-64.75
79791,311,110,591,-34.75,-64.25
79792,312,110,592,-34.75,-63.75
79793,313,110,593,-34.75,-63.25
79794,314,110,594,-34.75,-62.75
79795,315,110,595,-34.75,-62.25
79796,316,110,596,-34.75,-61.75
79797,317,110,597,-34.75,-61.25
79798,318,110,598,-34.75,-60.75
79799,319,110,599,-34.75,-60.25
79800,320,110,600,-34.75,-59.75
79801,321,110,601,-34.75,-59.25
79802,322,110,602,-34.75,-58.75
80152,323,111,232,-34.25,116.25
80153,324,111,233,-34.25,116.75
80154,325,111,234,-34.25,117.25
80155,326,111,235,-34.25,117.75
80156,327,111,236,-34.25,118.25
80191,328,111,271,-34.25,135.75
80197,329,111,277,-34.25,138.75
80198,330,111,278,-34.25,139.25
80199,331,111,279,-34.25,139.75
80200,332,111,280,-34.25,140.25
80201,333,111,281,-34.25,140.75
80202,334,111,282,-34.25,141.25
80203,335,111,283,-34.25,141.75
80204,336,111,284,-34.25,142.25
80205,337,111,285,-34.25,142.75
80206,338,111,286,-34.25,143.25
80207,339,111,287,-34.25,143.75
80208,340,111,288,-34.25,144.25
80209,341,111,289,-34.25,144.75
80210,342,111,290,-34.25,145.25
80211,343,111,291,-34.25,145.75
80212,344,111,292,-34.25,146.25
80213,345,111,293,-34.25,146.75
80214,346,111,294,-34.25,147.25
80215,347,111,295,-34.25,147.75
80216,348,111,296,-34.25,148.25
80217,349,111,297,-34.25,148.75
80218,350,111,298,-34.25,149.25
80219,351,111,299,-34.25,149.75
80220,352,111,300,-34.25,150.25
80497,353,111,577,-34.25,-71.25
80498,354,111,578,-34.25,-70.75
80508,355,111,588,-34.25,-65.75
80509,356,111,589,-34.25,-65.25
80510,357,111,590,-34.25,-64.75
80511,358,111,591,-34.25,-64.25
80512,359,111,592,-34.25,-63.75
80513,360,111,593,-34.25,-63.25
80514,361,111,594,-34.25,-62.75
80515,362,111,595,-34.25,-62.25
80516,363,111,596,-34.25,-61.75
80517,364,111,597,-34.25,-61.25
80518,365,111,598,-34.25,-60.75
80519,366,111,599,-34.25,-60.25
80520,367,111,600,-34.25,-59.75
80521,368,111,601,-34.25,-59.25
80526,369,111,606,-34.25,-56.75
80527,370,111,607,-34.25,-56.25
80528,371,111,608,-34.25,-55.75
80530,372,111,610,-34.25,-54.75
80531,373,111,611,-34.25,-54.25
80688,374,112,48,-33.75,24.25
80871,375,112,231,-33.75,115.75
80872,376,112,232,-33.75,116.25
80873,377,112,233,-33.75,116.75
80874,378,112,234,-33.75,117.25
80875,379,112,235,-33.75,117.75
80876,380,112,236,-33.75,118.25
80877,381,112,237,-33.75,118.75
80878,382,112,238,-33.75,119.25
80879,383,112,239,-33.75,119.75
80911,384,112,271,-33.75,135.75
80912,385,112,272,-33.75,136.25
80916,386,112,276,-33.75,138.25
80917,387,112,277,-33.75,138.75
80923,388,112,283,-33.75,141.75
80924,389,112,284,-33.75,142.25
80925,390,112,285,-33.75,142.75
80929,391,112,289,-33.75,144.75
80930,392,112,290,-33.75,145.25
80931,393,112,291,-33.75,145.75
80932,394,112,292,-33.75,146.25
80933,395,112,293,-33.75,146.75
80934,396,112,294,-33.75,147.25
80935,397,112,295,-33.75,147.75
80936,398,112,296,-33.75,148.25
80937,399,112,297,-33.75,148.75
80938,400,112,298,-33.75,149.25
80939,401,112,299,-33.75,149.75
80940,402,112,300,-33.75,150.25
80941,403,112,301,-33.75,150.75
81217,404,112,577,-33.75,-71.25
81218,405,112,578,-33.75,-70.75
81227,406,112,587,-33.75,-66.25
81228,407,112,588,-33.75,-65.75
81229,408,112,589,-33.75,-65.25
81230,409,112,590,-33.75,-64.75
81231,410,112,591,-33.75,-64.25
81232,411,112,592,-33.75,-63.75
81233,412,112,593,-33.75,-63.25
81234,413,112,594,-33.75,-62.75
81235,414,112,595,-33.75,-62.25
81236,415,112,596,-33.75,-61.75
81237,416,112,597,-33.75,-61.25
81238,417,112,598,-33.75,-60.75
81239,418,112,599,-33.75,-60.25
81240,419,112,600,-33.75,-59.75
81241,420,112,601,-33.75,-59.25
81244,421,112,604,-33.75,-57.75
81245,422,112,605,-33.75,-57.25
81246,423,112,606,-33.75,-56.75
81247,424,112,607,-33.75,-56.25
81248,425,112,608,-33.75,-55.75
81250,426,112,610,-33.75,-54.75
81251,427,112,611,-33.75,-54.25
81409,428,113,49,-33.25,24.75
81410,429,113,50,-33.25,25.25
81592,430,113,232,-33.25,116.25
81593,431,113,233,-33.25,116.75
81594,432,113,234,-33.25,117.25
81595,433,113,235,-33.25,117.75
81596,434,113,236,-33.25,118.25
81597,435,113,237,-33.25,118.75
81598,436,113,238,-33.25,119.25
81599,437,113,239,-33.25,119.75
81600,438,113,240,-33.25,120.25
81601,439,113,241,-33.25,120.75
81602,440,113,242,-33.25,121.25
81603,441,113,243,-33.25,121.75
81605,442,113,245,-33.25,122.75
81630,443,113,270,-33.25,135.25
81631,444,113,271,-33.25,135.75
81632,445,113,272,-33.25,136.25
81633,446,113,273,-33.25,136.75
81637,447,113,277,-33.25,138.75
81643,448,113,283,-33.25,141.75
81644,449,113,284,-33.25,142.25
81650,450,113,290,-33.25,145.25
81651,451,113,291,-33.25,145.75
81652,452,113,292,-33.25,146.25
81653,453,113,293,-33.25,146.75
81654,454,113,294,-33.25,147.25
81655,455,113,295,-33.25,147.75
81656,456,113,296,-33.25,148.25
81657,457,113,297,-33.25,148.75
81658,458,113,298,-33.25,149.25
81659,459,113,299,-33.25,149.75
81937,460,113,577,-33.25,-71.25
81938,461,113,578,-33.25,-70.75
81947,462,113,587,-33.25,-66.25
81948,463,113,588,-33.25,-65.75
81949,464,113,589,-33.25,-65.25
81950,465,113,590,-33.25,-64.75
81951,466,113,591,-33.25,-64.25
81952,467,113,592,-33.25,-63.75
81953,468,113,593,-33.25,-63.25
81954,469,113,594,-33.25,-62.75
81955,470,113,595,-33.25,-62.25
81956,471,113,596,-33.25,-61.75
81957,472,113,597,-33.25,-61.25
81958,473,113,598,-33.25,-60.75
81959,474,113,599,-33.25,-60.25
81960,475,113,600,-33.25,-59.75
81961,476,113,601,-33.25,-59.25
81962,477,113,602,-33.25,-58.75
81964,478,113,604,-33.25,-57.75
81965,479,113,605,-33.25,-57.25
81966,480,113,606,-33.25,-56.75
81967,481,113,607,-33.25,-56.25
81968,482,113,608,-33.25,-55.75
81971,483,113,611,-33.25,-54.25
82131,484,114,51,-32.75,25.75
82132,485,114,52,-32.75,26.25
82312,486,114,232,-32.75,116.25
82313,487,114,233,-32.75,116.75
82314,488,114,234,-32.75,117.25
82315,489,114,235,-32.75,117.75
82316,490,114,236,-32.75,118.25
82317,491,114,237,-32.75,118.75
82318,492,114,238,-32.75,119.25
82319,493,114,239,-32.75,119.75
82322,494,114,242,-32.75,121.25
82323,495,114,243,-32.75,121.75
82349,496,114,269,-32.75,134.75
82350,497,114,270,-32.75,135.25
82351,498,114,271,-32.75,135.75
82352,499,114,272,-32.75,136.25
82356,500,114,276,-32.75,138.25
82357,501,114,277,-32.75,138.75
82370,502,114,290,-32.75,145.25
82373,503,114,293,-32.75,146.75
82374,504,114,294,-32.75,147.25
82375,505,114,295,-32.75,147.75
82376,506,114,296,-32.75,148.25
82377,507,114,297,-32.75,148.75
82378,508,114,298,-32.75,149.25
82379,509,114,299,-32.75,149.75
82381,510,114,301,-32.75,150.75
82382,511,114,302,-32.75,151.25
82658,512,114,578,-32.75,-70.75
82667,513,114,587,-32.75,-66.25
82668,514,114,588,-32.75,-65.75
82669,515,114,589,-32.75,-65.25
82670,516,114,590,-32.75,-64.75
82671,517,114,591,-32.75,-64.25
82672,518,114,592,-32.75,-63.75
82673,519,114,593,-32.75,-63.25
82674,520,114,594,-32.75,-62.75
82675,521,114,595,-32.75,-62.25
82676,522,114,596,-32.75,-61.75
82677,523,114,597,-32.75,-61.25
82678,524,114,598,-32.75,-60.75
82679,525,114,599,-32.75,-60.25
82680,526,114,600,-32.75,-59.75
82681,527,114,601,-32.75,-59.25
82682,528,114,602,-32.75,-58.75
82683,529,114,603,-32.75,-58.25
82684,530,114,604,-32.75,-57.75
82685,531,114,605,-32.75,-57.25
82686,532,114,606,-32.75,-56.75
82687,533,114,607,-32.75,-56.25
82688,534,114,608,-32.75,-55.75
82689,535,114,609,-32.75,-55.25
82838,536,115,38,-32.25,19.25
82847,537,115,47,-32.25,23.75
82850,538,115,50,-32.25,25.25
82851,539,115,51,-32.25,25.75
83032,540,115,232,-32.25,116.25
83033,541,115,233,-32.25,116.75
83034,542,115,234,-32.25,117.25
83035,543,115,235,-32.25,117.75
83036,544,115,236,-32.25,118.25
83037,545,115,237,-32.25,118.75
83038,546,115,238,-32.25,119.25
83069,547,115,269,-32.25,134.75
83075,548,115,275,-32.25,137.75
83076,549,115,276,-32.25,138.25
83077,550,115,277,-32.25,138.75
83089,551,115,289,-32.25,144.75
83090,552,115,290,-32.25,145.25
83091,553,115,291,-32.25,145.75
83092,554,115,292,-32.25,146.25
83093,555,115,293,-32.25,146.75
83094,556,115,294,-32.25,147.25
83095,557,115,295,-32.25,147.75
83096,558,115,296,-32.25,148.25
83097,559,115,297,-32.25,148.75
83098,560,115,298,-32.25,149.25
83099,561,115,299,-32.25,149.75
83100,562,115,300,-32.25,150.25
83101,563,115,301,-32.25,150.75
83102,564,115,302,-32.25,151.25
83387,565,115,587,-32.25,-66.25
83388,566,115,588,-32.25,-65.75
83389,567,115,589,-32.25,-65.25
83390,568,115,590,-32.25,-64.75
83391,569,115,591,-32.25,-64.25
83392,570,115,592,-32.25,-63.75
83393,571,115,593,-32.25,-63.25
83394,572,115,594,-32.25,-62.75
83395,573,115,595,-32.25,-62.25
83396,574,115,596,-32.25,-61.75
83397,575,115,597,-32.25,-61.25
83398,576,115,598,-32.25,-60.75
83399,577,115,599,-32.25,-60.25
83400,578,115,600,-32.25,-59.75
83401,579,115,601,-32.25,-59.25
83402,580,115,602,-32.25,-58.75
83403,581,115,603,-32.25,-58.25
83404,582,115,604,-32.25,-57.75
83405,583,115,605,-32.25,-57.25
83406,584,115,606,-32.25,-56.75
83413,585,115,613,-32.25,-53.25
83414,586,115,614,-32.25,-52.75
83558,587,116,38,-31.75,19.25
83560,588,116,40,-31.75,20.25
83570,589,116,50,-31.75,25.25
83571,590,116,51,-31.75,25.75
83573,591,116,53,-31.75,26.75
83575,592,116,55,-31.75,27.75
83752,593,116,232,-31.75,116.25
83753,594,116,233,-31.75,116.75
83754,595,116,234,-31.75,117.25
83755,596,116,235,-31.75,117.75
83756,597,116,236,-31.75,118.25
83757,598,116,237,-31.75,118.75
83758,599,116,238,-31.75,119.25
83786,600,116,266,-31.75,133.25
83787,601,116,267,-31.75,133.75
83796,602,116,276,-31.75,138.25
83797,603,116,277,-31.75,138.75
83810,604,116,290,-31.75,145.25
83811,605,116,291,-31.75,145.75
83812,606,116,292,-31.75,146.25
83813,607,116,293,-31.75,146.75
83814,608,116,294,-31.75,147.25
83815,609,116,295,-31.75,147.75
83816,610,116,296,-31.75,148.25
83817,611,116,297,-31.75,148.75
83818,612,116,298,-31.75,149.25
83819,613,116,299,-31.75,149.75
83820,614,116,300,-31.75,150.25
83821,615,116,301,-31.75,150.75
83822,616,116,302,-31.75,151.25
84097,617,116,577,-31.75,-71.25
84108,618,116,588,-31.75,-65.75
84109,619,116,589,-31.75,-65.25
84110,620,116,590,-31.75,-64.75
84111,621,116,591,-31.75,-64.25
84112,622,116,592,-31.75,-63.75
84113,623,116,593,-31.75,-63.25
84114,624,116,594,-31.75,-62.75
84115,625,116,595,-31.75,-62.25
84116,626,116,596,-31.75,-61.75
84117,627,116,597,-31.75,-61.25
84118,628,116,598,-31.75,-60.75
84119,629,116,599,-31.75,-60.25
84120,630,116,600,-31.75,-59.75
84121,631,116,601,-31.75,-59.25
84122,632,116,602,-31.75,-58.75
84124,633,116,604,-31.75,-57.75
84125,634,116,605,-31.75,-57.25
84126,635,116,606,-31.75,-56.75
84132,636,116,612,-31.75,-53.75
84133,637,116,613,-31.75,-53.25
84134,638,116,614,-31.75,-52.75
84278,639,117,38,-31.25,19.25
84295,640,117,55,-31.25,27.75
84296,641,117,56,-31.25,28.25
84472,642,117,232,-31.25,116.25
84473,643,117,233,-31.25,116.75
84474,644,117,234,-31.25,117.25
84475,645,117,235,-31.25,117.75
84476,646,117,236,-31.25,118.25
84477,647,117,237,-31.25,118.75
84478,648,117,238,-31.25,119.25
84479,649,117,239,-31.25,119.75
84517,650,117,277,-31.25,138.75
84530,651,117,290,-31.25,145.25
84531,652,117,291,-31.25,145.75
84532,653,117,292,-31.25,146.25
84533,654,117,293,-31.25,146.75
84534,655,117,294,-31.25,147.25
84535,656,117,295,-31.25,147.75
84536,657,117,296,-31.25,148.25
84537,658,117,297,-31.25,148.75
84538,659,117,298,-31.25,149.25
84539,660,117,299,-31.25,149.75
84540,661,117,300,-31.25,150.25
84541,662,117,301,-31.25,150.75
84542,663,117,302,-31.25,151.25
84543,664,117,303,-31.25,151.75
84818,665,117,578,-31.25,-70.75
84829,666,117,589,-31.25,-65.25
84830,667,117,590,-31.25,-64.75
84831,668,117,591,-31.25,-64.25
84832,669,117,592,-31.25,-63.75
84833,670,117,593,-31.25,-63.25
84834,671,117,594,-31.25,-62.75
84835,672,117,595,-31.25,-62.25
84836,673,117,596,-31.25,-61.75
84837,674,117,597,-31.25,-61.25
84838,675,117,598,-31.25,-60.75
84839,676,117,599,-31.25,-60.25
84840,677,117,600,-31.25,-59.75
84841,678,117,601,-31.25,-59.25
84842,679,117,602,-31.25,-58.75
84843,680,117,603,-31.25,-58.25
84845,681,117,605,-31.25,-57.25
84847,682,117,607,-31.25,-56.25
84849,683,117,609,-31.25,-55.25
84850,684,117,610,-31.25,-54.75
84851,685,117,611,-31.25,-54.25
84852,686,117,612,-31.25,-53.75
84853,687,117,613,-31.25,-53.25
84854,688,117,614,-31.25,-52.75
84855,689,117,615,-31.25,-52.25
85010,690,118,50,-30.75,25.25
85016,691,118,56,-30.75,28.25
85191,692,118,231,-30.75,115.75
85192,693,118,232,-30.75,116.25
85193,694,118,233,-30.75,116.75
85194,695,118,234,-30.75,117.25
85195,696,118,235,-30.75,117.75
85196,697,118,236,-30.75,118.25
85197,698,118,237,-30.75,118.75
85254,699,118,294,-30.75,147.25
85255,700,118,295,-30.75,147.75
85256,701,118,296,-30.75,148.25
85257,702,118,297,-30.75,148.75
85258,703,118,298,-30.75,149.25
85259,704,118,299,-30.75,149.75
85260,705,118,300,-30.75,150.25
85261,706,118,301,-30.75,150.75
85262,707,118,302,-30.75,151.25
85263,708,118,303,-30.75,151.75
85264,709,118,304,-30.75,152.25
85537,710,118,577,-30.75,-71.25
85550,711,118,590,-30.75,-64.75
85551,712,118,591,-30.75,-64.25
85552,713,118,592,-30.75,-63.75
85553,714,118,593,-30.75,-63.25
85554,715,118,594,-30.75,-62.75
85555,716,118,595,-30.75,-62.25
85556,717,118,596,-30.75,-61.75
85557,718,118,597,-30.75,-61.25
85558,719,118,598,-30.75,-60.75
85559,720,118,599,-30.75,-60.25
85560,721,118,600,-30.75,-59.75
85561,722,118,601,-30.75,-59.25
85562,723,118,602,-30.75,-58.75
85563,724,118,603,-30.75,-58.25
85565,725,118,605,-30.75,-57.25
85566,726,118,606,-30.75,-56.75
85569,727,118,609,-30.75,-55.25
85570,728,118,610,-30.75,-54.75
85571,729,118,611,-30.75,-54.25
85572,730,118,612,-30.75,-53.75
85573,731,118,613,-30.75,-53.25
85574,732,118,614,-30.75,-52.75
85575,733,118,615,-30.75,-52.25
85576,734,118,616,-30.75,-51.75
85715,735,119,35,-30.25,17.75
85733,736,119,53,-30.25,26.75
85911,737,119,231,-30.25,115.75
85912,738,119,232,-30.25,116.25
85913,739,119,233,-30.25,116.75
85914,740,119,234,-30.25,117.25
85915,741,119,235,-30.25,117.75
85916,742,119,236,-30.25,118.25
85974,743,119,294,-30.25,147.25
85975,744,119,295,-30.25,147.75
85976,745,119,296,-30.25,148.25
85977,746,119,297,-30.25,148.75
85978,747,119,298,-30.25,149.25
85979,748,119,299,-30.25,149.75
85980,749,119,300,-30.25,150.25
85981,750,119,301,-30.25,150.75
85982,751,119,302,-30.25,151.25
85983,752,119,303,-30.25,151.75
86269,753,119,589,-30.25,-65.25
86270,754,119,590,-30.25,-64.75
86271,755,119,591,-30.25,-64.25
86272,756,119,592,-30.25,-63.75
86273,757,119,593,-30.25,-63.25
86274,758,119,594,-30.25,-62.75
86275,759,119,595,-30.25,-62.25
86276,760,119,596,-30.25,-61.75
86277,761,119,597,-30.25,-61.25
86278,762,119,598,-30.25,-60.75
86279,763,119,599,-30.25,-60.25
86280,764,119,600,-30.25,-59.75
86281,765,119,601,-30.25,-59.25
86282,766,119,602,-30.25,-58.75
86283,767,119,603,-30.25,-58.25
86289,768,119,609,-30.25,-55.25
86290,769,119,610,-30.25,-54.75
86291,770,119,611,-30.25,-54.25
86292,771,119,612,-30.25,-53.75
86293,772,119,613,-30.25,-53.25
86294,773,119,614,-30.25,-52.75
86295,774,119,615,-30.25,-52.25
86296,775,119,616,-30.25,-51.75
86445,776,120,45,-29.75,22.75
86448,777,120,48,-29.75,24.25
86449,778,120,49,-29.75,24.75
86451,779,120,51,-29.75,25.75
86452,780,120,52,-29.75,26.25
86453,781,120,53,-29.75,26.75
86458,782,120,58,-29.75,29.25
86459,783,120,59,-29.75,29.75
86630,784,120,230,-29.75,115.25
86631,785,120,231,-29.75,115.75
86632,786,120,232,-29.75,116.25
86633,787,120,233,-29.75,116.75
86690,788,120,290,-29.75,145.25
86694,789,120,294,-29.75,147.25
86695,790,120,295,-29.75,147.75
86697,791,120,297,-29.75,148.75
86698,792,120,298,-29.75,149.25
86699,793,120,299,-29.75,149.75
86700,794,120,300,-29.75,150.25
86701,795,120,301,-29.75,150.75
86702,796,120,302,-29.75,151.25
86703,797,120,303,-29.75,151.75
86989,798,120,589,-29.75,-65.25
86990,799,120,590,-29.75,-64.75
86991,800,120,591,-29.75,-64.25
86992,801,120,592,-29.75,-63.75
86993,802,120,593,-29.75,-63.25
86994,803,120,594,-29.75,-62.75
86995,804,120,595,-29.75,-62.25
86996,805,120,596,-29.75,-61.75
86997,806,120,597,-29.75,-61.25
86998,807,120,598,-29.75,-60.75
86999,808,120,599,-29.75,-60.25
87000,809,120,600,-29.75,-59.75
87007,810,120,607,-29.75,-56.25
87008,811,120,608,-29.75,-55.75
87009,812,120,609,-29.75,-55.25
87010,813,120,610,-29.75,-54.75
87011,814,120,611,-29.75,-54.25
87012,815,120,612,-29.75,-53.75
87013,816,120,613,-29.75,-53.25
87014,817,120,614,-29.75,-52.75
87015,818,120,615,-29.75,-52.25
87016,819,120,616,-29.75,-51.75
87166,820,121,46,-29.25,23.25
87167,821,121,47,-29.25,23.75
87169,822,121,49,-29.25,24.75
87170,823,121,50,-29.25,25.25
87171,824,121,51,-29.25,25.75
87172,825,121,52,-29.25,26.25
87173,826,121,53,-29.25,26.75
87174,827,121,54,-29.25,27.25
87175,828,121,55,-29.25,27.75
87176,829,121,56,-29.25,28.25
87177,830,121,57,-29.25,28.75
87178,831,121,58,-29.25,29.25
87179,832,121,59,-29.25,29.75
87180,833,121,60,-29.25,30.25
87350,834,121,230,-29.25,115.25
87351,835,121,231,-29.25,115.75
87352,836,121,232,-29.25,116.25
87416,837,121,296,-29.25,148.25
87417,838,121,297,-29.25,148.75
87418,839,121,298,-29.25,149.25
87419,840,121,299,-29.25,149.75
87420,841,121,300,-29.25,150.25
87421,842,121,301,-29.25,150.75
87422,843,121,302,-29.25,151.25
87423,844,121,303,-29.25,151.75
87424,845,121,304,-29.25,152.25
87425,846,121,305,-29.25,152.75
87709,847,121,589,-29.25,-65.25
87710,848,121,590,-29.25,-64.75
87711,849,121,591,-29.25,-64.25
87712,850,121,592,-29.25,-63.75
87713,851,121,593,-29.25,-63.25
87714,852,121,594,-29.25,-62.75
87715,853,121,595,-29.25,-62.25
87716,854,121,596,-29.25,-61.75
87717,855,121,597,-29.25,-61.25
87718,856,121,598,-29.25,-60.75
87719,857,121,599,-29.25,-60.25
87720,858,121,600,-29.25,-59.75
87721,859,121,601,-29.25,-59.25
87726,860,121,606,-29.25,-56.75
87727,861,121,607,-29.25,-56.25
87728,862,121,608,-29.25,-55.75
87729,863,121,609,-29.25,-55.25
87730,864,121,610,-29.25,-54.75
87731,865,121,611,-29.25,-54.25
87732,866,121,612,-29.25,-53.75
87733,867,121,613,-29.25,-53.25
87734,868,121,614,-29.25,-52.75
87735,869,121,615,-29.25,-52.25
87736,870,121,616,-29.25,-51.75
87737,871,121,617,-29.25,-51.25
87738,872,121,618,-29.25,-50.75
87881,873,122,41,-28.75,20.75
87882,874,122,42,-28.75,21.25
87883,875,122,43,-28.75,21.75
87889,876,122,49,-28.75,24.75
87890,877,122,50,-28.75,25.25
87891,878,122,51,-28.75,25.75
87892,879,122,52,-28.75,26.25
87893,880,122,53,-28.75,26.75
87894,881,122,54,-28.75,27.25
87895,882,122,55,-28.75,27.75
87896,883,122,56,-28.75,28.25
87897,884,122,57,-28.75,28.75
87898,885,122,58,-28.75,29.25
87899,886,122,59,-28.75,29.75
87900,887,122,60,-28.75,30.25
88070,888,122,230,-28.75,115.25
88071,889,122,231,-28.75,115.75
88138,890,122,298,-28.75,149.25
88139,891,122,299,-28.75,149.75
88140,892,122,300,-28.75,150.25
88141,893,122,301,-28.75,150.75
88142,894,122,302,-28.75,151.25
88143,895,122,303,-28.75,151.75
88144,896,122,304,-28.75,152.25
88145,897,122,305,-28.75,152.75
88418,898,122,578,-28.75,-70.75
88428,899,122,588,-28.75,-65.75
88429,900,122,589,-28.75,-65.25
88433,901,122,593,-28.75,-63.25
88434,902,122,594,-28.75,-62.75
88435,903,122,595,-28.75,-62.25
88436,904,122,596,-28.75,-61.75
88437,905,122,597,-28.75,-61.25
88438,906,122,598,-28.75,-60.75
88439,907,122,599,-28.75,-60.25
88440,908,122,600,-28.75,-59.75
88441,909,122,601,-28.75,-59.25
88442,910,122,602,-28.75,-58.75
88446,911,122,606,-28.75,-56.75
88447,912,122,607,-28.75,-56.25
88448,913,122,608,-28.75,-55.75
88449,914,122,609,-28.75,-55.25
88450,915,122,610,-28.75,-54.75
88451,916,122,611,-28.75,-54.25
88452,917,122,612,-28.75,-53.75
88453,918,122,613,-28.75,-53.25
88454,919,122,614,-28.75,-52.75
88455,920,122,615,-28.75,-52.25
88456,921,122,616,-28.75,-51.75
88457,922,122,617,-28.75,-51.25
88458,923,122,618,-28.75,-50.75
88459,924,122,619,-28.75,-50.25
88608,925,123,48,-28.25,24.25
88609,926,123,49,-28.25,24.75
88610,927,123,50,-28.25,25.25
88611,928,123,51,-28.25,25.75
88612,929,123,52,-28.25,26.25
88613,930,123,53,-28.25,26.75
88614,931,123,54,-28.25,27.25
88615,932,123,55,-28.25,27.75
88616,933,123,56,-28.25,28.25
88617,934,123,57,-28.25,28.75
88618,935,123,58,-28.25,29.25
88619,936,123,59,-28.25,29.75
88620,937,123,60,-28.25,30.25
88621,938,123,61,-28.25,30.75
88622,939,123,62,-28.25,31.25
88789,940,123,229,-28.25,114.75
88790,941,123,230,-28.25,115.25
88856,942,123,296,-28.25,148.25
88858,943,123,298,-28.25,149.25
88859,944,123,299,-28.25,149.75
88860,945,123,300,-28.25,150.25
88861,946,123,301,-28.25,150.75
88862,947,123,302,-28.25,151.25
88863,948,123,303,-28.25,151.75
88864,949,123,304,-28.25,152.25
88865,950,123,305,-28.25,152.75
89148,951,123,588,-28.25,-65.75
89149,952,123,589,-28.25,-65.25
89150,953,123,590,-28.25,-64.75
89151,954,123,591,-28.25,-64.25
89152,955,123,592,-28.25,-63.75
89153,956,123,593,-28.25,-63.25
89154,957,123,594,-28.25,-62.75
89155,958,123,595,-28.25,-62.25
89156,959,123,596,-28.25,-61.75
89157,960,123,597,-28.25,-61.25
89158,961,123,598,-28.25,-60.75
89159,962,123,599,-28.25,-60.25
89160,963,123,600,-28.25,-59.75
89161,964,123,601,-28.25,-59.25
89162,965,123,602,-28.25,-58.75
89167,966,123,607,-28.25,-56.25
89168,967,123,608,-28.25,-55.75
89169,968,123,609,-28.25,-55.25
89170,969,123,610,-28.25,-54.75
89171,970,123,611,-28.25,-54.25
89172,971,123,612,-28.25,-53.75
89173,972,123,613,-28.25,-53.25
89174,973,123,614,-28.25,-52.75
89175,974,123,615,-28.25,-52.25
89176,975,123,616,-28.25,-51.75
89177,976,123,617,-28.25,-51.25
89178,977,123,618,-28.25,-50.75
89179,978,123,619,-28.25,-50.25
89329,979,124,49,-27.75,24.75
89330,980,124,50,-27.75,25.25
89331,981,124,51,-27.75,25.75
89332,982,124,52,-27.75,26.25
89333,983,124,53,-27.75,26.75
89334,984,124,54,-27.75,27.25
89335,985,124,55,-27.75,27.75
89336,986,124,56,-27.75,28.25
89337,987,124,57,-27.75,28.75
89338,988,124,58,-27.75,29.25
89339,989,124,59,-27.75,29.75
89340,990,124,60,-27.75,30.25
89341,991,124,61,-27.75,30.75
89342,992,124,62,-27.75,31.25
89509,993,124,229,-27.75,114.75
89578,994,124,298,-27.75,149.25
89579,995,124,299,-27.75,149.75
89580,996,124,300,-27.75,150.25
89581,997,124,301,-27.75,150.75
89582,998,124,302,-27.75,151.25
89583,999,124,303,-27.75,151.75
89584,1000,124,304,-27.75,152.25
89585,1001,124,305,-27.75,152.75
89868,1002,124,588,-27.75,-65.75
89869,1003,124,589,-27.75,-65.25
89870,1004,124,590,-27.75,-64.75
89871,1005,124,591,-27.75,-64.25
89872,1006,124,592,-27.75,-63.75
89873,1007,124,593,-27.75,-63.25
89874,1008,124,594,-27.75,-62.75
89875,1009,124,595,-27.75,-62.25
89876,1010,124,596,-27.75,-61.75
89877,1011,124,597,-27.75,-61.25
89878,1012,124,598,-27.75,-60.75
89881,1013,124,601,-27.75,-59.25
89882,1014,124,602,-27.75,-58.75
89887,1015,124,607,-27.75,-56.25
89888,1016,124,608,-27.75,-55.75
89889,1017,124,609,-27.75,-55.25
89890,1018,124,610,-27.75,-54.75
89891,1019,124,611,-27.75,-54.25
89892,1020,124,612,-27.75,-53.75
89893,1021,124,613,-27.75,-53.25
89894,1022,124,614,-27.75,-52.75
89895,1023,124,615,-27.75,-52.25
89896,1024,124,616,-27.75,-51.75
89897,1025,124,617,-27.75,-51.25
89898,1026,124,618,-27.75,-50.75
89900,1027,124,620,-27.75,-49.75
90051,1028,125,51,-27.25,25.75
90052,1029,125,52,-27.25,26.25
90053,1030,125,53,-27.25,26.75
90054,1031,125,54,-27.25,27.25
90055,1032,125,55,-27.25,27.75
90056,1033,125,56,-27.25,28.25
90057,1034,125,57,-27.25,28.75
90058,1035,125,58,-27.25,29.25
90059,1036,125,59,-27.25,29.75
90060,1037,125,60,-27.25,30.25
90061,1038,125,61,-27.25,30.75
90062,1039,125,62,-27.25,31.25
90063,1040,125,63,-27.25,31.75
90295,1041,125,295,-27.25,147.75
90296,1042,125,296,-27.25,148.25
90298,1043,125,298,-27.25,149.25
90299,1044,125,299,-27.25,149.75
90301,1045,125,301,-27.25,150.75
90302,1046,125,302,-27.25,151.25
90303,1047,125,303,-27.25,151.75
90304,1048,125,304,-27.25,152.25
90587,1049,125,587,-27.25,-66.25
90588,1050,125,588,-27.25,-65.75
90589,1051,125,589,-27.25,-65.25
90590,1052,125,590,-27.25,-64.75
90591,1053,125,591,-27.25,-64.25
90593,1054,125,593,-27.25,-63.25
90594,1055,125,594,-27.25,-62.75
90595,1056,125,595,-27.25,-62.25
90596,1057,125,596,-27.25,-61.75
90597,1058,125,597,-27.25,-61.25
90598,1059,125,598,-27.25,-60.75
90599,1060,125,599,-27.25,-60.25
90601,1061,125,601,-27.25,-59.25
90602,1062,125,602,-27.25,-58.75
90605,1063,125,605,-27.25,-57.25
90606,1064,125,606,-27.25,-56.75
90607,1065,125,607,-27.25,-56.25
90608,1066,125,608,-27.25,-55.75
90609,1067,125,609,-27.25,-55.25
90611,1068,125,611,-27.25,-54.25
90612,1069,125,612,-27.25,-53.75
90613,1070,125,613,-27.25,-53.25
90614,1071,125,614,-27.25,-52.75
90615,1072,125,615,-27.25,-52.25
90616,1073,125,616,-27.25,-51.75
90617,1074,125,617,-27.25,-51.25
90618,1075,125,618,-27.25,-50.75
90619,1076,125,619,-27.25,-50.25
90620,1077,125,620,-27.25,-49.75
90768,1078,126,48,-26.75,24.25
90769,1079,126,49,-26.75,24.75
90770,1080,126,50,-26.75,25.25
90771,1081,126,51,-26.75,25.75
90772,1082,126,52,-26.75,26.25
90773,1083,126,53,-26.75,26.75
90774,1084,126,54,-26.75,27.25
90775,1085,126,55,-26.75,27.75
90776,1086,126,56,-26.75,28.25
90777,1087,126,57,-26.75,28.75
90778,1088,126,58,-26.75,29.25
90779,1089,126,59,-26.75,29.75
90780,1090,126,60,-26.75,30.25
90781,1091,126,61,-26.75,30.75
91018,1092,126,298,-26.75,149.25
91019,1093,126,299,-26.75,149.75
91020,1094,126,300,-26.75,150.25
91021,1095,126,301,-26.75,150.75
91022,1096,126,302,-26.75,151.25
91023,1097,126,303,-26.75,151.75
91024,1098,126,304,-26.75,152.25
91308,1099,126,588,-26.75,-65.75
91309,1100,126,589,-26.75,-65.25
91310,1101,126,590,-26.75,-64.75
91311,1102,126,591,-26.75,-64.25
91312,1103,126,592,-26.75,-63.75
91313,1104,126,593,-26.75,-63.25
91314,1105,126,594,-26.75,-62.75
91315,1106,126,595,-26.75,-62.25
91316,1107,126,596,-26.75,-61.75
91317,1108,126,597,-26.75,-61.25
91318,1109,126,598,-26.75,-60.75
91319,1110,126,599,-26.75,-60.25
91320,1111,126,600,-26.75,-59.75
91322,1112,126,602,-26.75,-58.75
91327,1113,126,607,-26.75,-56.25
91328,1114,126,608,-26.75,-55.75
91329,1115,126,609,-26.75,-55.25
91330,1116,126,610,-26.75,-54.75
91332,1117,126,612,-26.75,-53.75
91333,1118,126,613,-26.75,-53.25
91334,1119,126,614,-26.75,-52.75
91335,1120,126,615,-26.75,-52.25
91336,1121,126,616,-26.75,-51.75
91337,1122,126,617,-26.75,-51.25
91339,1123,126,619,-26.75,-50.25
91340,1124,126,620,-26.75,-49.75
91487,1125,127,47,-26.25,23.75
91488,1126,127,48,-26.25,24.25
91489,1127,127,49,-26.25,24.75
91490,1128,127,50,-26.25,25.25
91491,1129,127,51,-26.25,25.75
91492,1130,127,52,-26.25,26.25
91493,1131,127,53,-26.25,26.75
91494,1132,127,54,-26.25,27.25
91495,1133,127,55,-26.25,27.75
91496,1134,127,56,-26.25,28.25
91497,1135,127,57,-26.25,28.75
91498,1136,127,58,-26.25,29.25
91499,1137,127,59,-26.25,29.75
91500,1138,127,60,-26.25,30.25
91732,1139,127,292,-26.25,146.25
91734,1140,127,294,-26.25,147.25
91735,1141,127,295,-26.25,147.75
91736,1142,127,296,-26.25,148.25
91737,1143,127,297,-26.25,148.75
91738,1144,127,298,-26.25,149.25
91739,1145,127,299,-26.25,149.75
91740,1146,127,300,-26.25,150.25
91741,1147,127,301,-26.25,150.75
91742,1148,127,302,-26.25,151.25
91743,1149,127,303,-26.25,151.75
91744,1150,127,304,-26.25,152.25
92028,1151,127,588,-26.25,-65.75
92029,1152,127,589,-26.25,-65.25
92030,1153,127,590,-26.25,-64.75
92031,1154,127,591,-26.25,-64.25
92035,1155,127,595,-26.25,-62.25
92036,1156,127,596,-26.25,-61.75
92037,1157,127,597,-26.25,-61.25
92038,1158,127,598,-26.25,-60.75
92039,1159,127,599,-26.25,-60.25
92040,1160,127,600,-26.25,-59.75
92041,1161,127,601,-26.25,-59.25
92046,1162,127,606,-26.25,-56.75
92048,1163,127,608,-26.25,-55.75
92049,1164,127,609,-26.25,-55.25
92050,1165,127,610,-26.25,-54.75
92052,1166,127,612,-26.25,-53.75
92053,1167,127,613,-26.25,-53.25
92054,1168,127,614,-26.25,-52.75
92055,1169,127,615,-26.25,-52.25
92056,1170,127,616,-26.25,-51.75
92057,1171,127,617,-26.25,-51.25
92058,1172,127,618,-26.25,-50.75
92059,1173,127,619,-26.25,-50.25
92060,1174,127,620,-26.25,-49.75
92061,1175,127,621,-26.25,-49.25
92207,1176,128,47,-25.75,23.75
92211,1177,128,51,-25.75,25.75
92212,1178,128,52,-25.75,26.25
92213,1179,128,53,-25.75,26.75
92214,1180,128,54,-25.75,27.25
92215,1181,128,55,-25.75,27.75
92216,1182,128,56,-25.75,28.25
92217,1183,128,57,-25.75,28.75
92220,1184,128,60,-25.75,30.25
92450,1185,128,290,-25.75,145.25
92453,1186,128,293,-25.75,146.75
92454,1187,128,294,-25.75,147.25
92455,1188,128,295,-25.75,147.75
92456,1189,128,296,-25.75,148.25
92457,1190,128,297,-25.75,148.75
92458,1191,128,298,-25.75,149.25
92459,1192,128,299,-25.75,149.75
92460,1193,128,300,-25.75,150.25
92461,1194,128,301,-25.75,150.75
92463,1195,128,303,-25.75,151.75
92464,1196,128,304,-25.75,152.25
92748,1197,128,588,-25.75,-65.75
92749,1198,128,589,-25.75,-65.25
92750,1199,128,590,-25.75,-64.75
92751,1200,128,591,-25.75,-64.25
92752,1201,128,592,-25.75,-63.75
92758,1202,128,598,-25.75,-60.75
92759,1203,128,599,-25.75,-60.25
92760,1204,128,600,-25.75,-59.75
92766,1205,128,606,-25.75,-56.75
92767,1206,128,607,-25.75,-56.25
92768,1207,128,608,-25.75,-55.75
92769,1208,128,609,-25.75,-55.25
92770,1209,128,610,-25.75,-54.75
92771,1210,128,611,-25.75,-54.25
92772,1211,128,612,-25.75,-53.75
92773,1212,128,613,-25.75,-53.25
92774,1213,128,614,-25.75,-52.75
92775,1214,128,615,-25.75,-52.25
92776,1215,128,616,-25.75,-51.75
92777,1216,128,617,-25.75,-51.25
92778,1217,128,618,-25.75,-50.75
92779,1218,128,619,-25.75,-50.25
92780,1219,128,620,-25.75,-49.75
92781,1220,128,621,-25.75,-49.25
92932,1221,129,52,-25.25,26.25
92934,1222,129,54,-25.25,27.25
92935,1223,129,55,-25.25,27.75
92936,1224,129,56,-25.25,28.25
92938,1225,129,58,-25.25,29.25
92939,1226,129,59,-25.25,29.75
92940,1227,129,60,-25.25,30.25
93173,1228,129,293,-25.25,146.75
93174,1229,129,294,-25.25,147.25
93176,1230,129,296,-25.25,148.25
93177,1231,129,297,-25.25,148.75
93178,1232,129,298,-25.25,149.25
93179,1233,129,299,-25.25,149.75
93181,1234,129,301,-25.25,150.75
93182,1235,129,302,-25.25,151.25
93184,1236,129,304,-25.25,152.25
93468,1237,129,588,-25.25,-65.75
93469,1238,129,589,-25.25,-65.25
93470,1239,129,590,-25.25,-64.75
93471,1240,129,591,-25.25,-64.25
93472,1241,129,592,-25.25,-63.75
93473,1242,129,593,-25.25,-63.25
93483,1243,129,603,-25.25,-58.25
93484,1244,129,604,-25.25,-57.75
93485,1245,129,605,-25.25,-57.25
93487,1246,129,607,-25.25,-56.25
93488,1247,129,608,-25.25,-55.75
93489,1248,129,609,-25.25,-55.25
93490,1249,129,610,-25.25,-54.75
93491,1250,129,611,-25.25,-54.25
93492,1251,129,612,-25.25,-53.75
93493,1252,129,613,-25.25,-53.25
93494,1253,129,614,-25.25,-52.75
93495,1254,129,615,-25.25,-52.25
93496,1255,129,616,-25.25,-51.75
93497,1256,129,617,-25.25,-51.25
93498,1257,129,618,-25.25,-50.75
93499,1258,129,619,-25.25,-50.25
93500,1259,129,620,-25.25,-49.75
93501,1260,129,621,-25.25,-49.25
93652,1261,130,52,-24.75,26.25
93653,1262,130,53,-24.75,26.75
93654,1263,130,54,-24.75,27.25
93655,1264,130,55,-24.75,27.75
93656,1265,130,56,-24.75,28.25
93657,1266,130,57,-24.75,28.75
93658,1267,130,58,-24.75,29.25
93660,1268,130,60,-24.75,30.25
93661,1269,130,61,-24.75,30.75
93893,1270,130,293,-24.75,146.75
93894,1271,130,294,-24.75,147.25
93895,1272,130,295,-24.75,147.75
93897,1273,130,297,-24.75,148.75
93898,1274,130,298,-24.75,149.25
93900,1275,130,300,-24.75,150.25
93902,1276,130,302,-24.75,151.25
93903,1277,130,303,-24.75,151.75
94188,1278,130,588,-24.75,-65.75
94189,1279,130,589,-24.75,-65.25
94190,1280,130,590,-24.75,-64.75
94191,1281,130,591,-24.75,-64.25
94192,1282,130,592,-24.75,-63.75
94197,1283,130,597,-24.75,-61.25
94198,1284,130,598,-24.75,-60.75
94204,1285,130,604,-24.75,-57.75
94205,1286,130,605,-24.75,-57.25
94206,1287,130,606,-24.75,-56.75
94208,1288,130,608,-24.75,-55.75
94209,1289,130,609,-24.75,-55.25
94210,1290,130,610,-24.75,-54.75
94211,1291,130,611,-24.75,-54.25
94212,1292,130,612,-24.75,-53.75
94213,1293,130,613,-24.75,-53.25
94214,1294,130,614,-24.75,-52.75
94215,1295,130,615,-24.75,-52.25
94216,1296,130,616,-24.75,-51.75
94217,1297,130,617,-24.75,-51.25
94218,1298,130,618,-24.75,-50.75
94219,1299,130,619,-24.75,-50.25
94220,1300,130,620,-24.75,-49.75
94221,1301,130,621,-24.75,-49.25
94223,1302,130,623,-24.75,-48.25
94373,1303,131,53,-24.25,26.75
94374,1304,131,54,-24.25,27.25
94375,1305,131,55,-24.25,27.75
94376,1306,131,56,-24.25,28.25
94377,1307,131,57,-24.25,28.75
94378,1308,131,58,-24.25,29.25
94613,1309,131,293,-24.25,146.75
94615,1310,131,295,-24.25,147.75
94616,1311,131,296,-24.25,148.25
94617,1312,131,297,-24.25,148.75
94618,1313,131,298,-24.25,149.25
94620,1314,131,300,-24.25,150.25
94621,1315,131,301,-24.25,150.75
94622,1316,131,302,-24.25,151.25
94909,1317,131,589,-24.25,-65.25
94911,1318,131,591,-24.25,-64.25
94912,1319,131,592,-24.25,-63.75
94913,1320,131,593,-24.25,-63.25
94916,1321,131,596,-24.25,-61.75
94925,1322,131,605,-24.25,-57.25
94926,1323,131,606,-24.25,-56.75
94928,1324,131,608,-24.25,-55.75
94929,1325,131,609,-24.25,-55.25
94930,1326,131,610,-24.25,-54.75
94931,1327,131,611,-24.25,-54.25
94932,1328,131,612,-24.25,-53.75
94933,1329,131,613,-24.25,-53.25
94934,1330,131,614,-24.25,-52.75
94935,1331,131,615,-24.25,-52.25
94936,1332,131,616,-24.25,-51.75
94937,1333,131,617,-24.25,-51.25
94938,1334,131,618,-24.25,-50.75
94939,1335,131,619,-24.25,-50.25
94940,1336,131,620,-24.25,-49.75
94941,1337,131,621,-24.25,-49.25
94942,1338,131,622,-24.25,-48.75
94943,1339,131,623,-24.25,-48.25
95096,1340,132,56,-23.75,28.25
95097,1341,132,57,-23.75,28.75
95332,1342,132,292,-23.75,146.25
95335,1343,132,295,-23.75,147.75
95336,1344,132,296,-23.75,148.25
95339,1345,132,299,-23.75,149.75
95630,1346,132,590,-23.75,-64.75
95631,1347,132,591,-23.75,-64.25
95646,1348,132,606,-23.75,-56.75
95647,1349,132,607,-23.75,-56.25
95648,1350,132,608,-23.75,-55.75
95649,1351,132,609,-23.75,-55.25
95650,1352,132,610,-23.75,-54.75
95651,1353,132,611,-23.75,-54.25
95652,1354,132,612,-23.75,-53.75
95653,1355,132,613,-23.75,-53.25
95654,1356,132,614,-23.75,-52.75
95655,1357,132,615,-23.75,-52.25
95656,1358,132,616,-23.75,-51.75
95657,1359,132,617,-23.75,-51.25
95658,1360,132,618,-23.75,-50.75
95659,1361,132,619,-23.75,-50.25
95660,1362,132,620,-23.75,-49.75
95661,1363,132,621,-23.75,-49.25
95662,1364,132,622,-23.75,-48.75
95663,1365,132,623,-23.75,-48.25
95664,1366,132,624,-23.75,-47.75
95816,1367,133,56,-23.25,28.25
95817,1368,133,57,-23.25,28.75
96054,1369,133,294,-23.25,147.25
96055,1370,133,295,-23.25,147.75
96056,1371,133,296,-23.25,148.25
96059,1372,133,299,-23.25,149.75
96060,1373,133,300,-23.25,150.25
96351,1374,133,591,-23.25,-64.25
96366,1375,133,606,-23.25,-56.75
96367,1376,133,607,-23.25,-56.25
96368,1377,133,608,-23.25,-55.75
96369,1378,133,609,-23.25,-55.25
96370,1379,133,610,-23.25,-54.75
96371,1380,133,611,-23.25,-54.25
96372,1381,133,612,-23.25,-53.75
96373,1382,133,613,-23.25,-53.25
96374,1383,133,614,-23.25,-52.75
96375,1384,133,615,-23.25,-52.25
96376,1385,133,616,-23.25,-51.75
96377,1386,133,617,-23.25,-51.25
96378,1387,133,618,-23.25,-50.75
96379,1388,133,619,-23.25,-50.25
96380,1389,133,620,-23.25,-49.75
96381,1390,133,621,-23.25,-49.25
96382,1391,133,622,-23.25,-48.75
96383,1392,133,623,-23.25,-48.25
96384,1393,133,624,-23.25,-47.75
96385,1394,133,625,-23.25,-47.25
96538,1395,134,58,-22.75,29.25
96539,1396,134,59,-22.75,29.75
96775,1397,134,295,-22.75,147.75
96776,1398,134,296,-22.75,148.25
97071,1399,134,591,-22.75,-64.25
97087,1400,134,607,-22.75,-56.25
97088,1401,134,608,-22.75,-55.75
97089,1402,134,609,-22.75,-55.25
97090,1403,134,610,-22.75,-54.75
97091,1404,134,611,-22.75,-54.25
97092,1405,134,612,-22.75,-53.75
97093,1406,134,613,-22.75,-53.25
97094,1407,134,614,-22.75,-52.75
97095,1408,134,615,-22.75,-52.25
97096,1409,134,616,-22.75,-51.75
97097,1410,134,617,-22.75,-51.25
97098,1411,134,618,-22.75,-50.75
97099,1412,134,619,-22.75,-50.25
97100,1413,134,620,-22.75,-49.75
97101,1414,134,621,-22.75,-49.25
97102,1415,134,622,-22.75,-48.75
97104,1416,134,624,-22.75,-47.75
97105,1417,134,625,-22.75,-47.25
97106,1418,134,626,-22.75,-46.75
97260,1419,135,60,-22.25,30.25
97261,1420,135,61,-22.25,30.75
97262,1421,135,62,-22.25,31.25
97263,1422,135,63,-22.25,31.75
97494,1423,135,294,-22.25,147.25
97495,1424,135,295,-22.25,147.75
97789,1425,135,589,-22.25,-65.25
97790,1426,135,590,-22.25,-64.75
97792,1427,135,592,-22.25,-63.75
97808,1428,135,608,-22.25,-55.75
97809,1429,135,609,-22.25,-55.25
97810,1430,135,610,-22.25,-54.75
97811,1431,135,611,-22.25,-54.25
97812,1432,135,612,-22.25,-53.75
97813,1433,135,613,-22.25,-53.25
97815,1434,135,615,-22.25,-52.25
97816,1435,135,616,-22.25,-51.75
97817,1436,135,617,-22.25,-51.25
97818,1437,135,618,-22.25,-50.75
97819,1438,135,619,-22.25,-50.25
97820,1439,135,620,-22.25,-49.75
97824,1440,135,624,-22.25,-47.75
97825,1441,135,625,-22.25,-47.25
97826,1442,135,626,-22.25,-46.75
97977,1443,136,57,-21.75,28.75
97978,1444,136,58,-21.75,29.25
97979,1445,136,59,-21.75,29.75
97981,1446,136,61,-21.75,30.75
97982,1447,136,62,-21.75,31.25
97983,1448,136,63,-21.75,31.75
98215,1449,136,295,-21.75,147.75
98216,1450,136,296,-21.75,148.25
98510,1451,136,590,-21.75,-64.75
98511,1452,136,591,-21.75,-64.25
98512,1453,136,592,-21.75,-63.75
98513,1454,136,593,-21.75,-63.25
98514,1455,136,594,-21.75,-62.75
98527,1456,136,607,-21.75,-56.25
98528,1457,136,608,-21.75,-55.75
98529,1458,136,609,-21.75,-55.25
98530,1459,136,610,-21.75,-54.75
98531,1460,136,611,-21.75,-54.25
98532,1461,136,612,-21.75,-53.75
98533,1462,136,613,-21.75,-53.25
98538,1463,136,618,-21.75,-50.75
98539,1464,136,619,-21.75,-50.25
98540,1465,136,620,-21.75,-49.75
98546,1466,136,626,-21.75,-46.75
98547,1467,136,627,-21.75,-46.25
98548,1468,136,628,-21.75,-45.75
98699,1469,137,59,-21.25,29.75
98700,1470,137,60,-21.25,30.25
98701,1471,137,61,-21.25,30.75
98702,1472,137,62,-21.25,31.25
98703,1473,137,63,-21.25,31.75
98704,1474,137,64,-21.25,32.25
98936,1475,137,296,-21.25,148.25
99230,1476,137,590,-21.25,-64.75
99231,1477,137,591,-21.25,-64.25
99232,1478,137,592,-21.25,-63.75
99233,1479,137,593,-21.25,-63.25
99248,1480,137,608,-21.25,-55.75
99249,1481,137,609,-21.25,-55.25
99250,1482,137,610,-21.25,-54.75
99251,1483,137,611,-21.25,-54.25
99266,1484,137,626,-21.25,-46.75
99267,1485,137,627,-21.25,-46.25
99268,1486,137,628,-21.25,-45.75
99415,1487,138,55,-20.75,27.75
99416,1488,138,56,-20.75,28.25
99417,1489,138,57,-20.75,28.75
99418,1490,138,58,-20.75,29.25
99419,1491,138,59,-20.75,29.75
99420,1492,138,60,-20.75,30.25
99421,1493,138,61,-20.75,30.75
99422,1494,138,62,-20.75,31.25
99423,1495,138,63,-20.75,31.75
99424,1496,138,64,-20.75,32.25
99656,1497,138,296,-20.75,148.25
99950,1498,138,590,-20.75,-64.75
99951,1499,138,591,-20.75,-64.25
99952,1500,138,592,-20.75,-63.75
99969,1501,138,609,-20.75,-55.25
99970,1502,138,610,-20.75,-54.75
99982,1503,138,622,-20.75,-48.75
99983,1504,138,623,-20.75,-48.25
99984,1505,138,624,-20.75,-47.75
99985,1506,138,625,-20.75,-47.25
99986,1507,138,626,-20.75,-46.75
100135,1508,139,55,-20.25,27.75
100137,1509,139,57,-20.25,28.75
100138,1510,139,58,-20.25,29.25
100139,1511,139,59,-20.25,29.75
100140,1512,139,60,-20.25,30.25
100141,1513,139,61,-20.25,30.75
100142,1514,139,62,-20.25,31.25
100143,1515,139,63,-20.25,31.75
100144,1516,139,64,-20.25,32.25
100671,1517,139,591,-20.25,-64.25
100672,1518,139,592,-20.25,-63.75
100674,1519,139,594,-20.25,-62.75
100675,1520,139,595,-20.25,-62.25
100682,1521,139,602,-20.25,-58.75
100683,1522,139,603,-20.25,-58.25
100692,1523,139,612,-20.25,-53.75
100693,1524,139,613,-20.25,-53.25
100702,1525,139,622,-20.25,-48.75
100703,1526,139,623,-20.25,-48.25
100704,1527,139,624,-20.25,-47.75
100705,1528,139,625,-20.25,-47.25
100707,1529,139,627,-20.25,-46.25
100708,1530,139,628,-20.25,-45.75
100854,1531,140,54,-19.75,27.25
100855,1532,140,55,-19.75,27.75
100856,1533,140,56,-19.75,28.25
100857,1534,140,57,-19.75,28.75
100858,1535,140,58,-19.75,29.25
100859,1536,140,59,-19.75,29.75
100860,1537,140,60,-19.75,30.25
100861,1538,140,61,-19.75,30.75
100862,1539,140,62,-19.75,31.25
100863,1540,140,63,-19.75,31.75
100865,1541,140,65,-19.75,32.75
101090,1542,140,290,-19.75,145.25
101390,1543,140,590,-19.75,-64.75
101391,1544,140,591,-19.75,-64.25
101393,1545,140,593,-19.75,-63.25
101394,1546,140,594,-19.75,-62.75
101401,1547,140,601,-19.75,-59.25
101402,1548,140,602,-19.75,-58.75
101403,1549,140,603,-19.75,-58.25
101410,1550,140,610,-19.75,-54.75
101411,1551,140,611,-19.75,-54.25
101412,1552,140,612,-19.75,-53.75
101413,1553,140,613,-19.75,-53.25
101422,1554,140,622,-19.75,-48.75
101424,1555,140,624,-19.75,-47.75
101425,1556,140,625,-19.75,-47.25
101426,1557,140,626,-19.75,-46.75
101427,1558,140,627,-19.75,-46.25
101428,1559,140,628,-19.75,-45.75
101429,1560,140,629,-19.75,-45.25
101574,1561,141,54,-19.25,27.25
101575,1562,141,55,-19.25,27.75
101576,1563,141,56,-19.25,28.25
101577,1564,141,57,-19.25,28.75
101580,1565,141,60,-19.25,30.25
101581,1566,141,61,-19.25,30.75
101582,1567,141,62,-19.25,31.25
101583,1568,141,63,-19.25,31.75
102105,1569,141,585,-19.25,-67.25
102106,1570,141,586,-19.25,-66.75
102107,1571,141,587,-19.25,-66.25
102110,1572,141,590,-19.25,-64.75
102111,1573,141,591,-19.25,-64.25
102113,1574,141,593,-19.25,-63.25
102114,1575,141,594,-19.25,-62.75
102119,1576,141,599,-19.25,-60.25
102120,1577,141,600,-19.25,-59.75
102123,1578,141,603,-19.25,-58.25
102124,1579,141,604,-19.25,-57.75
102130,1580,141,610,-19.25,-54.75
102131,1581,141,611,-19.25,-54.25
102133,1582,141,613,-19.25,-53.25
102134,1583,141,614,-19.25,-52.75
102143,1584,141,623,-19.25,-48.25
102144,1585,141,624,-19.25,-47.75
102145,1586,141,625,-19.25,-47.25
102146,1587,141,626,-19.25,-46.75
102147,1588,141,627,-19.25,-46.25
102148,1589,141,628,-19.25,-45.75
102149,1590,141,629,-19.25,-45.25
102291,1591,142,51,-18.75,25.75
102292,1592,142,52,-18.75,26.25
102294,1593,142,54,-18.75,27.25
102295,1594,142,55,-18.75,27.75
102296,1595,142,56,-18.75,28.25
102297,1596,142,57,-18.75,28.75
102298,1597,142,58,-18.75,29.25
102299,1598,142,59,-18.75,29.75
102300,1599,142,60,-18.75,30.25
102301,1600,142,61,-18.75,30.75
102302,1601,142,62,-18.75,31.25
102304,1602,142,64,-18.75,32.25
102825,1603,142,585,-18.75,-67.25
102826,1604,142,586,-18.75,-66.75
102827,1605,142,587,-18.75,-66.25
102828,1606,142,588,-18.75,-65.75
102829,1607,142,589,-18.75,-65.25
102830,1608,142,590,-18.75,-64.75
102831,1609,142,591,-18.75,-64.25
102833,1610,142,593,-18.75,-63.25
102838,1611,142,598,-18.75,-60.75
102839,1612,142,599,-18.75,-60.25
102842,1613,142,602,-18.75,-58.75
102844,1614,142,604,-18.75,-57.75
102850,1615,142,610,-18.75,-54.75
102851,1616,142,611,-18.75,-54.25
102852,1617,142,612,-18.75,-53.75
102853,1618,142,613,-18.75,-53.25
102854,1619,142,614,-18.75,-52.75
102855,1620,142,615,-18.75,-52.25
102859,1621,142,619,-18.75,-50.25
102860,1622,142,620,-18.75,-49.75
102861,1623,142,621,-18.75,-49.25
102862,1624,142,622,-18.75,-48.75
102864,1625,142,624,-18.75,-47.75
102865,1626,142,625,-18.75,-47.25
102866,1627,142,626,-18.75,-46.75
102867,1628,142,627,-18.75,-46.25
103011,1629,143,51,-18.25,25.75
103012,1630,143,52,-18.25,26.25
103013,1631,143,53,-18.25,26.75
103014,1632,143,54,-18.25,27.25
103015,1633,143,55,-18.25,27.75
103016,1634,143,56,-18.25,28.25
103017,1635,143,57,-18.25,28.75
103018,1636,143,58,-18.25,29.25
103019,1637,143,59,-18.25,29.75
103020,1638,143,60,-18.25,30.25
103021,1639,143,61,-18.25,30.75
103022,1640,143,62,-18.25,31.25
103024,1641,143,64,-18.25,32.25
103025,1642,143,65,-18.25,32.75
103543,1643,143,583,-18.25,-68.25
103548,1644,143,588,-18.25,-65.75
103549,1645,143,589,-18.25,-65.25
103550,1646,143,590,-18.25,-64.75
103551,1647,143,591,-18.25,-64.25
103552,1648,143,592,-18.25,-63.75
103553,1649,143,593,-18.25,-63.25
103554,1650,143,594,-18.25,-62.75
103555,1651,143,595,-18.25,-62.25
103556,1652,143,596,-18.25,-61.75
103559,1653,143,599,-18.25,-60.25
103561,1654,143,601,-18.25,-59.25
103562,1655,143,602,-18.25,-58.75
103563,1656,143,603,-18.25,-58.25
103572,1657,143,612,-18.25,-53.75
103573,1658,143,613,-18.25,-53.25
103574,1659,143,614,-18.25,-52.75
103575,1660,143,615,-18.25,-52.25
103578,1661,143,618,-18.25,-50.75
103579,1662,143,619,-18.25,-50.25
103580,1663,143,620,-18.25,-49.75
103581,1664,143,621,-18.25,-49.25
103583,1665,143,623,-18.25,-48.25
103584,1666,143,624,-18.25,-47.75
103585,1667,143,625,-18.25,-47.25
103586,1668,143,626,-18.25,-46.75
103587,1669,143,627,-18.25,-46.25
103588,1670,143,628,-18.25,-45.75
103731,1671,144,51,-17.75,25.75
103733,1672,144,53,-17.75,26.75
103734,1673,144,54,-17.75,27.25
103735,1674,144,55,-17.75,27.75
103736,1675,144,56,-17.75,28.25
103739,1676,144,59,-17.75,29.75
103740,1677,144,60,-17.75,30.25
103741,1678,144,61,-17.75,30.75
103742,1679,144,62,-17.75,31.25
103743,1680,144,63,-17.75,31.75
103744,1681,144,64,-17.75,32.25
103745,1682,144,65,-17.75,32.75
104264,1683,144,584,-17.75,-67.75
104267,1684,144,587,-17.75,-66.25
104268,1685,144,588,-17.75,-65.75
104269,1686,144,589,-17.75,-65.25
104270,1687,144,590,-17.75,-64.75
104271,1688,144,591,-17.75,-64.25
104272,1689,144,592,-17.75,-63.75
104273,1690,144,593,-17.75,-63.25
104274,1691,144,594,-17.75,-62.75
104275,1692,144,595,-17.75,-62.25
104276,1693,144,596,-17.75,-61.75
104277,1694,144,597,-17.75,-61.25
104278,1695,144,598,-17.75,-60.75
104279,1696,144,599,-17.75,-60.25
104283,1697,144,603,-17.75,-58.25
104292,1698,144,612,-17.75,-53.75
104293,1699,144,613,-17.75,-53.25
104294,1700,144,614,-17.75,-52.75
104295,1701,144,615,-17.75,-52.25
104296,1702,144,616,-17.75,-51.75
104297,1703,144,617,-17.75,-51.25
104298,1704,144,618,-17.75,-50.75
104299,1705,144,619,-17.75,-50.25
104300,1706,144,620,-17.75,-49.75
104301,1707,144,621,-17.75,-49.25
104302,1708,144,622,-17.75,-48.75
104303,1709,144,623,-17.75,-48.25
104304,1710,144,624,-17.75,-47.75
104305,1711,144,625,-17.75,-47.25
104454,1712,145,54,-17.25,27.25
104455,1713,145,55,-17.25,27.75
104457,1714,145,57,-17.25,28.75
104458,1715,145,58,-17.25,29.25
104459,1716,145,59,-17.25,29.75
104460,1717,145,60,-17.25,30.25
104461,1718,145,61,-17.25,30.75
104462,1719,145,62,-17.25,31.25
104463,1720,145,63,-17.25,31.75
104464,1721,145,64,-17.25,32.25
104979,1722,145,579,-17.25,-70.25
104982,1723,145,582,-17.25,-68.75
104985,1724,145,585,-17.25,-67.25
104986,1725,145,586,-17.25,-66.75
104987,1726,145,587,-17.25,-66.25
104989,1727,145,589,-17.25,-65.25
104990,1728,145,590,-17.25,-64.75
104991,1729,145,591,-17.25,-64.25
104992,1730,145,592,-17.25,-63.75
104993,1731,145,593,-17.25,-63.25
104994,1732,145,594,-17.25,-62.75
104995,1733,145,595,-17.25,-62.25
104996,1734,145,596,-17.25,-61.75
104997,1735,145,597,-17.25,-61.25
104998,1736,145,598,-17.25,-60.75
104999,1737,145,599,-17.25,-60.25
105001,1738,145,601,-17.25,-59.25
105002,1739,145,602,-17.25,-58.75
105011,1740,145,611,-17.25,-54.25
105012,1741,145,612,-17.25,-53.75
105013,1742,145,613,-17.25,-53.25
105014,1743,145,614,-17.25,-52.75
105015,1744,145,615,-17.25,-52.25
105016,1745,145,616,-17.25,-51.75
105017,1746,145,617,-17.25,-51.25
105018,1747,145,618,-17.25,-50.75
105019,1748,145,619,-17.25,-50.25
105020,1749,145,620,-17.25,-49.75
105021,1750,145,621,-17.25,-49.25
105022,1751,145,622,-17.25,-48.75
105023,1752,145,623,-17.25,-48.25
105024,1753,145,624,-17.25,-47.75
105025,1754,145,625,-17.25,-47.25
105026,1755,145,626,-17.25,-46.75
105177,1756,146,57,-16.75,28.75
105178,1757,146,58,-16.75,29.25
105179,1758,146,59,-16.75,29.75
105180,1759,146,60,-16.75,30.25
105181,1760,146,61,-16.75,30.75
105182,1761,146,62,-16.75,31.25
105183,1762,146,63,-16.75,31.75
105184,1763,146,64,-16.75,32.25
105698,1764,146,578,-16.75,-70.75
105701,1765,146,581,-16.75,-69.25
105702,1766,146,582,-16.75,-68.75
105704,1767,146,584,-16.75,-67.75
105705,1768,146,585,-16.75,-67.25
105706,1769,146,586,-16.75,-66.75
105707,1770,146,587,-16.75,-66.25
105708,1771,146,588,-16.75,-65.75
105709,1772,146,589,-16.75,-65.25
105710,1773,146,590,-16.75,-64.75
105712,1774,146,592,-16.75,-63.75
105713,1775,146,593,-16.75,-63.25
105714,1776,146,594,-16.75,-62.75
105715,1777,146,595,-16.75,-62.25
105717,1778,146,597,-16.75,-61.25
105718,1779,146,598,-16.75,-60.75
105732,1780,146,612,-16.75,-53.75
105733,1781,146,613,-16.75,-53.25
105734,1782,146,614,-16.75,-52.75
105735,1783,146,615,-16.75,-52.25
105737,1784,146,617,-16.75,-51.25
105738,1785,146,618,-16.75,-50.75
105739,1786,146,619,-16.75,-50.25
105741,1787,146,621,-16.75,-49.25
105742,1788,146,622,-16.75,-48.75
105743,1789,146,623,-16.75,-48.25
105744,1790,146,624,-16.75,-47.75
105745,1791,146,625,-16.75,-47.25
105746,1792,146,626,-16.75,-46.75
105895,1793,147,55,-16.25,27.75
105896,1794,147,56,-16.25,28.25
105899,1795,147,59,-16.25,29.75
105900,1796,147,60,-16.25,30.25
105901,1797,147,61,-16.25,30.75
105902,1798,147,62,-16.25,31.25
105903,1799,147,63,-16.25,31.75
106415,1800,147,575,-16.25,-72.25
106416,1801,147,576,-16.25,-71.75
106422,1802,147,582,-16.25,-68.75
106424,1803,147,584,-16.25,-67.75
106425,1804,147,585,-16.25,-67.25
106428,1805,147,588,-16.25,-65.75
106429,1806,147,589,-16.25,-65.25
106430,1807,147,590,-16.25,-64.75
106431,1808,147,591,-16.25,-64.25
106432,1809,147,592,-16.25,-63.75
106433,1810,147,593,-16.25,-63.25
106434,1811,147,594,-16.25,-62.75
106435,1812,147,595,-16.25,-62.25
106437,1813,147,597,-16.25,-61.25
106438,1814,147,598,-16.25,-60.75
106439,1815,147,599,-16.25,-60.25
106452,1816,147,612,-16.25,-53.75
106453,1817,147,613,-16.25,-53.25
106454,1818,147,614,-16.25,-52.75
106457,1819,147,617,-16.25,-51.25
106459,1820,147,619,-16.25,-50.25
106460,1821,147,620,-16.25,-49.75
106461,1822,147,621,-16.25,-49.25
106462,1823,147,622,-16.25,-48.75
106463,1824,147,623,-16.25,-48.25
106464,1825,147,624,-16.25,-47.75
106465,1826,147,625,-16.25,-47.25
106466,1827,147,626,-16.25,-46.75
106467,1828,147,627,-16.25,-46.25
106614,1829,148,54,-15.75,27.25
106615,1830,148,55,-15.75,27.75
106616,1831,148,56,-15.75,28.25
106617,1832,148,57,-15.75,28.75
106618,1833,148,58,-15.75,29.25
106631,1834,148,71,-15.75,35.75
107135,1835,148,575,-15.75,-72.25
107139,1836,148,579,-15.75,-70.25
107141,1837,148,581,-15.75,-69.25
107142,1838,148,582,-15.75,-68.75
107144,1839,148,584,-15.75,-67.75
107145,1840,148,585,-15.75,-67.25
107149,1841,148,589,-15.75,-65.25
107154,1842,148,594,-15.75,-62.75
107155,1843,148,595,-15.75,-62.25
107156,1844,148,596,-15.75,-61.75
107157,1845,148,597,-15.75,-61.25
107158,1846,148,598,-15.75,-60.75
107179,1847,148,619,-15.75,-50.25
107180,1848,148,620,-15.75,-49.75
107183,1849,148,623,-15.75,-48.25
107184,1850,148,624,-15.75,-47.75
107185,1851,148,625,-15.75,-47.25
107186,1852,148,626,-15.75,-46.75
107336,1853,149,56,-15.25,28.25
107337,1854,149,57,-15.25,28.75
107338,1855,149,58,-15.25,29.25
107339,1856,149,59,-15.25,29.75
107852,1857,149,572,-15.25,-73.75
107853,1858,149,573,-15.25,-73.25
107854,1859,149,574,-15.25,-72.75
107859,1860,149,579,-15.25,-70.25
107860,1861,149,580,-15.25,-69.75
107862,1862,149,582,-15.25,-68.75
107877,1863,149,597,-15.25,-61.25
107878,1864,149,598,-15.25,-60.75
107890,1865,149,610,-15.25,-54.75
107891,1866,149,611,-15.25,-54.25
107903,1867,149,623,-15.25,-48.25
107904,1868,149,624,-15.25,-47.75
107906,1869,149,626,-15.25,-46.75
108054,1870,150,54,-14.75,27.25
108055,1871,150,55,-14.75,27.75
108056,1872,150,56,-14.75,28.25
108060,1873,150,60,-14.75,30.25
108570,1874,150,570,-14.75,-74.75
108571,1875,150,571,-14.75,-74.25
108575,1876,150,575,-14.75,-72.25
108576,1877,150,576,-14.75,-71.75
108578,1878,150,578,-14.75,-70.75
108579,1879,150,579,-14.75,-70.25
108580,1880,150,580,-14.75,-69.75
108582,1881,150,582,-14.75,-68.75
108583,1882,150,583,-14.75,-68.25
108597,1883,150,597,-14.75,-61.25
108598,1884,150,598,-14.75,-60.75
108611,1885,150,611,-14.75,-54.25
108774,1886,151,54,-14.25,27.25
108776,1887,151,56,-14.25,28.25
108777,1888,151,57,-14.25,28.75
108783,1889,151,63,-14.25,31.75
108784,1890,151,64,-14.25,32.25
109288,1891,151,568,-14.25,-75.75
109289,1892,151,569,-14.25,-75.25
109290,1893,151,570,-14.25,-74.75
109291,1894,151,571,-14.25,-74.25
109292,1895,151,572,-14.25,-73.75
109293,1896,151,573,-14.25,-73.25
109295,1897,151,575,-14.25,-72.25
109296,1898,151,576,-14.25,-71.75
109297,1899,151,577,-14.25,-71.25
109301,1900,151,581,-14.25,-69.25
109304,1901,151,584,-14.25,-67.75
109318,1902,151,598,-14.25,-60.75
110008,1903,152,568,-13.75,-75.75
110009,1904,152,569,-13.75,-75.25
110011,1905,152,571,-13.75,-74.25
110012,1906,152,572,-13.75,-73.75
110013,1907,152,573,-13.75,-73.25
110014,1908,152,574,-13.75,-72.75
110015,1909,152,575,-13.75,-72.25
110016,1910,152,576,-13.75,-71.75
110023,1911,152,583,-13.75,-68.25
110024,1912,152,584,-13.75,-67.75
110728,1913,153,568,-13.25,-75.75
110732,1914,153,572,-13.25,-73.75
110733,1915,153,573,-13.25,-73.25
110734,1916,153,574,-13.25,-72.75
110735,1917,153,575,-13.25,-72.25
110736,1918,153,576,-13.25,-71.75
110737,1919,153,577,-13.25,-71.25
110738,1920,153,578,-13.25,-70.75
110739,1921,153,579,-13.25,-70.25
110742,1922,153,582,-13.25,-68.75
110744,1923,153,584,-13.25,-67.75
111447,1924,154,567,-12.75,-76.25
111448,1925,154,568,-12.75,-75.75
111450,1926,154,570,-12.75,-74.75
111451,1927,154,571,-12.75,-74.25
111452,1928,154,572,-12.75,-73.75
111453,1929,154,573,-12.75,-73.25
111454,1930,154,574,-12.75,-72.75
111455,1931,154,575,-12.75,-72.25
111458,1932,154,578,-12.75,-70.75
111460,1933,154,580,-12.75,-69.75
111461,1934,154,581,-12.75,-69.25
111462,1935,154,582,-12.75,-68.75
111463,1936,154,583,-12.75,-68.25
111465,1937,154,585,-12.75,-67.25
112167,1938,155,567,-12.25,-76.25
112169,1939,155,569,-12.25,-75.25
112170,1940,155,570,-12.25,-74.75
112171,1941,155,571,-12.25,-74.25
112183,1942,155,583,-12.25,-68.25
112886,1943,156,566,-11.75,-76.75
112888,1944,156,568,-11.75,-75.75
112889,1945,156,569,-11.75,-75.25
112890,1946,156,570,-11.75,-74.75
113607,1947,157,567,-11.25,-76.25
113608,1948,157,568,-11.25,-75.75
113609,1949,157,569,-11.25,-75.25
113610,1950,157,570,-11.25,-74.75
113620,1951,157,580,-11.25,-69.75
114325,1952,158,565,-10.75,-77.25
114328,1953,158,568,-10.75,-75.75
114329,1954,158,569,-10.75,-75.25
114331,1955,158,571,-10.75,-74.25
114332,1956,158,572,-10.75,-73.75
114549,1957,159,69,-10.25,34.75
115044,1958,159,564,-10.25,-77.75
115045,1959,159,565,-10.25,-77.25
115047,1960,159,567,-10.25,-76.25
115048,1961,159,568,-10.25,-75.75
115049,1962,159,569,-10.25,-75.25
115051,1963,159,571,-10.25,-74.25
115268,1964,160,68,-9.75,34.25
115269,1965,160,69,-9.75,34.75
115270,1966,160,70,-9.75,35.25
115764,1967,160,564,-9.75,-77.75
115766,1968,160,566,-9.75,-76.75
115767,1969,160,567,-9.75,-76.25
115768,1970,160,568,-9.75,-75.75
115769,1971,160,569,-9.75,-75.25
115987,1972,161,67,-9.25,33.75
115988,1973,161,68,-9.25,34.25
115989,1974,161,69,-9.25,34.75
115990,1975,161,70,-9.25,35.25
116484,1976,161,564,-9.25,-77.75
116485,1977,161,565,-9.25,-77.25
116486,1978,161,566,-9.25,-76.75
116487,1979,161,567,-9.25,-76.25
116488,1980,161,568,-9.25,-75.75
116489,1981,161,569,-9.25,-75.25
116490,1982,161,570,-9.25,-74.75
116708,1983,162,68,-8.75,34.25
116709,1984,162,69,-8.75,34.75
116710,1985,162,70,-8.75,35.25
117203,1986,162,563,-8.75,-78.25
117204,1987,162,564,-8.75,-77.75
117205,1988,162,565,-8.75,-77.25
117206,1989,162,566,-8.75,-76.75
117207,1990,162,567,-8.75,-76.25
117209,1991,162,569,-8.75,-75.25
117210,1992,162,570,-8.75,-74.75
117211,1993,162,571,-8.75,-74.25
117429,1994,163,69,-8.25,34.75
117430,1995,163,70,-8.25,35.25
117431,1996,163,71,-8.25,35.75
117923,1997,163,563,-8.25,-78.25
117924,1998,163,564,-8.25,-77.75
117925,1999,163,565,-8.25,-77.25
117926,2000,163,566,-8.25,-76.75
117927,2001,163,567,-8.25,-76.25
117930,2002,163,570,-8.25,-74.75
117931,2003,163,571,-8.25,-74.25
118148,2004,164,68,-7.75,34.25
118149,2005,164,69,-7.75,34.75
118150,2006,164,70,-7.75,35.25
118151,2007,164,71,-7.75,35.75
118152,2008,164,72,-7.75,36.25
118153,2009,164,73,-7.75,36.75
118642,2010,164,562,-7.75,-78.75
118643,2011,164,563,-7.75,-78.25
118644,2012,164,564,-7.75,-77.75
118645,2013,164,565,-7.75,-77.25
118646,2014,164,566,-7.75,-76.75
118869,2015,165,69,-7.25,34.75
118870,2016,165,70,-7.25,35.25
118871,2017,165,71,-7.25,35.75
118872,2018,165,72,-7.25,36.25
119361,2019,165,561,-7.25,-79.25
119362,2020,165,562,-7.25,-78.75
119363,2021,165,563,-7.25,-78.25
119364,2022,165,564,-7.25,-77.75
119366,2023,165,566,-7.25,-76.75
119367,2024,165,567,-7.25,-76.25
119368,2025,165,568,-7.25,-75.75
119369,2026,165,569,-7.25,-75.25
120081,2027,166,561,-6.75,-79.25
120082,2028,166,562,-6.75,-78.75
120083,2029,166,563,-6.75,-78.25
120084,2030,166,564,-6.75,-77.75
120086,2031,166,566,-6.75,-76.75
120087,2032,166,567,-6.75,-76.25
120089,2033,166,569,-6.75,-75.25
120800,2034,167,560,-6.25,-79.75
120801,2035,167,561,-6.25,-79.25
120802,2036,167,562,-6.25,-78.75
120803,2037,167,563,-6.25,-78.25
120804,2038,167,564,-6.25,-77.75
120805,2039,167,565,-6.25,-77.25
120806,2040,167,566,-6.25,-76.75
120807,2041,167,567,-6.25,-76.25
120811,2042,167,571,-6.25,-74.25
121032,2043,168,72,-5.75,36.25
121033,2044,168,73,-5.75,36.75
121034,2045,168,74,-5.75,37.25
121519,2046,168,559,-5.75,-80.25
121520,2047,168,560,-5.75,-79.75
121521,2048,168,561,-5.75,-79.25
121522,2049,168,562,-5.75,-78.75
121523,2050,168,563,-5.75,-78.25
121524,2051,168,564,-5.75,-77.75
121525,2052,168,565,-5.75,-77.25
121527,2053,168,567,-5.75,-76.25
121530,2054,168,570,-5.75,-74.75
121531,2055,168,571,-5.75,-74.25
121752,2056,169,72,-5.25,36.25
121753,2057,169,73,-5.25,36.75
121754,2058,169,74,-5.25,37.25
121755,2059,169,75,-5.25,37.75
122239,2060,169,559,-5.25,-80.25
122240,2061,169,560,-5.25,-79.75
122241,2062,169,561,-5.25,-79.25
122242,2063,169,562,-5.25,-78.75
122250,2064,169,570,-5.25,-74.75
122251,2065,169,571,-5.25,-74.25
122252,2066,169,572,-5.25,-73.75
122470,2067,170,70,-4.75,35.25
122471,2068,170,71,-4.75,35.75
122472,2069,170,72,-4.75,36.25
122473,2070,170,73,-4.75,36.75
122474,2071,170,74,-4.75,37.25
122475,2072,170,75,-4.75,37.75
122476,2073,170,76,-4.75,38.25
122958,2074,170,558,-4.75,-80.75
122959,2075,170,559,-4.75,-80.25
122960,2076,170,560,-4.75,-79.75
122961,2077,170,561,-4.75,-79.25
123189,2078,171,69,-4.25,34.75
123190,2079,171,70,-4.25,35.25
123191,2080,171,71,-4.25,35.75
123192,2081,171,72,-4.25,36.25
123193,2082,171,73,-4.25,36.75
123194,2083,171,74,-4.25,37.25
123195,2084,171,75,-4.25,37.75
123196,2085,171,76,-4.25,38.25
123197,2086,171,77,-4.25,38.75
123198,2087,171,78,-4.25,39.25
123678,2088,171,558,-4.25,-80.75
123679,2089,171,559,-4.25,-80.25
123681,2090,171,561,-4.25,-79.25
123693,2091,171,573,-4.25,-73.25
123909,2092,172,69,-3.75,34.75
123910,2093,172,70,-3.75,35.25
123911,2094,172,71,-3.75,35.75
123912,2095,172,72,-3.75,36.25
123913,2096,172,73,-3.75,36.75
123914,2097,172,74,-3.75,37.25
123915,2098,172,75,-3.75,37.75
123916,2099,172,76,-3.75,38.25
123917,2100,172,77,-3.75,38.75
123918,2101,172,78,-3.75,39.25
124399,2102,172,559,-3.75,-80.25
124400,2103,172,560,-3.75,-79.75
124401,2104,172,561,-3.75,-79.25
124402,2105,172,562,-3.75,-78.75
124629,2106,173,69,-3.25,34.75
124630,2107,173,70,-3.25,35.25
124631,2108,173,71,-3.25,35.75
124632,2109,173,72,-3.25,36.25
124633,2110,173,73,-3.25,36.75
124634,2111,173,74,-3.25,37.25
124635,2112,173,75,-3.25,37.75
124636,2113,173,76,-3.25,38.25
124637,2114,173,77,-3.25,38.75
124638,2115,173,78,-3.25,39.25
125121,2116,173,561,-3.25,-79.25
125122,2117,173,562,-3.25,-78.75
125350,2118,174,70,-2.75,35.25
125351,2119,174,71,-2.75,35.75
125352,2120,174,72,-2.75,36.25
125353,2121,174,73,-2.75,36.75
125354,2122,174,74,-2.75,37.25
125355,2123,174,75,-2.75,37.75
125356,2124,174,76,-2.75,38.25
125357,2125,174,77,-2.75,38.75
125358,2126,174,78,-2.75,39.25
125359,2127,174,79,-2.75,39.75
125841,2128,174,561,-2.75,-79.25
125842,2129,174,562,-2.75,-78.75
125843,2130,174,563,-2.75,-78.25
126070,2131,175,70,-2.25,35.25
126071,2132,175,71,-2.25,35.75
126072,2133,175,72,-2.25,36.25
126073,2134,175,73,-2.25,36.75
126074,2135,175,74,-2.25,37.25
126075,2136,175,75,-2.25,37.75
126076,2137,175,76,-2.25,38.25
126077,2138,175,77,-2.25,38.75
126078,2139,175,78,-2.25,39.25
126079,2140,175,79,-2.25,39.75
126080,2141,175,80,-2.25,40.25
126561,2142,175,561,-2.25,-79.25
126562,2143,175,562,-2.25,-78.75
126563,2144,175,563,-2.25,-78.25
126790,2145,176,70,-1.75,35.25
126791,2146,176,71,-1.75,35.75
126792,2147,176,72,-1.75,36.25
126793,2148,176,73,-1.75,36.75
126794,2149,176,74,-1.75,37.25
126795,2150,176,75,-1.75,37.75
126796,2151,176,76,-1.75,38.25
126797,2152,176,77,-1.75,38.75
126798,2153,176,78,-1.75,39.25
126799,2154,176,79,-1.75,39.75
126800,2155,176,80,-1.75,40.25
126801,2156,176,81,-1.75,40.75
127279,2157,176,559,-1.75,-80.25
127280,2158,176,560,-1.75,-79.75
127281,2159,176,561,-1.75,-79.25
127282,2160,176,562,-1.75,-78.75
127508,2161,177,68,-1.25,34.25
127509,2162,177,69,-1.25,34.75
127510,2163,177,70,-1.25,35.25
127511,2164,177,71,-1.25,35.75
127512,2165,177,72,-1.25,36.25
127513,2166,177,73,-1.25,36.75
127514,2167,177,74,-1.25,37.25
127515,2168,177,75,-1.25,37.75
127516,2169,177,76,-1.25,38.25
127517,2170,177,77,-1.25,38.75
127518,2171,177,78,-1.25,39.25
127519,2172,177,79,-1.25,39.75
127520,2173,177,80,-1.25,40.25
127521,2174,177,81,-1.25,40.75
127999,2175,177,559,-1.25,-80.25
128000,2176,177,560,-1.25,-79.75
128001,2177,177,561,-1.25,-79.25
128002,2178,177,562,-1.25,-78.75
128004,2179,177,564,-1.25,-77.75
128228,2180,178,68,-0.75,34.25
128229,2181,178,69,-0.75,34.75
128230,2182,178,70,-0.75,35.25
128231,2183,178,71,-0.75,35.75
128232,2184,178,72,-0.75,36.25
128233,2185,178,73,-0.75,36.75
128234,2186,178,74,-0.75,37.25
128235,2187,178,75,-0.75,37.75
128236,2188,178,76,-0.75,38.25
128237,2189,178,77,-0.75,38.75
128238,2190,178,78,-0.75,39.25
128239,2191,178,79,-0.75,39.75
128240,2192,178,80,-0.75,40.25
128241,2193,178,81,-0.75,40.75
128720,2194,178,560,-0.75,-79.75
128721,2195,178,561,-0.75,-79.25
128722,2196,178,562,-0.75,-78.75
128723,2197,178,563,-0.75,-78.25
128724,2198,178,564,-0.75,-77.75
128948,2199,179,68,-0.25,34.25
128949,2200,179,69,-0.25,34.75
128950,2201,179,70,-0.25,35.25
128951,2202,179,71,-0.25,35.75
128952,2203,179,72,-0.25,36.25
128953,2204,179,73,-0.25,36.75
128954,2205,179,74,-0.25,37.25
128955,2206,179,75,-0.25,37.75
128956,2207,179,76,-0.25,38.25
128957,2208,179,77,-0.25,38.75
128958,2209,179,78,-0.25,39.25
128960,2210,179,80,-0.25,40.25
128961,2211,179,81,-0.25,40.75
129440,2212,179,560,-0.25,-79.75
129441,2213,179,561,-0.25,-79.25
129442,2214,179,562,-0.25,-78.75
129443,2215,179,563,-0.25,-78.25
129444,2216,179,564,-0.25,-77.75
129668,2217,180,68,0.25,34.25
129669,2218,180,69,0.25,34.75
129670,2219,180,70,0.25,35.25
129671,2220,180,71,0.25,35.75
129672,2221,180,72,0.25,36.25
129673,2222,180,73,0.25,36.75
129674,2223,180,74,0.25,37.25
129675,2224,180,75,0.25,37.75
129676,2225,180,76,0.25,38.25
129677,2226,180,77,0.25,38.75
129678,2227,180,78,0.25,39.25
129679,2228,180,79,0.25,39.75
129681,2229,180,81,0.25,40.75
130161,2230,180,561,0.25,-79.25
130162,2231,180,562,0.25,-78.75
130163,2232,180,563,0.25,-78.25
130164,2233,180,564,0.25,-77.75
130388,2234,181,68,0.75,34.25
130389,2235,181,69,0.75,34.75
130390,2236,181,70,0.75,35.25
130391,2237,181,71,0.75,35.75
130392,2238,181,72,0.75,36.25
130393,2239,181,73,0.75,36.75
130394,2240,181,74,0.75,37.25
130395,2241,181,75,0.75,37.75
130396,2242,181,76,0.75,38.25
130397,2243,181,77,0.75,38.75
130401,2244,181,81,0.75,40.75
130881,2245,181,561,0.75,-79.25
130882,2246,181,562,0.75,-78.75
130883,2247,181,563,0.75,-78.25
130884,2248,181,564,0.75,-77.75
130885,2249,181,565,0.75,-77.25
131109,2250,182,69,1.25,34.75
131110,2251,182,70,1.25,35.25
131111,2252,182,71,1.25,35.75
131112,2253,182,72,1.25,36.25
131113,2254,182,73,1.25,36.75
131114,2255,182,74,1.25,37.25
131115,2256,182,75,1.25,37.75
131117,2257,182,77,1.25,38.75
131118,2258,182,78,1.25,39.25
131120,2259,182,80,1.25,40.25
131121,2260,182,81,1.25,40.75
131603,2261,182,563,1.25,-78.25
131604,2262,182,564,1.25,-77.75
131605,2263,182,565,1.25,-77.25
131829,2264,183,69,1.75,34.75
131830,2265,183,70,1.75,35.25
131831,2266,183,71,1.75,35.75
131832,2267,183,72,1.75,36.25
131833,2268,183,73,1.75,36.75
131834,2269,183,74,1.75,37.25
131840,2270,183,80,1.75,40.25
132323,2271,183,563,1.75,-78.25
132324,2272,183,564,1.75,-77.75
132325,2273,183,565,1.75,-77.25
132326,2274,183,566,1.75,-76.75
132327,2275,183,567,1.75,-76.25
132549,2276,184,69,2.25,34.75
132550,2277,184,70,2.25,35.25
132551,2278,184,71,2.25,35.75
132553,2279,184,73,2.25,36.75
132555,2280,184,75,2.25,37.75
132556,2281,184,76,2.25,38.25
132557,2282,184,77,2.25,38.75
132560,2283,184,80,2.25,40.25
133043,2284,184,563,2.25,-78.25
133044,2285,184,564,2.25,-77.75
133045,2286,184,565,2.25,-77.25
133046,2287,184,566,2.25,-76.75
133047,2288,184,567,2.25,-76.25
133048,2289,184,568,2.25,-75.75
133269,2290,185,69,2.75,34.75
133270,2291,185,70,2.75,35.25
133273,2292,185,73,2.75,36.75
133276,2293,185,76,2.75,38.25
133277,2294,185,77,2.75,38.75
133278,2295,185,78,2.75,39.25
133767,2296,185,567,2.75,-76.25
133988,2297,186,68,3.25,34.25
133989,2298,186,69,3.25,34.75
133996,2299,186,76,3.25,38.25
133997,2300,186,77,3.25,38.75
133998,2301,186,78,3.25,39.25
133999,2302,186,79,3.25,39.75
134000,2303,186,80,3.25,40.25
134708,2304,187,68,3.75,34.25
134716,2305,187,76,3.75,38.25
134717,2306,187,77,3.75,38.75
134719,2307,187,79,3.75,39.75
135427,2308,188,67,4.25,33.75
135428,2309,188,68,4.25,34.25
135429,2310,188,69,4.25,34.75
135431,2311,188,71,4.25,35.75
135434,2312,188,74,4.25,37.25
135441,2313,188,81,4.25,40.75
135929,2314,188,569,4.25,-75.25
135930,2315,188,570,4.25,-74.75
135931,2316,188,571,4.25,-74.25
135932,2317,188,572,4.25,-73.75
135933,2318,188,573,4.25,-73.25
136147,2319,189,67,4.75,33.75
136148,2320,189,68,4.75,34.25
136149,2321,189,69,4.75,34.75
136150,2322,189,70,4.75,35.25
136155,2323,189,75,4.75,37.75
136159,2324,189,79,4.75,39.75
136648,2325,189,568,4.75,-75.75
136649,2326,189,569,4.75,-75.25
136650,2327,189,570,4.75,-74.75
136651,2328,189,571,4.75,-74.25
136652,2329,189,572,4.75,-73.75
136653,2330,189,573,4.75,-73.25
136654,2331,189,574,4.75,-72.75
136868,2332,190,68,5.25,34.25
136873,2333,190,73,5.25,36.75
136874,2334,190,74,5.25,37.25
136875,2335,190,75,5.25,37.75
136878,2336,190,78,5.25,39.25
136879,2337,190,79,5.25,39.75
136880,2338,190,80,5.25,40.25
136881,2339,190,81,5.25,40.75
137368,2340,190,568,5.25,-75.75
137369,2341,190,569,5.25,-75.25
137370,2342,190,570,5.25,-74.75
137371,2343,190,571,5.25,-74.25
137372,2344,190,572,5.25,-73.75
137373,2345,190,573,5.25,-73.25
137374,2346,190,574,5.25,-72.75
137375,2347,190,575,5.25,-72.25
137593,2348,191,73,5.75,36.75
137594,2349,191,74,5.75,37.25
137595,2350,191,75,5.75,37.75
137597,2351,191,77,5.75,38.75
137598,2352,191,78,5.75,39.25
137599,2353,191,79,5.75,39.75
137600,2354,191,80,5.75,40.25
137601,2355,191,81,5.75,40.75
138088,2356,191,568,5.75,-75.75
138089,2357,191,569,5.75,-75.25
138090,2358,191,570,5.75,-74.75
138091,2359,191,571,5.75,-74.25
138092,2360,191,572,5.75,-73.75
138093,2361,191,573,5.75,-73.25
138094,2362,191,574,5.75,-72.75
138095,2363,191,575,5.75,-72.25
138311,2364,192,71,6.25,35.75
138312,2365,192,72,6.25,36.25
138313,2366,192,73,6.25,36.75
138314,2367,192,74,6.25,37.25
138315,2368,192,75,6.25,37.75
138316,2369,192,76,6.25,38.25
138317,2370,192,77,6.25,38.75
138318,2371,192,78,6.25,39.25
138319,2372,192,79,6.25,39.75
138320,2373,192,80,6.25,40.25
138321,2374,192,81,6.25,40.75
138322,2375,192,82,6.25,41.25
138323,2376,192,83,6.25,41.75
138808,2377,192,568,6.25,-75.75
138809,2378,192,569,6.25,-75.25
138810,2379,192,570,6.25,-74.75
138811,2380,192,571,6.25,-74.25
138812,2381,192,572,6.25,-73.75
138813,2382,192,573,6.25,-73.25
138814,2383,192,574,6.25,-72.75
139031,2384,193,71,6.75,35.75
139032,2385,193,72,6.75,36.25
139033,2386,193,73,6.75,36.75
139034,2387,193,74,6.75,37.25
139035,2388,193,75,6.75,37.75
139036,2389,193,76,6.75,38.25
139037,2390,193,77,6.75,38.75
139038,2391,193,78,6.75,39.25
139039,2392,193,79,6.75,39.75
139040,2393,193,80,6.75,40.25
139041,2394,193,81,6.75,40.75
139042,2395,193,82,6.75,41.25
139043,2396,193,83,6.75,41.75
139044,2397,193,84,6.75,42.25
139528,2398,193,568,6.75,-75.75
139529,2399,193,569,6.75,-75.25
139530,2400,193,570,6.75,-74.75
139531,2401,193,571,6.75,-74.25
139532,2402,193,572,6.75,-73.75
139533,2403,193,573,6.75,-73.25
139534,2404,193,574,6.75,-72.75
139747,2405,194,67,7.25,33.75
139751,2406,194,71,7.25,35.75
139752,2407,194,72,7.25,36.25
139753,2408,194,73,7.25,36.75
139754,2409,194,74,7.25,37.25
139755,2410,194,75,7.25,37.75
139756,2411,194,76,7.25,38.25
139757,2412,194,77,7.25,38.75
139758,2413,194,78,7.25,39.25
139759,2414,194,79,7.25,39.75
139760,2415,194,80,7.25,40.25
139761,2416,194,81,7.25,40.75
139762,2417,194,82,7.25,41.25
139763,2418,194,83,7.25,41.75
140466,2419,195,66,7.75,33.25
140467,2420,195,67,7.75,33.75
140468,2421,195,68,7.75,34.25
140471,2422,195,71,7.75,35.75
140474,2423,195,74,7.75,37.25
140475,2424,195,75,7.75,37.75
140476,2425,195,76,7.75,38.25
140477,2426,195,77,7.75,38.75
140478,2427,195,78,7.75,39.25
140479,2428,195,79,7.75,39.75
140480,2429,195,80,7.75,40.25
140481,2430,195,81,7.75,40.75
140482,2431,195,82,7.75,41.25
140483,2432,195,83,7.75,41.75
141185,2433,196,65,8.25,32.75
141186,2434,196,66,8.25,33.25
141187,2435,196,67,8.25,33.75
141188,2436,196,68,8.25,34.25
141189,2437,196,69,8.25,34.75
141191,2438,196,71,8.25,35.75
141192,2439,196,72,8.25,36.25
141194,2440,196,74,8.25,37.25
141195,2441,196,75,8.25,37.75
141196,2442,196,76,8.25,38.25
141197,2443,196,77,8.25,38.75
141198,2444,196,78,8.25,39.25
141199,2445,196,79,8.25,39.75
141200,2446,196,80,8.25,40.25
141201,2447,196,81,8.25,40.75
141202,2448,196,82,8.25,41.25
141203,2449,196,83,8.25,41.75
141914,2450,197,74,8.75,37.25
141915,2451,197,75,8.75,37.75
141916,2452,197,76,8.75,38.25
141917,2453,197,77,8.75,38.75
141918,2454,197,78,8.75,39.25
141919,2455,197,79,8.75,39.75
141920,2456,197,80,8.75,40.25
141921,2457,197,81,8.75,40.75
141922,2458,197,82,8.75,41.25
141923,2459,197,83,8.75,41.75
141924,2460,197,84,8.75,42.25
141925,2461,197,85,8.75,42.75
142634,2462,198,74,9.25,37.25
142635,2463,198,75,9.25,37.75
142636,2464,198,76,9.25,38.25
142637,2465,198,77,9.25,38.75
142638,2466,198,78,9.25,39.25
142639,2467,198,79,9.25,39.75
142640,2468,198,80,9.25,40.25
142641,2469,198,81,9.25,40.75
142642,2470,198,82,9.25,41.25
142643,2471,198,83,9.25,41.75
142644,2472,198,84,9.25,42.25
142645,2473,198,85,9.25,42.75
142646,2474,198,86,9.25,43.25
143347,2475,199,67,9.75,33.75
143348,2476,199,68,9.75,34.25
143349,2477,199,69,9.75,34.75
143355,2478,199,75,9.75,37.75
143356,2479,199,76,9.75,38.25
143357,2480,199,77,9.75,38.75
143358,2481,199,78,9.75,39.25
143359,2482,199,79,9.75,39.75
143360,2483,199,80,9.75,40.25
143364,2484,199,84,9.75,42.25
143365,2485,199,85,9.75,42.75
143366,2486,199,86,9.75,43.25
144066,2487,200,66,10.25,33.25
144067,2488,200,67,10.25,33.75
144068,2489,200,68,10.25,34.25
144069,2490,200,69,10.25,34.75
144073,2491,200,73,10.25,36.75
144074,2492,200,74,10.25,37.25
144075,2493,200,75,10.25,37.75
144076,2494,200,76,10.25,38.25
144077,2495,200,77,10.25,38.75
144078,2496,200,78,10.25,39.25
144079,2497,200,79,10.25,39.75
144080,2498,200,80,10.25,40.25
144785,2499,201,65,10.75,32.75
144786,2500,201,66,10.75,33.25
144787,2501,201,67,10.75,33.75
144788,2502,201,68,10.75,34.25
144789,2503,201,69,10.75,34.75
144793,2504,201,73,10.75,36.75
144794,2505,201,74,10.75,37.25
144795,2506,201,75,10.75,37.75
144796,2507,201,76,10.75,38.25
144797,2508,201,77,10.75,38.75
144798,2509,201,78,10.75,39.25
144799,2510,201,79,10.75,39.75
144800,2511,201,80,10.75,40.25
145505,2512,202,65,11.25,32.75
145506,2513,202,66,11.25,33.25
145507,2514,202,67,11.25,33.75
145508,2515,202,68,11.25,34.25
145509,2516,202,69,11.25,34.75
145513,2517,202,73,11.25,36.75
145514,2518,202,74,11.25,37.25
145515,2519,202,75,11.25,37.75
145516,2520,202,76,11.25,38.25
145517,2521,202,77,11.25,38.75
145518,2522,202,78,11.25,39.25
145519,2523,202,79,11.25,39.75
145520,2524,202,80,11.25,40.25
146224,2525,203,64,11.75,32.25
146225,2526,203,65,11.75,32.75
146226,2527,203,66,11.75,33.25
146227,2528,203,67,11.75,33.75
146228,2529,203,68,11.75,34.25
146231,2530,203,71,11.75,35.75
146232,2531,203,72,11.75,36.25
146233,2532,203,73,11.75,36.75
146234,2533,203,74,11.75,37.25
146235,2534,203,75,11.75,37.75
146236,2535,203,76,11.75,38.25
146237,2536,203,77,11.75,38.75
146238,2537,203,78,11.75,39.25
146239,2538,203,79,11.75,39.75
146240,2539,203,80,11.75,40.25
146944,2540,204,64,12.25,32.25
146945,2541,204,65,12.25,32.75
146946,2542,204,66,12.25,33.25
146947,2543,204,67,12.25,33.75
146948,2544,204,68,12.25,34.25
146950,2545,204,70,12.25,35.25
146951,2546,204,71,12.25,35.75
146952,2547,204,72,12.25,36.25
146953,2548,204,73,12.25,36.75
146954,2549,204,74,12.25,37.25
146955,2550,204,75,12.25,37.75
146956,2551,204,76,12.25,38.25
146957,2552,204,77,12.25,38.75
146958,2553,204,78,12.25,39.25
146959,2554,204,79,12.25,39.75
146960,2555,204,80,12.25,40.25
147673,2556,205,73,12.75,36.75
147674,2557,205,74,12.75,37.25
147675,2558,205,75,12.75,37.75
147676,2559,205,76,12.75,38.25
147677,2560,205,77,12.75,38.75
147678,2561,205,78,12.75,39.25
147679,2562,205,79,12.75,39.75
148393,2563,206,73,13.25,36.75
148394,2564,206,74,13.25,37.25
148395,2565,206,75,13.25,37.75
148396,2566,206,76,13.25,38.25
148397,2567,206,77,13.25,38.75
148398,2568,206,78,13.25,39.25
148403,2569,206,83,13.25,41.75
149113,2570,207,73,13.75,36.75
149114,2571,207,74,13.75,37.25
149115,2572,207,75,13.75,37.75
149116,2573,207,76,13.75,38.25
149117,2574,207,77,13.75,38.75
149118,2575,207,78,13.75,39.25
149833,2576,208,73,14.25,36.75
149834,2577,208,74,14.25,37.25
149835,2578,208,75,14.25,37.75
149836,2579,208,76,14.25,38.25
149837,2580,208,77,14.25,38.75
149838,2581,208,78,14.25,39.25
149839,2582,208,79,14.25,39.75
149910,2583,208,150,14.25,75.25
149911,2584,208,151,14.25,75.75
150553,2585,209,73,14.75,36.75
150554,2586,209,74,14.75,37.25
150555,2587,209,75,14.75,37.75
150556,2588,209,76,14.75,38.25
150557,2589,209,77,14.75,38.75
150558,2590,209,78,14.75,39.25
150559,2591,209,79,14.75,39.75
150630,2592,209,150,14.75,75.25
150631,2593,209,151,14.75,75.75
151273,2594,210,73,15.25,36.75
151274,2595,210,74,15.25,37.25
151275,2596,210,75,15.25,37.75
151276,2597,210,76,15.25,38.25
151277,2598,210,77,15.25,38.75
151278,2599,210,78,15.25,39.25
151348,2600,210,148,15.25,74.25
151349,2601,210,149,15.25,74.75
151350,2602,210,150,15.25,75.25
151351,2603,210,151,15.25,75.75
151352,2604,210,152,15.25,76.25
151353,2605,210,153,15.25,76.75
151996,2606,211,76,15.75,38.25
151997,2607,211,77,15.75,38.75
152068,2608,211,148,15.75,74.25
152069,2609,211,149,15.75,74.75
152070,2610,211,150,15.75,75.25
152071,2611,211,151,15.75,75.75
152072,2612,211,152,15.75,76.25
152073,2613,211,153,15.75,76.75
152074,2614,211,154,15.75,77.25
152454,2615,211,534,15.75,-92.75
152716,2616,212,76,16.25,38.25
152788,2617,212,148,16.25,74.25
152789,2618,212,149,16.25,74.75
152790,2619,212,150,16.25,75.25
152792,2620,212,152,16.25,76.25
152793,2621,212,153,16.25,76.75
152794,2622,212,154,16.25,77.25
153173,2623,212,533,16.25,-93.25
153174,2624,212,534,16.25,-92.75
153175,2625,212,535,16.25,-92.25
153436,2626,213,76,16.75,38.25
153509,2627,213,149,16.75,74.75
153510,2628,213,150,16.75,75.25
153549,2629,213,189,16.75,94.75
153550,2630,213,190,16.75,95.25
153551,2631,213,191,16.75,95.75
153893,2632,213,533,16.75,-93.25
153894,2633,213,534,16.75,-92.75
153895,2634,213,535,16.75,-92.25
154156,2635,214,76,17.25,38.25
154227,2636,214,147,17.25,73.75
154228,2637,214,148,17.25,74.25
154270,2638,214,190,17.25,95.25
154271,2639,214,191,17.25,95.75
154272,2640,214,192,17.25,96.25
154615,2641,214,535,17.25,-92.25
154947,2642,215,147,17.75,73.75
154948,2643,215,148,17.75,74.25
154949,2644,215,149,17.75,74.75
154990,2645,215,190,17.75,95.25
154991,2646,215,191,17.75,95.75
154992,2647,215,192,17.75,96.25
154993,2648,215,193,17.75,96.75
154994,2649,215,194,17.75,97.25
155604,2650,216,84,18.25,42.25
155667,2651,216,147,18.25,73.75
155668,2652,216,148,18.25,74.25
155669,2653,216,149,18.25,74.75
155670,2654,216,150,18.25,75.25
155709,2655,216,189,18.25,94.75
155710,2656,216,190,18.25,95.25
155711,2657,216,191,18.25,95.75
155712,2658,216,192,18.25,96.25
155713,2659,216,193,18.25,96.75
155714,2660,216,194,18.25,97.25
156039,2661,216,519,18.25,-100.25
156043,2662,216,523,18.25,-98.25
156044,2663,216,524,18.25,-97.75
156045,2664,216,525,18.25,-97.25
156324,2665,217,84,18.75,42.25
156386,2666,217,146,18.75,73.25
156387,2667,217,147,18.75,73.75
156388,2668,217,148,18.75,74.25
156389,2669,217,149,18.75,74.75
156390,2670,217,150,18.75,75.25
156429,2671,217,189,18.75,94.75
156430,2672,217,190,18.75,95.25
156431,2673,217,191,18.75,95.75
156432,2674,217,192,18.75,96.25
156433,2675,217,193,18.75,96.75
156758,2676,217,518,18.75,-100.75
156759,2677,217,519,18.75,-100.25
156760,2678,217,520,18.75,-99.75
156761,2679,217,521,18.75,-99.25
156762,2680,217,522,18.75,-98.75
156763,2681,217,523,18.75,-98.25
156764,2682,217,524,18.75,-97.75
156765,2683,217,525,18.75,-97.25
157043,2684,218,83,19.25,41.75
157107,2685,218,147,19.25,73.75
157108,2686,218,148,19.25,74.25
157109,2687,218,149,19.25,74.75
157110,2688,218,150,19.25,75.25
157111,2689,218,151,19.25,75.75
157115,2690,218,155,19.25,77.75
157116,2691,218,156,19.25,78.25
157118,2692,218,158,19.25,79.25
157119,2693,218,159,19.25,79.75
157149,2694,218,189,19.25,94.75
157150,2695,218,190,19.25,95.25
157151,2696,218,191,19.25,95.75
157152,2697,218,192,19.25,96.25
157153,2698,218,193,19.25,96.75
157154,2699,218,194,19.25,97.25
157473,2700,218,513,19.25,-103.25
157474,2701,218,514,19.25,-102.75
157476,2702,218,516,19.25,-101.75
157477,2703,218,517,19.25,-101.25
157478,2704,218,518,19.25,-100.75
157479,2705,218,519,19.25,-100.25
157480,2706,218,520,19.25,-99.75
157481,2707,218,521,19.25,-99.25
157482,2708,218,522,19.25,-98.75
157483,2709,218,523,19.25,-98.25
157484,2710,218,524,19.25,-97.75
157485,2711,218,525,19.25,-97.25
157486,2712,218,526,19.25,-96.75
157762,2713,219,82,19.75,41.25
157763,2714,219,83,19.75,41.75
157769,2715,219,89,19.75,44.75
157826,2716,219,146,19.75,73.25
157827,2717,219,147,19.75,73.75
157828,2718,219,148,19.75,74.25
157829,2719,219,149,19.75,74.75
157830,2720,219,150,19.75,75.25
157831,2721,219,151,19.75,75.75
157832,2722,219,152,19.75,76.25
157833,2723,219,153,19.75,76.75
157834,2724,219,154,19.75,77.25
157835,2725,219,155,19.75,77.75
157836,2726,219,156,19.75,78.25
157837,2727,219,157,19.75,78.75
157838,2728,219,158,19.75,79.25
157839,2729,219,159,19.75,79.75
157868,2730,219,188,19.75,94.25
157869,2731,219,189,19.75,94.75
157870,2732,219,190,19.75,95.25
157871,2733,219,191,19.75,95.75
157872,2734,219,192,19.75,96.25
157873,2735,219,193,19.75,96.75
157874,2736,219,194,19.75,97.25
158190,2737,219,510,19.75,-104.75
158191,2738,219,511,19.75,-104.25
158192,2739,219,512,19.75,-103.75
158193,2740,219,513,19.75,-103.25
158194,2741,219,514,19.75,-102.75
158195,2742,219,515,19.75,-102.25
158196,2743,219,516,19.75,-101.75
158197,2744,219,517,19.75,-101.25
158198,2745,219,518,19.75,-100.75
158199,2746,219,519,19.75,-100.25
158200,2747,219,520,19.75,-99.75
158201,2748,219,521,19.75,-99.25
158202,2749,219,522,19.75,-98.75
158203,2750,219,523,19.75,-98.25
158204,2751,219,524,19.75,-97.75
158205,2752,219,525,19.75,-97.25
158206,2753,219,526,19.75,-96.75
158482,2754,220,82,20.25,41.25
158546,2755,220,146,20.25,73.25
158547,2756,220,147,20.25,73.75
158548,2757,220,148,20.25,74.25
158549,2758,220,149,20.25,74.75
158550,2759,220,150,20.25,75.25
158551,2760,220,151,20.25,75.75
158552,2761,220,152,20.25,76.25
158553,2762,220,153,20.25,76.75
158554,2763,220,154,20.25,77.25
158555,2764,220,155,20.25,77.75
158556,2765,220,156,20.25,78.25
158557,2766,220,157,20.25,78.75
158558,2767,220,158,20.25,79.25
158559,2768,220,159,20.25,79.75
158587,2769,220,187,20.25,93.75
158588,2770,220,188,20.25,94.25
158589,2771,220,189,20.25,94.75
158590,2772,220,190,20.25,95.25
158591,2773,220,191,20.25,95.75
158592,2774,220,192,20.25,96.25
158593,2775,220,193,20.25,96.75
158594,2776,220,194,20.25,97.25
158595,2777,220,195,20.25,97.75
158598,2778,220,198,20.25,99.25
158909,2779,220,509,20.25,-105.25
158910,2780,220,510,20.25,-104.75
158911,2781,220,511,20.25,-104.25
158912,2782,220,512,20.25,-103.75
158915,2783,220,515,20.25,-102.25
158916,2784,220,516,20.25,-101.75
158917,2785,220,517,20.25,-101.25
158918,2786,220,518,20.25,-100.75
158919,2787,220,519,20.25,-100.25
158920,2788,220,520,20.25,-99.75
158921,2789,220,521,20.25,-99.25
158922,2790,220,522,20.25,-98.75
158923,2791,220,523,20.25,-98.25
158924,2792,220,524,20.25,-97.75
158925,2793,220,525,20.25,-97.25
159200,2794,221,80,20.75,40.25
159201,2795,221,81,20.75,40.75
159266,2796,221,146,20.75,73.25
159267,2797,221,147,20.75,73.75
159268,2798,221,148,20.75,74.25
159269,2799,221,149,20.75,74.75
159271,2800,221,151,20.75,75.75
159272,2801,221,152,20.75,76.25
159273,2802,221,153,20.75,76.75
159274,2803,221,154,20.75,77.25
159275,2804,221,155,20.75,77.75
159276,2805,221,156,20.75,78.25
159277,2806,221,157,20.75,78.75
159278,2807,221,158,20.75,79.25
159279,2808,221,159,20.75,79.75
159280,2809,221,160,20.75,80.25
159306,2810,221,186,20.75,93.25
159307,2811,221,187,20.75,93.75
159308,2812,221,188,20.75,94.25
159309,2813,221,189,20.75,94.75
159310,2814,221,190,20.75,95.25
159311,2815,221,191,20.75,95.75
159312,2816,221,192,20.75,96.25
159313,2817,221,193,20.75,96.75
159314,2818,221,194,20.75,97.25
159315,2819,221,195,20.75,97.75
159630,2820,221,510,20.75,-104.75
159631,2821,221,511,20.75,-104.25
159632,2822,221,512,20.75,-103.75
159633,2823,221,513,20.75,-103.25
159634,2824,221,514,20.75,-102.75
159635,2825,221,515,20.75,-102.25
159636,2826,221,516,20.75,-101.75
159637,2827,221,517,20.75,-101.25
159638,2828,221,518,20.75,-100.75
159639,2829,221,519,20.75,-100.25
159640,2830,221,520,20.75,-99.75
159642,2831,221,522,20.75,-98.75
159643,2832,221,523,20.75,-98.25
159644,2833,221,524,20.75,-97.75
159920,2834,222,80,21.25,40.25
159981,2835,222,141,21.25,70.75
159982,2836,222,142,21.25,71.25
159987,2837,222,147,21.25,73.75
159988,2838,222,148,21.25,74.25
159989,2839,222,149,21.25,74.75
159990,2840,222,150,21.25,75.25
159992,2841,222,152,21.25,76.25
159993,2842,222,153,21.25,76.75
159994,2843,222,154,21.25,77.25
159995,2844,222,155,21.25,77.75
159996,2845,222,156,21.25,78.25
159997,2846,222,157,21.25,78.75
159998,2847,222,158,21.25,79.25
159999,2848,222,159,21.25,79.75
160000,2849,222,160,21.25,80.25
160025,2850,222,185,21.25,92.75
160026,2851,222,186,21.25,93.25
160027,2852,222,187,21.25,93.75
160028,2853,222,188,21.25,94.25
160029,2854,222,189,21.25,94.75
160030,2855,222,190,21.25,95.25
160031,2856,222,191,21.25,95.75
160032,2857,222,192,21.25,96.25
160033,2858,222,193,21.25,96.75
160034,2859,222,194,21.25,97.25
160035,2860,222,195,21.25,97.75
160037,2861,222,197,21.25,98.75
160038,2862,222,198,21.25,99.25
160352,2863,222,512,21.25,-103.75
160353,2864,222,513,21.25,-103.25
160354,2865,222,514,21.25,-102.75
160355,2866,222,515,21.25,-102.25
160356,2867,222,516,21.25,-101.75
160357,2868,222,517,21.25,-101.25
160358,2869,222,518,21.25,-100.75
160359,2870,222,519,21.25,-100.25
160361,2871,222,521,21.25,-99.25
160362,2872,222,522,21.25,-98.75
160363,2873,222,523,21.25,-98.25
160364,2874,222,524,21.25,-97.75
160701,2875,223,141,21.75,70.75
160702,2876,223,142,21.75,71.25
160703,2877,223,143,21.75,71.75
160707,2878,223,147,21.75,73.75
160708,2879,223,148,21.75,74.25
160709,2880,223,149,21.75,74.75
160714,2881,223,154,21.75,77.25
160744,2882,223,184,21.75,92.25
160745,2883,223,185,21.75,92.75
160746,2884,223,186,21.75,93.25
160748,2885,223,188,21.75,94.25
160749,2886,223,189,21.75,94.75
160750,2887,223,190,21.75,95.25
160751,2888,223,191,21.75,95.75
160752,2889,223,192,21.75,96.25
160754,2890,223,194,21.75,97.25
160755,2891,223,195,21.75,97.75
160756,2892,223,196,21.75,98.25
160757,2893,223,197,21.75,98.75
160758,2894,223,198,21.75,99.25
160761,2895,223,201,21.75,100.75
161073,2896,223,513,21.75,-103.25
161074,2897,223,514,21.75,-102.75
161075,2898,223,515,21.75,-102.25
161076,2899,223,516,21.75,-101.75
161077,2900,223,517,21.75,-101.25
161078,2901,223,518,21.75,-100.75
161079,2902,223,519,21.75,-100.25
161081,2903,223,521,21.75,-99.25
161082,2904,223,522,21.75,-98.75
161423,2905,224,143,22.25,71.75
161426,2906,224,146,22.25,73.25
161458,2907,224,178,22.25,89.25
161464,2908,224,184,22.25,92.25
161468,2909,224,188,22.25,94.25
161469,2910,224,189,22.25,94.75
161470,2911,224,190,22.25,95.25
161471,2912,224,191,22.25,95.75
161472,2913,224,192,22.25,96.25
161473,2914,224,193,22.25,96.75
161476,2915,224,196,22.25,98.25
161477,2916,224,197,22.25,98.75
161478,2917,224,198,22.25,99.25
161793,2918,224,513,22.25,-103.25
161794,2919,224,514,22.25,-102.75
161795,2920,224,515,22.25,-102.25
161796,2921,224,516,22.25,-101.75
161797,2922,224,517,22.25,-101.25
161798,2923,224,518,22.25,-100.75
161799,2924,224,519,22.25,-100.25
162145,2925,225,145,22.75,72.75
162146,2926,225,146,22.75,73.25
162172,2927,225,172,22.75,86.25
162173,2928,225,173,22.75,86.75
162174,2929,225,174,22.75,87.25
162175,2930,225,175,22.75,87.75
162178,2931,225,178,22.75,89.25
162179,2932,225,179,22.75,89.75
162184,2933,225,184,22.75,92.25
162187,2934,225,187,22.75,93.75
162188,2935,225,188,22.75,94.25
162189,2936,225,189,22.75,94.75
162190,2937,225,190,22.75,95.25
162191,2938,225,191,22.75,95.75
162192,2939,225,192,22.75,96.25
162195,2940,225,195,22.75,97.75
162196,2941,225,196,22.75,98.25
162197,2942,225,197,22.75,98.75
162513,2943,225,513,22.75,-103.25
162514,2944,225,514,22.75,-102.75
162515,2945,225,515,22.75,-102.25
162516,2946,225,516,22.75,-101.75
162517,2947,225,517,22.75,-101.25
162518,2948,225,518,22.75,-100.75
162865,2949,226,145,23.25,72.75
162866,2950,226,146,23.25,73.25
162867,2951,226,147,23.25,73.75
162869,2952,226,149,23.25,74.75
162891,2953,226,171,23.25,85.75
162892,2954,226,172,23.25,86.25
162893,2955,226,173,23.25,86.75
162894,2956,226,174,23.25,87.25
162895,2957,226,175,23.25,87.75
162898,2958,226,178,23.25,89.25
162899,2959,226,179,23.25,89.75
162902,2960,226,182,23.25,91.25
162907,2961,226,187,23.25,93.75
162908,2962,226,188,23.25,94.25
162909,2963,226,189,23.25,94.75
162910,2964,226,190,23.25,95.25
162911,2965,226,191,23.25,95.75
162912,2966,226,192,23.25,96.25
162913,2967,226,193,23.25,96.75
162914,2968,226,194,23.25,97.25
162915,2969,226,195,23.25,97.75
162916,2970,226,196,23.25,98.25
162917,2971,226,197,23.25,98.75
163232,2972,226,512,23.25,-103.75
163233,2973,226,513,23.25,-103.25
163234,2974,226,514,23.25,-102.75
163235,2975,226,515,23.25,-102.25
163236,2976,226,516,23.25,-101.75
163237,2977,226,517,23.25,-101.25
163239,2978,226,519,23.25,-100.25
163240,2979,226,520,23.25,-99.75
163582,2980,227,142,23.75,71.25
163583,2981,227,143,23.75,71.75
163584,2982,227,144,23.75,72.25
163585,2983,227,145,23.75,72.75
163586,2984,227,146,23.75,73.25
163588,2985,227,148,23.75,74.25
163589,2986,227,149,23.75,74.75
163591,2987,227,151,23.75,75.75
163614,2988,227,174,23.75,87.25
163615,2989,227,175,23.75,87.75
163617,2990,227,177,23.75,88.75
163618,2991,227,178,23.75,89.25
163619,2992,227,179,23.75,89.75
163620,2993,227,180,23.75,90.25
163624,2994,227,184,23.75,92.25
163628,2995,227,188,23.75,94.25
163629,2996,227,189,23.75,94.75
163630,2997,227,190,23.75,95.25
163631,2998,227,191,23.75,95.75
163632,2999,227,192,23.75,96.25
163635,3000,227,195,23.75,97.75
163636,3001,227,196,23.75,98.25
163951,3002,227,511,23.75,-104.25
163952,3003,227,512,23.75,-103.75
163953,3004,227,513,23.75,-103.25
163954,3005,227,514,23.75,-102.75
163959,3006,227,519,23.75,-100.25
163960,3007,227,520,23.75,-99.75
164225,3008,228,65,24.25,32.75
164226,3009,228,66,24.25,33.25
164295,3010,228,135,24.25,67.75
164296,3011,228,136,24.25,68.25
164299,3012,228,139,24.25,69.75
164302,3013,228,142,24.25,71.25
164303,3014,228,143,24.25,71.75
164304,3015,228,144,24.25,72.25
164305,3016,228,145,24.25,72.75
164308,3017,228,148,24.25,74.25
164309,3018,228,149,24.25,74.75
164311,3019,228,151,24.25,75.75
164312,3020,228,152,24.25,76.25
164313,3021,228,153,24.25,76.75
164335,3022,228,175,24.25,87.75
164336,3023,228,176,24.25,88.25
164338,3024,228,178,24.25,89.25
164339,3025,228,179,24.25,89.75
164340,3026,228,180,24.25,90.25
164341,3027,228,181,24.25,90.75
164343,3028,228,183,24.25,91.75
164344,3029,228,184,24.25,92.25
164348,3030,228,188,24.25,94.25
164349,3031,228,189,24.25,94.75
164350,3032,228,190,24.25,95.25
164351,3033,228,191,24.25,95.75
164352,3034,228,192,24.25,96.25
164353,3035,228,193,24.25,96.75
164354,3036,228,194,24.25,97.25
164355,3037,228,195,24.25,97.75
164356,3038,228,196,24.25,98.25
164666,3039,228,506,24.25,-106.75
164671,3040,228,511,24.25,-104.25
164672,3041,228,512,24.25,-103.75
164678,3042,228,518,24.25,-100.75
164679,3043,228,519,24.25,-100.25
164680,3044,228,520,24.25,-99.75
164681,3045,228,521,24.25,-99.25
164682,3046,228,522,24.25,-98.75
164945,3047,229,65,24.75,32.75
165015,3048,229,135,24.75,67.75
165016,3049,229,136,24.75,68.25
165017,3050,229,137,24.75,68.75
165018,3051,229,138,24.75,69.25
165019,3052,229,139,24.75,69.75
165020,3053,229,140,24.75,70.25
165021,3054,229,141,24.75,70.75
165022,3055,229,142,24.75,71.25
165023,3056,229,143,24.75,71.75
165025,3057,229,145,24.75,72.75
165026,3058,229,146,24.75,73.25
165028,3059,229,148,24.75,74.25
165029,3060,229,149,24.75,74.75
165030,3061,229,150,24.75,75.25
165031,3062,229,151,24.75,75.75
165032,3063,229,152,24.75,76.25
165033,3064,229,153,24.75,76.75
165057,3065,229,177,24.75,88.75
165058,3066,229,178,24.75,89.25
165059,3067,229,179,24.75,89.75
165060,3068,229,180,24.75,90.25
165061,3069,229,181,24.75,90.75
165062,3070,229,182,24.75,91.25
165063,3071,229,183,24.75,91.75
165070,3072,229,190,24.75,95.25
165072,3073,229,192,24.75,96.25
165073,3074,229,193,24.75,96.75
165074,3075,229,194,24.75,97.25
165386,3076,229,506,24.75,-106.75
165388,3077,229,508,24.75,-105.75
165389,3078,229,509,24.75,-105.25
165390,3079,229,510,24.75,-104.75
165395,3080,229,515,24.75,-102.25
165397,3081,229,517,24.75,-101.25
165398,3082,229,518,24.75,-100.75
165399,3083,229,519,24.75,-100.25
165400,3084,229,520,24.75,-99.75
165401,3085,229,521,24.75,-99.25
165402,3086,229,522,24.75,-98.75
165665,3087,230,65,25.25,32.75
165734,3088,230,134,25.25,67.25
165736,3089,230,136,25.25,68.25
165737,3090,230,137,25.25,68.75
165738,3091,230,138,25.25,69.25
165739,3092,230,139,25.25,69.75
165740,3093,230,140,25.25,70.25
165741,3094,230,141,25.25,70.75
165745,3095,230,145,25.25,72.75
165746,3096,230,146,25.25,73.25
165747,3097,230,147,25.25,73.75
165748,3098,230,148,25.25,74.25
165749,3099,230,149,25.25,74.75
165750,3100,230,150,25.25,75.25
165751,3101,230,151,25.25,75.75
165752,3102,230,152,25.25,76.25
165753,3103,230,153,25.25,76.75
165754,3104,230,154,25.25,77.25
165778,3105,230,178,25.25,89.25
165779,3106,230,179,25.25,89.75
165781,3107,230,181,25.25,90.75
165782,3108,230,182,25.25,91.25
165783,3109,230,183,25.25,91.75
165784,3110,230,184,25.25,92.25
165789,3111,230,189,25.25,94.75
165790,3112,230,190,25.25,95.25
165792,3113,230,192,25.25,96.25
165793,3114,230,193,25.25,96.75
165794,3115,230,194,25.25,97.25
166096,3116,230,496,25.25,-111.75
166104,3117,230,504,25.25,-107.75
166106,3118,230,506,25.25,-106.75
166108,3119,230,508,25.25,-105.75
166109,3120,230,509,25.25,-105.25
166111,3121,230,511,25.25,-104.25
166115,3122,230,515,25.25,-102.25
166116,3123,230,516,25.25,-101.75
166118,3124,230,518,25.25,-100.75
166119,3125,230,519,25.25,-100.25
166120,3126,230,520,25.25,-99.75
166121,3127,230,521,25.25,-99.25
166122,3128,230,522,25.25,-98.75
166123,3129,230,523,25.25,-98.25
166377,3130,231,57,25.75,28.75
166384,3131,231,64,25.75,32.25
166385,3132,231,65,25.75,32.75
166453,3133,231,133,25.75,66.75
166456,3134,231,136,25.75,68.25
166457,3135,231,137,25.75,68.75
166458,3136,231,138,25.75,69.25
166465,3137,231,145,25.75,72.75
166466,3138,231,146,25.75,73.25
166467,3139,231,147,25.75,73.75
166468,3140,231,148,25.75,74.25
166469,3141,231,149,25.75,74.75
166470,3142,231,150,25.75,75.25
166471,3143,231,151,25.75,75.75
166472,3144,231,152,25.75,76.25
166473,3145,231,153,25.75,76.75
166497,3146,231,177,25.75,88.75
166498,3147,231,178,25.75,89.25
166512,3148,231,192,25.75,96.25
166513,3149,231,193,25.75,96.75
166816,3150,231,496,25.75,-111.75
166823,3151,231,503,25.75,-108.25
166824,3152,231,504,25.75,-107.75
166829,3153,231,509,25.75,-105.25
166830,3154,231,510,25.75,-104.75
166839,3155,231,519,25.75,-100.25
166840,3156,231,520,25.75,-99.75
166841,3157,231,521,25.75,-99.25
166842,3158,231,522,25.75,-98.75
166843,3159,231,523,25.75,-98.25
167103,3160,232,63,26.25,31.75
167104,3161,232,64,26.25,32.25
167105,3162,232,65,26.25,32.75
167126,3163,232,86,26.25,43.25
167127,3164,232,87,26.25,43.75
167172,3165,232,132,26.25,66.25
167175,3166,232,135,26.25,67.75
167176,3167,232,136,26.25,68.25
167177,3168,232,137,26.25,68.75
167178,3169,232,138,26.25,69.25
167187,3170,232,147,26.25,73.75
167188,3171,232,148,26.25,74.25
167190,3172,232,150,26.25,75.25
167191,3173,232,151,26.25,75.75
167192,3174,232,152,26.25,76.25
167193,3175,232,153,26.25,76.75
167194,3176,232,154,26.25,77.25
167195,3177,232,155,26.25,77.75
167213,3178,232,173,26.25,86.75
167214,3179,232,174,26.25,87.25
167215,3180,232,175,26.25,87.75
167219,3181,232,179,26.25,89.75
167233,3182,232,193,26.25,96.75
167536,3183,232,496,26.25,-111.75
167542,3184,232,502,26.25,-108.75
167543,3185,232,503,26.25,-108.25
167544,3186,232,504,26.25,-107.75
167559,3187,232,519,26.25,-100.25
167560,3188,232,520,26.25,-99.75
167561,3189,232,521,26.25,-99.25
167562,3190,232,522,26.25,-98.75
167563,3191,232,523,26.25,-98.25
167564,3192,232,524,26.25,-97.75
167822,3193,233,62,26.75,31.25
167823,3194,233,63,26.75,31.75
167895,3195,233,135,26.75,67.75
167896,3196,233,136,26.75,68.25
167897,3197,233,137,26.75,68.75
167909,3198,233,149,26.75,74.75
167910,3199,233,150,26.75,75.25
167911,3200,233,151,26.75,75.75
167912,3201,233,152,26.75,76.25
167913,3202,233,153,26.75,76.75
167914,3203,233,154,26.75,77.25
167915,3204,233,155,26.75,77.75
167916,3205,233,156,26.75,78.25
167929,3206,233,169,26.75,84.75
167930,3207,233,170,26.75,85.25
167931,3208,233,171,26.75,85.75
167932,3209,233,172,26.75,86.25
167933,3210,233,173,26.75,86.75
167934,3211,233,174,26.75,87.25
167935,3212,233,175,26.75,87.75
167936,3213,233,176,26.75,88.25
167955,3214,233,195,26.75,97.75
168255,3215,233,495,26.75,-112.25
168262,3216,233,502,26.75,-108.75
168263,3217,233,503,26.75,-108.25
168276,3218,233,516,26.75,-101.75
168277,3219,233,517,26.75,-101.25
168279,3220,233,519,26.75,-100.25
168280,3221,233,520,26.75,-99.75
168283,3222,233,523,26.75,-98.25
168541,3223,234,61,27.25,30.75
168542,3224,234,62,27.25,31.25
168565,3225,234,85,27.25,42.75
168594,3226,234,114,27.25,57.25
168614,3227,234,134,27.25,67.25
168615,3228,234,135,27.25,67.75
168616,3229,234,136,27.25,68.25
168617,3230,234,137,27.25,68.75
168618,3231,234,138,27.25,69.25
168629,3232,234,149,27.25,74.75
168630,3233,234,150,27.25,75.25
168631,3234,234,151,27.25,75.75
168632,3235,234,152,27.25,76.25
168633,3236,234,153,27.25,76.75
168634,3237,234,154,27.25,77.25
168646,3238,234,166,27.25,83.25
168647,3239,234,167,27.25,83.75
168648,3240,234,168,27.25,84.25
168649,3241,234,169,27.25,84.75
168650,3242,234,170,27.25,85.25
168651,3243,234,171,27.25,85.75
168652,3244,234,172,27.25,86.25
168653,3245,234,173,27.25,86.75
168654,3246,234,174,27.25,87.25
168655,3247,234,175,27.25,87.75
168980,3248,234,500,27.25,-109.75
168981,3249,234,501,27.25,-109.25
168996,3250,234,516,27.25,-101.75
168997,3251,234,517,27.25,-101.25
168998,3252,234,518,27.25,-100.75
168999,3253,234,519,27.25,-100.25
169000,3254,234,520,27.25,-99.75
169003,3255,234,523,27.25,-98.25
169004,3256,234,524,27.25,-97.75
169261,3257,235,61,27.75,30.75
169333,3258,235,133,27.75,66.75
169334,3259,235,134,27.75,67.25
169335,3260,235,135,27.75,67.75
169336,3261,235,136,27.75,68.25
169337,3262,235,137,27.75,68.75
169338,3263,235,138,27.75,69.25
169339,3264,235,139,27.75,69.75
169349,3265,235,149,27.75,74.75
169350,3266,235,150,27.75,75.25
169351,3267,235,151,27.75,75.75
169352,3268,235,152,27.75,76.25
169353,3269,235,153,27.75,76.75
169354,3270,235,154,27.75,77.25
169363,3271,235,163,27.75,81.75
169364,3272,235,164,27.75,82.25
169365,3273,235,165,27.75,82.75
169366,3274,235,166,27.75,83.25
169367,3275,235,167,27.75,83.75
169368,3276,235,168,27.75,84.25
169369,3277,235,169,27.75,84.75
169370,3278,235,170,27.75,85.25
169371,3279,235,171,27.75,85.75
169372,3280,235,172,27.75,86.25
169374,3281,235,174,27.75,87.25
169699,3282,235,499,27.75,-110.25
169700,3283,235,500,27.75,-109.75
169709,3284,235,509,27.75,-105.25
169717,3285,235,517,27.75,-101.25
169720,3286,235,520,27.75,-99.75
169721,3287,235,521,27.75,-99.25
169723,3288,235,523,27.75,-98.25
169724,3289,235,524,27.75,-97.75
169981,3290,236,61,28.25,30.75
169993,3291,236,73,28.25,36.75
170025,3292,236,105,28.25,52.75
170026,3293,236,106,28.25,53.25
170030,3294,236,110,28.25,55.25
170032,3295,236,112,28.25,56.25
170033,3296,236,113,28.25,56.75
170034,3297,236,114,28.25,57.25
170052,3298,236,132,28.25,66.25
170053,3299,236,133,28.25,66.75
170054,3300,236,134,28.25,67.25
170055,3301,236,135,28.25,67.75
170056,3302,236,136,28.25,68.25
170057,3303,236,137,28.25,68.75
170058,3304,236,138,28.25,69.25
170059,3305,236,139,28.25,69.75
170061,3306,236,141,28.25,70.75
170069,3307,236,149,28.25,74.75
170070,3308,236,150,28.25,75.25
170071,3309,236,151,28.25,75.75
170081,3310,236,161,28.25,80.75
170082,3311,236,162,28.25,81.25
170083,3312,236,163,28.25,81.75
170084,3313,236,164,28.25,82.25
170085,3314,236,165,28.25,82.75
170086,3315,236,166,28.25,83.25
170087,3316,236,167,28.25,83.75
170088,3317,236,168,28.25,84.25
170089,3318,236,169,28.25,84.75
170418,3319,236,498,28.25,-110.75
170419,3320,236,499,28.25,-110.25
170420,3321,236,500,28.25,-109.75
170422,3322,236,502,28.25,-108.75
170425,3323,236,505,28.25,-107.25
170426,3324,236,506,28.25,-106.75
170429,3325,236,509,28.25,-105.25
170437,3326,236,517,28.25,-101.25
170438,3327,236,518,28.25,-100.75
170439,3328,236,519,28.25,-100.25
170441,3329,236,521,28.25,-99.25
170442,3330,236,522,28.25,-98.75
170443,3331,236,523,28.25,-98.25
170444,3332,236,524,28.25,-97.75
170701,3333,237,61,28.75,30.75
170743,3334,237,103,28.75,51.75
170744,3335,237,104,28.75,52.25
170745,3336,237,105,28.75,52.75
170746,3337,237,106,28.75,53.25
170747,3338,237,107,28.75,53.75
170748,3339,237,108,28.75,54.25
170749,3340,237,109,28.75,54.75
170755,3341,237,115,28.75,57.75
170756,3342,237,116,28.75,58.25
170774,3343,237,134,28.75,67.25
170776,3344,237,136,28.75,68.25
170779,3345,237,139,28.75,69.75
170780,3346,237,140,28.75,70.25
170781,3347,237,141,28.75,70.75
170782,3348,237,142,28.75,71.25
170783,3349,237,143,28.75,71.75
170800,3350,237,160,28.75,80.25
170801,3351,237,161,28.75,80.75
170802,3352,237,162,28.75,81.25
170803,3353,237,163,28.75,81.75
170804,3354,237,164,28.75,82.25
170805,3355,237,165,28.75,82.75
170806,3356,237,166,28.75,83.25
170807,3357,237,167,28.75,83.75
171137,3358,237,497,28.75,-111.25
171138,3359,237,498,28.75,-110.75
171139,3360,237,499,28.75,-110.25
171145,3361,237,505,28.75,-107.25
171146,3362,237,506,28.75,-106.75
171158,3363,237,518,28.75,-100.75
171159,3364,237,519,28.75,-100.25
171160,3365,237,520,28.75,-99.75
171161,3366,237,521,28.75,-99.25
171162,3367,237,522,28.75,-98.75
171163,3368,237,523,28.75,-98.25
171164,3369,237,524,28.75,-97.75
171165,3370,237,525,28.75,-97.25
171421,3371,238,61,29.25,30.75
171422,3372,238,62,29.25,31.25
171462,3373,238,102,29.25,51.25
171463,3374,238,103,29.25,51.75
171464,3375,238,104,29.25,52.25
171465,3376,238,105,29.25,52.75
171466,3377,238,106,29.25,53.25
171467,3378,238,107,29.25,53.75
171468,3379,238,108,29.25,54.25
171471,3380,238,111,29.25,55.75
171473,3381,238,113,29.25,56.75
171495,3382,238,135,29.25,67.75
171500,3383,238,140,29.25,70.25
171501,3384,238,141,29.25,70.75
171502,3385,238,142,29.25,71.25
171503,3386,238,143,29.25,71.75
171504,3387,238,144,29.25,72.25
171505,3388,238,145,29.25,72.75
171506,3389,238,146,29.25,73.25
171520,3390,238,160,29.25,80.25
171521,3391,238,161,29.25,80.75
171522,3392,238,162,29.25,81.25
171523,3393,238,163,29.25,81.75
171524,3394,238,164,29.25,82.25
171525,3395,238,165,29.25,82.75
171577,3396,238,217,29.25,108.75
171578,3397,238,218,29.25,109.25
171587,3398,238,227,29.25,113.75
171588,3399,238,228,29.25,114.25
171589,3400,238,229,29.25,114.75
171856,3401,238,496,29.25,-111.75
171857,3402,238,497,29.25,-111.25
171858,3403,238,498,29.25,-110.75
171859,3404,238,499,29.25,-110.25
171860,3405,238,500,29.25,-109.75
171864,3406,238,504,29.25,-107.75
171865,3407,238,505,29.25,-107.25
171866,3408,238,506,29.25,-106.75
171870,3409,238,510,29.25,-104.75
171880,3410,238,520,29.25,-99.75
171881,3411,238,521,29.25,-99.25
171882,3412,238,522,29.25,-98.75
171883,3413,238,523,29.25,-98.25
171884,3414,238,524,29.25,-97.75
171885,3415,238,525,29.25,-97.25
171886,3416,238,526,29.25,-96.75
171887,3417,238,527,29.25,-96.25
171888,3418,238,528,29.25,-95.75
172142,3419,239,62,29.75,31.25
172156,3420,239,76,29.75,38.25
172181,3421,239,101,29.75,50.75
172183,3422,239,103,29.75,51.75
172184,3423,239,104,29.75,52.25
172185,3424,239,105,29.75,52.75
172186,3425,239,106,29.75,53.25
172187,3426,239,107,29.75,53.75
172188,3427,239,108,29.75,54.25
172192,3428,239,112,29.75,56.25
172193,3429,239,113,29.75,56.75
172215,3430,239,135,29.75,67.75
172216,3431,239,136,29.75,68.25
172217,3432,239,137,29.75,68.75
172218,3433,239,138,29.75,69.25
172219,3434,239,139,29.75,69.75
172220,3435,239,140,29.75,70.25
172221,3436,239,141,29.75,70.75
172222,3437,239,142,29.75,71.25
172223,3438,239,143,29.75,71.75
172224,3439,239,144,29.75,72.25
172225,3440,239,145,29.75,72.75
172226,3441,239,146,29.75,73.25
172240,3442,239,160,29.75,80.25
172241,3443,239,161,29.75,80.75
172242,3444,239,162,29.75,81.25
172243,3445,239,163,29.75,81.75
172297,3446,239,217,29.75,108.75
172298,3447,239,218,29.75,109.25
172299,3448,239,219,29.75,109.75
172300,3449,239,220,29.75,110.25
172301,3450,239,221,29.75,110.75
172302,3451,239,222,29.75,111.25
172303,3452,239,223,29.75,111.75
172304,3453,239,224,29.75,112.25
172305,3454,239,225,29.75,112.75
172306,3455,239,226,29.75,113.25
172307,3456,239,227,29.75,113.75
172308,3457,239,228,29.75,114.25
172309,3458,239,229,29.75,114.75
172310,3459,239,230,29.75,115.25
172311,3460,239,231,29.75,115.75
172312,3461,239,232,29.75,116.25
172313,3462,239,233,29.75,116.75
172314,3463,239,234,29.75,117.25
172315,3464,239,235,29.75,117.75
172316,3465,239,236,29.75,118.25
172317,3466,239,237,29.75,118.75
172576,3467,239,496,29.75,-111.75
172577,3468,239,497,29.75,-111.25
172578,3469,239,498,29.75,-110.75
172579,3470,239,499,29.75,-110.25
172580,3471,239,500,29.75,-109.75
172583,3472,239,503,29.75,-108.25
172584,3473,239,504,29.75,-107.75
172585,3474,239,505,29.75,-107.25
172586,3475,239,506,29.75,-106.75
172601,3476,239,521,29.75,-99.25
172602,3477,239,522,29.75,-98.75
172603,3478,239,523,29.75,-98.25
172604,3479,239,524,29.75,-97.75
172605,3480,239,525,29.75,-97.25
172606,3481,239,526,29.75,-96.75
172607,3482,239,527,29.75,-96.25
172608,3483,239,528,29.75,-95.75
172609,3484,239,529,29.75,-95.25
172861,3485,240,61,30.25,30.75
172862,3486,240,62,30.25,31.25
172863,3487,240,63,30.25,31.75
172864,3488,240,64,30.25,32.25
172876,3489,240,76,30.25,38.25
172901,3490,240,101,30.25,50.75
172902,3491,240,102,30.25,51.25
172903,3492,240,103,30.25,51.75
172904,3493,240,104,30.25,52.25
172905,3494,240,105,30.25,52.75
172906,3495,240,106,30.25,53.25
172907,3496,240,107,30.25,53.75
172908,3497,240,108,30.25,54.25
172911,3498,240,111,30.25,55.75
172913,3499,240,113,30.25,56.75
172934,3500,240,134,30.25,67.25
172935,3501,240,135,30.25,67.75
172938,3502,240,138,30.25,69.25
172939,3503,240,139,30.25,69.75
172940,3504,240,140,30.25,70.25
172941,3505,240,141,30.25,70.75
172942,3506,240,142,30.25,71.25
172943,3507,240,143,30.25,71.75
172944,3508,240,144,30.25,72.25
172945,3509,240,145,30.25,72.75
172946,3510,240,146,30.25,73.25
172947,3511,240,147,30.25,73.75
172962,3512,240,162,30.25,81.25
173016,3513,240,216,30.25,108.25
173017,3514,240,217,30.25,108.75
173018,3515,240,218,30.25,109.25
173019,3516,240,219,30.25,109.75
173020,3517,240,220,30.25,110.25
173021,3518,240,221,30.25,110.75
173022,3519,240,222,30.25,111.25
173023,3520,240,223,30.25,111.75
173024,3521,240,224,30.25,112.25
173025,3522,240,225,30.25,112.75
173026,3523,240,226,30.25,113.25
173027,3524,240,227,30.25,113.75
173028,3525,240,228,30.25,114.25
173029,3526,240,229,30.25,114.75
173030,3527,240,230,30.25,115.25
173031,3528,240,231,30.25,115.75
173032,3529,240,232,30.25,116.25
173033,3530,240,233,30.25,116.75
173034,3531,240,234,30.25,117.25
173035,3532,240,235,30.25,117.75
173036,3533,240,236,30.25,118.25
173037,3534,240,237,30.25,118.75
173038,3535,240,238,30.25,119.25
173298,3536,240,498,30.25,-110.75
173303,3537,240,503,30.25,-108.25
173304,3538,240,504,30.25,-107.75
173305,3539,240,505,30.25,-107.25
173306,3540,240,506,30.25,-106.75
173314,3541,240,514,30.25,-102.75
173315,3542,240,515,30.25,-102.25
173321,3543,240,521,30.25,-99.25
173322,3544,240,522,30.25,-98.75
173323,3545,240,523,30.25,-98.25
173324,3546,240,524,30.25,-97.75
173325,3547,240,525,30.25,-97.25
173326,3548,240,526,30.25,-96.75
173327,3549,240,527,30.25,-96.25
173329,3550,240,529,30.25,-95.25
173330,3551,240,530,30.25,-94.75
173332,3552,240,532,30.25,-93.75
173333,3553,240,533,30.25,-93.25
173334,3554,240,534,30.25,-92.75
173335,3555,240,535,30.25,-92.25
173336,3556,240,536,30.25,-91.75
173337,3557,240,537,30.25,-91.25
173349,3558,240,549,30.25,-85.25
173501,3559,240,701,30.25,-9.25
173579,3560,241,59,30.75,29.75
173580,3561,241,60,30.75,30.25
173581,3562,241,61,30.75,30.75
173582,3563,241,62,30.75,31.25
173583,3564,241,63,30.75,31.75
173584,3565,241,64,30.75,32.25
173591,3566,241,71,30.75,35.75
173614,3567,241,94,30.75,47.25
173615,3568,241,95,30.75,47.75
173616,3569,241,96,30.75,48.25
173617,3570,241,97,30.75,48.75
173618,3571,241,98,30.75,49.25
173619,3572,241,99,30.75,49.75
173620,3573,241,100,30.75,50.25
173621,3574,241,101,30.75,50.75
173622,3575,241,102,30.75,51.25
173623,3576,241,103,30.75,51.75
173624,3577,241,104,30.75,52.25
173625,3578,241,105,30.75,52.75
173626,3579,241,106,30.75,53.25
173632,3580,241,112,30.75,56.25
173656,3581,241,136,30.75,68.25
173658,3582,241,138,30.75,69.25
173659,3583,241,139,30.75,69.75
173660,3584,241,140,30.75,70.25
173661,3585,241,141,30.75,70.75
173662,3586,241,142,30.75,71.25
173663,3587,241,143,30.75,71.75
173664,3588,241,144,30.75,72.25
173665,3589,241,145,30.75,72.75
173666,3590,241,146,30.75,73.25
173667,3591,241,147,30.75,73.75
173673,3592,241,153,30.75,76.75
173674,3593,241,154,30.75,77.25
173675,3594,241,155,30.75,77.75
173739,3595,241,219,30.75,109.75
173740,3596,241,220,30.75,110.25
173741,3597,241,221,30.75,110.75
173742,3598,241,222,30.75,111.25
173743,3599,241,223,30.75,111.75
173744,3600,241,224,30.75,112.25
173745,3601,241,225,30.75,112.75
173746,3602,241,226,30.75,113.25
173747,3603,241,227,30.75,113.75
173748,3604,241,228,30.75,114.25
173749,3605,241,229,30.75,114.75
173750,3606,241,230,30.75,115.25
173751,3607,241,231,30.75,115.75
173752,3608,241,232,30.75,116.25
173753,3609,241,233,30.75,116.75
173754,3610,241,234,30.75,117.25
173755,3611,241,235,30.75,117.75
173756,3612,241,236,30.75,118.25
173757,3613,241,237,30.75,118.75
173758,3614,241,238,30.75,119.25
173760,3615,241,240,30.75,120.25
173761,3616,241,241,30.75,120.75
174014,3617,241,494,30.75,-112.75
174015,3618,241,495,30.75,-112.25
174022,3619,241,502,30.75,-108.75
174023,3620,241,503,30.75,-108.25
174033,3621,241,513,30.75,-103.25
174034,3622,241,514,30.75,-102.75
174040,3623,241,520,30.75,-99.75
174041,3624,241,521,30.75,-99.25
174042,3625,241,522,30.75,-98.75
174043,3626,241,523,30.75,-98.25
174044,3627,241,524,30.75,-97.75
174045,3628,241,525,30.75,-97.25
174046,3629,241,526,30.75,-96.75
174047,3630,241,527,30.75,-96.25
174052,3631,241,532,30.75,-93.75
174053,3632,241,533,30.75,-93.25
174054,3633,241,534,30.75,-92.75
174055,3634,241,535,30.75,-92.25
174056,3635,241,536,30.75,-91.75
174057,3636,241,537,30.75,-91.25
174058,3637,241,538,30.75,-90.75
174059,3638,241,539,30.75,-90.25
174060,3639,241,540,30.75,-89.75
174061,3640,241,541,30.75,-89.25
174062,3641,241,542,30.75,-88.75
174065,3642,241,545,30.75,-87.25
174067,3643,241,547,30.75,-86.25
174068,3644,241,548,30.75,-85.75
174069,3645,241,549,30.75,-85.25
174070,3646,241,550,30.75,-84.75
174071,3647,241,551,30.75,-84.25
174072,3648,241,552,30.75,-83.75
174073,3649,241,553,30.75,-83.25
174221,3650,241,701,30.75,-9.25
174222,3651,241,702,30.75,-8.75
174223,3652,241,703,30.75,-8.25
174302,3653,242,62,31.25,31.25
174309,3654,242,69,31.25,34.75
174310,3655,242,70,31.25,35.25
174330,3656,242,90,31.25,45.25
174332,3657,242,92,31.25,46.25
174333,3658,242,93,31.25,46.75
174334,3659,242,94,31.25,47.25
174335,3660,242,95,31.25,47.75
174336,3661,242,96,31.25,48.25
174337,3662,242,97,31.25,48.75
174338,3663,242,98,31.25,49.25
174339,3664,242,99,31.25,49.75
174341,3665,242,101,31.25,50.75
174342,3666,242,102,31.25,51.25
174343,3667,242,103,31.25,51.75
174379,3668,242,139,31.25,69.75
174380,3669,242,140,31.25,70.25
174381,3670,242,141,31.25,70.75
174382,3671,242,142,31.25,71.25
174383,3672,242,143,31.25,71.75
174384,3673,242,144,31.25,72.25
174385,3674,242,145,31.25,72.75
174386,3675,242,146,31.25,73.25
174387,3676,242,147,31.25,73.75
174388,3677,242,148,31.25,74.25
174389,3678,242,149,31.25,74.75
174392,3679,242,152,31.25,76.25
174393,3680,242,153,31.25,76.75
174394,3681,242,154,31.25,77.25
174395,3682,242,155,31.25,77.75
174460,3683,242,220,31.25,110.25
174461,3684,242,221,31.25,110.75
174462,3685,242,222,31.25,111.25
174463,3686,242,223,31.25,111.75
174464,3687,242,224,31.25,112.25
174465,3688,242,225,31.25,112.75
174466,3689,242,226,31.25,113.25
174467,3690,242,227,31.25,113.75
174468,3691,242,228,31.25,114.25
174469,3692,242,229,31.25,114.75
174470,3693,242,230,31.25,115.25
174471,3694,242,231,31.25,115.75
174472,3695,242,232,31.25,116.25
174473,3696,242,233,31.25,116.75
174474,3697,242,234,31.25,117.25
174475,3698,242,235,31.25,117.75
174476,3699,242,236,31.25,118.25
174477,3700,242,237,31.25,118.75
174478,3701,242,238,31.25,119.25
174479,3702,242,239,31.25,119.75
174480,3703,242,240,31.25,120.25
174481,3704,242,241,31.25,120.75
174739,3705,242,499,31.25,-110.25
174743,3706,242,503,31.25,-108.25
174747,3707,242,507,31.25,-106.25
174748,3708,242,508,31.25,-105.75
174756,3709,242,516,31.25,-101.75
174757,3710,242,517,31.25,-101.25
174758,3711,242,518,31.25,-100.75
174759,3712,242,519,31.25,-100.25
174760,3713,242,520,31.25,-99.75
174761,3714,242,521,31.25,-99.25
174762,3715,242,522,31.25,-98.75
174763,3716,242,523,31.25,-98.25
174764,3717,242,524,31.25,-97.75
174765,3718,242,525,31.25,-97.25
174766,3719,242,526,31.25,-96.75
174767,3720,242,527,31.25,-96.25
174774,3721,242,534,31.25,-92.75
174775,3722,242,535,31.25,-92.25
174776,3723,242,536,31.25,-91.75
174777,3724,242,537,31.25,-91.25
174778,3725,242,538,31.25,-90.75
174779,3726,242,539,31.25,-90.25
174780,3727,242,540,31.25,-89.75
174783,3728,242,543,31.25,-88.25
174784,3729,242,544,31.25,-87.75
174785,3730,242,545,31.25,-87.25
174786,3731,242,546,31.25,-86.75
174787,3732,242,547,31.25,-86.25
174788,3733,242,548,31.25,-85.75
174789,3734,242,549,31.25,-85.25
174790,3735,242,550,31.25,-84.75
174791,3736,242,551,31.25,-84.25
174792,3737,242,552,31.25,-83.75
174793,3738,242,553,31.25,-83.25
174794,3739,242,554,31.25,-82.75
174795,3740,242,555,31.25,-82.25
174941,3741,242,701,31.25,-9.25
174942,3742,242,702,31.25,-8.75
174943,3743,242,703,31.25,-8.25
174944,3744,242,704,31.25,-7.75
174945,3745,242,705,31.25,-7.25
175030,3746,243,70,31.75,35.25
175031,3747,243,71,31.75,35.75
175048,3748,243,88,31.75,44.25
175049,3749,243,89,31.75,44.75
175050,3750,243,90,31.75,45.25
175051,3751,243,91,31.75,45.75
175052,3752,243,92,31.75,46.25
175053,3753,243,93,31.75,46.75
175054,3754,243,94,31.75,47.25
175056,3755,243,96,31.75,48.25
175057,3756,243,97,31.75,48.75
175059,3757,243,99,31.75,49.75
175060,3758,243,100,31.75,50.25
175061,3759,243,101,31.75,50.75
175062,3760,243,102,31.75,51.25
175063,3761,243,103,31.75,51.75
175099,3762,243,139,31.75,69.75
175100,3763,243,140,31.75,70.25
175101,3764,243,141,31.75,70.75
175102,3765,243,142,31.75,71.25
175103,3766,243,143,31.75,71.75
175104,3767,243,144,31.75,72.25
175105,3768,243,145,31.75,72.75
175106,3769,243,146,31.75,73.25
175107,3770,243,147,31.75,73.75
175108,3771,243,148,31.75,74.25
175109,3772,243,149,31.75,74.75
175112,3773,243,152,31.75,76.25
175113,3774,243,153,31.75,76.75
175114,3775,243,154,31.75,77.25
175115,3776,243,155,31.75,77.75
175179,3777,243,219,31.75,109.75
175180,3778,243,220,31.75,110.25
175181,3779,243,221,31.75,110.75
175182,3780,243,222,31.75,111.25
175183,3781,243,223,31.75,111.75
175184,3782,243,224,31.75,112.25
175185,3783,243,225,31.75,112.75
175186,3784,243,226,31.75,113.25
175187,3785,243,227,31.75,113.75
175188,3786,243,228,31.75,114.25
175189,3787,243,229,31.75,114.75
175190,3788,243,230,31.75,115.25
175191,3789,243,231,31.75,115.75
175192,3790,243,232,31.75,116.25
175193,3791,243,233,31.75,116.75
175194,3792,243,234,31.75,117.25
175195,3793,243,235,31.75,117.75
175196,3794,243,236,31.75,118.25
175197,3795,243,237,31.75,118.75
175198,3796,243,238,31.75,119.25
175199,3797,243,239,31.75,119.75
175447,3798,243,487,31.75,-116.25
175456,3799,243,496,31.75,-111.75
175457,3800,243,497,31.75,-111.25
175458,3801,243,498,31.75,-110.75
175460,3802,243,500,31.75,-109.75
175464,3803,243,504,31.75,-107.75
175466,3804,243,506,31.75,-106.75
175467,3805,243,507,31.75,-106.25
175475,3806,243,515,31.75,-102.25
175476,3807,243,516,31.75,-101.75
175477,3808,243,517,31.75,-101.25
175478,3809,243,518,31.75,-100.75
175479,3810,243,519,31.75,-100.25
175480,3811,243,520,31.75,-99.75
175481,3812,243,521,31.75,-99.25
175482,3813,243,522,31.75,-98.75
175483,3814,243,523,31.75,-98.25
175484,3815,243,524,31.75,-97.75
175485,3816,243,525,31.75,-97.25
175486,3817,243,526,31.75,-96.75
175487,3818,243,527,31.75,-96.25
175488,3819,243,528,31.75,-95.75
175493,3820,243,533,31.75,-93.25
175495,3821,243,535,31.75,-92.25
175496,3822,243,536,31.75,-91.75
175497,3823,243,537,31.75,-91.25
175498,3824,243,538,31.75,-90.75
175499,3825,243,539,31.75,-90.25
175500,3826,243,540,31.75,-89.75
175501,3827,243,541,31.75,-89.25
175502,3828,243,542,31.75,-88.75
175503,3829,243,543,31.75,-88.25
175507,3830,243,547,31.75,-86.25
175508,3831,243,548,31.75,-85.75
175509,3832,243,549,31.75,-85.25
175510,3833,243,550,31.75,-84.75
175511,3834,243,551,31.75,-84.25
175512,3835,243,552,31.75,-83.75
175513,3836,243,553,31.75,-83.25
175514,3837,243,554,31.75,-82.75
175515,3838,243,555,31.75,-82.25
175516,3839,243,556,31.75,-81.75
175662,3840,243,702,31.75,-8.75
175663,3841,243,703,31.75,-8.25
175664,3842,243,704,31.75,-7.75
175665,3843,243,705,31.75,-7.25
175666,3844,243,706,31.75,-6.75
175667,3845,243,707,31.75,-6.25
175708,3846,244,28,32.25,14.25
175721,3847,244,41,32.25,20.75
175722,3848,244,42,32.25,21.25
175750,3849,244,70,32.25,35.25
175751,3850,244,71,32.25,35.75
175768,3851,244,88,32.25,44.25
175769,3852,244,89,32.25,44.75
175770,3853,244,90,32.25,45.25
175771,3854,244,91,32.25,45.75
175772,3855,244,92,32.25,46.25
175773,3856,244,93,32.25,46.75
175776,3857,244,96,32.25,48.25
175777,3858,244,97,32.25,48.75
175778,3859,244,98,32.25,49.25
175779,3860,244,99,32.25,49.75
175781,3861,244,101,32.25,50.75
175782,3862,244,102,32.25,51.25
175783,3863,244,103,32.25,51.75
175820,3864,244,140,32.25,70.25
175821,3865,244,141,32.25,70.75
175822,3866,244,142,32.25,71.25
175823,3867,244,143,32.25,71.75
175824,3868,244,144,32.25,72.25
175825,3869,244,145,32.25,72.75
175826,3870,244,146,32.25,73.25
175827,3871,244,147,32.25,73.75
175828,3872,244,148,32.25,74.25
175829,3873,244,149,32.25,74.75
175830,3874,244,150,32.25,75.25
175834,3875,244,154,32.25,77.25
175899,3876,244,219,32.25,109.75
175900,3877,244,220,32.25,110.25
175901,3878,244,221,32.25,110.75
175902,3879,244,222,32.25,111.25
175903,3880,244,223,32.25,111.75
175904,3881,244,224,32.25,112.25
175905,3882,244,225,32.25,112.75
175906,3883,244,226,32.25,113.25
175907,3884,244,227,32.25,113.75
175908,3885,244,228,32.25,114.25
175909,3886,244,229,32.25,114.75
175910,3887,244,230,32.25,115.25
175911,3888,244,231,32.25,115.75
175912,3889,244,232,32.25,116.25
175913,3890,244,233,32.25,116.75
175914,3891,244,234,32.25,117.25
175915,3892,244,235,32.25,117.75
175916,3893,244,236,32.25,118.25
175917,3894,244,237,32.25,118.75
175918,3895,244,238,32.25,119.25
175919,3896,244,239,32.25,119.75
176170,3897,244,490,32.25,-114.75
176177,3898,244,497,32.25,-111.25
176179,3899,244,499,32.25,-110.25
176186,3900,244,506,32.25,-106.75
176195,3901,244,515,32.25,-102.25
176196,3902,244,516,32.25,-101.75
176197,3903,244,517,32.25,-101.25
176198,3904,244,518,32.25,-100.75
176199,3905,244,519,32.25,-100.25
176200,3906,244,520,32.25,-99.75
176201,3907,244,521,32.25,-99.25
176202,3908,244,522,32.25,-98.75
176203,3909,244,523,32.25,-98.25
176204,3910,244,524,32.25,-97.75
176205,3911,244,525,32.25,-97.25
176206,3912,244,526,32.25,-96.75
176207,3913,244,527,32.25,-96.25
176208,3914,244,528,32.25,-95.75
176211,3915,244,531,32.25,-94.25
176212,3916,244,532,32.25,-93.75
176215,3917,244,535,32.25,-92.25
176216,3918,244,536,32.25,-91.75
176217,3919,244,537,32.25,-91.25
176218,3920,244,538,32.25,-90.75
176219,3921,244,539,32.25,-90.25
176220,3922,244,540,32.25,-89.75
176221,3923,244,541,32.25,-89.25
176222,3924,244,542,32.25,-88.75
176223,3925,244,543,32.25,-88.25
176224,3926,244,544,32.25,-87.75
176225,3927,244,545,32.25,-87.25
176226,3928,244,546,32.25,-86.75
176227,3929,244,547,32.25,-86.25
176228,3930,244,548,32.25,-85.75
176229,3931,244,549,32.25,-85.25
176230,3932,244,550,32.25,-84.75
176231,3933,244,551,32.25,-84.25
176232,3934,244,552,32.25,-83.75
176233,3935,244,553,32.25,-83.25
176234,3936,244,554,32.25,-82.75
176235,3937,244,555,32.25,-82.25
176236,3938,244,556,32.25,-81.75
176237,3939,244,557,32.25,-81.25
176382,3940,244,702,32.25,-8.75
176383,3941,244,703,32.25,-8.25
176384,3942,244,704,32.25,-7.75
176385,3943,244,705,32.25,-7.25
176386,3944,244,706,32.25,-6.75
176387,3945,244,707,32.25,-6.25
176388,3946,244,708,32.25,-5.75
176471,3947,245,71,32.75,35.75
176472,3948,245,72,32.75,36.25
176473,3949,245,73,32.75,36.75
176488,3950,245,88,32.75,44.25
176489,3951,245,89,32.75,44.75
176490,3952,245,90,32.75,45.25
176496,3953,245,96,32.75,48.25
176497,3954,245,97,32.75,48.75
176498,3955,245,98,32.75,49.25
176499,3956,245,99,32.75,49.75
176500,3957,245,100,32.75,50.25
176501,3958,245,101,32.75,50.75
176502,3959,245,102,32.75,51.25
176503,3960,245,103,32.75,51.75
176539,3961,245,139,32.75,69.75
176540,3962,245,140,32.75,70.25
176541,3963,245,141,32.75,70.75
176542,3964,245,142,32.75,71.25
176543,3965,245,143,32.75,71.75
176544,3966,245,144,32.75,72.25
176545,3967,245,145,32.75,72.75
176546,3968,245,146,32.75,73.25
176547,3969,245,147,32.75,73.75
176548,3970,245,148,32.75,74.25
176549,3971,245,149,32.75,74.75
176608,3972,245,208,32.75,104.25
176609,3973,245,209,32.75,104.75
176610,3974,245,210,32.75,105.25
176611,3975,245,211,32.75,105.75
176619,3976,245,219,32.75,109.75
176620,3977,245,220,32.75,110.25
176621,3978,245,221,32.75,110.75
176622,3979,245,222,32.75,111.25
176623,3980,245,223,32.75,111.75
176624,3981,245,224,32.75,112.25
176625,3982,245,225,32.75,112.75
176626,3983,245,226,32.75,113.25
176627,3984,245,227,32.75,113.75
176628,3985,245,228,32.75,114.25
176629,3986,245,229,32.75,114.75
176630,3987,245,230,32.75,115.25
176631,3988,245,231,32.75,115.75
176632,3989,245,232,32.75,116.25
176633,3990,245,233,32.75,116.75
176634,3991,245,234,32.75,117.25
176635,3992,245,235,32.75,117.75
176636,3993,245,236,32.75,118.25
176637,3994,245,237,32.75,118.75
176638,3995,245,238,32.75,119.25
176639,3996,245,239,32.75,119.75
176640,3997,245,240,32.75,120.25
176662,3998,245,262,32.75,131.25
176886,3999,245,486,32.75,-116.75
176887,4000,245,487,32.75,-116.25
176888,4001,245,488,32.75,-115.75
176889,4002,245,489,32.75,-115.25
176890,4003,245,490,32.75,-114.75
176891,4004,245,491,32.75,-114.25
176892,4005,245,492,32.75,-113.75
176893,4006,245,493,32.75,-113.25
176894,4007,245,494,32.75,-112.75
176895,4008,245,495,32.75,-112.25
176896,4009,245,496,32.75,-111.75
176898,4010,245,498,32.75,-110.75
176899,4011,245,499,32.75,-110.25
176900,4012,245,500,32.75,-109.75
176911,4013,245,511,32.75,-104.25
176913,4014,245,513,32.75,-103.25
176914,4015,245,514,32.75,-102.75
176915,4016,245,515,32.75,-102.25
176916,4017,245,516,32.75,-101.75
176917,4018,245,517,32.75,-101.25
176918,4019,245,518,32.75,-100.75
176919,4020,245,519,32.75,-100.25
176920,4021,245,520,32.75,-99.75
176922,4022,245,522,32.75,-98.75
176923,4023,245,523,32.75,-98.25
176924,4024,245,524,32.75,-97.75
176925,4025,245,525,32.75,-97.25
176926,4026,245,526,32.75,-96.75
176927,4027,245,527,32.75,-96.25
176928,4028,245,528,32.75,-95.75
176929,4029,245,529,32.75,-95.25
176932,4030,245,532,32.75,-93.75
176935,4031,245,535,32.75,-92.25
176936,4032,245,536,32.75,-91.75
176937,4033,245,537,32.75,-91.25
176938,4034,245,538,32.75,-90.75
176939,4035,245,539,32.75,-90.25
176942,4036,245,542,32.75,-88.75
176943,4037,245,543,32.75,-88.25
176944,4038,245,544,32.75,-87.75
176946,4039,245,546,32.75,-86.75
176947,4040,245,547,32.75,-86.25
176950,4041,245,550,32.75,-84.75
176951,4042,245,551,32.75,-84.25
176952,4043,245,552,32.75,-83.75
176953,4044,245,553,32.75,-83.25
176954,4045,245,554,32.75,-82.75
176955,4046,245,555,32.75,-82.25
176956,4047,245,556,32.75,-81.75
176957,4048,245,557,32.75,-81.25
176958,4049,245,558,32.75,-80.75
177103,4050,245,703,32.75,-8.25
177104,4051,245,704,32.75,-7.75
177105,4052,245,705,32.75,-7.25
177106,4053,245,706,32.75,-6.75
177107,4054,245,707,32.75,-6.25
177108,4055,245,708,32.75,-5.75
177109,4056,245,709,32.75,-5.25
177191,4057,246,71,33.25,35.75
177192,4058,246,72,33.25,36.25
177193,4059,246,73,33.25,36.75
177206,4060,246,86,33.25,43.25
177207,4061,246,87,33.25,43.75
177208,4062,246,88,33.25,44.25
177209,4063,246,89,33.25,44.75
177210,4064,246,90,33.25,45.25
177211,4065,246,91,33.25,45.75
177213,4066,246,93,33.25,46.75
177214,4067,246,94,33.25,47.25
177215,4068,246,95,33.25,47.75
177216,4069,246,96,33.25,48.25
177217,4070,246,97,33.25,48.75
177218,4071,246,98,33.25,49.25
177219,4072,246,99,33.25,49.75
177220,4073,246,100,33.25,50.25
177260,4074,246,140,33.25,70.25
177261,4075,246,141,33.25,70.75
177262,4076,246,142,33.25,71.25
177263,4077,246,143,33.25,71.75
177264,4078,246,144,33.25,72.25
177265,4079,246,145,33.25,72.75
177266,4080,246,146,33.25,73.25
177268,4081,246,148,33.25,74.25
177328,4082,246,208,33.25,104.25
177329,4083,246,209,33.25,104.75
177330,4084,246,210,33.25,105.25
177331,4085,246,211,33.25,105.75
177339,4086,246,219,33.25,109.75
177340,4087,246,220,33.25,110.25
177341,4088,246,221,33.25,110.75
177342,4089,246,222,33.25,111.25
177343,4090,246,223,33.25,111.75
177344,4091,246,224,33.25,112.25
177345,4092,246,225,33.25,112.75
177346,4093,246,226,33.25,113.25
177347,4094,246,227,33.25,113.75
177348,4095,246,228,33.25,114.25
177349,4096,246,229,33.25,114.75
177350,4097,246,230,33.25,115.25
177351,4098,246,231,33.25,115.75
177352,4099,246,232,33.25,116.25
177353,4100,246,233,33.25,116.75
177354,4101,246,234,33.25,117.25
177355,4102,246,235,33.25,117.75
177356,4103,246,236,33.25,118.25
177357,4104,246,237,33.25,118.75
177358,4105,246,238,33.25,119.25
177359,4106,246,239,33.25,119.75
177360,4107,246,240,33.25,120.25
177381,4108,246,261,33.25,130.75
177382,4109,246,262,33.25,131.25
177607,4110,246,487,33.25,-116.25
177608,4111,246,488,33.25,-115.75
177609,4112,246,489,33.25,-115.25
177610,4113,246,490,33.25,-114.75
177613,4114,246,493,33.25,-113.25
177614,4115,246,494,33.25,-112.75
177615,4116,246,495,33.25,-112.25
177616,4117,246,496,33.25,-111.75
177631,4118,246,511,33.25,-104.25
177632,4119,246,512,33.25,-103.75
177633,4120,246,513,33.25,-103.25
177634,4121,246,514,33.25,-102.75
177635,4122,246,515,33.25,-102.25
177636,4123,246,516,33.25,-101.75
177637,4124,246,517,33.25,-101.25
177639,4125,246,519,33.25,-100.25
177640,4126,246,520,33.25,-99.75
177641,4127,246,521,33.25,-99.25
177642,4128,246,522,33.25,-98.75
177643,4129,246,523,33.25,-98.25
177644,4130,246,524,33.25,-97.75
177645,4131,246,525,33.25,-97.25
177646,4132,246,526,33.25,-96.75
177647,4133,246,527,33.25,-96.25
177648,4134,246,528,33.25,-95.75
177649,4135,246,529,33.25,-95.25
177650,4136,246,530,33.25,-94.75
177651,4137,246,531,33.25,-94.25
177652,4138,246,532,33.25,-93.75
177655,4139,246,535,33.25,-92.25
177656,4140,246,536,33.25,-91.75
177657,4141,246,537,33.25,-91.25
177658,4142,246,538,33.25,-90.75
177659,4143,246,539,33.25,-90.25
177660,4144,246,540,33.25,-89.75
177662,4145,246,542,33.25,-88.75
177663,4146,246,543,33.25,-88.25
177664,4147,246,544,33.25,-87.75
177666,4148,246,546,33.25,-86.75
177667,4149,246,547,33.25,-86.25
177668,4150,246,548,33.25,-85.75
177669,4151,246,549,33.25,-85.25
177670,4152,246,550,33.25,-84.75
177671,4153,246,551,33.25,-84.25
177672,4154,246,552,33.25,-83.75
177673,4155,246,553,33.25,-83.25
177674,4156,246,554,33.25,-82.75
177675,4157,246,555,33.25,-82.25
177676,4158,246,556,33.25,-81.75
177677,4159,246,557,33.25,-81.25
177678,4160,246,558,33.25,-80.75
177679,4161,246,559,33.25,-80.25
177680,4162,246,560,33.25,-79.75
177824,4163,246,704,33.25,-7.75
177825,4164,246,705,33.25,-7.25
177826,4165,246,706,33.25,-6.75
177827,4166,246,707,33.25,-6.25
177828,4167,246,708,33.25,-5.75
177829,4168,246,709,33.25,-5.25
177912,4169,247,72,33.75,36.25
177927,4170,247,87,33.75,43.75
177928,4171,247,88,33.75,44.25
177929,4172,247,89,33.75,44.75
177930,4173,247,90,33.75,45.25
177931,4174,247,91,33.75,45.75
177932,4175,247,92,33.75,46.25
177933,4176,247,93,33.75,46.75
177934,4177,247,94,33.75,47.25
177935,4178,247,95,33.75,47.75
177936,4179,247,96,33.75,48.25
177937,4180,247,97,33.75,48.75
177938,4181,247,98,33.75,49.25
177939,4182,247,99,33.75,49.75
177940,4183,247,100,33.75,50.25
177944,4184,247,104,33.75,52.25
177957,4185,247,117,33.75,58.75
177980,4186,247,140,33.75,70.25
177981,4187,247,141,33.75,70.75
177982,4188,247,142,33.75,71.25
177983,4189,247,143,33.75,71.75
177984,4190,247,144,33.75,72.25
177985,4191,247,145,33.75,72.75
177986,4192,247,146,33.75,73.25
177988,4193,247,148,33.75,74.25
178046,4194,247,206,33.75,103.25
178047,4195,247,207,33.75,103.75
178048,4196,247,208,33.75,104.25
178049,4197,247,209,33.75,104.75
178050,4198,247,210,33.75,105.25
178051,4199,247,211,33.75,105.75
178052,4200,247,212,33.75,106.25
178061,4201,247,221,33.75,110.75
178062,4202,247,222,33.75,111.25
178063,4203,247,223,33.75,111.75
178064,4204,247,224,33.75,112.25
178065,4205,247,225,33.75,112.75
178066,4206,247,226,33.75,113.25
178067,4207,247,227,33.75,113.75
178068,4208,247,228,33.75,114.25
178069,4209,247,229,33.75,114.75
178070,4210,247,230,33.75,115.25
178071,4211,247,231,33.75,115.75
178072,4212,247,232,33.75,116.25
178073,4213,247,233,33.75,116.75
178074,4214,247,234,33.75,117.25
178075,4215,247,235,33.75,117.75
178076,4216,247,236,33.75,118.25
178077,4217,247,237,33.75,118.75
178078,4218,247,238,33.75,119.25
178079,4219,247,239,33.75,119.75
178325,4220,247,485,33.75,-117.25
178326,4221,247,486,33.75,-116.75
178330,4222,247,490,33.75,-114.75
178331,4223,247,491,33.75,-114.25
178332,4224,247,492,33.75,-113.75
178335,4225,247,495,33.75,-112.25
178337,4226,247,497,33.75,-111.25
178353,4227,247,513,33.75,-103.25
178354,4228,247,514,33.75,-102.75
178355,4229,247,515,33.75,-102.25
178356,4230,247,516,33.75,-101.75
178357,4231,247,517,33.75,-101.25
178358,4232,247,518,33.75,-100.75
178359,4233,247,519,33.75,-100.25
178360,4234,247,520,33.75,-99.75
178361,4235,247,521,33.75,-99.25
178362,4236,247,522,33.75,-98.75
178363,4237,247,523,33.75,-98.25
178364,4238,247,524,33.75,-97.75
178365,4239,247,525,33.75,-97.25
178366,4240,247,526,33.75,-96.75
178367,4241,247,527,33.75,-96.25
178368,4242,247,528,33.75,-95.75
178369,4243,247,529,33.75,-95.25
178370,4244,247,530,33.75,-94.75
178371,4245,247,531,33.75,-94.25
178372,4246,247,532,33.75,-93.75
178373,4247,247,533,33.75,-93.25
178376,4248,247,536,33.75,-91.75
178377,4249,247,537,33.75,-91.25
178378,4250,247,538,33.75,-90.75
178379,4251,247,539,33.75,-90.25
178380,4252,247,540,33.75,-89.75
178381,4253,247,541,33.75,-89.25
178382,4254,247,542,33.75,-88.75
178383,4255,247,543,33.75,-88.25
178384,4256,247,544,33.75,-87.75
178385,4257,247,545,33.75,-87.25
178386,4258,247,546,33.75,-86.75
178387,4259,247,547,33.75,-86.25
178388,4260,247,548,33.75,-85.75
178389,4261,247,549,33.75,-85.25
178391,4262,247,551,33.75,-84.25
178392,4263,247,552,33.75,-83.75
178393,4264,247,553,33.75,-83.25
178394,4265,247,554,33.75,-82.75
178395,4266,247,555,33.75,-82.25
178396,4267,247,556,33.75,-81.75
178397,4268,247,557,33.75,-81.25
178398,4269,247,558,33.75,-80.75
178399,4270,247,559,33.75,-80.25
178400,4271,247,560,33.75,-79.75
178401,4272,247,561,33.75,-79.25
178546,4273,247,706,33.75,-6.75
178547,4274,247,707,33.75,-6.25
178548,4275,247,708,33.75,-5.75
178549,4276,247,709,33.75,-5.25
178550,4277,247,710,33.75,-4.75
178551,4278,247,711,33.75,-4.25
178553,4279,247,713,33.75,-3.25
178632,4280,248,72,34.25,36.25
178633,4281,248,73,34.25,36.75
178647,4282,248,87,34.25,43.75
178648,4283,248,88,34.25,44.25
178649,4284,248,89,34.25,44.75
178652,4285,248,92,34.25,46.25
178653,4286,248,93,34.25,46.75
178654,4287,248,94,34.25,47.25
178655,4288,248,95,34.25,47.75
178656,4289,248,96,34.25,48.25
178657,4290,248,97,34.25,48.75
178658,4291,248,98,34.25,49.25
178659,4292,248,99,34.25,49.75
178677,4293,248,117,34.25,58.75
178702,4294,248,142,34.25,71.25
178703,4295,248,143,34.25,71.75
178704,4296,248,144,34.25,72.25
178705,4297,248,145,34.25,72.75
178706,4298,248,146,34.25,73.25
178707,4299,248,147,34.25,73.75
178767,4300,248,207,34.25,103.75
178768,4301,248,208,34.25,104.25
178769,4302,248,209,34.25,104.75
178770,4303,248,210,34.25,105.25
178771,4304,248,211,34.25,105.75
178772,4305,248,212,34.25,106.25
178780,4306,248,220,34.25,110.25
178781,4307,248,221,34.25,110.75
178782,4308,248,222,34.25,111.25
178783,4309,248,223,34.25,111.75
178784,4310,248,224,34.25,112.25
178785,4311,248,225,34.25,112.75
178786,4312,248,226,34.25,113.25
178787,4313,248,227,34.25,113.75
178788,4314,248,228,34.25,114.25
178789,4315,248,229,34.25,114.75
178790,4316,248,230,34.25,115.25
178791,4317,248,231,34.25,115.75
178792,4318,248,232,34.25,116.25
178793,4319,248,233,34.25,116.75
178794,4320,248,234,34.25,117.25
178795,4321,248,235,34.25,117.75
178796,4322,248,236,34.25,118.25
178797,4323,248,237,34.25,118.75
178798,4324,248,238,34.25,119.25
178799,4325,248,239,34.25,119.75
178831,4326,248,271,34.25,135.75
179045,4327,248,485,34.25,-117.25
179071,4328,248,511,34.25,-104.25
179072,4329,248,512,34.25,-103.75
179073,4330,248,513,34.25,-103.25
179074,4331,248,514,34.25,-102.75
179075,4332,248,515,34.25,-102.25
179076,4333,248,516,34.25,-101.75
179077,4334,248,517,34.25,-101.25
179078,4335,248,518,34.25,-100.75
179079,4336,248,519,34.25,-100.25
179080,4337,248,520,34.25,-99.75
179081,4338,248,521,34.25,-99.25
179082,4339,248,522,34.25,-98.75
179083,4340,248,523,34.25,-98.25
179084,4341,248,524,34.25,-97.75
179085,4342,248,525,34.25,-97.25
179086,4343,248,526,34.25,-96.75
179087,4344,248,527,34.25,-96.25
179088,4345,248,528,34.25,-95.75
179090,4346,248,530,34.25,-94.75
179093,4347,248,533,34.25,-93.25
179095,4348,248,535,34.25,-92.25
179096,4349,248,536,34.25,-91.75
179097,4350,248,537,34.25,-91.25
179098,4351,248,538,34.25,-90.75
179099,4352,248,539,34.25,-90.25
179100,4353,248,540,34.25,-89.75
179101,4354,248,541,34.25,-89.25
179102,4355,248,542,34.25,-88.75
179103,4356,248,543,34.25,-88.25
179104,4357,248,544,34.25,-87.75
179105,4358,248,545,34.25,-87.25
179106,4359,248,546,34.25,-86.75
179107,4360,248,547,34.25,-86.25
179108,4361,248,548,34.25,-85.75
179109,4362,248,549,34.25,-85.25
179110,4363,248,550,34.25,-84.75
179112,4364,248,552,34.25,-83.75
179113,4365,248,553,34.25,-83.25
179114,4366,248,554,34.25,-82.75
179115,4367,248,555,34.25,-82.25
179116,4368,248,556,34.25,-81.75
179117,4369,248,557,34.25,-81.25
179118,4370,248,558,34.25,-80.75
179119,4371,248,559,34.25,-80.25
179120,4372,248,560,34.25,-79.75
179121,4373,248,561,34.25,-79.25
179122,4374,248,562,34.25,-78.75
179123,4375,248,563,34.25,-78.25
179267,4376,248,707,34.25,-6.25
179268,4377,248,708,34.25,-5.75
179269,4378,248,709,34.25,-5.25
179270,4379,248,710,34.25,-4.75
179271,4380,248,711,34.25,-4.25
179272,4381,248,712,34.25,-3.75
179273,4382,248,713,34.25,-3.25
179275,4383,248,715,34.25,-2.25
179276,4384,248,716,34.25,-1.75
179280,4385,249,0,34.75,0.25
179281,4386,249,1,34.75,0.75
179282,4387,249,2,34.75,1.25
179286,4388,249,6,34.75,3.25
179290,4389,249,10,34.75,5.25
179352,4390,249,72,34.75,36.25
179353,4391,249,73,34.75,36.75
179354,4392,249,74,34.75,37.25
179361,4393,249,81,34.75,40.75
179367,4394,249,87,34.75,43.75
179368,4395,249,88,34.75,44.25
179369,4396,249,89,34.75,44.75
179372,4397,249,92,34.75,46.25
179373,4398,249,93,34.75,46.75
179374,4399,249,94,34.75,47.25
179375,4400,249,95,34.75,47.75
179376,4401,249,96,34.75,48.25
179377,4402,249,97,34.75,48.75
179380,4403,249,100,34.75,50.25
179381,4404,249,101,34.75,50.75
179382,4405,249,102,34.75,51.25
179397,4406,249,117,34.75,58.75
179398,4407,249,118,34.75,59.25
179399,4408,249,119,34.75,59.75
179401,4409,249,121,34.75,60.75
179422,4410,249,142,34.75,71.25
179423,4411,249,143,34.75,71.75
179424,4412,249,144,34.75,72.25
179425,4413,249,145,34.75,72.75
179426,4414,249,146,34.75,73.25
179427,4415,249,147,34.75,73.75
179485,4416,249,205,34.75,102.75
179486,4417,249,206,34.75,103.25
179487,4418,249,207,34.75,103.75
179488,4419,249,208,34.75,104.25
179489,4420,249,209,34.75,104.75
179490,4421,249,210,34.75,105.25
179491,4422,249,211,34.75,105.75
179492,4423,249,212,34.75,106.25
179494,4424,249,214,34.75,107.25
179495,4425,249,215,34.75,107.75
179500,4426,249,220,34.75,110.25
179501,4427,249,221,34.75,110.75
179502,4428,249,222,34.75,111.25
179503,4429,249,223,34.75,111.75
179504,4430,249,224,34.75,112.25
179505,4431,249,225,34.75,112.75
179506,4432,249,226,34.75,113.25
179507,4433,249,227,34.75,113.75
179508,4434,249,228,34.75,114.25
179509,4435,249,229,34.75,114.75
179510,4436,249,230,34.75,115.25
179511,4437,249,231,34.75,115.75
179512,4438,249,232,34.75,116.25
179513,4439,249,233,34.75,116.75
179514,4440,249,234,34.75,117.25
179515,4441,249,235,34.75,117.75
179516,4442,249,236,34.75,118.25
179517,4443,249,237,34.75,118.75
179546,4444,249,266,34.75,133.25
179547,4445,249,267,34.75,133.75
179551,4446,249,271,34.75,135.75
179552,4447,249,272,34.75,136.25
179760,4448,249,480,34.75,-119.75
179761,4449,249,481,34.75,-119.25
179762,4450,249,482,34.75,-118.75
179763,4451,249,483,34.75,-118.25
179793,4452,249,513,34.75,-103.25
179794,4453,249,514,34.75,-102.75
179795,4454,249,515,34.75,-102.25
179796,4455,249,516,34.75,-101.75
179797,4456,249,517,34.75,-101.25
179798,4457,249,518,34.75,-100.75
179799,4458,249,519,34.75,-100.25
179800,4459,249,520,34.75,-99.75
179801,4460,249,521,34.75,-99.25
179802,4461,249,522,34.75,-98.75
179803,4462,249,523,34.75,-98.25
179804,4463,249,524,34.75,-97.75
179805,4464,249,525,34.75,-97.25
179806,4465,249,526,34.75,-96.75
179807,4466,249,527,34.75,-96.25
179808,4467,249,528,34.75,-95.75
179809,4468,249,529,34.75,-95.25
179810,4469,249,530,34.75,-94.75
179811,4470,249,531,34.75,-94.25
179812,4471,249,532,34.75,-93.75
179813,4472,249,533,34.75,-93.25
179814,4473,249,534,34.75,-92.75
179815,4474,249,535,34.75,-92.25
179816,4475,249,536,34.75,-91.75
179817,4476,249,537,34.75,-91.25
179818,4477,249,538,34.75,-90.75
179819,4478,249,539,34.75,-90.25
179820,4479,249,540,34.75,-89.75
179821,4480,249,541,34.75,-89.25
179822,4481,249,542,34.75,-88.75
179823,4482,249,543,34.75,-88.25
179824,4483,249,544,34.75,-87.75
179825,4484,249,545,34.75,-87.25
179826,4485,249,546,34.75,-86.75
179827,4486,249,547,34.75,-86.25
179828,4487,249,548,34.75,-85.75
179829,4488,249,549,34.75,-85.25
179830,4489,249,550,34.75,-84.75
179832,4490,249,552,34.75,-83.75
179833,4491,249,553,34.75,-83.25
179834,4492,249,554,34.75,-82.75
179835,4493,249,555,34.75,-82.25
179836,4494,249,556,34.75,-81.75
179837,4495,249,557,34.75,-81.25
179838,4496,249,558,34.75,-80.75
179839,4497,249,559,34.75,-80.25
179840,4498,249,560,34.75,-79.75
179841,4499,249,561,34.75,-79.25
179842,4500,249,562,34.75,-78.75
179843,4501,249,563,34.75,-78.25
179844,4502,249,564,34.75,-77.75
179988,4503,249,708,34.75,-5.75
179989,4504,249,709,34.75,-5.25
179990,4505,249,710,34.75,-4.75
179991,4506,249,711,34.75,-4.25
179992,4507,249,712,34.75,-3.75
179993,4508,249,713,34.75,-3.25
179994,4509,249,714,34.75,-2.75
179995,4510,249,715,34.75,-2.25
179996,4511,249,716,34.75,-1.75
179997,4512,249,717,34.75,-1.25
179998,4513,249,718,34.75,-0.75
179999,4514,249,719,34.75,-0.25
180000,4515,250,0,35.25,0.25
180001,4516,250,1,35.25,0.75
180002,4517,250,2,35.25,1.25
180003,4518,250,3,35.25,1.75
180004,4519,250,4,35.25,2.25
180012,4520,250,12,35.25,6.25
180013,4521,250,13,35.25,6.75
180014,4522,250,14,35.25,7.25
180015,4523,250,15,35.25,7.75
180016,4524,250,16,35.25,8.25
180017,4525,250,17,35.25,8.75
180018,4526,250,18,35.25,9.25
180019,4527,250,19,35.25,9.75
180072,4528,250,72,35.25,36.25
180073,4529,250,73,35.25,36.75
180074,4530,250,74,35.25,37.25
180079,4531,250,79,35.25,39.75
180080,4532,250,80,35.25,40.25
180081,4533,250,81,35.25,40.75
180086,4534,250,86,35.25,43.25
180087,4535,250,87,35.25,43.75
180088,4536,250,88,35.25,44.25
180089,4537,250,89,35.25,44.75
180090,4538,250,90,35.25,45.25
180091,4539,250,91,35.25,45.75
180092,4540,250,92,35.25,46.25
180093,4541,250,93,35.25,46.75
180094,4542,250,94,35.25,47.25
180095,4543,250,95,35.25,47.75
180097,4544,250,97,35.25,48.75
180098,4545,250,98,35.25,49.25
180099,4546,250,99,35.25,49.75
180100,4547,250,100,35.25,50.25
180102,4548,250,102,35.25,51.25
180103,4549,250,103,35.25,51.75
180104,4550,250,104,35.25,52.25
180115,4551,250,115,35.25,57.75
180116,4552,250,116,35.25,58.25
180118,4553,250,118,35.25,59.25
180120,4554,250,120,35.25,60.25
180121,4555,250,121,35.25,60.75
180125,4556,250,125,35.25,62.75
180143,4557,250,143,35.25,71.75
180144,4558,250,144,35.25,72.25
180145,4559,250,145,35.25,72.75
180146,4560,250,146,35.25,73.25
180204,4561,250,204,35.25,102.25
180205,4562,250,205,35.25,102.75
180206,4563,250,206,35.25,103.25
180207,4564,250,207,35.25,103.75
180208,4565,250,208,35.25,104.25
180209,4566,250,209,35.25,104.75
180210,4567,250,210,35.25,105.25
180211,4568,250,211,35.25,105.75
180212,4569,250,212,35.25,106.25
180213,4570,250,213,35.25,106.75
180214,4571,250,214,35.25,107.25
180215,4572,250,215,35.25,107.75
180216,4573,250,216,35.25,108.25
180220,4574,250,220,35.25,110.25
180221,4575,250,221,35.25,110.75
180222,4576,250,222,35.25,111.25
180223,4577,250,223,35.25,111.75
180224,4578,250,224,35.25,112.25
180225,4579,250,225,35.25,112.75
180226,4580,250,226,35.25,113.25
180227,4581,250,227,35.25,113.75
180228,4582,250,228,35.25,114.25
180229,4583,250,229,35.25,114.75
180230,4584,250,230,35.25,115.25
180231,4585,250,231,35.25,115.75
180232,4586,250,232,35.25,116.25
180233,4587,250,233,35.25,116.75
180234,4588,250,234,35.25,117.25
180235,4589,250,235,35.25,117.75
180236,4590,250,236,35.25,118.25
180237,4591,250,237,35.25,118.75
180253,4592,250,253,35.25,126.75
180267,4593,250,267,35.25,133.75
180268,4594,250,268,35.25,134.25
180269,4595,250,269,35.25,134.75
180270,4596,250,270,35.25,135.25
180271,4597,250,271,35.25,135.75
180272,4598,250,272,35.25,136.25
180274,4599,250,274,35.25,137.25
180275,4600,250,275,35.25,137.75
180479,4601,250,479,35.25,-120.25
180480,4602,250,480,35.25,-119.75
180481,4603,250,481,35.25,-119.25
180482,4604,250,482,35.25,-118.75
180512,4605,250,512,35.25,-103.75
180513,4606,250,513,35.25,-103.25
180514,4607,250,514,35.25,-102.75
180515,4608,250,515,35.25,-102.25
180516,4609,250,516,35.25,-101.75
180517,4610,250,517,35.25,-101.25
180518,4611,250,518,35.25,-100.75
180519,4612,250,519,35.25,-100.25
180520,4613,250,520,35.25,-99.75
180521,4614,250,521,35.25,-99.25
180522,4615,250,522,35.25,-98.75
180523,4616,250,523,35.25,-98.25
180524,4617,250,524,35.25,-97.75
180525,4618,250,525,35.25,-97.25
180526,4619,250,526,35.25,-96.75
180527,4620,250,527,35.25,-96.25
180528,4621,250,528,35.25,-95.75
180529,4622,250,529,35.25,-95.25
180530,4623,250,530,35.25,-94.75
180531,4624,250,531,35.25,-94.25
180532,4625,250,532,35.25,-93.75
180533,4626,250,533,35.25,-93.25
180534,4627,250,534,35.25,-92.75
180535,4628,250,535,35.25,-92.25
180536,4629,250,536,35.25,-91.75
180537,4630,250,537,35.25,-91.25
180538,4631,250,538,35.25,-90.75
180539,4632,250,539,35.25,-90.25
180540,4633,250,540,35.25,-89.75
180541,4634,250,541,35.25,-89.25
180542,4635,250,542,35.25,-88.75
180543,4636,250,543,35.25,-88.25
180544,4637,250,544,35.25,-87.75
180545,4638,250,545,35.25,-87.25
180546,4639,250,546,35.25,-86.75
180547,4640,250,547,35.25,-86.25
180548,4641,250,548,35.25,-85.75
180549,4642,250,549,35.25,-85.25
180550,4643,250,550,35.25,-84.75
180551,4644,250,551,35.25,-84.25
180554,4645,250,554,35.25,-82.75
180555,4646,250,555,35.25,-82.25
180556,4647,250,556,35.25,-81.75
180557,4648,250,557,35.25,-81.25
180558,4649,250,558,35.25,-80.75
180559,4650,250,559,35.25,-80.25
180560,4651,250,560,35.25,-79.75
180561,4652,250,561,35.25,-79.25
180562,4653,250,562,35.25,-78.75
180563,4654,250,563,35.25,-78.25
180564,4655,250,564,35.25,-77.75
180565,4656,250,565,35.25,-77.25
180708,4657,250,708,35.25,-5.75
180718,4658,250,718,35.25,-0.75
180719,4659,250,719,35.25,-0.25
180721,4660,251,1,35.75,0.75
180722,4661,251,2,35.75,1.25
180723,4662,251,3,35.75,1.75
180724,4663,251,4,35.75,2.25
180725,4664,251,5,35.75,2.75
180726,4665,251,6,35.75,3.25
180729,4666,251,9,35.75,4.75
180730,4667,251,10,35.75,5.25
180731,4668,251,11,35.75,5.75
180732,4669,251,12,35.75,6.25
180733,4670,251,13,35.75,6.75
180734,4671,251,14,35.75,7.25
180735,4672,251,15,35.75,7.75
180736,4673,251,16,35.75,8.25
180737,4674,251,17,35.75,8.75
180738,4675,251,18,35.75,9.25
180739,4676,251,19,35.75,9.75
180740,4677,251,20,35.75,10.25
180792,4678,251,72,35.75,36.25
180793,4679,251,73,35.75,36.75
180794,4680,251,74,35.75,37.25
180795,4681,251,75,35.75,37.75
180796,4682,251,76,35.75,38.25
180797,4683,251,77,35.75,38.75
180798,4684,251,78,35.75,39.25
180799,4685,251,79,35.75,39.75
180800,4686,251,80,35.75,40.25
180801,4687,251,81,35.75,40.75
180802,4688,251,82,35.75,41.25
180806,4689,251,86,35.75,43.25
180807,4690,251,87,35.75,43.75
180808,4691,251,88,35.75,44.25
180809,4692,251,89,35.75,44.75
180810,4693,251,90,35.75,45.25
180811,4694,251,91,35.75,45.75
180812,4695,251,92,35.75,46.25
180814,4696,251,94,35.75,47.25
180817,4697,251,97,35.75,48.75
180818,4698,251,98,35.75,49.25
180819,4699,251,99,35.75,49.75
180820,4700,251,100,35.75,50.25
180821,4701,251,101,35.75,50.75
180822,4702,251,102,35.75,51.25
180824,4703,251,104,35.75,52.25
180825,4704,251,105,35.75,52.75
180826,4705,251,106,35.75,53.25
180837,4706,251,117,35.75,58.75
180838,4707,251,118,35.75,59.25
180839,4708,251,119,35.75,59.75
180840,4709,251,120,35.75,60.25
180841,4710,251,121,35.75,60.75
180843,4711,251,123,35.75,61.75
180844,4712,251,124,35.75,62.25
180845,4713,251,125,35.75,62.75
180846,4714,251,126,35.75,63.25
180863,4715,251,143,35.75,71.75
180865,4716,251,145,35.75,72.75
180866,4717,251,146,35.75,73.25
180867,4718,251,147,35.75,73.75
180869,4719,251,149,35.75,74.75
180870,4720,251,150,35.75,75.25
180925,4721,251,205,35.75,102.75
180926,4722,251,206,35.75,103.25
180927,4723,251,207,35.75,103.75
180928,4724,251,208,35.75,104.25
180929,4725,251,209,35.75,104.75
180930,4726,251,210,35.75,105.25
180931,4727,251,211,35.75,105.75
180932,4728,251,212,35.75,106.25
180933,4729,251,213,35.75,106.75
180934,4730,251,214,35.75,107.25
180935,4731,251,215,35.75,107.75
180936,4732,251,216,35.75,108.25
180941,4733,251,221,35.75,110.75
180942,4734,251,222,35.75,111.25
180943,4735,251,223,35.75,111.75
180944,4736,251,224,35.75,112.25
180945,4737,251,225,35.75,112.75
180946,4738,251,226,35.75,113.25
180947,4739,251,227,35.75,113.75
180948,4740,251,228,35.75,114.25
180949,4741,251,229,35.75,114.75
180950,4742,251,230,35.75,115.25
180951,4743,251,231,35.75,115.75
180952,4744,251,232,35.75,116.25
180953,4745,251,233,35.75,116.75
180954,4746,251,234,35.75,117.25
180955,4747,251,235,35.75,117.75
180956,4748,251,236,35.75,118.25
180957,4749,251,237,35.75,118.75
180958,4750,251,238,35.75,119.25
180976,4751,251,256,35.75,128.25
180977,4752,251,257,35.75,128.75
180993,4753,251,273,35.75,136.75
180994,4754,251,274,35.75,137.25
180995,4755,251,275,35.75,137.75
180996,4756,251,276,35.75,138.25
180997,4757,251,277,35.75,138.75
180998,4758,251,278,35.75,139.25
181198,4759,251,478,35.75,-120.75
181199,4760,251,479,35.75,-120.25
181200,4761,251,480,35.75,-119.75
181201,4762,251,481,35.75,-119.25
181202,4763,251,482,35.75,-118.75
181203,4764,251,483,35.75,-118.25
181229,4765,251,509,35.75,-105.25
181233,4766,251,513,35.75,-103.25
181234,4767,251,514,35.75,-102.75
181235,4768,251,515,35.75,-102.25
181236,4769,251,516,35.75,-101.75
181237,4770,251,517,35.75,-101.25
181240,4771,251,520,35.75,-99.75
181241,4772,251,521,35.75,-99.25
181242,4773,251,522,35.75,-98.75
181243,4774,251,523,35.75,-98.25
181244,4775,251,524,35.75,-97.75
181245,4776,251,525,35.75,-97.25
181246,4777,251,526,35.75,-96.75
181247,4778,251,527,35.75,-96.25
181248,4779,251,528,35.75,-95.75
181249,4780,251,529,35.75,-95.25
181250,4781,251,530,35.75,-94.75
181251,4782,251,531,35.75,-94.25
181252,4783,251,532,35.75,-93.75
181256,4784,251,536,35.75,-91.75
181257,4785,251,537,35.75,-91.25
181258,4786,251,538,35.75,-90.75
181259,4787,251,539,35.75,-90.25
181260,4788,251,540,35.75,-89.75
181261,4789,251,541,35.75,-89.25
181262,4790,251,542,35.75,-88.75
181263,4791,251,543,35.75,-88.25
181264,4792,251,544,35.75,-87.75
181265,4793,251,545,35.75,-87.25
181266,4794,251,546,35.75,-86.75
181267,4795,251,547,35.75,-86.25
181268,4796,251,548,35.75,-85.75
181269,4797,251,549,35.75,-85.25
181270,4798,251,550,35.75,-84.75
181271,4799,251,551,35.75,-84.25
181272,4800,251,552,35.75,-83.75
181273,4801,251,553,35.75,-83.25
181276,4802,251,556,35.75,-81.75
181277,4803,251,557,35.75,-81.25
181278,4804,251,558,35.75,-80.75
181279,4805,251,559,35.75,-80.25
181280,4806,251,560,35.75,-79.75
181281,4807,251,561,35.75,-79.25
181282,4808,251,562,35.75,-78.75
181283,4809,251,563,35.75,-78.25
181284,4810,251,564,35.75,-77.75
181285,4811,251,565,35.75,-77.25
181442,4812,252,2,36.25,1.25
181443,4813,252,3,36.25,1.75
181444,4814,252,4,36.25,2.25
181445,4815,252,5,36.25,2.75
181446,4816,252,6,36.25,3.25
181447,4817,252,7,36.25,3.75
181448,4818,252,8,36.25,4.25
181449,4819,252,9,36.25,4.75
181450,4820,252,10,36.25,5.25
181451,4821,252,11,36.25,5.75
181452,4822,252,12,36.25,6.25
181453,4823,252,13,36.25,6.75
181454,4824,252,14,36.25,7.25
181455,4825,252,15,36.25,7.75
181456,4826,252,16,36.25,8.25
181457,4827,252,17,36.25,8.75
181458,4828,252,18,36.25,9.25
181459,4829,252,19,36.25,9.75
181460,4830,252,20,36.25,10.25
181512,4831,252,72,36.25,36.25
181513,4832,252,73,36.25,36.75
181514,4833,252,74,36.25,37.25
181515,4834,252,75,36.25,37.75
181516,4835,252,76,36.25,38.25
181517,4836,252,77,36.25,38.75
181518,4837,252,78,36.25,39.25
181520,4838,252,80,36.25,40.25
181521,4839,252,81,36.25,40.75
181522,4840,252,82,36.25,41.25
181526,4841,252,86,36.25,43.25
181527,4842,252,87,36.25,43.75
181528,4843,252,88,36.25,44.25
181529,4844,252,89,36.25,44.75
181530,4845,252,90,36.25,45.25
181531,4846,252,91,36.25,45.75
181532,4847,252,92,36.25,46.25
181533,4848,252,93,36.25,46.75
181534,4849,252,94,36.25,47.25
181535,4850,252,95,36.25,47.75
181536,4851,252,96,36.25,48.25
181537,4852,252,97,36.25,48.75
181538,4853,252,98,36.25,49.25
181539,4854,252,99,36.25,49.75
181540,4855,252,100,36.25,50.25
181541,4856,252,101,36.25,50.75
181542,4857,252,102,36.25,51.25
181543,4858,252,103,36.25,51.75
181544,4859,252,104,36.25,52.25
181545,4860,252,105,36.25,52.75
181546,4861,252,106,36.25,53.25
181547,4862,252,107,36.25,53.75
181551,4863,252,111,36.25,55.75
181553,4864,252,113,36.25,56.75
181555,4865,252,115,36.25,57.75
181556,4866,252,116,36.25,58.25
181557,4867,252,117,36.25,58.75
181558,4868,252,118,36.25,59.25
181559,4869,252,119,36.25,59.75
181562,4870,252,122,36.25,61.25
181565,4871,252,125,36.25,62.75
181567,4872,252,127,36.25,63.75
181645,4873,252,205,36.25,102.75
181646,4874,252,206,36.25,103.25
181648,4875,252,208,36.25,104.25
181649,4876,252,209,36.25,104.75
181650,4877,252,210,36.25,105.25
181651,4878,252,211,36.25,105.75
181652,4879,252,212,36.25,106.25
181653,4880,252,213,36.25,106.75
181654,4881,252,214,36.25,107.25
181655,4882,252,215,36.25,107.75
181656,4883,252,216,36.25,108.25
181657,4884,252,217,36.25,108.75
181660,4885,252,220,36.25,110.25
181661,4886,252,221,36.25,110.75
181662,4887,252,222,36.25,111.25
181663,4888,252,223,36.25,111.75
181664,4889,252,224,36.25,112.25
181665,4890,252,225,36.25,112.75
181666,4891,252,226,36.25,113.25
181667,4892,252,227,36.25,113.75
181668,4893,252,228,36.25,114.25
181669,4894,252,229,36.25,114.75
181670,4895,252,230,36.25,115.25
181671,4896,252,231,36.25,115.75
181672,4897,252,232,36.25,116.25
181673,4898,252,233,36.25,116.75
181674,4899,252,234,36.25,117.25
181675,4900,252,235,36.25,117.75
181676,4901,252,236,36.25,118.25
181677,4902,252,237,36.25,118.75
181678,4903,252,238,36.25,119.25
181679,4904,252,239,36.25,119.75
181694,4905,252,254,36.25,127.25
181697,4906,252,257,36.25,128.75
181713,4907,252,273,36.25,136.75
181714,4908,252,274,36.25,137.25
181715,4909,252,275,36.25,137.75
181716,4910,252,276,36.25,138.25
181717,4911,252,277,36.25,138.75
181718,4912,252,278,36.25,139.25
181719,4913,252,279,36.25,139.75
181720,4914,252,280,36.25,140.25
181917,4915,252,477,36.25,-121.25
181918,4916,252,478,36.25,-120.75
181919,4917,252,479,36.25,-120.25
181920,4918,252,480,36.25,-119.75
181921,4919,252,481,36.25,-119.25
181922,4920,252,482,36.25,-118.75
181923,4921,252,483,36.25,-118.25
181952,4922,252,512,36.25,-103.75
181953,4923,252,513,36.25,-103.25
181954,4924,252,514,36.25,-102.75
181955,4925,252,515,36.25,-102.25
181956,4926,252,516,36.25,-101.75
181957,4927,252,517,36.25,-101.25
181958,4928,252,518,36.25,-100.75
181959,4929,252,519,36.25,-100.25
181961,4930,252,521,36.25,-99.25
181962,4931,252,522,36.25,-98.75
181963,4932,252,523,36.25,-98.25
181964,4933,252,524,36.25,-97.75
181965,4934,252,525,36.25,-97.25
181966,4935,252,526,36.25,-96.75
181967,4936,252,527,36.25,-96.25
181968,4937,252,528,36.25,-95.75
181969,4938,252,529,36.25,-95.25
181970,4939,252,530,36.25,-94.75
181971,4940,252,531,36.25,-94.25
181972,4941,252,532,36.25,-93.75
181973,4942,252,533,36.25,-93.25
181976,4943,252,536,36.25,-91.75
181977,4944,252,537,36.25,-91.25
181978,4945,252,538,36.25,-90.75
181979,4946,252,539,36.25,-90.25
181980,4947,252,540,36.25,-89.75
181981,4948,252,541,36.25,-89.25
181982,4949,252,542,36.25,-88.75
181983,4950,252,543,36.25,-88.25
181984,4951,252,544,36.25,-87.75
181985,4952,252,545,36.25,-87.25
181986,4953,252,546,36.25,-86.75
181987,4954,252,547,36.25,-86.25
181988,4955,252,548,36.25,-85.75
181989,4956,252,549,36.25,-85.25
181992,4957,252,552,36.25,-83.75
181993,4958,252,553,36.25,-83.25
181994,4959,252,554,36.25,-82.75
181997,4960,252,557,36.25,-81.25
181998,4961,252,558,36.25,-80.75
181999,4962,252,559,36.25,-80.25
182000,4963,252,560,36.25,-79.75
182001,4964,252,561,36.25,-79.25
182002,4965,252,562,36.25,-78.75
182003,4966,252,563,36.25,-78.25
182004,4967,252,564,36.25,-77.75
182005,4968,252,565,36.25,-77.25
182178,4969,253,18,36.75,9.25
182179,4970,253,19,36.75,9.75
182219,4971,253,59,36.75,29.75
182220,4972,253,60,36.75,30.25
182224,4973,253,64,36.75,32.25
182225,4974,253,65,36.75,32.75
182226,4975,253,66,36.75,33.25
182227,4976,253,67,36.75,33.75
182233,4977,253,73,36.75,36.75
182234,4978,253,74,36.75,37.25
182235,4979,253,75,36.75,37.75
182236,4980,253,76,36.75,38.25
182238,4981,253,78,36.75,39.25
182239,4982,253,79,36.75,39.75
182240,4983,253,80,36.75,40.25
182241,4984,253,81,36.75,40.75
182242,4985,253,82,36.75,41.25
182243,4986,253,83,36.75,41.75
182244,4987,253,84,36.75,42.25
182245,4988,253,85,36.75,42.75
182246,4989,253,86,36.75,43.25
182247,4990,253,87,36.75,43.75
182248,4991,253,88,36.75,44.25
182249,4992,253,89,36.75,44.75
182250,4993,253,90,36.75,45.25
182251,4994,253,91,36.75,45.75
182252,4995,253,92,36.75,46.25
182253,4996,253,93,36.75,46.75
182254,4997,253,94,36.75,47.25
182255,4998,253,95,36.75,47.75
182256,4999,253,96,36.75,48.25
182257,5000,253,97,36.75,48.75
182258,5001,253,98,36.75,49.25
182259,5002,253,99,36.75,49.75
182260,5003,253,100,36.75,50.25
182269,5004,253,109,36.75,54.75
182270,5005,253,110,36.75,55.25
182273,5006,253,113,36.75,56.75
182274,5007,253,114,36.75,57.25
182275,5008,253,115,36.75,57.75
182276,5009,253,116,36.75,58.25
182277,5010,253,117,36.75,58.75
182278,5011,253,118,36.75,59.25
182280,5012,253,120,36.75,60.25
182281,5013,253,121,36.75,60.75
182282,5014,253,122,36.75,61.25
182366,5015,253,206,36.75,103.25
182369,5016,253,209,36.75,104.75
182370,5017,253,210,36.75,105.25
182371,5018,253,211,36.75,105.75
182372,5019,253,212,36.75,106.25
182373,5020,253,213,36.75,106.75
182374,5021,253,214,36.75,107.25
182375,5022,253,215,36.75,107.75
182380,5023,253,220,36.75,110.25
182381,5024,253,221,36.75,110.75
182382,5025,253,222,36.75,111.25
182383,5026,253,223,36.75,111.75
182384,5027,253,224,36.75,112.25
182385,5028,253,225,36.75,112.75
182386,5029,253,226,36.75,113.25
182387,5030,253,227,36.75,113.75
182388,5031,253,228,36.75,114.25
182389,5032,253,229,36.75,114.75
182390,5033,253,230,36.75,115.25
182391,5034,253,231,36.75,115.75
182392,5035,253,232,36.75,116.25
182393,5036,253,233,36.75,116.75
182394,5037,253,234,36.75,117.25
182395,5038,253,235,36.75,117.75
182396,5039,253,236,36.75,118.25
182397,5040,253,237,36.75,118.75
182398,5041,253,238,36.75,119.25
182399,5042,253,239,36.75,119.75
182400,5043,253,240,36.75,120.25
182414,5044,253,254,36.75,127.25
182436,5045,253,276,36.75,138.25
182437,5046,253,277,36.75,138.75
182438,5047,253,278,36.75,139.25
182439,5048,253,279,36.75,139.75
182440,5049,253,280,36.75,140.25
182637,5050,253,477,36.75,-121.25
182638,5051,253,478,36.75,-120.75
182639,5052,253,479,36.75,-120.25
182640,5053,253,480,36.75,-119.75
182641,5054,253,481,36.75,-119.25
182642,5055,253,482,36.75,-118.75
182663,5056,253,503,36.75,-108.25
182664,5057,253,504,36.75,-107.75
182672,5058,253,512,36.75,-103.75
182674,5059,253,514,36.75,-102.75
182675,5060,253,515,36.75,-102.25
182676,5061,253,516,36.75,-101.75
182677,5062,253,517,36.75,-101.25
182678,5063,253,518,36.75,-100.75
182679,5064,253,519,36.75,-100.25
182680,5065,253,520,36.75,-99.75
182682,5066,253,522,36.75,-98.75
182683,5067,253,523,36.75,-98.25
182684,5068,253,524,36.75,-97.75
182685,5069,253,525,36.75,-97.25
182687,5070,253,527,36.75,-96.25
182688,5071,253,528,36.75,-95.75
182689,5072,253,529,36.75,-95.25
182690,5073,253,530,36.75,-94.75
182691,5074,253,531,36.75,-94.25
182692,5075,253,532,36.75,-93.75
182693,5076,253,533,36.75,-93.25
182694,5077,253,534,36.75,-92.75
182695,5078,253,535,36.75,-92.25
182696,5079,253,536,36.75,-91.75
182697,5080,253,537,36.75,-91.25
182698,5081,253,538,36.75,-90.75
182699,5082,253,539,36.75,-90.25
182700,5083,253,540,36.75,-89.75
182701,5084,253,541,36.75,-89.25
182702,5085,253,542,36.75,-88.75
182703,5086,253,543,36.75,-88.25
182704,5087,253,544,36.75,-87.75
182705,5088,253,545,36.75,-87.25
182706,5089,253,546,36.75,-86.75
182707,5090,253,547,36.75,-86.25
182708,5091,253,548,36.75,-85.75
182709,5092,253,549,36.75,-85.25
182710,5093,253,550,36.75,-84.75
182717,5094,253,557,36.75,-81.25
182718,5095,253,558,36.75,-80.75
182719,5096,253,559,36.75,-80.25
182720,5097,253,560,36.75,-79.75
182721,5098,253,561,36.75,-79.25
182722,5099,253,562,36.75,-78.75
182723,5100,253,563,36.75,-78.25
182724,5101,253,564,36.75,-77.75
182725,5102,253,565,36.75,-77.25
182726,5103,253,566,36.75,-76.75
182868,5104,253,708,36.75,-5.75
182869,5105,253,709,36.75,-5.25
182937,5106,254,57,37.25,28.75
182938,5107,254,58,37.25,29.25
182939,5108,254,59,37.25,29.75
182940,5109,254,60,37.25,30.25
182941,5110,254,61,37.25,30.75
182942,5111,254,62,37.25,31.25
182943,5112,254,63,37.25,31.75
182944,5113,254,64,37.25,32.25
182945,5114,254,65,37.25,32.75
182946,5115,254,66,37.25,33.25
182947,5116,254,67,37.25,33.75
182948,5117,254,68,37.25,34.25
182949,5118,254,69,37.25,34.75
182950,5119,254,70,37.25,35.25
182951,5120,254,71,37.25,35.75
182952,5121,254,72,37.25,36.25
182953,5122,254,73,37.25,36.75
182954,5123,254,74,37.25,37.25
182955,5124,254,75,37.25,37.75
182956,5125,254,76,37.25,38.25
182957,5126,254,77,37.25,38.75
182958,5127,254,78,37.25,39.25
182959,5128,254,79,37.25,39.75
182960,5129,254,80,37.25,40.25
182961,5130,254,81,37.25,40.75
182962,5131,254,82,37.25,41.25
182963,5132,254,83,37.25,41.75
182964,5133,254,84,37.25,42.25
182965,5134,254,85,37.25,42.75
182966,5135,254,86,37.25,43.25
182967,5136,254,87,37.25,43.75
182969,5137,254,89,37.25,44.75
182970,5138,254,90,37.25,45.25
182971,5139,254,91,37.25,45.75
182972,5140,254,92,37.25,46.25
182973,5141,254,93,37.25,46.75
182974,5142,254,94,37.25,47.25
182975,5143,254,95,37.25,47.75
182976,5144,254,96,37.25,48.25
182977,5145,254,97,37.25,48.75
182978,5146,254,98,37.25,49.25
182988,5147,254,108,37.25,54.25
182989,5148,254,109,37.25,54.75
182990,5149,254,110,37.25,55.25
182991,5150,254,111,37.25,55.75
182993,5151,254,113,37.25,56.75
182994,5152,254,114,37.25,57.25
182995,5153,254,115,37.25,57.75
182996,5154,254,116,37.25,58.25
182997,5155,254,117,37.25,58.75
182998,5156,254,118,37.25,59.25
183000,5157,254,120,37.25,60.25
183001,5158,254,121,37.25,60.75
183002,5159,254,122,37.25,61.25
183003,5160,254,123,37.25,61.75
183004,5161,254,124,37.25,62.25
183010,5162,254,130,37.25,65.25
183012,5163,254,132,37.25,66.25
183015,5164,254,135,37.25,67.75
183016,5165,254,136,37.25,68.25
183017,5166,254,137,37.25,68.75
183018,5167,254,138,37.25,69.25
183084,5168,254,204,37.25,102.25
183085,5169,254,205,37.25,102.75
183086,5170,254,206,37.25,103.25
183087,5171,254,207,37.25,103.75
183090,5172,254,210,37.25,105.25
183091,5173,254,211,37.25,105.75
183092,5174,254,212,37.25,106.25
183101,5175,254,221,37.25,110.75
183102,5176,254,222,37.25,111.25
183103,5177,254,223,37.25,111.75
183104,5178,254,224,37.25,112.25
183105,5179,254,225,37.25,112.75
183106,5180,254,226,37.25,113.25
183107,5181,254,227,37.25,113.75
183108,5182,254,228,37.25,114.25
183109,5183,254,229,37.25,114.75
183110,5184,254,230,37.25,115.25
183111,5185,254,231,37.25,115.75
183112,5186,254,232,37.25,116.25
183113,5187,254,233,37.25,116.75
183114,5188,254,234,37.25,117.25
183115,5189,254,235,37.25,117.75
183116,5190,254,236,37.25,118.25
183121,5191,254,241,37.25,120.75
183122,5192,254,242,37.25,121.25
183158,5193,254,278,37.25,139.25
183159,5194,254,279,37.25,139.75
183160,5195,254,280,37.25,140.25
183356,5196,254,476,37.25,-121.75
183357,5197,254,477,37.25,-121.25
183358,5198,254,478,37.25,-120.75
183359,5199,254,479,37.25,-120.25
183361,5200,254,481,37.25,-119.25
183373,5201,254,493,37.25,-113.25
183378,5202,254,498,37.25,-110.75
183382,5203,254,502,37.25,-108.75
183383,5204,254,503,37.25,-108.25
183384,5205,254,504,37.25,-107.75
183387,5206,254,507,37.25,-106.25
183388,5207,254,508,37.25,-105.75
183389,5208,254,509,37.25,-105.25
183390,5209,254,510,37.25,-104.75
183394,5210,254,514,37.25,-102.75
183395,5211,254,515,37.25,-102.25
183396,5212,254,516,37.25,-101.75
183397,5213,254,517,37.25,-101.25
183398,5214,254,518,37.25,-100.75
183399,5215,254,519,37.25,-100.25
183400,5216,254,520,37.25,-99.75
183401,5217,254,521,37.25,-99.25
183402,5218,254,522,37.25,-98.75
183403,5219,254,523,37.25,-98.25
183404,5220,254,524,37.25,-97.75
183405,5221,254,525,37.25,-97.25
183406,5222,254,526,37.25,-96.75
183407,5223,254,527,37.25,-96.25
183408,5224,254,528,37.25,-95.75
183409,5225,254,529,37.25,-95.25
183410,5226,254,530,37.25,-94.75
183411,5227,254,531,37.25,-94.25
183412,5228,254,532,37.25,-93.75
183413,5229,254,533,37.25,-93.25
183414,5230,254,534,37.25,-92.75
183415,5231,254,535,37.25,-92.25
183416,5232,254,536,37.25,-91.75
183418,5233,254,538,37.25,-90.75
183419,5234,254,539,37.25,-90.25
183420,5235,254,540,37.25,-89.75
183421,5236,254,541,37.25,-89.25
183422,5237,254,542,37.25,-88.75
183423,5238,254,543,37.25,-88.25
183424,5239,254,544,37.25,-87.75
183425,5240,254,545,37.25,-87.25
183426,5241,254,546,37.25,-86.75
183427,5242,254,547,37.25,-86.25
183428,5243,254,548,37.25,-85.75
183429,5244,254,549,37.25,-85.25
183430,5245,254,550,37.25,-84.75
183431,5246,254,551,37.25,-84.25
183438,5247,254,558,37.25,-80.75
183439,5248,254,559,37.25,-80.25
183440,5249,254,560,37.25,-79.75
183441,5250,254,561,37.25,-79.25
183442,5251,254,562,37.25,-78.75
183443,5252,254,563,37.25,-78.25
183444,5253,254,564,37.25,-77.75
183445,5254,254,565,37.25,-77.25
183587,5255,254,707,37.25,-6.25
183588,5256,254,708,37.25,-5.75
183589,5257,254,709,37.25,-5.25
183590,5258,254,710,37.25,-4.75
183591,5259,254,711,37.25,-4.25
183592,5260,254,712,37.25,-3.75
183593,5261,254,713,37.25,-3.25
183594,5262,254,714,37.25,-2.75
183595,5263,254,715,37.25,-2.25
183655,5264,255,55,37.75,27.75
183656,5265,255,56,37.75,28.25
183657,5266,255,57,37.75,28.75
183658,5267,255,58,37.75,29.25
183659,5268,255,59,37.75,29.75
183660,5269,255,60,37.75,30.25
183661,5270,255,61,37.75,30.75
183662,5271,255,62,37.75,31.25
183663,5272,255,63,37.75,31.75
183664,5273,255,64,37.75,32.25
183665,5274,255,65,37.75,32.75
183666,5275,255,66,37.75,33.25
183667,5276,255,67,37.75,33.75
183668,5277,255,68,37.75,34.25
183669,5278,255,69,37.75,34.75
183670,5279,255,70,37.75,35.25
183671,5280,255,71,37.75,35.75
183672,5281,255,72,37.75,36.25
183673,5282,255,73,37.75,36.75
183674,5283,255,74,37.75,37.25
183675,5284,255,75,37.75,37.75
183676,5285,255,76,37.75,38.25
183677,5286,255,77,37.75,38.75
183678,5287,255,78,37.75,39.25
183679,5288,255,79,37.75,39.75
183680,5289,255,80,37.75,40.25
183681,5290,255,81,37.75,40.75
183682,5291,255,82,37.75,41.25
183683,5292,255,83,37.75,41.75
183684,5293,255,84,37.75,42.25
183685,5294,255,85,37.75,42.75
183686,5295,255,86,37.75,43.25
183687,5296,255,87,37.75,43.75
183688,5297,255,88,37.75,44.25
183689,5298,255,89,37.75,44.75
183690,5299,255,90,37.75,45.25
183691,5300,255,91,37.75,45.75
183692,5301,255,92,37.75,46.25
183693,5302,255,93,37.75,46.75
183694,5303,255,94,37.75,47.25
183695,5304,255,95,37.75,47.75
183696,5305,255,96,37.75,48.25
183709,5306,255,109,37.75,54.75
183710,5307,255,110,37.75,55.25
183711,5308,255,111,37.75,55.75
183712,5309,255,112,37.75,56.25
183713,5310,255,113,37.75,56.75
183714,5311,255,114,37.75,57.25
183716,5312,255,116,37.75,58.25
183717,5313,255,117,37.75,58.75
183719,5314,255,119,37.75,59.75
183720,5315,255,120,37.75,60.25
183721,5316,255,121,37.75,60.75
183722,5317,255,122,37.75,61.25
183723,5318,255,123,37.75,61.75
183724,5319,255,124,37.75,62.25
183728,5320,255,128,37.75,64.25
183729,5321,255,129,37.75,64.75
183730,5322,255,130,37.75,65.25
183731,5323,255,131,37.75,65.75
183736,5324,255,136,37.75,68.25
183737,5325,255,137,37.75,68.75
183738,5326,255,138,37.75,69.25
183739,5327,255,139,37.75,69.75
183740,5328,255,140,37.75,70.25
183803,5329,255,203,37.75,101.75
183804,5330,255,204,37.75,102.25
183805,5331,255,205,37.75,102.75
183806,5332,255,206,37.75,103.25
183807,5333,255,207,37.75,103.75
183810,5334,255,210,37.75,105.25
183811,5335,255,211,37.75,105.75
183812,5336,255,212,37.75,106.25
183816,5337,255,216,37.75,108.25
183817,5338,255,217,37.75,108.75
183821,5339,255,221,37.75,110.75
183822,5340,255,222,37.75,111.25
183823,5341,255,223,37.75,111.75
183824,5342,255,224,37.75,112.25
183825,5343,255,225,37.75,112.75
183826,5344,255,226,37.75,113.25
183827,5345,255,227,37.75,113.75
183828,5346,255,228,37.75,114.25
183829,5347,255,229,37.75,114.75
183830,5348,255,230,37.75,115.25
183831,5349,255,231,37.75,115.75
183832,5350,255,232,37.75,116.25
183833,5351,255,233,37.75,116.75
183834,5352,255,234,37.75,117.25
183835,5353,255,235,37.75,117.75
183879,5354,255,279,37.75,139.75
183880,5355,255,280,37.75,140.25
184076,5356,255,476,37.75,-121.75
184077,5357,255,477,37.75,-121.25
184078,5358,255,478,37.75,-120.75
184092,5359,255,492,37.75,-113.75
184099,5360,255,499,37.75,-110.25
184100,5361,255,500,37.75,-109.75
184101,5362,255,501,37.75,-109.25
184102,5363,255,502,37.75,-108.75
184103,5364,255,503,37.75,-108.25
184107,5365,255,507,37.75,-106.25
184109,5366,255,509,37.75,-105.25
184112,5367,255,512,37.75,-103.75
184113,5368,255,513,37.75,-103.25
184114,5369,255,514,37.75,-102.75
184115,5370,255,515,37.75,-102.25
184116,5371,255,516,37.75,-101.75
184117,5372,255,517,37.75,-101.25
184118,5373,255,518,37.75,-100.75
184119,5374,255,519,37.75,-100.25
184120,5375,255,520,37.75,-99.75
184121,5376,255,521,37.75,-99.25
184122,5377,255,522,37.75,-98.75
184123,5378,255,523,37.75,-98.25
184124,5379,255,524,37.75,-97.75
184125,5380,255,525,37.75,-97.25
184127,5381,255,527,37.75,-96.25
184128,5382,255,528,37.75,-95.75
184129,5383,255,529,37.75,-95.25
184130,5384,255,530,37.75,-94.75
184131,5385,255,531,37.75,-94.25
184132,5386,255,532,37.75,-93.75
184133,5387,255,533,37.75,-93.25
184134,5388,255,534,37.75,-92.75
184135,5389,255,535,37.75,-92.25
184136,5390,255,536,37.75,-91.75
184137,5391,255,537,37.75,-91.25
184138,5392,255,538,37.75,-90.75
184139,5393,255,539,37.75,-90.25
184140,5394,255,540,37.75,-89.75
184141,5395,255,541,37.75,-89.25
184142,5396,255,542,37.75,-88.75
184143,5397,255,543,37.75,-88.25
184144,5398,255,544,37.75,-87.75
184145,5399,255,545,37.75,-87.25
184146,5400,255,546,37.75,-86.75
184147,5401,255,547,37.75,-86.25
184148,5402,255,548,37.75,-85.75
184149,5403,255,549,37.75,-85.25
184150,5404,255,550,37.75,-84.75
184151,5405,255,551,37.75,-84.25
184152,5406,255,552,37.75,-83.75
184158,5407,255,558,37.75,-80.75
184160,5408,255,560,37.75,-79.75
184161,5409,255,561,37.75,-79.25
184162,5410,255,562,37.75,-78.75
184163,5411,255,563,37.75,-78.25
184164,5412,255,564,37.75,-77.75
184165,5413,255,565,37.75,-77.25
184305,5414,255,705,37.75,-7.25
184306,5415,255,706,37.75,-6.75
184307,5416,255,707,37.75,-6.25
184308,5417,255,708,37.75,-5.75
184309,5418,255,709,37.75,-5.25
184310,5419,255,710,37.75,-4.75
184311,5420,255,711,37.75,-4.25
184312,5421,255,712,37.75,-3.75
184313,5422,255,713,37.75,-3.25
184314,5423,255,714,37.75,-2.75
184315,5424,255,715,37.75,-2.25
184316,5425,255,716,37.75,-1.75
184375,5426,256,55,38.25,27.75
184376,5427,256,56,38.25,28.25
184377,5428,256,57,38.25,28.75
184378,5429,256,58,38.25,29.25
184379,5430,256,59,38.25,29.75
184380,5431,256,60,38.25,30.25
184381,5432,256,61,38.25,30.75
184382,5433,256,62,38.25,31.25
184383,5434,256,63,38.25,31.75
184384,5435,256,64,38.25,32.25
184385,5436,256,65,38.25,32.75
184386,5437,256,66,38.25,33.25
184387,5438,256,67,38.25,33.75
184388,5439,256,68,38.25,34.25
184389,5440,256,69,38.25,34.75
184390,5441,256,70,38.25,35.25
184391,5442,256,71,38.25,35.75
184392,5443,256,72,38.25,36.25
184393,5444,256,73,38.25,36.75
184394,5445,256,74,38.25,37.25
184395,5446,256,75,38.25,37.75
184396,5447,256,76,38.25,38.25
184397,5448,256,77,38.25,38.75
184398,5449,256,78,38.25,39.25
184399,5450,256,79,38.25,39.75
184400,5451,256,80,38.25,40.25
184401,5452,256,81,38.25,40.75
184402,5453,256,82,38.25,41.25
184403,5454,256,83,38.25,41.75
184404,5455,256,84,38.25,42.25
184405,5456,256,85,38.25,42.75
184406,5457,256,86,38.25,43.25
184408,5458,256,88,38.25,44.25
184409,5459,256,89,38.25,44.75
184410,5460,256,90,38.25,45.25
184411,5461,256,91,38.25,45.75
184412,5462,256,92,38.25,46.25
184413,5463,256,93,38.25,46.75
184414,5464,256,94,38.25,47.25
184415,5465,256,95,38.25,47.75
184416,5466,256,96,38.25,48.25
184432,5467,256,112,38.25,56.25
184434,5468,256,114,38.25,57.25
184435,5469,256,115,38.25,57.75
184436,5470,256,116,38.25,58.25
184440,5471,256,120,38.25,60.25
184442,5472,256,122,38.25,61.25
184443,5473,256,123,38.25,61.75
184448,5474,256,128,38.25,64.25
184449,5475,256,129,38.25,64.75
184450,5476,256,130,38.25,65.25
184456,5477,256,136,38.25,68.25
184457,5478,256,137,38.25,68.75
184458,5479,256,138,38.25,69.25
184459,5480,256,139,38.25,69.75
184460,5481,256,140,38.25,70.25
184462,5482,256,142,38.25,71.25
184520,5483,256,200,38.25,100.25
184521,5484,256,201,38.25,100.75
184522,5485,256,202,38.25,101.25
184523,5486,256,203,38.25,101.75
184524,5487,256,204,38.25,102.25
184525,5488,256,205,38.25,102.75
184531,5489,256,211,38.25,105.75
184532,5490,256,212,38.25,106.25
184534,5491,256,214,38.25,107.25
184541,5492,256,221,38.25,110.75
184542,5493,256,222,38.25,111.25
184543,5494,256,223,38.25,111.75
184544,5495,256,224,38.25,112.25
184545,5496,256,225,38.25,112.75
184546,5497,256,226,38.25,113.25
184547,5498,256,227,38.25,113.75
184548,5499,256,228,38.25,114.25
184549,5500,256,229,38.25,114.75
184550,5501,256,230,38.25,115.25
184551,5502,256,231,38.25,115.75
184552,5503,256,232,38.25,116.25
184553,5504,256,233,38.25,116.75
184554,5505,256,234,38.25,117.25
184571,5506,256,251,38.25,125.75
184572,5507,256,252,38.25,126.25
184573,5508,256,253,38.25,126.75
184574,5509,256,254,38.25,127.25
184575,5510,256,255,38.25,127.75
184576,5511,256,256,38.25,128.25
184600,5512,256,280,38.25,140.25
184796,5513,256,476,38.25,-121.75
184797,5514,256,477,38.25,-121.25
184821,5515,256,501,38.25,-109.25
184822,5516,256,502,38.25,-108.75
184823,5517,256,503,38.25,-108.25
184824,5518,256,504,38.25,-107.75
184826,5519,256,506,38.25,-106.75
184827,5520,256,507,38.25,-106.25
184828,5521,256,508,38.25,-105.75
184830,5522,256,510,38.25,-104.75
184831,5523,256,511,38.25,-104.25
184832,5524,256,512,38.25,-103.75
184833,5525,256,513,38.25,-103.25
184834,5526,256,514,38.25,-102.75
184835,5527,256,515,38.25,-102.25
184836,5528,256,516,38.25,-101.75
184837,5529,256,517,38.25,-101.25
184838,5530,256,518,38.25,-100.75
184839,5531,256,519,38.25,-100.25
184840,5532,256,520,38.25,-99.75
184841,5533,256,521,38.25,-99.25
184842,5534,256,522,38.25,-98.75
184843,5535,256,523,38.25,-98.25
184844,5536,256,524,38.25,-97.75
184845,5537,256,525,38.25,-97.25
184847,5538,256,527,38.25,-96.25
184848,5539,256,528,38.25,-95.75
184849,5540,256,529,38.25,-95.25
184850,5541,256,530,38.25,-94.75
184851,5542,256,531,38.25,-94.25
184852,5543,256,532,38.25,-93.75
184853,5544,256,533,38.25,-93.25
184854,5545,256,534,38.25,-92.75
184855,5546,256,535,38.25,-92.25
184856,5547,256,536,38.25,-91.75
184857,5548,256,537,38.25,-91.25
184858,5549,256,538,38.25,-90.75
184859,5550,256,539,38.25,-90.25
184860,5551,256,540,38.25,-89.75
184861,5552,256,541,38.25,-89.25
184862,5553,256,542,38.25,-88.75
184863,5554,256,543,38.25,-88.25
184864,5555,256,544,38.25,-87.75
184865,5556,256,545,38.25,-87.25
184866,5557,256,546,38.25,-86.75
184867,5558,256,547,38.25,-86.25
184868,5559,256,548,38.25,-85.75
184869,5560,256,549,38.25,-85.25
184870,5561,256,550,38.25,-84.75
184871,5562,256,551,38.25,-84.25
184872,5563,256,552,38.25,-83.75
184873,5564,256,553,38.25,-83.25
184874,5565,256,554,38.25,-82.75
184875,5566,256,555,38.25,-82.25
184876,5567,256,556,38.25,-81.75
184881,5568,256,561,38.25,-79.25
184882,5569,256,562,38.25,-78.75
184883,5570,256,563,38.25,-78.25
184884,5571,256,564,38.25,-77.75
185025,5572,256,705,38.25,-7.25
185027,5573,256,707,38.25,-6.25
185028,5574,256,708,38.25,-5.75
185029,5575,256,709,38.25,-5.25
185030,5576,256,710,38.25,-4.75
185031,5577,256,711,38.25,-4.25
185032,5578,256,712,38.25,-3.75
185033,5579,256,713,38.25,-3.25
185034,5580,256,714,38.25,-2.75
185035,5581,256,715,38.25,-2.25
185036,5582,256,716,38.25,-1.75
185037,5583,256,717,38.25,-1.25
185095,5584,257,55,38.75,27.75
185096,5585,257,56,38.75,28.25
185097,5586,257,57,38.75,28.75
185098,5587,257,58,38.75,29.25
185099,5588,257,59,38.75,29.75
185100,5589,257,60,38.75,30.25
185101,5590,257,61,38.75,30.75
185102,5591,257,62,38.75,31.25
185103,5592,257,63,38.75,31.75
185104,5593,257,64,38.75,32.25
185105,5594,257,65,38.75,32.75
185106,5595,257,66,38.75,33.25
185107,5596,257,67,38.75,33.75
185108,5597,257,68,38.75,34.25
185109,5598,257,69,38.75,34.75
185110,5599,257,70,38.75,35.25
185111,5600,257,71,38.75,35.75
185112,5601,257,72,38.75,36.25
185113,5602,257,73,38.75,36.75
185114,5603,257,74,38.75,37.25
185115,5604,257,75,38.75,37.75
185116,5605,257,76,38.75,38.25
185117,5606,257,77,38.75,38.75
185118,5607,257,78,38.75,39.25
185119,5608,257,79,38.75,39.75
185120,5609,257,80,38.75,40.25
185121,5610,257,81,38.75,40.75
185122,5611,257,82,38.75,41.25
185123,5612,257,83,38.75,41.75
185124,5613,257,84,38.75,42.25
185125,5614,257,85,38.75,42.75
185126,5615,257,86,38.75,43.25
185127,5616,257,87,38.75,43.75
185128,5617,257,88,38.75,44.25
185129,5618,257,89,38.75,44.75
185130,5619,257,90,38.75,45.25
185134,5620,257,94,38.75,47.25
185135,5621,257,95,38.75,47.75
185136,5622,257,96,38.75,48.25
185152,5623,257,112,38.75,56.25
185153,5624,257,113,38.75,56.75
185154,5625,257,114,38.75,57.25
185167,5626,257,127,38.75,63.75
185168,5627,257,128,38.75,64.25
185176,5628,257,136,38.75,68.25
185177,5629,257,137,38.75,68.75
185178,5630,257,138,38.75,69.25
185179,5631,257,139,38.75,69.75
185180,5632,257,140,38.75,70.25
185181,5633,257,141,38.75,70.75
185182,5634,257,142,38.75,71.25
185240,5635,257,200,38.75,100.25
185241,5636,257,201,38.75,100.75
185244,5637,257,204,38.75,102.25
185245,5638,257,205,38.75,102.75
185246,5639,257,206,38.75,103.25
185247,5640,257,207,38.75,103.75
185252,5641,257,212,38.75,106.25
185253,5642,257,213,38.75,106.75
185254,5643,257,214,38.75,107.25
185262,5644,257,222,38.75,111.25
185263,5645,257,223,38.75,111.75
185264,5646,257,224,38.75,112.25
185265,5647,257,225,38.75,112.75
185266,5648,257,226,38.75,113.25
185267,5649,257,227,38.75,113.75
185268,5650,257,228,38.75,114.25
185269,5651,257,229,38.75,114.75
185270,5652,257,230,38.75,115.25
185271,5653,257,231,38.75,115.75
185272,5654,257,232,38.75,116.25
185273,5655,257,233,38.75,116.75
185274,5656,257,234,38.75,117.25
185292,5657,257,252,38.75,126.25
185293,5658,257,253,38.75,126.75
185294,5659,257,254,38.75,127.25
185321,5660,257,281,38.75,140.75
185322,5661,257,282,38.75,141.25
185515,5662,257,475,38.75,-122.25
185516,5663,257,476,38.75,-121.75
185517,5664,257,477,38.75,-121.25
185520,5665,257,480,38.75,-119.75
185521,5666,257,481,38.75,-119.25
185534,5667,257,494,38.75,-112.75
185535,5668,257,495,38.75,-112.25
185541,5669,257,501,38.75,-109.25
185542,5670,257,502,38.75,-108.75
185543,5671,257,503,38.75,-108.25
185544,5672,257,504,38.75,-107.75
185550,5673,257,510,38.75,-104.75
185552,5674,257,512,38.75,-103.75
185554,5675,257,514,38.75,-102.75
185555,5676,257,515,38.75,-102.25
185556,5677,257,516,38.75,-101.75
185557,5678,257,517,38.75,-101.25
185558,5679,257,518,38.75,-100.75
185559,5680,257,519,38.75,-100.25
185560,5681,257,520,38.75,-99.75
185561,5682,257,521,38.75,-99.25
185562,5683,257,522,38.75,-98.75
185563,5684,257,523,38.75,-98.25
185564,5685,257,524,38.75,-97.75
185565,5686,257,525,38.75,-97.25
185566,5687,257,526,38.75,-96.75
185567,5688,257,527,38.75,-96.25
185568,5689,257,528,38.75,-95.75
185569,5690,257,529,38.75,-95.25
185570,5691,257,530,38.75,-94.75
185571,5692,257,531,38.75,-94.25
185572,5693,257,532,38.75,-93.75
185573,5694,257,533,38.75,-93.25
185574,5695,257,534,38.75,-92.75
185575,5696,257,535,38.75,-92.25
185576,5697,257,536,38.75,-91.75
185577,5698,257,537,38.75,-91.25
185578,5699,257,538,38.75,-90.75
185579,5700,257,539,38.75,-90.25
185580,5701,257,540,38.75,-89.75
185581,5702,257,541,38.75,-89.25
185582,5703,257,542,38.75,-88.75
185583,5704,257,543,38.75,-88.25
185584,5705,257,544,38.75,-87.75
185585,5706,257,545,38.75,-87.25
185586,5707,257,546,38.75,-86.75
185587,5708,257,547,38.75,-86.25
185588,5709,257,548,38.75,-85.75
185589,5710,257,549,38.75,-85.25
185590,5711,257,550,38.75,-84.75
185591,5712,257,551,38.75,-84.25
185592,5713,257,552,38.75,-83.75
185593,5714,257,553,38.75,-83.25
185594,5715,257,554,38.75,-82.75
185595,5716,257,555,38.75,-82.25
185596,5717,257,556,38.75,-81.75
185602,5718,257,562,38.75,-78.75
185603,5719,257,563,38.75,-78.25
185604,5720,257,564,38.75,-77.75
185606,5721,257,566,38.75,-76.75
185608,5722,257,568,38.75,-75.75
185745,5723,257,705,38.75,-7.25
185746,5724,257,706,38.75,-6.75
185747,5725,257,707,38.75,-6.25
185748,5726,257,708,38.75,-5.75
185749,5727,257,709,38.75,-5.25
185750,5728,257,710,38.75,-4.75
185751,5729,257,711,38.75,-4.25
185752,5730,257,712,38.75,-3.75
185753,5731,257,713,38.75,-3.25
185754,5732,257,714,38.75,-2.75
185755,5733,257,715,38.75,-2.25
185756,5734,257,716,38.75,-1.75
185757,5735,257,717,38.75,-1.25
185758,5736,257,718,38.75,-0.75
185793,5737,258,33,39.25,16.75
185814,5738,258,54,39.25,27.25
185815,5739,258,55,39.25,27.75
185816,5740,258,56,39.25,28.25
185817,5741,258,57,39.25,28.75
185818,5742,258,58,39.25,29.25
185819,5743,258,59,39.25,29.75
185820,5744,258,60,39.25,30.25
185821,5745,258,61,39.25,30.75
185822,5746,258,62,39.25,31.25
185823,5747,258,63,39.25,31.75
185824,5748,258,64,39.25,32.25
185825,5749,258,65,39.25,32.75
185826,5750,258,66,39.25,33.25
185827,5751,258,67,39.25,33.75
185828,5752,258,68,39.25,34.25
185829,5753,258,69,39.25,34.75
185830,5754,258,70,39.25,35.25
185831,5755,258,71,39.25,35.75
185832,5756,258,72,39.25,36.25
185833,5757,258,73,39.25,36.75
185834,5758,258,74,39.25,37.25
185835,5759,258,75,39.25,37.75
185836,5760,258,76,39.25,38.25
185837,5761,258,77,39.25,38.75
185838,5762,258,78,39.25,39.25
185839,5763,258,79,39.25,39.75
185840,5764,258,80,39.25,40.25
185841,5765,258,81,39.25,40.75
185842,5766,258,82,39.25,41.25
185843,5767,258,83,39.25,41.75
185844,5768,258,84,39.25,42.25
185845,5769,258,85,39.25,42.75
185846,5770,258,86,39.25,43.25
185847,5771,258,87,39.25,43.75
185849,5772,258,89,39.25,44.75
185850,5773,258,90,39.25,45.25
185851,5774,258,91,39.25,45.75
185852,5775,258,92,39.25,46.25
185853,5776,258,93,39.25,46.75
185855,5777,258,95,39.25,47.75
185871,5778,258,111,39.25,55.75
185872,5779,258,112,39.25,56.25
185886,5780,258,126,39.25,63.25
185887,5781,258,127,39.25,63.75
185894,5782,258,134,39.25,67.25
185895,5783,258,135,39.25,67.75
185896,5784,258,136,39.25,68.25
185897,5785,258,137,39.25,68.75
185898,5786,258,138,39.25,69.25
185899,5787,258,139,39.25,69.75
185900,5788,258,140,39.25,70.25
185901,5789,258,141,39.25,70.75
185902,5790,258,142,39.25,71.25
185903,5791,258,143,39.25,71.75
185957,5792,258,197,39.25,98.75
185958,5793,258,198,39.25,99.25
185959,5794,258,199,39.25,99.75
185960,5795,258,200,39.25,100.25
185971,5796,258,211,39.25,105.75
185973,5797,258,213,39.25,106.75
185974,5798,258,214,39.25,107.25
185981,5799,258,221,39.25,110.75
185982,5800,258,222,39.25,111.25
185983,5801,258,223,39.25,111.75
185984,5802,258,224,39.25,112.25
185985,5803,258,225,39.25,112.75
185986,5804,258,226,39.25,113.25
185987,5805,258,227,39.25,113.75
185988,5806,258,228,39.25,114.25
185989,5807,258,229,39.25,114.75
185990,5808,258,230,39.25,115.25
185991,5809,258,231,39.25,115.75
185992,5810,258,232,39.25,116.25
185993,5811,258,233,39.25,116.75
185994,5812,258,234,39.25,117.25
186011,5813,258,251,39.25,125.75
186012,5814,258,252,39.25,126.25
186013,5815,258,253,39.25,126.75
186041,5816,258,281,39.25,140.75
186042,5817,258,282,39.25,141.25
186234,5818,258,474,39.25,-122.75
186235,5819,258,475,39.25,-122.25
186236,5820,258,476,39.25,-121.75
186237,5821,258,477,39.25,-121.25
186241,5822,258,481,39.25,-119.25
186242,5823,258,482,39.25,-118.75
186254,5824,258,494,39.25,-112.75
186255,5825,258,495,39.25,-112.25
186256,5826,258,496,39.25,-111.75
186257,5827,258,497,39.25,-111.25
186262,5828,258,502,39.25,-108.75
186263,5829,258,503,39.25,-108.25
186264,5830,258,504,39.25,-107.75
186270,5831,258,510,39.25,-104.75
186272,5832,258,512,39.25,-103.75
186273,5833,258,513,39.25,-103.25
186274,5834,258,514,39.25,-102.75
186275,5835,258,515,39.25,-102.25
186276,5836,258,516,39.25,-101.75
186277,5837,258,517,39.25,-101.25
186278,5838,258,518,39.25,-100.75
186279,5839,258,519,39.25,-100.25
186280,5840,258,520,39.25,-99.75
186281,5841,258,521,39.25,-99.25
186282,5842,258,522,39.25,-98.75
186283,5843,258,523,39.25,-98.25
186284,5844,258,524,39.25,-97.75
186285,5845,258,525,39.25,-97.25
186286,5846,258,526,39.25,-96.75
186287,5847,258,527,39.25,-96.25
186288,5848,258,528,39.25,-95.75
186289,5849,258,529,39.25,-95.25
186290,5850,258,530,39.25,-94.75
186291,5851,258,531,39.25,-94.25
186292,5852,258,532,39.25,-93.75
186293,5853,258,533,39.25,-93.25
186294,5854,258,534,39.25,-92.75
186295,5855,258,535,39.25,-92.25
186296,5856,258,536,39.25,-91.75
186297,5857,258,537,39.25,-91.25
186298,5858,258,538,39.25,-90.75
186299,5859,258,539,39.25,-90.25
186300,5860,258,540,39.25,-89.75
186301,5861,258,541,39.25,-89.25
186302,5862,258,542,39.25,-88.75
186303,5863,258,543,39.25,-88.25
186304,5864,258,544,39.25,-87.75
186305,5865,258,545,39.25,-87.25
186306,5866,258,546,39.25,-86.75
186307,5867,258,547,39.25,-86.25
186308,5868,258,548,39.25,-85.75
186309,5869,258,549,39.25,-85.25
186310,5870,258,550,39.25,-84.75
186311,5871,258,551,39.25,-84.25
186312,5872,258,552,39.25,-83.75
186313,5873,258,553,39.25,-83.25
186314,5874,258,554,39.25,-82.75
186315,5875,258,555,39.25,-82.25
186316,5876,258,556,39.25,-81.75
186317,5877,258,557,39.25,-81.25
186322,5878,258,562,39.25,-78.75
186323,5879,258,563,39.25,-78.25
186324,5880,258,564,39.25,-77.75
186325,5881,258,565,39.25,-77.25
186326,5882,258,566,39.25,-76.75
186465,5883,258,705,39.25,-7.25
186467,5884,258,707,39.25,-6.25
186468,5885,258,708,39.25,-5.75
186469,5886,258,709,39.25,-5.25
186470,5887,258,710,39.25,-4.75
186471,5888,258,711,39.25,-4.25
186472,5889,258,712,39.25,-3.75
186473,5890,258,713,39.25,-3.25
186474,5891,258,714,39.25,-2.75
186475,5892,258,715,39.25,-2.25
186476,5893,258,716,39.25,-1.75
186477,5894,258,717,39.25,-1.25
186478,5895,258,718,39.25,-0.75
186498,5896,259,18,39.75,9.25
186512,5897,259,32,39.75,16.25
186534,5898,259,54,39.75,27.25
186535,5899,259,55,39.75,27.75
186536,5900,259,56,39.75,28.25
186537,5901,259,57,39.75,28.75
186538,5902,259,58,39.75,29.25
186539,5903,259,59,39.75,29.75
186540,5904,259,60,39.75,30.25
186541,5905,259,61,39.75,30.75
186542,5906,259,62,39.75,31.25
186543,5907,259,63,39.75,31.75
186544,5908,259,64,39.75,32.25
186545,5909,259,65,39.75,32.75
186546,5910,259,66,39.75,33.25
186547,5911,259,67,39.75,33.75
186548,5912,259,68,39.75,34.25
186549,5913,259,69,39.75,34.75
186550,5914,259,70,39.75,35.25
186551,5915,259,71,39.75,35.75
186552,5916,259,72,39.75,36.25
186553,5917,259,73,39.75,36.75
186554,5918,259,74,39.75,37.25
186555,5919,259,75,39.75,37.75
186556,5920,259,76,39.75,38.25
186557,5921,259,77,39.75,38.75
186558,5922,259,78,39.75,39.25
186559,5923,259,79,39.75,39.75
186560,5924,259,80,39.75,40.25
186561,5925,259,81,39.75,40.75
186562,5926,259,82,39.75,41.25
186563,5927,259,83,39.75,41.75
186564,5928,259,84,39.75,42.25
186565,5929,259,85,39.75,42.75
186566,5930,259,86,39.75,43.25
186567,5931,259,87,39.75,43.75
186568,5932,259,88,39.75,44.25
186570,5933,259,90,39.75,45.25
186571,5934,259,91,39.75,45.75
186572,5935,259,92,39.75,46.25
186617,5936,259,137,39.75,68.75
186618,5937,259,138,39.75,69.25
186619,5938,259,139,39.75,69.75
186620,5939,259,140,39.75,70.25
186621,5940,259,141,39.75,70.75
186622,5941,259,142,39.75,71.25
186623,5942,259,143,39.75,71.75
186624,5943,259,144,39.75,72.25
186625,5944,259,145,39.75,72.75
186626,5945,259,146,39.75,73.25
186627,5946,259,147,39.75,73.75
186676,5947,259,196,39.75,98.25
186677,5948,259,197,39.75,98.75
186679,5949,259,199,39.75,99.75
186700,5950,259,220,39.75,110.25
186702,5951,259,222,39.75,111.25
186703,5952,259,223,39.75,111.75
186704,5953,259,224,39.75,112.25
186705,5954,259,225,39.75,112.75
186706,5955,259,226,39.75,113.25
186707,5956,259,227,39.75,113.75
186708,5957,259,228,39.75,114.25
186709,5958,259,229,39.75,114.75
186710,5959,259,230,39.75,115.25
186713,5960,259,233,39.75,116.75
186714,5961,259,234,39.75,117.25
186715,5962,259,235,39.75,117.75
186716,5963,259,236,39.75,118.25
186717,5964,259,237,39.75,118.75
186724,5965,259,244,39.75,122.25
186731,5966,259,251,39.75,125.75
186732,5967,259,252,39.75,126.25
186733,5968,259,253,39.75,126.75
186734,5969,259,254,39.75,127.25
186761,5970,259,281,39.75,140.75
186762,5971,259,282,39.75,141.25
186763,5972,259,283,39.75,141.75
186954,5973,259,474,39.75,-122.75
186955,5974,259,475,39.75,-122.25
186956,5975,259,476,39.75,-121.75
186959,5976,259,479,39.75,-120.25
186962,5977,259,482,39.75,-118.75
186964,5978,259,484,39.75,-117.75
186965,5979,259,485,39.75,-117.25
186975,5980,259,495,39.75,-112.25
186976,5981,259,496,39.75,-111.75
186977,5982,259,497,39.75,-111.25
186982,5983,259,502,39.75,-108.75
186983,5984,259,503,39.75,-108.25
186984,5985,259,504,39.75,-107.75
186985,5986,259,505,39.75,-107.25
186986,5987,259,506,39.75,-106.75
186989,5988,259,509,39.75,-105.25
186990,5989,259,510,39.75,-104.75
186991,5990,259,511,39.75,-104.25
186992,5991,259,512,39.75,-103.75
186993,5992,259,513,39.75,-103.25
186994,5993,259,514,39.75,-102.75
186995,5994,259,515,39.75,-102.25
186996,5995,259,516,39.75,-101.75
186997,5996,259,517,39.75,-101.25
186998,5997,259,518,39.75,-100.75
186999,5998,259,519,39.75,-100.25
187000,5999,259,520,39.75,-99.75
187001,6000,259,521,39.75,-99.25
187002,6001,259,522,39.75,-98.75
187003,6002,259,523,39.75,-98.25
187004,6003,259,524,39.75,-97.75
187005,6004,259,525,39.75,-97.25
187006,6005,259,526,39.75,-96.75
187007,6006,259,527,39.75,-96.25
187008,6007,259,528,39.75,-95.75
187009,6008,259,529,39.75,-95.25
187010,6009,259,530,39.75,-94.75
187011,6010,259,531,39.75,-94.25
187012,6011,259,532,39.75,-93.75
187013,6012,259,533,39.75,-93.25
187014,6013,259,534,39.75,-92.75
187015,6014,259,535,39.75,-92.25
187016,6015,259,536,39.75,-91.75
187017,6016,259,537,39.75,-91.25
187018,6017,259,538,39.75,-90.75
187019,6018,259,539,39.75,-90.25
187020,6019,259,540,39.75,-89.75
187021,6020,259,541,39.75,-89.25
187022,6021,259,542,39.75,-88.75
187023,6022,259,543,39.75,-88.25
187024,6023,259,544,39.75,-87.75
187025,6024,259,545,39.75,-87.25
187026,6025,259,546,39.75,-86.75
187027,6026,259,547,39.75,-86.25
187028,6027,259,548,39.75,-85.75
187029,6028,259,549,39.75,-85.25
187030,6029,259,550,39.75,-84.75
187031,6030,259,551,39.75,-84.25
187032,6031,259,552,39.75,-83.75
187033,6032,259,553,39.75,-83.25
187034,6033,259,554,39.75,-82.75
187035,6034,259,555,39.75,-82.25
187036,6035,259,556,39.75,-81.75
187037,6036,259,557,39.75,-81.25
187038,6037,259,558,39.75,-80.75
187039,6038,259,559,39.75,-80.25
187040,6039,259,560,39.75,-79.75
187041,6040,259,561,39.75,-79.25
187042,6041,259,562,39.75,-78.75
187043,6042,259,563,39.75,-78.25
187044,6043,259,564,39.75,-77.75
187045,6044,259,565,39.75,-77.25
187046,6045,259,566,39.75,-76.75
187047,6046,259,567,39.75,-76.25
187049,6047,259,569,39.75,-75.25
187050,6048,259,570,39.75,-74.75
187185,6049,259,705,39.75,-7.25
187186,6050,259,706,39.75,-6.75
187187,6051,259,707,39.75,-6.25
187188,6052,259,708,39.75,-5.75
187189,6053,259,709,39.75,-5.25
187190,6054,259,710,39.75,-4.75
187191,6055,259,711,39.75,-4.25
187192,6056,259,712,39.75,-3.75
187193,6057,259,713,39.75,-3.25
187194,6058,259,714,39.75,-2.75
187195,6059,259,715,39.75,-2.25
187196,6060,259,716,39.75,-1.75
187197,6061,259,717,39.75,-1.25
187198,6062,259,718,39.75,-0.75
187217,6063,260,17,40.25,8.75
187218,6064,260,18,40.25,9.25
187232,6065,260,32,40.25,16.25
187240,6066,260,40,40.25,20.25
187241,6067,260,41,40.25,20.75
187259,6068,260,59,40.25,29.75
187260,6069,260,60,40.25,30.25
187261,6070,260,61,40.25,30.75
187262,6071,260,62,40.25,31.25
187263,6072,260,63,40.25,31.75
187264,6073,260,64,40.25,32.25
187265,6074,260,65,40.25,32.75
187266,6075,260,66,40.25,33.25
187267,6076,260,67,40.25,33.75
187268,6077,260,68,40.25,34.25
187269,6078,260,69,40.25,34.75
187270,6079,260,70,40.25,35.25
187271,6080,260,71,40.25,35.75
187272,6081,260,72,40.25,36.25
187273,6082,260,73,40.25,36.75
187274,6083,260,74,40.25,37.25
187275,6084,260,75,40.25,37.75
187276,6085,260,76,40.25,38.25
187277,6086,260,77,40.25,38.75
187278,6087,260,78,40.25,39.25
187279,6088,260,79,40.25,39.75
187280,6089,260,80,40.25,40.25
187281,6090,260,81,40.25,40.75
187282,6091,260,82,40.25,41.25
187283,6092,260,83,40.25,41.75
187284,6093,260,84,40.25,42.25
187285,6094,260,85,40.25,42.75
187286,6095,260,86,40.25,43.25
187287,6096,260,87,40.25,43.75
187288,6097,260,88,40.25,44.25
187289,6098,260,89,40.25,44.75
187290,6099,260,90,40.25,45.25
187291,6100,260,91,40.25,45.75
187324,6101,260,124,40.25,62.25
187337,6102,260,137,40.25,68.75
187338,6103,260,138,40.25,69.25
187339,6104,260,139,40.25,69.75
187340,6105,260,140,40.25,70.25
187341,6106,260,141,40.25,70.75
187343,6107,260,143,40.25,71.75
187344,6108,260,144,40.25,72.25
187345,6109,260,145,40.25,72.75
187346,6110,260,146,40.25,73.25
187347,6111,260,147,40.25,73.75
187348,6112,260,148,40.25,74.25
187389,6113,260,189,40.25,94.75
187391,6114,260,191,40.25,95.75
187394,6115,260,194,40.25,97.25
187397,6116,260,197,40.25,98.75
187398,6117,260,198,40.25,99.25
187413,6118,260,213,40.25,106.75
187414,6119,260,214,40.25,107.25
187417,6120,260,217,40.25,108.75
187418,6121,260,218,40.25,109.25
187419,6122,260,219,40.25,109.75
187420,6123,260,220,40.25,110.25
187421,6124,260,221,40.25,110.75
187422,6125,260,222,40.25,111.25
187423,6126,260,223,40.25,111.75
187424,6127,260,224,40.25,112.25
187425,6128,260,225,40.25,112.75
187426,6129,260,226,40.25,113.25
187427,6130,260,227,40.25,113.75
187428,6131,260,228,40.25,114.25
187429,6132,260,229,40.25,114.75
187430,6133,260,230,40.25,115.25
187431,6134,260,231,40.25,115.75
187434,6135,260,234,40.25,117.25
187435,6136,260,235,40.25,117.75
187436,6137,260,236,40.25,118.25
187437,6138,260,237,40.25,118.75
187438,6139,260,238,40.25,119.25
187445,6140,260,245,40.25,122.75
187450,6141,260,250,40.25,125.25
187451,6142,260,251,40.25,125.75
187452,6143,260,252,40.25,126.25
187453,6144,260,253,40.25,126.75
187454,6145,260,254,40.25,127.25
187455,6146,260,255,40.25,127.75
187480,6147,260,280,40.25,140.25
187482,6148,260,282,40.25,141.25
187674,6149,260,474,40.25,-122.75
187675,6150,260,475,40.25,-122.25
187678,6151,260,478,40.25,-120.75
187679,6152,260,479,40.25,-120.25
187682,6153,260,482,40.25,-118.75
187683,6154,260,483,40.25,-118.25
187695,6155,260,495,40.25,-112.25
187696,6156,260,496,40.25,-111.75
187697,6157,260,497,40.25,-111.25
187701,6158,260,501,40.25,-109.25
187702,6159,260,502,40.25,-108.75
187703,6160,260,503,40.25,-108.25
187704,6161,260,504,40.25,-107.75
187705,6162,260,505,40.25,-107.25
187706,6163,260,506,40.25,-106.75
187709,6164,260,509,40.25,-105.25
187710,6165,260,510,40.25,-104.75
187711,6166,260,511,40.25,-104.25
187712,6167,260,512,40.25,-103.75
187713,6168,260,513,40.25,-103.25
187714,6169,260,514,40.25,-102.75
187715,6170,260,515,40.25,-102.25
187716,6171,260,516,40.25,-101.75
187717,6172,260,517,40.25,-101.25
187718,6173,260,518,40.25,-100.75
187719,6174,260,519,40.25,-100.25
187720,6175,260,520,40.25,-99.75
187721,6176,260,521,40.25,-99.25
187722,6177,260,522,40.25,-98.75
187723,6178,260,523,40.25,-98.25
187724,6179,260,524,40.25,-97.75
187725,6180,260,525,40.25,-97.25
187726,6181,260,526,40.25,-96.75
187727,6182,260,527,40.25,-96.25
187728,6183,260,528,40.25,-95.75
187729,6184,260,529,40.25,-95.25
187730,6185,260,530,40.25,-94.75
187731,6186,260,531,40.25,-94.25
187732,6187,260,532,40.25,-93.75
187733,6188,260,533,40.25,-93.25
187734,6189,260,534,40.25,-92.75
187735,6190,260,535,40.25,-92.25
187736,6191,260,536,40.25,-91.75
187737,6192,260,537,40.25,-91.25
187738,6193,260,538,40.25,-90.75
187739,6194,260,539,40.25,-90.25
187740,6195,260,540,40.25,-89.75
187741,6196,260,541,40.25,-89.25
187742,6197,260,542,40.25,-88.75
187743,6198,260,543,40.25,-88.25
187744,6199,260,544,40.25,-87.75
187745,6200,260,545,40.25,-87.25
187746,6201,260,546,40.25,-86.75
187747,6202,260,547,40.25,-86.25
187748,6203,260,548,40.25,-85.75
187749,6204,260,549,40.25,-85.25
187750,6205,260,550,40.25,-84.75
187751,6206,260,551,40.25,-84.25
187752,6207,260,552,40.25,-83.75
187753,6208,260,553,40.25,-83.25
187754,6209,260,554,40.25,-82.75
187755,6210,260,555,40.25,-82.25
187756,6211,260,556,40.25,-81.75
187757,6212,260,557,40.25,-81.25
187758,6213,260,558,40.25,-80.75
187759,6214,260,559,40.25,-80.25
187760,6215,260,560,40.25,-79.75
187761,6216,260,561,40.25,-79.25
187762,6217,260,562,40.25,-78.75
187763,6218,260,563,40.25,-78.25
187764,6219,260,564,40.25,-77.75
187765,6220,260,565,40.25,-77.25
187766,6221,260,566,40.25,-76.75
187767,6222,260,567,40.25,-76.25
187768,6223,260,568,40.25,-75.75
187769,6224,260,569,40.25,-75.25
187770,6225,260,570,40.25,-74.75
187771,6226,260,571,40.25,-74.25
187906,6227,260,706,40.25,-6.75
187907,6228,260,707,40.25,-6.25
187908,6229,260,708,40.25,-5.75
187909,6230,260,709,40.25,-5.25
187910,6231,260,710,40.25,-4.75
187911,6232,260,711,40.25,-4.25
187912,6233,260,712,40.25,-3.75
187913,6234,260,713,40.25,-3.25
187914,6235,260,714,40.25,-2.75
187915,6236,260,715,40.25,-2.25
187916,6237,260,716,40.25,-1.75
187917,6238,260,717,40.25,-1.25
187918,6239,260,718,40.25,-0.75
187919,6240,260,719,40.25,-0.25
187920,6241,261,0,40.75,0.25
187938,6242,261,18,40.75,9.25
187950,6243,261,30,40.75,15.25
187951,6244,261,31,40.75,15.75
187952,6245,261,32,40.75,16.25
187953,6246,261,33,40.75,16.75
187959,6247,261,39,40.75,19.75
187960,6248,261,40,40.75,20.25
187961,6249,261,41,40.75,20.75
187980,6250,261,60,40.75,30.25
187981,6251,261,61,40.75,30.75
187982,6252,261,62,40.75,31.25
187983,6253,261,63,40.75,31.75
187984,6254,261,64,40.75,32.25
187985,6255,261,65,40.75,32.75
187986,6256,261,66,40.75,33.25
187987,6257,261,67,40.75,33.75
187988,6258,261,68,40.75,34.25
187989,6259,261,69,40.75,34.75
187990,6260,261,70,40.75,35.25
187991,6261,261,71,40.75,35.75
187992,6262,261,72,40.75,36.25
187993,6263,261,73,40.75,36.75
187994,6264,261,74,40.75,37.25
187995,6265,261,75,40.75,37.75
187998,6266,261,78,40.75,39.25
188002,6267,261,82,40.75,41.25
188003,6268,261,83,40.75,41.75
188004,6269,261,84,40.75,42.25
188005,6270,261,85,40.75,42.75
188006,6271,261,86,40.75,43.25
188007,6272,261,87,40.75,43.75
188008,6273,261,88,40.75,44.25
188009,6274,261,89,40.75,44.75
188010,6275,261,90,40.75,45.25
188043,6276,261,123,40.75,61.75
188058,6277,261,138,40.75,69.25
188061,6278,261,141,40.75,70.75
188064,6279,261,144,40.75,72.25
188065,6280,261,145,40.75,72.75
188066,6281,261,146,40.75,73.25
188067,6282,261,147,40.75,73.75
188068,6283,261,148,40.75,74.25
188069,6284,261,149,40.75,74.75
188070,6285,261,150,40.75,75.25
188071,6286,261,151,40.75,75.75
188133,6287,261,213,40.75,106.75
188134,6288,261,214,40.75,107.25
188135,6289,261,215,40.75,107.75
188136,6290,261,216,40.75,108.25
188137,6291,261,217,40.75,108.75
188138,6292,261,218,40.75,109.25
188139,6293,261,219,40.75,109.75
188141,6294,261,221,40.75,110.75
188142,6295,261,222,40.75,111.25
188143,6296,261,223,40.75,111.75
188144,6297,261,224,40.75,112.25
188145,6298,261,225,40.75,112.75
188146,6299,261,226,40.75,113.25
188147,6300,261,227,40.75,113.75
188148,6301,261,228,40.75,114.25
188149,6302,261,229,40.75,114.75
188150,6303,261,230,40.75,115.25
188151,6304,261,231,40.75,115.75
188152,6305,261,232,40.75,116.25
188153,6306,261,233,40.75,116.75
188154,6307,261,234,40.75,117.25
188155,6308,261,235,40.75,117.75
188156,6309,261,236,40.75,118.25
188157,6310,261,237,40.75,118.75
188158,6311,261,238,40.75,119.25
188159,6312,261,239,40.75,119.75
188160,6313,261,240,40.75,120.25
188165,6314,261,245,40.75,122.75
188166,6315,261,246,40.75,123.25
188167,6316,261,247,40.75,123.75
188170,6317,261,250,40.75,125.25
188172,6318,261,252,40.75,126.25
188173,6319,261,253,40.75,126.75
188174,6320,261,254,40.75,127.25
188175,6321,261,255,40.75,127.75
188176,6322,261,256,40.75,128.25
188177,6323,261,257,40.75,128.75
188396,6324,261,476,40.75,-121.75
188398,6325,261,478,40.75,-120.75
188404,6326,261,484,40.75,-117.75
188415,6327,261,495,40.75,-112.25
188416,6328,261,496,40.75,-111.75
188417,6329,261,497,40.75,-111.25
188421,6330,261,501,40.75,-109.25
188422,6331,261,502,40.75,-108.75
188424,6332,261,504,40.75,-107.75
188425,6333,261,505,40.75,-107.25
188426,6334,261,506,40.75,-106.75
188428,6335,261,508,40.75,-105.75
188429,6336,261,509,40.75,-105.25
188430,6337,261,510,40.75,-104.75
188431,6338,261,511,40.75,-104.25
188433,6339,261,513,40.75,-103.25
188434,6340,261,514,40.75,-102.75
188435,6341,261,515,40.75,-102.25
188436,6342,261,516,40.75,-101.75
188437,6343,261,517,40.75,-101.25
188438,6344,261,518,40.75,-100.75
188439,6345,261,519,40.75,-100.25
188440,6346,261,520,40.75,-99.75
188441,6347,261,521,40.75,-99.25
188442,6348,261,522,40.75,-98.75
188443,6349,261,523,40.75,-98.25
188444,6350,261,524,40.75,-97.75
188445,6351,261,525,40.75,-97.25
188446,6352,261,526,40.75,-96.75
188447,6353,261,527,40.75,-96.25
188448,6354,261,528,40.75,-95.75
188449,6355,261,529,40.75,-95.25
188450,6356,261,530,40.75,-94.75
188451,6357,261,531,40.75,-94.25
188452,6358,261,532,40.75,-93.75
188453,6359,261,533,40.75,-93.25
188454,6360,261,534,40.75,-92.75
188455,6361,261,535,40.75,-92.25
188456,6362,261,536,40.75,-91.75
188457,6363,261,537,40.75,-91.25
188458,6364,261,538,40.75,-90.75
188459,6365,261,539,40.75,-90.25
188460,6366,261,540,40.75,-89.75
188461,6367,261,541,40.75,-89.25
188462,6368,261,542,40.75,-88.75
188463,6369,261,543,40.75,-88.25
188464,6370,261,544,40.75,-87.75
188465,6371,261,545,40.75,-87.25
188466,6372,261,546,40.75,-86.75
188467,6373,261,547,40.75,-86.25
188468,6374,261,548,40.75,-85.75
188469,6375,261,549,40.75,-85.25
188470,6376,261,550,40.75,-84.75
188471,6377,261,551,40.75,-84.25
188472,6378,261,552,40.75,-83.75
188473,6379,261,553,40.75,-83.25
188474,6380,261,554,40.75,-82.75
188475,6381,261,555,40.75,-82.25
188476,6382,261,556,40.75,-81.75
188477,6383,261,557,40.75,-81.25
188478,6384,261,558,40.75,-80.75
188479,6385,261,559,40.75,-80.25
188480,6386,261,560,40.75,-79.75
188481,6387,261,561,40.75,-79.25
188482,6388,261,562,40.75,-78.75
188483,6389,261,563,40.75,-78.25
188484,6390,261,564,40.75,-77.75
188485,6391,261,565,40.75,-77.25
188486,6392,261,566,40.75,-76.75
188487,6393,261,567,40.75,-76.25
188488,6394,261,568,40.75,-75.75
188489,6395,261,569,40.75,-75.25
188490,6396,261,570,40.75,-74.75
188626,6397,261,706,40.75,-6.75
188627,6398,261,707,40.75,-6.25
188628,6399,261,708,40.75,-5.75
188629,6400,261,709,40.75,-5.25
188630,6401,261,710,40.75,-4.75
188631,6402,261,711,40.75,-4.25
188632,6403,261,712,40.75,-3.75
188633,6404,261,713,40.75,-3.25
188634,6405,261,714,40.75,-2.75
188635,6406,261,715,40.75,-2.25
188636,6407,261,716,40.75,-1.75
188637,6408,261,717,40.75,-1.25
188638,6409,261,718,40.75,-0.75
188639,6410,261,719,40.75,-0.25
188640,6411,262,0,41.25,0.25
188641,6412,262,1,41.25,0.75
188668,6413,262,28,41.25,14.25
188669,6414,262,29,41.25,14.75
188670,6415,262,30,41.25,15.25
188671,6416,262,31,41.25,15.75
188679,6417,262,39,41.25,19.75
188680,6418,262,40,41.25,20.25
188681,6419,262,41,41.25,20.75
188684,6420,262,44,41.25,22.25
188685,6421,262,45,41.25,22.75
188686,6422,262,46,41.25,23.25
188687,6423,262,47,41.25,23.75
188690,6424,262,50,41.25,25.25
188691,6425,262,51,41.25,25.75
188692,6426,262,52,41.25,26.25
188693,6427,262,53,41.25,26.75
188694,6428,262,54,41.25,27.25
188695,6429,262,55,41.25,27.75
188704,6430,262,64,41.25,32.25
188705,6431,262,65,41.25,32.75
188706,6432,262,66,41.25,33.25
188707,6433,262,67,41.25,33.75
188708,6434,262,68,41.25,34.25
188709,6435,262,69,41.25,34.75
188710,6436,262,70,41.25,35.25
188711,6437,262,71,41.25,35.75
188723,6438,262,83,41.25,41.75
188724,6439,262,84,41.25,42.25
188725,6440,262,85,41.25,42.75
188726,6441,262,86,41.25,43.25
188727,6442,262,87,41.25,43.75
188728,6443,262,88,41.25,44.25
188729,6444,262,89,41.25,44.75
188730,6445,262,90,41.25,45.25
188731,6446,262,91,41.25,45.75
188732,6447,262,92,41.25,46.25
188733,6448,262,93,41.25,46.75
188780,6449,262,140,41.25,70.25
188782,6450,262,142,41.25,71.25
188783,6451,262,143,41.25,71.75
188784,6452,262,144,41.25,72.25
188785,6453,262,145,41.25,72.75
188786,6454,262,146,41.25,73.25
188787,6455,262,147,41.25,73.75
188788,6456,262,148,41.25,74.25
188789,6457,262,149,41.25,74.75
188790,6458,262,150,41.25,75.25
188791,6459,262,151,41.25,75.75
188792,6460,262,152,41.25,76.25
188793,6461,262,153,41.25,76.75
188854,6462,262,214,41.25,107.25
188855,6463,262,215,41.25,107.75
188856,6464,262,216,41.25,108.25
188857,6465,262,217,41.25,108.75
188861,6466,262,221,41.25,110.75
188863,6467,262,223,41.25,111.75
188864,6468,262,224,41.25,112.25
188866,6469,262,226,41.25,113.25
188867,6470,262,227,41.25,113.75
188868,6471,262,228,41.25,114.25
188869,6472,262,229,41.25,114.75
188870,6473,262,230,41.25,115.25
188871,6474,262,231,41.25,115.75
188872,6475,262,232,41.25,116.25
188873,6476,262,233,41.25,116.75
188874,6477,262,234,41.25,117.25
188875,6478,262,235,41.25,117.75
188876,6479,262,236,41.25,118.25
188877,6480,262,237,41.25,118.75
188878,6481,262,238,41.25,119.25
188879,6482,262,239,41.25,119.75
188880,6483,262,240,41.25,120.25
188881,6484,262,241,41.25,120.75
188882,6485,262,242,41.25,121.25
188884,6486,262,244,41.25,122.25
188885,6487,262,245,41.25,122.75
188886,6488,262,246,41.25,123.25
188887,6489,262,247,41.25,123.75
188890,6490,262,250,41.25,125.25
188891,6491,262,251,41.25,125.75
188892,6492,262,252,41.25,126.25
188893,6493,262,253,41.25,126.75
188894,6494,262,254,41.25,127.25
188896,6495,262,256,41.25,128.25
188897,6496,262,257,41.25,128.75
188898,6497,262,258,41.25,129.25
189113,6498,262,473,41.25,-123.25
189114,6499,262,474,41.25,-122.75
189115,6500,262,475,41.25,-122.25
189117,6501,262,477,41.25,-121.25
189118,6502,262,478,41.25,-120.75
189124,6503,262,484,41.25,-117.75
189135,6504,262,495,41.25,-112.25
189136,6505,262,496,41.25,-111.75
189137,6506,262,497,41.25,-111.25
189145,6507,262,505,41.25,-107.25
189146,6508,262,506,41.25,-106.75
189151,6509,262,511,41.25,-104.25
189152,6510,262,512,41.25,-103.75
189153,6511,262,513,41.25,-103.25
189154,6512,262,514,41.25,-102.75
189155,6513,262,515,41.25,-102.25
189156,6514,262,516,41.25,-101.75
189157,6515,262,517,41.25,-101.25
189158,6516,262,518,41.25,-100.75
189159,6517,262,519,41.25,-100.25
189160,6518,262,520,41.25,-99.75
189161,6519,262,521,41.25,-99.25
189162,6520,262,522,41.25,-98.75
189163,6521,262,523,41.25,-98.25
189164,6522,262,524,41.25,-97.75
189165,6523,262,525,41.25,-97.25
189166,6524,262,526,41.25,-96.75
189167,6525,262,527,41.25,-96.25
189168,6526,262,528,41.25,-95.75
189169,6527,262,529,41.25,-95.25
189170,6528,262,530,41.25,-94.75
189171,6529,262,531,41.25,-94.25
189172,6530,262,532,41.25,-93.75
189173,6531,262,533,41.25,-93.25
189174,6532,262,534,41.25,-92.75
189175,6533,262,535,41.25,-92.25
189176,6534,262,536,41.25,-91.75
189177,6535,262,537,41.25,-91.25
189178,6536,262,538,41.25,-90.75
189179,6537,262,539,41.25,-90.25
189180,6538,262,540,41.25,-89.75
189181,6539,262,541,41.25,-89.25
189182,6540,262,542,41.25,-88.75
189183,6541,262,543,41.25,-88.25
189184,6542,262,544,41.25,-87.75
189185,6543,262,545,41.25,-87.25
189186,6544,262,546,41.25,-86.75
189187,6545,262,547,41.25,-86.25
189188,6546,262,548,41.25,-85.75
189189,6547,262,549,41.25,-85.25
189190,6548,262,550,41.25,-84.75
189191,6549,262,551,41.25,-84.25
189192,6550,262,552,41.25,-83.75
189193,6551,262,553,41.25,-83.25
189194,6552,262,554,41.25,-82.75
189196,6553,262,556,41.25,-81.75
189197,6554,262,557,41.25,-81.25
189198,6555,262,558,41.25,-80.75
189199,6556,262,559,41.25,-80.25
189200,6557,262,560,41.25,-79.75
189201,6558,262,561,41.25,-79.25
189202,6559,262,562,41.25,-78.75
189203,6560,262,563,41.25,-78.25
189205,6561,262,565,41.25,-77.25
189206,6562,262,566,41.25,-76.75
189207,6563,262,567,41.25,-76.25
189208,6564,262,568,41.25,-75.75
189209,6565,262,569,41.25,-75.25
189210,6566,262,570,41.25,-74.75
189348,6567,262,708,41.25,-5.75
189349,6568,262,709,41.25,-5.25
189350,6569,262,710,41.25,-4.75
189351,6570,262,711,41.25,-4.25
189352,6571,262,712,41.25,-3.75
189353,6572,262,713,41.25,-3.25
189354,6573,262,714,41.25,-2.75
189355,6574,262,715,41.25,-2.25
189356,6575,262,716,41.25,-1.75
189357,6576,262,717,41.25,-1.25
189358,6577,262,718,41.25,-0.75
189359,6578,262,719,41.25,-0.25
189360,6579,263,0,41.75,0.25
189361,6580,263,1,41.75,0.75
189362,6581,263,2,41.75,1.25
189363,6582,263,3,41.75,1.75
189364,6583,263,4,41.75,2.25
189386,6584,263,26,41.75,13.25
189387,6585,263,27,41.75,13.75
189388,6586,263,28,41.75,14.25
189389,6587,263,29,41.75,14.75
189400,6588,263,40,41.75,20.25
189401,6589,263,41,41.75,20.75
189404,6590,263,44,41.75,22.25
189405,6591,263,45,41.75,22.75
189406,6592,263,46,41.75,23.25
189407,6593,263,47,41.75,23.75
189408,6594,263,48,41.75,24.25
189409,6595,263,49,41.75,24.75
189410,6596,263,50,41.75,25.25
189411,6597,263,51,41.75,25.75
189412,6598,263,52,41.75,26.25
189413,6599,263,53,41.75,26.75
189414,6600,263,54,41.75,27.25
189415,6601,263,55,41.75,27.75
189427,6602,263,67,41.75,33.75
189444,6603,263,84,41.75,42.25
189445,6604,263,85,41.75,42.75
189446,6605,263,86,41.75,43.25
189447,6606,263,87,41.75,43.75
189448,6607,263,88,41.75,44.25
189449,6608,263,89,41.75,44.75
189450,6609,263,90,41.75,45.25
189451,6610,263,91,41.75,45.75
189452,6611,263,92,41.75,46.25
189477,6612,263,117,41.75,58.75
189478,6613,263,118,41.75,59.25
189479,6614,263,119,41.75,59.75
189480,6615,263,120,41.75,60.25
189500,6616,263,140,41.75,70.25
189501,6617,263,141,41.75,70.75
189502,6618,263,142,41.75,71.25
189503,6619,263,143,41.75,71.75
189504,6620,263,144,41.75,72.25
189505,6621,263,145,41.75,72.75
189506,6622,263,146,41.75,73.25
189507,6623,263,147,41.75,73.75
189508,6624,263,148,41.75,74.25
189509,6625,263,149,41.75,74.75
189510,6626,263,150,41.75,75.25
189511,6627,263,151,41.75,75.75
189512,6628,263,152,41.75,76.25
189513,6629,263,153,41.75,76.75
189514,6630,263,154,41.75,77.25
189585,6631,263,225,41.75,112.75
189587,6632,263,227,41.75,113.75
189588,6633,263,228,41.75,114.25
189589,6634,263,229,41.75,114.75
189590,6635,263,230,41.75,115.25
189591,6636,263,231,41.75,115.75
189592,6637,263,232,41.75,116.25
189593,6638,263,233,41.75,116.75
189594,6639,263,234,41.75,117.25
189595,6640,263,235,41.75,117.75
189596,6641,263,236,41.75,118.25
189597,6642,263,237,41.75,118.75
189598,6643,263,238,41.75,119.25
189599,6644,263,239,41.75,119.75
189600,6645,263,240,41.75,120.25
189601,6646,263,241,41.75,120.75
189602,6647,263,242,41.75,121.25
189603,6648,263,243,41.75,121.75
189604,6649,263,244,41.75,122.25
189605,6650,263,245,41.75,122.75
189606,6651,263,246,41.75,123.25
189607,6652,263,247,41.75,123.75
189608,6653,263,248,41.75,124.25
189610,6654,263,250,41.75,125.25
189611,6655,263,251,41.75,125.75
189612,6656,263,252,41.75,126.25
189613,6657,263,253,41.75,126.75
189615,6658,263,255,41.75,127.75
189616,6659,263,256,41.75,128.25
189617,6660,263,257,41.75,128.75
189618,6661,263,258,41.75,129.25
189833,6662,263,473,41.75,-123.25
189834,6663,263,474,41.75,-122.75
189835,6664,263,475,41.75,-122.25
189836,6665,263,476,41.75,-121.75
189837,6666,263,477,41.75,-121.25
189838,6667,263,478,41.75,-120.75
189839,6668,263,479,41.75,-120.25
189843,6669,263,483,41.75,-118.25
189844,6670,263,484,41.75,-117.75
189851,6671,263,491,41.75,-114.25
189852,6672,263,492,41.75,-113.75
189853,6673,263,493,41.75,-113.25
189854,6674,263,494,41.75,-112.75
189855,6675,263,495,41.75,-112.25
189856,6676,263,496,41.75,-111.75
189866,6677,263,506,41.75,-106.75
189869,6678,263,509,41.75,-105.25
189870,6679,263,510,41.75,-104.75
189871,6680,263,511,41.75,-104.25
189872,6681,263,512,41.75,-103.75
189873,6682,263,513,41.75,-103.25
189874,6683,263,514,41.75,-102.75
189875,6684,263,515,41.75,-102.25
189879,6685,263,519,41.75,-100.25
189880,6686,263,520,41.75,-99.75
189881,6687,263,521,41.75,-99.25
189882,6688,263,522,41.75,-98.75
189883,6689,263,523,41.75,-98.25
189884,6690,263,524,41.75,-97.75
189885,6691,263,525,41.75,-97.25
189886,6692,263,526,41.75,-96.75
189887,6693,263,527,41.75,-96.25
189888,6694,263,528,41.75,-95.75
189890,6695,263,530,41.75,-94.75
189891,6696,263,531,41.75,-94.25
189895,6697,263,535,41.75,-92.25
189896,6698,263,536,41.75,-91.75
189897,6699,263,537,41.75,-91.25
189898,6700,263,538,41.75,-90.75
189899,6701,263,539,41.75,-90.25
189900,6702,263,540,41.75,-89.75
189901,6703,263,541,41.75,-89.25
189902,6704,263,542,41.75,-88.75
189903,6705,263,543,41.75,-88.25
189907,6706,263,547,41.75,-86.25
189908,6707,263,548,41.75,-85.75
189909,6708,263,549,41.75,-85.25
189910,6709,263,550,41.75,-84.75
189911,6710,263,551,41.75,-84.25
189912,6711,263,552,41.75,-83.75
189919,6712,263,559,41.75,-80.25
189920,6713,263,560,41.75,-79.75
189923,6714,263,563,41.75,-78.25
189924,6715,263,564,41.75,-77.75
189928,6716,263,568,41.75,-75.75
189929,6717,263,569,41.75,-75.25
189932,6718,263,572,41.75,-73.75
190063,6719,263,703,41.75,-8.25
190064,6720,263,704,41.75,-7.75
190065,6721,263,705,41.75,-7.25
190066,6722,263,706,41.75,-6.75
190068,6723,263,708,41.75,-5.75
190069,6724,263,709,41.75,-5.25
190070,6725,263,710,41.75,-4.75
190071,6726,263,711,41.75,-4.25
190072,6727,263,712,41.75,-3.75
190073,6728,263,713,41.75,-3.25
190074,6729,263,714,41.75,-2.75
190075,6730,263,715,41.75,-2.25
190076,6731,263,716,41.75,-1.75
190077,6732,263,717,41.75,-1.25
190078,6733,263,718,41.75,-0.75
190079,6734,263,719,41.75,-0.25
190080,6735,264,0,42.25,0.25
190081,6736,264,1,42.25,0.75
190082,6737,264,2,42.25,1.25
190083,6738,264,3,42.25,1.75
190084,6739,264,4,42.25,2.25
190085,6740,264,5,42.25,2.75
190098,6741,264,18,42.25,9.25
190104,6742,264,24,42.25,12.25
190105,6743,264,25,42.25,12.75
190106,6744,264,26,42.25,13.25
190107,6745,264,27,42.25,13.75
190119,6746,264,39,42.25,19.75
190120,6747,264,40,42.25,20.25
190121,6748,264,41,42.25,20.75
190124,6749,264,44,42.25,22.25
190125,6750,264,45,42.25,22.75
190126,6751,264,46,42.25,23.25
190127,6752,264,47,42.25,23.75
190128,6753,264,48,42.25,24.25
190129,6754,264,49,42.25,24.75
190130,6755,264,50,42.25,25.25
190131,6756,264,51,42.25,25.75
190132,6757,264,52,42.25,26.25
190133,6758,264,53,42.25,26.75
190134,6759,264,54,42.25,27.25
190164,6760,264,84,42.25,42.25
190165,6761,264,85,42.25,42.75
190166,6762,264,86,42.25,43.25
190167,6763,264,87,42.25,43.75
190168,6764,264,88,42.25,44.25
190169,6765,264,89,42.25,44.75
190170,6766,264,90,42.25,45.25
190171,6767,264,91,42.25,45.75
190196,6768,264,116,42.25,58.25
190197,6769,264,117,42.25,58.75
190198,6770,264,118,42.25,59.25
190199,6771,264,119,42.25,59.75
190222,6772,264,142,42.25,71.25
190223,6773,264,143,42.25,71.75
190224,6774,264,144,42.25,72.25
190225,6775,264,145,42.25,72.75
190226,6776,264,146,42.25,73.25
190227,6777,264,147,42.25,73.75
190228,6778,264,148,42.25,74.25
190229,6779,264,149,42.25,74.75
190230,6780,264,150,42.25,75.25
190231,6781,264,151,42.25,75.75
190232,6782,264,152,42.25,76.25
190233,6783,264,153,42.25,76.75
190235,6784,264,155,42.25,77.75
190236,6785,264,156,42.25,78.25
190237,6786,264,157,42.25,78.75
190238,6787,264,158,42.25,79.25
190306,6788,264,226,42.25,113.25
190312,6789,264,232,42.25,116.25
190313,6790,264,233,42.25,116.75
190314,6791,264,234,42.25,117.25
190315,6792,264,235,42.25,117.75
190316,6793,264,236,42.25,118.25
190317,6794,264,237,42.25,118.75
190318,6795,264,238,42.25,119.25
190319,6796,264,239,42.25,119.75
190320,6797,264,240,42.25,120.25
190321,6798,264,241,42.25,120.75
190322,6799,264,242,42.25,121.25
190323,6800,264,243,42.25,121.75
190324,6801,264,244,42.25,122.25
190325,6802,264,245,42.25,122.75
190326,6803,264,246,42.25,123.25
190327,6804,264,247,42.25,123.75
190328,6805,264,248,42.25,124.25
190329,6806,264,249,42.25,124.75
190333,6807,264,253,42.25,126.75
190334,6808,264,254,42.25,127.25
190336,6809,264,256,42.25,128.25
190553,6810,264,473,42.25,-123.25
190554,6811,264,474,42.25,-122.75
190555,6812,264,475,42.25,-122.25
190556,6813,264,476,42.25,-121.75
190557,6814,264,477,42.25,-121.25
190558,6815,264,478,42.25,-120.75
190560,6816,264,480,42.25,-119.75
190567,6817,264,487,42.25,-116.25
190568,6818,264,488,42.25,-115.75
190570,6819,264,490,42.25,-114.75
190571,6820,264,491,42.25,-114.25
190572,6821,264,492,42.25,-113.75
190573,6822,264,493,42.25,-113.25
190574,6823,264,494,42.25,-112.75
190575,6824,264,495,42.25,-112.25
190576,6825,264,496,42.25,-111.75
190577,6826,264,497,42.25,-111.25
190589,6827,264,509,42.25,-105.25
190591,6828,264,511,42.25,-104.25
190592,6829,264,512,42.25,-103.75
190593,6830,264,513,42.25,-103.25
190594,6831,264,514,42.25,-102.75
190595,6832,264,515,42.25,-102.25
190596,6833,264,516,42.25,-101.75
190597,6834,264,517,42.25,-101.25
190598,6835,264,518,42.25,-100.75
190599,6836,264,519,42.25,-100.25
190601,6837,264,521,42.25,-99.25
190602,6838,264,522,42.25,-98.75
190603,6839,264,523,42.25,-98.25
190604,6840,264,524,42.25,-97.75
190605,6841,264,525,42.25,-97.25
190606,6842,264,526,42.25,-96.75
190607,6843,264,527,42.25,-96.25
190608,6844,264,528,42.25,-95.75
190610,6845,264,530,42.25,-94.75
190611,6846,264,531,42.25,-94.25
190615,6847,264,535,42.25,-92.25
190616,6848,264,536,42.25,-91.75
190617,6849,264,537,42.25,-91.25
190618,6850,264,538,42.25,-90.75
190619,6851,264,539,42.25,-90.25
190620,6852,264,540,42.25,-89.75
190621,6853,264,541,42.25,-89.25
190622,6854,264,542,42.25,-88.75
190623,6855,264,543,42.25,-88.25
190628,6856,264,548,42.25,-85.75
190629,6857,264,549,42.25,-85.25
190630,6858,264,550,42.25,-84.75
190631,6859,264,551,42.25,-84.25
190632,6860,264,552,42.25,-83.75
190642,6861,264,562,42.25,-78.75
190643,6862,264,563,42.25,-78.25
190644,6863,264,564,42.25,-77.75
190645,6864,264,565,42.25,-77.25
190646,6865,264,566,42.25,-76.75
190647,6866,264,567,42.25,-76.25
190651,6867,264,571,42.25,-74.25
190652,6868,264,572,42.25,-73.75
190783,6869,264,703,42.25,-8.25
190784,6870,264,704,42.25,-7.75
190785,6871,264,705,42.25,-7.25
190786,6872,264,706,42.25,-6.75
190787,6873,264,707,42.25,-6.25
190788,6874,264,708,42.25,-5.75
190789,6875,264,709,42.25,-5.25
190790,6876,264,710,42.25,-4.75
190791,6877,264,711,42.25,-4.25
190792,6878,264,712,42.25,-3.75
190793,6879,264,713,42.25,-3.25
190794,6880,264,714,42.25,-2.75
190795,6881,264,715,42.25,-2.25
190796,6882,264,716,42.25,-1.75
190797,6883,264,717,42.25,-1.25
190798,6884,264,718,42.25,-0.75
190799,6885,264,719,42.25,-0.25
190800,6886,265,0,42.75,0.25
190801,6887,265,1,42.75,0.75
190802,6888,265,2,42.75,1.25
190803,6889,265,3,42.75,1.75
190804,6890,265,4,42.75,2.25
190805,6891,265,5,42.75,2.75
190823,6892,265,23,42.75,11.75
190824,6893,265,24,42.75,12.25
190825,6894,265,25,42.75,12.75
190826,6895,265,26,42.75,13.25
190837,6896,265,37,42.75,18.75
190838,6897,265,38,42.75,19.25
190839,6898,265,39,42.75,19.75
190840,6899,265,40,42.75,20.25
190841,6900,265,41,42.75,20.75
190842,6901,265,42,42.75,21.25
190843,6902,265,43,42.75,21.75
190844,6903,265,44,42.75,22.25
190845,6904,265,45,42.75,22.75
190846,6905,265,46,42.75,23.25
190847,6906,265,47,42.75,23.75
190848,6907,265,48,42.75,24.25
190849,6908,265,49,42.75,24.75
190850,6909,265,50,42.75,25.25
190851,6910,265,51,42.75,25.75
190852,6911,265,52,42.75,26.25
190853,6912,265,53,42.75,26.75
190854,6913,265,54,42.75,27.25
190883,6914,265,83,42.75,41.75
190884,6915,265,84,42.75,42.25
190885,6916,265,85,42.75,42.75
190886,6917,265,86,42.75,43.25
190888,6918,265,88,42.75,44.25
190889,6919,265,89,42.75,44.75
190890,6920,265,90,42.75,45.25
190916,6921,265,116,42.75,58.25
190917,6922,265,117,42.75,58.75
190942,6923,265,142,42.75,71.25
190943,6924,265,143,42.75,71.75
190944,6925,265,144,42.75,72.25
190946,6926,265,146,42.75,73.25
190947,6927,265,147,42.75,73.75
190948,6928,265,148,42.75,74.25
190949,6929,265,149,42.75,74.75
190950,6930,265,150,42.75,75.25
190951,6931,265,151,42.75,75.75
190952,6932,265,152,42.75,76.25
190953,6933,265,153,42.75,76.75
190954,6934,265,154,42.75,77.25
190955,6935,265,155,42.75,77.75
190956,6936,265,156,42.75,78.25
190957,6937,265,157,42.75,78.75
190958,6938,265,158,42.75,79.25
191029,6939,265,229,42.75,114.75
191030,6940,265,230,42.75,115.25
191031,6941,265,231,42.75,115.75
191032,6942,265,232,42.75,116.25
191034,6943,265,234,42.75,117.25
191035,6944,265,235,42.75,117.75
191036,6945,265,236,42.75,118.25
191037,6946,265,237,42.75,118.75
191038,6947,265,238,42.75,119.25
191039,6948,265,239,42.75,119.75
191040,6949,265,240,42.75,120.25
191041,6950,265,241,42.75,120.75
191042,6951,265,242,42.75,121.25
191043,6952,265,243,42.75,121.75
191044,6953,265,244,42.75,122.25
191045,6954,265,245,42.75,122.75
191046,6955,265,246,42.75,123.25
191047,6956,265,247,42.75,123.75
191048,6957,265,248,42.75,124.25
191049,6958,265,249,42.75,124.75
191050,6959,265,250,42.75,125.25
191055,6960,265,255,42.75,127.75
191056,6961,265,256,42.75,128.25
191057,6962,265,257,42.75,128.75
191058,6963,265,258,42.75,129.25
191059,6964,265,259,42.75,129.75
191084,6965,265,284,42.75,142.25
191085,6966,265,285,42.75,142.75
191086,6967,265,286,42.75,143.25
191275,6968,265,475,42.75,-122.25
191276,6969,265,476,42.75,-121.75
191278,6970,265,478,42.75,-120.75
191286,6971,265,486,42.75,-116.75
191287,6972,265,487,42.75,-116.25
191288,6973,265,488,42.75,-115.75
191289,6974,265,489,42.75,-115.25
191290,6975,265,490,42.75,-114.75
191291,6976,265,491,42.75,-114.25
191292,6977,265,492,42.75,-113.75
191293,6978,265,493,42.75,-113.25
191294,6979,265,494,42.75,-112.75
191295,6980,265,495,42.75,-112.25
191296,6981,265,496,42.75,-111.75
191297,6982,265,497,42.75,-111.25
191306,6983,265,506,42.75,-106.75
191312,6984,265,512,42.75,-103.75
191313,6985,265,513,42.75,-103.25
191314,6986,265,514,42.75,-102.75
191315,6987,265,515,42.75,-102.25
191316,6988,265,516,42.75,-101.75
191317,6989,265,517,42.75,-101.25
191318,6990,265,518,42.75,-100.75
191319,6991,265,519,42.75,-100.25
191320,6992,265,520,42.75,-99.75
191321,6993,265,521,42.75,-99.25
191322,6994,265,522,42.75,-98.75
191323,6995,265,523,42.75,-98.25
191324,6996,265,524,42.75,-97.75
191325,6997,265,525,42.75,-97.25
191326,6998,265,526,42.75,-96.75
191327,6999,265,527,42.75,-96.25
191328,7000,265,528,42.75,-95.75
191333,7001,265,533,42.75,-93.25
191334,7002,265,534,42.75,-92.75
191337,7003,265,537,42.75,-91.25
191338,7004,265,538,42.75,-90.75
191339,7005,265,539,42.75,-90.25
191340,7006,265,540,42.75,-89.75
191341,7007,265,541,42.75,-89.25
191342,7008,265,542,42.75,-88.75
191343,7009,265,543,42.75,-88.25
191348,7010,265,548,42.75,-85.75
191349,7011,265,549,42.75,-85.25
191350,7012,265,550,42.75,-84.75
191351,7013,265,551,42.75,-84.25
191352,7014,265,552,42.75,-83.75
191353,7015,265,553,42.75,-83.25
191355,7016,265,555,42.75,-82.25
191363,7017,265,563,42.75,-78.25
191364,7018,265,564,42.75,-77.75
191365,7019,265,565,42.75,-77.25
191366,7020,265,566,42.75,-76.75
191367,7021,265,567,42.75,-76.25
191368,7022,265,568,42.75,-75.75
191369,7023,265,569,42.75,-75.25
191370,7024,265,570,42.75,-74.75
191371,7025,265,571,42.75,-74.25
191372,7026,265,572,42.75,-73.75
191373,7027,265,573,42.75,-73.25
191503,7028,265,703,42.75,-8.25
191504,7029,265,704,42.75,-7.75
191505,7030,265,705,42.75,-7.25
191506,7031,265,706,42.75,-6.75
191507,7032,265,707,42.75,-6.25
191508,7033,265,708,42.75,-5.75
191509,7034,265,709,42.75,-5.25
191510,7035,265,710,42.75,-4.75
191511,7036,265,711,42.75,-4.25
191512,7037,265,712,42.75,-3.75
191513,7038,265,713,42.75,-3.25
191514,7039,265,714,42.75,-2.75
191515,7040,265,715,42.75,-2.25
191516,7041,265,716,42.75,-1.75
191517,7042,265,717,42.75,-1.25
191518,7043,265,718,42.75,-0.75
191519,7044,265,719,42.75,-0.25
191520,7045,266,0,43.25,0.25
191521,7046,266,1,43.25,0.75
191522,7047,266,2,43.25,1.25
191523,7048,266,3,43.25,1.75
191524,7049,266,4,43.25,2.25
191525,7050,266,5,43.25,2.75
191542,7051,266,22,43.25,11.25
191543,7052,266,23,43.25,11.75
191544,7053,266,24,43.25,12.25
191545,7054,266,25,43.25,12.75
191546,7055,266,26,43.25,13.25
191557,7056,266,37,43.25,18.75
191558,7057,266,38,43.25,19.25
191559,7058,266,39,43.25,19.75
191560,7059,266,40,43.25,20.25
191561,7060,266,41,43.25,20.75
191562,7061,266,42,43.25,21.25
191563,7062,266,43,43.25,21.75
191564,7063,266,44,43.25,22.25
191565,7064,266,45,43.25,22.75
191566,7065,266,46,43.25,23.25
191567,7066,266,47,43.25,23.75
191568,7067,266,48,43.25,24.25
191569,7068,266,49,43.25,24.75
191570,7069,266,50,43.25,25.25
191571,7070,266,51,43.25,25.75
191572,7071,266,52,43.25,26.25
191573,7072,266,53,43.25,26.75
191574,7073,266,54,43.25,27.25
191602,7074,266,82,43.25,41.25
191603,7075,266,83,43.25,41.75
191604,7076,266,84,43.25,42.25
191667,7077,266,147,43.25,73.75
191668,7078,266,148,43.25,74.25
191749,7079,266,229,43.25,114.75
191751,7080,266,231,43.25,115.75
191752,7081,266,232,43.25,116.25
191753,7082,266,233,43.25,116.75
191754,7083,266,234,43.25,117.25
191755,7084,266,235,43.25,117.75
191756,7085,266,236,43.25,118.25
191757,7086,266,237,43.25,118.75
191758,7087,266,238,43.25,119.25
191759,7088,266,239,43.25,119.75
191760,7089,266,240,43.25,120.25
191761,7090,266,241,43.25,120.75
191762,7091,266,242,43.25,121.25
191763,7092,266,243,43.25,121.75
191764,7093,266,244,43.25,122.25
191765,7094,266,245,43.25,122.75
191766,7095,266,246,43.25,123.25
191767,7096,266,247,43.25,123.75
191768,7097,266,248,43.25,124.25
191769,7098,266,249,43.25,124.75
191770,7099,266,250,43.25,125.25
191771,7100,266,251,43.25,125.75
191775,7101,266,255,43.25,127.75
191776,7102,266,256,43.25,128.25
191777,7103,266,257,43.25,128.75
191778,7104,266,258,43.25,129.25
191779,7105,266,259,43.25,129.75
191781,7106,266,261,43.25,130.75
191803,7107,266,283,43.25,141.75
191804,7108,266,284,43.25,142.25
191805,7109,266,285,43.25,142.75
191806,7110,266,286,43.25,143.25
191807,7111,266,287,43.25,143.75
191808,7112,266,288,43.25,144.25
191996,7113,266,476,43.25,-121.75
191997,7114,266,477,43.25,-121.25
191998,7115,266,478,43.25,-120.75
192005,7116,266,485,43.25,-117.25
192006,7117,266,486,43.25,-116.75
192007,7118,266,487,43.25,-116.25
192008,7119,266,488,43.25,-115.75
192009,7120,266,489,43.25,-115.25
192010,7121,266,490,43.25,-114.75
192011,7122,266,491,43.25,-114.25
192014,7123,266,494,43.25,-112.75
192015,7124,266,495,43.25,-112.25
192016,7125,266,496,43.25,-111.75
192017,7126,266,497,43.25,-111.25
192025,7127,266,505,43.25,-107.25
192032,7128,266,512,43.25,-103.75
192033,7129,266,513,43.25,-103.25
192035,7130,266,515,43.25,-102.25
192036,7131,266,516,43.25,-101.75
192037,7132,266,517,43.25,-101.25
192038,7133,266,518,43.25,-100.75
192039,7134,266,519,43.25,-100.25
192040,7135,266,520,43.25,-99.75
192041,7136,266,521,43.25,-99.25
192042,7137,266,522,43.25,-98.75
192043,7138,266,523,43.25,-98.25
192044,7139,266,524,43.25,-97.75
192045,7140,266,525,43.25,-97.25
192046,7141,266,526,43.25,-96.75
192047,7142,266,527,43.25,-96.25
192048,7143,266,528,43.25,-95.75
192051,7144,266,531,43.25,-94.25
192053,7145,266,533,43.25,-93.25
192054,7146,266,534,43.25,-92.75
192055,7147,266,535,43.25,-92.25
192056,7148,266,536,43.25,-91.75
192057,7149,266,537,43.25,-91.25
192058,7150,266,538,43.25,-90.75
192059,7151,266,539,43.25,-90.25
192060,7152,266,540,43.25,-89.75
192061,7153,266,541,43.25,-89.25
192062,7154,266,542,43.25,-88.75
192063,7155,266,543,43.25,-88.25
192068,7156,266,548,43.25,-85.75
192069,7157,266,549,43.25,-85.25
192070,7158,266,550,43.25,-84.75
192071,7159,266,551,43.25,-84.25
192072,7160,266,552,43.25,-83.75
192073,7161,266,553,43.25,-83.25
192077,7162,266,557,43.25,-81.25
192078,7163,266,558,43.25,-80.75
192079,7164,266,559,43.25,-80.25
192087,7165,266,567,43.25,-76.25
192088,7166,266,568,43.25,-75.75
192089,7167,266,569,43.25,-75.25
192092,7168,266,572,43.25,-73.75
192093,7169,266,573,43.25,-73.25
192224,7170,266,704,43.25,-7.75
192225,7171,266,705,43.25,-7.25
192226,7172,266,706,43.25,-6.75
192227,7173,266,707,43.25,-6.25
192232,7174,266,712,43.25,-3.75
192237,7175,266,717,43.25,-1.25
192238,7176,266,718,43.25,-0.75
192239,7177,266,719,43.25,-0.25
192240,7178,267,0,43.75,0.25
192241,7179,267,1,43.75,0.75
192242,7180,267,2,43.75,1.25
192243,7181,267,3,43.75,1.75
192244,7182,267,4,43.75,2.25
192245,7183,267,5,43.75,2.75
192246,7184,267,6,43.75,3.25
192247,7185,267,7,43.75,3.75
192249,7186,267,9,43.75,4.75
192251,7187,267,11,43.75,5.75
192252,7188,267,12,43.75,6.25
192253,7189,267,13,43.75,6.75
192261,7190,267,21,43.75,10.75
192262,7191,267,22,43.75,11.25
192263,7192,267,23,43.75,11.75
192264,7193,267,24,43.75,12.25
192277,7194,267,37,43.75,18.75
192278,7195,267,38,43.75,19.25
192279,7196,267,39,43.75,19.75
192280,7197,267,40,43.75,20.25
192281,7198,267,41,43.75,20.75
192282,7199,267,42,43.75,21.25
192283,7200,267,43,43.75,21.75
192284,7201,267,44,43.75,22.25
192285,7202,267,45,43.75,22.75
192286,7203,267,46,43.75,23.25
192287,7204,267,47,43.75,23.75
192288,7205,267,48,43.75,24.25
192289,7206,267,49,43.75,24.75
192290,7207,267,50,43.75,25.25
192291,7208,267,51,43.75,25.75
192292,7209,267,52,43.75,26.25
192293,7210,267,53,43.75,26.75
192294,7211,267,54,43.75,27.25
192295,7212,267,55,43.75,27.75
192296,7213,267,56,43.75,28.25
192399,7214,267,159,43.75,79.75
192400,7215,267,160,43.75,80.25
192472,7216,267,232,43.75,116.25
192473,7217,267,233,43.75,116.75
192474,7218,267,234,43.75,117.25
192475,7219,267,235,43.75,117.75
192476,7220,267,236,43.75,118.25
192477,7221,267,237,43.75,118.75
192478,7222,267,238,43.75,119.25
192479,7223,267,239,43.75,119.75
192480,7224,267,240,43.75,120.25
192481,7225,267,241,43.75,120.75
192482,7226,267,242,43.75,121.25
192483,7227,267,243,43.75,121.75
192484,7228,267,244,43.75,122.25
192485,7229,267,245,43.75,122.75
192486,7230,267,246,43.75,123.25
192487,7231,267,247,43.75,123.75
192488,7232,267,248,43.75,124.25
192489,7233,267,249,43.75,124.75
192490,7234,267,250,43.75,125.25
192491,7235,267,251,43.75,125.75
192495,7236,267,255,43.75,127.75
192496,7237,267,256,43.75,128.25
192497,7238,267,257,43.75,128.75
192498,7239,267,258,43.75,129.25
192499,7240,267,259,43.75,129.75
192500,7241,267,260,43.75,130.25
192501,7242,267,261,43.75,130.75
192502,7243,267,262,43.75,131.25
192524,7244,267,284,43.75,142.25
192525,7245,267,285,43.75,142.75
192526,7246,267,286,43.75,143.25
192527,7247,267,287,43.75,143.75
192713,7248,267,473,43.75,-123.25
192714,7249,267,474,43.75,-122.75
192715,7250,267,475,43.75,-122.25
192718,7251,267,478,43.75,-120.75
192719,7252,267,479,43.75,-120.25
192724,7253,267,484,43.75,-117.75
192725,7254,267,485,43.75,-117.25
192726,7255,267,486,43.75,-116.75
192727,7256,267,487,43.75,-116.25
192728,7257,267,488,43.75,-115.75
192729,7258,267,489,43.75,-115.25
192731,7259,267,491,43.75,-114.25
192732,7260,267,492,43.75,-113.75
192733,7261,267,493,43.75,-113.25
192734,7262,267,494,43.75,-112.75
192735,7263,267,495,43.75,-112.25
192736,7264,267,496,43.75,-111.75
192737,7265,267,497,43.75,-111.25
192743,7266,267,503,43.75,-108.25
192751,7267,267,511,43.75,-104.25
192752,7268,267,512,43.75,-103.75
192753,7269,267,513,43.75,-103.25
192754,7270,267,514,43.75,-102.75
192755,7271,267,515,43.75,-102.25
192757,7272,267,517,43.75,-101.25
192758,7273,267,518,43.75,-100.75
192759,7274,267,519,43.75,-100.25
192760,7275,267,520,43.75,-99.75
192761,7276,267,521,43.75,-99.25
192762,7277,267,522,43.75,-98.75
192763,7278,267,523,43.75,-98.25
192764,7279,267,524,43.75,-97.75
192765,7280,267,525,43.75,-97.25
192766,7281,267,526,43.75,-96.75
192767,7282,267,527,43.75,-96.25
192768,7283,267,528,43.75,-95.75
192769,7284,267,529,43.75,-95.25
192770,7285,267,530,43.75,-94.75
192771,7286,267,531,43.75,-94.25
192772,7287,267,532,43.75,-93.75
192773,7288,267,533,43.75,-93.25
192774,7289,267,534,43.75,-92.75
192775,7290,267,535,43.75,-92.25
192776,7291,267,536,43.75,-91.75
192777,7292,267,537,43.75,-91.25
192778,7293,267,538,43.75,-90.75
192779,7294,267,539,43.75,-90.25
192780,7295,267,540,43.75,-89.75
192781,7296,267,541,43.75,-89.25
192782,7297,267,542,43.75,-88.75
192783,7298,267,543,43.75,-88.25
192788,7299,267,548,43.75,-85.75
192789,7300,267,549,43.75,-85.25
192790,7301,267,550,43.75,-84.75
192791,7302,267,551,43.75,-84.25
192797,7303,267,557,43.75,-81.25
192798,7304,267,558,43.75,-80.75
192799,7305,267,559,43.75,-80.25
192808,7306,267,568,43.75,-75.75
192958,7307,267,718,43.75,-0.75
192959,7308,267,719,43.75,-0.25
192960,7309,268,0,44.25,0.25
192961,7310,268,1,44.25,0.75
192962,7311,268,2,44.25,1.25
192963,7312,268,3,44.25,1.75
192964,7313,268,4,44.25,2.25
192965,7314,268,5,44.25,2.75
192966,7315,268,6,44.25,3.25
192967,7316,268,7,44.25,3.75
192968,7317,268,8,44.25,4.25
192969,7318,268,9,44.25,4.75
192970,7319,268,10,44.25,5.25
192971,7320,268,11,44.25,5.75
192972,7321,268,12,44.25,6.25
192973,7322,268,13,44.25,6.75
192974,7323,268,14,44.25,7.25
192975,7324,268,15,44.25,7.75
192981,7325,268,21,44.25,10.75
192982,7326,268,22,44.25,11.25
192983,7327,268,23,44.25,11.75
192999,7328,268,39,44.25,19.75
193000,7329,268,40,44.25,20.25
193001,7330,268,41,44.25,20.75
193002,7331,268,42,44.25,21.25
193003,7332,268,43,44.25,21.75
193004,7333,268,44,44.25,22.25
193005,7334,268,45,44.25,22.75
193006,7335,268,46,44.25,23.25
193007,7336,268,47,44.25,23.75
193008,7337,268,48,44.25,24.25
193009,7338,268,49,44.25,24.75
193010,7339,268,50,44.25,25.25
193011,7340,268,51,44.25,25.75
193012,7341,268,52,44.25,26.25
193013,7342,268,53,44.25,26.75
193014,7343,268,54,44.25,27.25
193015,7344,268,55,44.25,27.75
193016,7345,268,56,44.25,28.25
193116,7346,268,156,44.25,78.25
193117,7347,268,157,44.25,78.75
193118,7348,268,158,44.25,79.25
193119,7349,268,159,44.25,79.75
193195,7350,268,235,44.25,117.75
193196,7351,268,236,44.25,118.25
193197,7352,268,237,44.25,118.75
193198,7353,268,238,44.25,119.25
193199,7354,268,239,44.25,119.75
193200,7355,268,240,44.25,120.25
193201,7356,268,241,44.25,120.75
193202,7357,268,242,44.25,121.25
193203,7358,268,243,44.25,121.75
193204,7359,268,244,44.25,122.25
193205,7360,268,245,44.25,122.75
193206,7361,268,246,44.25,123.25
193207,7362,268,247,44.25,123.75
193208,7363,268,248,44.25,124.25
193209,7364,268,249,44.25,124.75
193210,7365,268,250,44.25,125.25
193211,7366,268,251,44.25,125.75
193212,7367,268,252,44.25,126.25
193217,7368,268,257,44.25,128.75
193218,7369,268,258,44.25,129.25
193219,7370,268,259,44.25,129.75
193220,7371,268,260,44.25,130.25
193221,7372,268,261,44.25,130.75
193222,7373,268,262,44.25,131.25
193244,7374,268,284,44.25,142.25
193245,7375,268,285,44.25,142.75
193433,7376,268,473,44.25,-123.25
193434,7377,268,474,44.25,-122.75
193436,7378,268,476,44.25,-121.75
193437,7379,268,477,44.25,-121.25
193438,7380,268,478,44.25,-120.75
193439,7381,268,479,44.25,-120.25
193440,7382,268,480,44.25,-119.75
193441,7383,268,481,44.25,-119.25
193443,7384,268,483,44.25,-118.25
193444,7385,268,484,44.25,-117.75
193445,7386,268,485,44.25,-117.25
193446,7387,268,486,44.25,-116.75
193447,7388,268,487,44.25,-116.25
193451,7389,268,491,44.25,-114.25
193452,7390,268,492,44.25,-113.75
193454,7391,268,494,44.25,-112.75
193455,7392,268,495,44.25,-112.25
193456,7393,268,496,44.25,-111.75
193457,7394,268,497,44.25,-111.25
193461,7395,268,501,44.25,-109.25
193463,7396,268,503,44.25,-108.25
193470,7397,268,510,44.25,-104.75
193471,7398,268,511,44.25,-104.25
193472,7399,268,512,44.25,-103.75
193473,7400,268,513,44.25,-103.25
193474,7401,268,514,44.25,-102.75
193475,7402,268,515,44.25,-102.25
193476,7403,268,516,44.25,-101.75
193477,7404,268,517,44.25,-101.25
193478,7405,268,518,44.25,-100.75
193479,7406,268,519,44.25,-100.25
193480,7407,268,520,44.25,-99.75
193481,7408,268,521,44.25,-99.25
193482,7409,268,522,44.25,-98.75
193483,7410,268,523,44.25,-98.25
193484,7411,268,524,44.25,-97.75
193485,7412,268,525,44.25,-97.25
193486,7413,268,526,44.25,-96.75
193487,7414,268,527,44.25,-96.25
193488,7415,268,528,44.25,-95.75
193489,7416,268,529,44.25,-95.25
193490,7417,268,530,44.25,-94.75
193491,7418,268,531,44.25,-94.25
193492,7419,268,532,44.25,-93.75
193493,7420,268,533,44.25,-93.25
193494,7421,268,534,44.25,-92.75
193495,7422,268,535,44.25,-92.25
193496,7423,268,536,44.25,-91.75
193497,7424,268,537,44.25,-91.25
193498,7425,268,538,44.25,-90.75
193499,7426,268,539,44.25,-90.25
193500,7427,268,540,44.25,-89.75
193501,7428,268,541,44.25,-89.25
193502,7429,268,542,44.25,-88.75
193503,7430,268,543,44.25,-88.25
193508,7431,268,548,44.25,-85.75
193509,7432,268,549,44.25,-85.25
193510,7433,268,550,44.25,-84.75
193511,7434,268,551,44.25,-84.25
193518,7435,268,558,44.25,-80.75
193519,7436,268,559,44.25,-80.25
193520,7437,268,560,44.25,-79.75
193521,7438,268,561,44.25,-79.25
193522,7439,268,562,44.25,-78.75
193523,7440,268,563,44.25,-78.25
193524,7441,268,564,44.25,-77.75
193525,7442,268,565,44.25,-77.25
193528,7443,268,568,44.25,-75.75
193533,7444,268,573,44.25,-73.25
193678,7445,268,718,44.25,-0.75
193679,7446,268,719,44.25,-0.25
193680,7447,269,0,44.75,0.25
193681,7448,269,1,44.75,0.75
193682,7449,269,2,44.75,1.25
193683,7450,269,3,44.75,1.75
193684,7451,269,4,44.75,2.25
193685,7452,269,5,44.75,2.75
193686,7453,269,6,44.75,3.25
193687,7454,269,7,44.75,3.75
193688,7455,269,8,44.75,4.25
193689,7456,269,9,44.75,4.75
193690,7457,269,10,44.75,5.25
193691,7458,269,11,44.75,5.75
193692,7459,269,12,44.75,6.25
193693,7460,269,13,44.75,6.75
193694,7461,269,14,44.75,7.25
193695,7462,269,15,44.75,7.75
193696,7463,269,16,44.75,8.25
193697,7464,269,17,44.75,8.75
193698,7465,269,18,44.75,9.25
193699,7466,269,19,44.75,9.75
193700,7467,269,20,44.75,10.25
193701,7468,269,21,44.75,10.75
193702,7469,269,22,44.75,11.25
193703,7470,269,23,44.75,11.75
193717,7471,269,37,44.75,18.75
193718,7472,269,38,44.75,19.25
193719,7473,269,39,44.75,19.75
193720,7474,269,40,44.75,20.25
193721,7475,269,41,44.75,20.75
193722,7476,269,42,44.75,21.25
193723,7477,269,43,44.75,21.75
193724,7478,269,44,44.75,22.25
193725,7479,269,45,44.75,22.75
193726,7480,269,46,44.75,23.25
193727,7481,269,47,44.75,23.75
193728,7482,269,48,44.75,24.25
193729,7483,269,49,44.75,24.75
193730,7484,269,50,44.75,25.25
193731,7485,269,51,44.75,25.75
193732,7486,269,52,44.75,26.25
193733,7487,269,53,44.75,26.75
193734,7488,269,54,44.75,27.25
193735,7489,269,55,44.75,27.75
193736,7490,269,56,44.75,28.25
193833,7491,269,153,44.75,76.75
193836,7492,269,156,44.75,78.25
193837,7493,269,157,44.75,78.75
193838,7494,269,158,44.75,79.25
193915,7495,269,235,44.75,117.75
193916,7496,269,236,44.75,118.25
193917,7497,269,237,44.75,118.75
193918,7498,269,238,44.75,119.25
193919,7499,269,239,44.75,119.75
193920,7500,269,240,44.75,120.25
193921,7501,269,241,44.75,120.75
193922,7502,269,242,44.75,121.25
193923,7503,269,243,44.75,121.75
193924,7504,269,244,44.75,122.25
193925,7505,269,245,44.75,122.75
193926,7506,269,246,44.75,123.25
193927,7507,269,247,44.75,123.75
193928,7508,269,248,44.75,124.25
193929,7509,269,249,44.75,124.75
193930,7510,269,250,44.75,125.25
193931,7511,269,251,44.75,125.75
193932,7512,269,252,44.75,126.25
193933,7513,269,253,44.75,126.75
193937,7514,269,257,44.75,128.75
193938,7515,269,258,44.75,129.25
193939,7516,269,259,44.75,129.75
193940,7517,269,260,44.75,130.25
193941,7518,269,261,44.75,130.75
193942,7519,269,262,44.75,131.25
193964,7520,269,284,44.75,142.25
194152,7521,269,472,44.75,-123.75
194153,7522,269,473,44.75,-123.25
194154,7523,269,474,44.75,-122.75
194157,7524,269,477,44.75,-121.25
194158,7525,269,478,44.75,-120.75
194159,7526,269,479,44.75,-120.25
194160,7527,269,480,44.75,-119.75
194161,7528,269,481,44.75,-119.25
194163,7529,269,483,44.75,-118.25
194164,7530,269,484,44.75,-117.75
194165,7531,269,485,44.75,-117.25
194166,7532,269,486,44.75,-116.75
194167,7533,269,487,44.75,-116.25
194173,7534,269,493,44.75,-113.25
194174,7535,269,494,44.75,-112.75
194175,7536,269,495,44.75,-112.25
194176,7537,269,496,44.75,-111.75
194177,7538,269,497,44.75,-111.25
194178,7539,269,498,44.75,-110.75
194181,7540,269,501,44.75,-109.25
194182,7541,269,502,44.75,-108.75
194183,7542,269,503,44.75,-108.25
194184,7543,269,504,44.75,-107.75
194185,7544,269,505,44.75,-107.25
194186,7545,269,506,44.75,-106.75
194187,7546,269,507,44.75,-106.25
194189,7547,269,509,44.75,-105.25
194190,7548,269,510,44.75,-104.75
194191,7549,269,511,44.75,-104.25
194192,7550,269,512,44.75,-103.75
194193,7551,269,513,44.75,-103.25
194197,7552,269,517,44.75,-101.25
194198,7553,269,518,44.75,-100.75
194199,7554,269,519,44.75,-100.25
194200,7555,269,520,44.75,-99.75
194201,7556,269,521,44.75,-99.25
194202,7557,269,522,44.75,-98.75
194203,7558,269,523,44.75,-98.25
194204,7559,269,524,44.75,-97.75
194205,7560,269,525,44.75,-97.25
194206,7561,269,526,44.75,-96.75
194207,7562,269,527,44.75,-96.25
194208,7563,269,528,44.75,-95.75
194209,7564,269,529,44.75,-95.25
194210,7565,269,530,44.75,-94.75
194211,7566,269,531,44.75,-94.25
194212,7567,269,532,44.75,-93.75
194213,7568,269,533,44.75,-93.25
194214,7569,269,534,44.75,-92.75
194215,7570,269,535,44.75,-92.25
194216,7571,269,536,44.75,-91.75
194217,7572,269,537,44.75,-91.25
194218,7573,269,538,44.75,-90.75
194219,7574,269,539,44.75,-90.25
194220,7575,269,540,44.75,-89.75
194221,7576,269,541,44.75,-89.25
194222,7577,269,542,44.75,-88.75
194223,7578,269,543,44.75,-88.25
194230,7579,269,550,44.75,-84.75
194231,7580,269,551,44.75,-84.25
194232,7581,269,552,44.75,-83.75
194241,7582,269,561,44.75,-79.25
194242,7583,269,562,44.75,-78.75
194243,7584,269,563,44.75,-78.25
194244,7585,269,564,44.75,-77.75
194245,7586,269,565,44.75,-77.25
194246,7587,269,566,44.75,-76.75
194247,7588,269,567,44.75,-76.25
194252,7589,269,572,44.75,-73.75
194253,7590,269,573,44.75,-73.25
194399,7591,269,719,44.75,-0.25
194400,7592,270,0,45.25,0.25
194401,7593,270,1,45.25,0.75
194402,7594,270,2,45.25,1.25
194403,7595,270,3,45.25,1.75
194404,7596,270,4,45.25,2.25
194405,7597,270,5,45.25,2.75
194406,7598,270,6,45.25,3.25
194407,7599,270,7,45.25,3.75
194408,7600,270,8,45.25,4.25
194409,7601,270,9,45.25,4.75
194410,7602,270,10,45.25,5.25
194411,7603,270,11,45.25,5.75
194412,7604,270,12,45.25,6.25
194413,7605,270,13,45.25,6.75
194414,7606,270,14,45.25,7.25
194415,7607,270,15,45.25,7.75
194416,7608,270,16,45.25,8.25
194417,7609,270,17,45.25,8.75
194418,7610,270,18,45.25,9.25
194419,7611,270,19,45.25,9.75
194420,7612,270,20,45.25,10.25
194421,7613,270,21,45.25,10.75
194422,7614,270,22,45.25,11.25
194423,7615,270,23,45.25,11.75
194437,7616,270,37,45.25,18.75
194438,7617,270,38,45.25,19.25
194439,7618,270,39,45.25,19.75
194440,7619,270,40,45.25,20.25
194441,7620,270,41,45.25,20.75
194442,7621,270,42,45.25,21.25
194443,7622,270,43,45.25,21.75
194444,7623,270,44,45.25,22.25
194445,7624,270,45,45.25,22.75
194446,7625,270,46,45.25,23.25
194447,7626,270,47,45.25,23.75
194448,7627,270,48,45.25,24.25
194449,7628,270,49,45.25,24.75
194450,7629,270,50,45.25,25.25
194451,7630,270,51,45.25,25.75
194452,7631,270,52,45.25,26.25
194453,7632,270,53,45.25,26.75
194454,7633,270,54,45.25,27.25
194455,7634,270,55,45.25,27.75
194456,7635,270,56,45.25,28.25
194457,7636,270,57,45.25,28.75
194458,7637,270,58,45.25,29.25
194468,7638,270,68,45.25,34.25
194469,7639,270,69,45.25,34.75
194555,7640,270,155,45.25,77.75
194557,7641,270,157,45.25,78.75
194558,7642,270,158,45.25,79.25
194559,7643,270,159,45.25,79.75
194560,7644,270,160,45.25,80.25
194562,7645,270,162,45.25,81.25
194563,7646,270,163,45.25,81.75
194564,7647,270,164,45.25,82.25
194634,7648,270,234,45.25,117.25
194636,7649,270,236,45.25,118.25
194637,7650,270,237,45.25,118.75
194638,7651,270,238,45.25,119.25
194639,7652,270,239,45.25,119.75
194640,7653,270,240,45.25,120.25
194641,7654,270,241,45.25,120.75
194642,7655,270,242,45.25,121.25
194643,7656,270,243,45.25,121.75
194644,7657,270,244,45.25,122.25
194645,7658,270,245,45.25,122.75
194646,7659,270,246,45.25,123.25
194647,7660,270,247,45.25,123.75
194648,7661,270,248,45.25,124.25
194649,7662,270,249,45.25,124.75
194650,7663,270,250,45.25,125.25
194651,7664,270,251,45.25,125.75
194652,7665,270,252,45.25,126.25
194653,7666,270,253,45.25,126.75
194658,7667,270,258,45.25,129.25
194659,7668,270,259,45.25,129.75
194660,7669,270,260,45.25,130.25
194661,7670,270,261,45.25,130.75
194662,7671,270,262,45.25,131.25
194663,7672,270,263,45.25,131.75
194666,7673,270,266,45.25,133.25
194873,7674,270,473,45.25,-123.25
194874,7675,270,474,45.25,-122.75
194875,7676,270,475,45.25,-122.25
194877,7677,270,477,45.25,-121.25
194878,7678,270,478,45.25,-120.75
194879,7679,270,479,45.25,-120.25
194880,7680,270,480,45.25,-119.75
194881,7681,270,481,45.25,-119.25
194882,7682,270,482,45.25,-118.75
194883,7683,270,483,45.25,-118.25
194884,7684,270,484,45.25,-117.75
194885,7685,270,485,45.25,-117.25
194886,7686,270,486,45.25,-116.75
194887,7687,270,487,45.25,-116.25
194888,7688,270,488,45.25,-115.75
194889,7689,270,489,45.25,-115.25
194890,7690,270,490,45.25,-114.75
194892,7691,270,492,45.25,-113.75
194893,7692,270,493,45.25,-113.25
194894,7693,270,494,45.25,-112.75
194895,7694,270,495,45.25,-112.25
194896,7695,270,496,45.25,-111.75
194897,7696,270,497,45.25,-111.25
194898,7697,270,498,45.25,-110.75
194900,7698,270,500,45.25,-109.75
194901,7699,270,501,45.25,-109.25
194902,7700,270,502,45.25,-108.75
194903,7701,270,503,45.25,-108.25
194904,7702,270,504,45.25,-107.75
194905,7703,270,505,45.25,-107.25
194906,7704,270,506,45.25,-106.75
194907,7705,270,507,45.25,-106.25
194908,7706,270,508,45.25,-105.75
194910,7707,270,510,45.25,-104.75
194913,7708,270,513,45.25,-103.25
194914,7709,270,514,45.25,-102.75
194917,7710,270,517,45.25,-101.25
194918,7711,270,518,45.25,-100.75
194919,7712,270,519,45.25,-100.25
194920,7713,270,520,45.25,-99.75
194921,7714,270,521,45.25,-99.25
194922,7715,270,522,45.25,-98.75
194923,7716,270,523,45.25,-98.25
194924,7717,270,524,45.25,-97.75
194925,7718,270,525,45.25,-97.25
194926,7719,270,526,45.25,-96.75
194927,7720,270,527,45.25,-96.25
194928,7721,270,528,45.25,-95.75
194929,7722,270,529,45.25,-95.25
194930,7723,270,530,45.25,-94.75
194931,7724,270,531,45.25,-94.25
194932,7725,270,532,45.25,-93.75
194933,7726,270,533,45.25,-93.25
194934,7727,270,534,45.25,-92.75
194935,7728,270,535,45.25,-92.25
194936,7729,270,536,45.25,-91.75
194940,7730,270,540,45.25,-89.75
194941,7731,270,541,45.25,-89.25
194942,7732,270,542,45.25,-88.75
194943,7733,270,543,45.25,-88.25
194950,7734,270,550,45.25,-84.75
194951,7735,270,551,45.25,-84.25
194965,7736,270,565,45.25,-77.25
194966,7737,270,566,45.25,-76.75
194967,7738,270,567,45.25,-76.25
194968,7739,270,568,45.25,-75.75
194969,7740,270,569,45.25,-75.25
194973,7741,270,573,45.25,-73.25
194974,7742,270,574,45.25,-72.75
194975,7743,270,575,45.25,-72.25
194976,7744,270,576,45.25,-71.75
195119,7745,270,719,45.25,-0.25
195120,7746,271,0,45.75,0.25
195121,7747,271,1,45.75,0.75
195122,7748,271,2,45.75,1.25
195123,7749,271,3,45.75,1.75
195124,7750,271,4,45.75,2.25
195125,7751,271,5,45.75,2.75
195126,7752,271,6,45.75,3.25
195127,7753,271,7,45.75,3.75
195128,7754,271,8,45.75,4.25
195129,7755,271,9,45.75,4.75
195130,7756,271,10,45.75,5.25
195131,7757,271,11,45.75,5.75
195132,7758,271,12,45.75,6.25
195133,7759,271,13,45.75,6.75
195135,7760,271,15,45.75,7.75
195136,7761,271,16,45.75,8.25
195137,7762,271,17,45.75,8.75
195138,7763,271,18,45.75,9.25
195139,7764,271,19,45.75,9.75
195140,7765,271,20,45.75,10.25
195141,7766,271,21,45.75,10.75
195142,7767,271,22,45.75,11.25
195143,7768,271,23,45.75,11.75
195157,7769,271,37,45.75,18.75
195158,7770,271,38,45.75,19.25
195159,7771,271,39,45.75,19.75
195160,7772,271,40,45.75,20.25
195161,7773,271,41,45.75,20.75
195162,7774,271,42,45.75,21.25
195163,7775,271,43,45.75,21.75
195164,7776,271,44,45.75,22.25
195165,7777,271,45,45.75,22.75
195166,7778,271,46,45.75,23.25
195167,7779,271,47,45.75,23.75
195168,7780,271,48,45.75,24.25
195169,7781,271,49,45.75,24.75
195170,7782,271,50,45.75,25.25
195171,7783,271,51,45.75,25.75
195172,7784,271,52,45.75,26.25
195173,7785,271,53,45.75,26.75
195174,7786,271,54,45.75,27.25
195175,7787,271,55,45.75,27.75
195176,7788,271,56,45.75,28.25
195177,7789,271,57,45.75,28.75
195178,7790,271,58,45.75,29.25
195188,7791,271,68,45.75,34.25
195278,7792,271,158,45.75,79.25
195279,7793,271,159,45.75,79.75
195280,7794,271,160,45.75,80.25
195281,7795,271,161,45.75,80.75
195282,7796,271,162,45.75,81.25
195284,7797,271,164,45.75,82.25
195352,7798,271,232,45.75,116.25
195353,7799,271,233,45.75,116.75
195356,7800,271,236,45.75,118.25
195357,7801,271,237,45.75,118.75
195358,7802,271,238,45.75,119.25
195359,7803,271,239,45.75,119.75
195360,7804,271,240,45.75,120.25
195361,7805,271,241,45.75,120.75
195362,7806,271,242,45.75,121.25
195363,7807,271,243,45.75,121.75
195364,7808,271,244,45.75,122.25
195365,7809,271,245,45.75,122.75
195366,7810,271,246,45.75,123.25
195367,7811,271,247,45.75,123.75
195368,7812,271,248,45.75,124.25
195369,7813,271,249,45.75,124.75
195370,7814,271,250,45.75,125.25
195371,7815,271,251,45.75,125.75
195372,7816,271,252,45.75,126.25
195373,7817,271,253,45.75,126.75
195374,7818,271,254,45.75,127.25
195375,7819,271,255,45.75,127.75
195376,7820,271,256,45.75,128.25
195377,7821,271,257,45.75,128.75
195378,7822,271,258,45.75,129.25
195379,7823,271,259,45.75,129.75
195380,7824,271,260,45.75,130.25
195381,7825,271,261,45.75,130.75
195382,7826,271,262,45.75,131.25
195383,7827,271,263,45.75,131.75
195384,7828,271,264,45.75,132.25
195385,7829,271,265,45.75,132.75
195387,7830,271,267,45.75,133.75
195593,7831,271,473,45.75,-123.25
195594,7832,271,474,45.75,-122.75
195595,7833,271,475,45.75,-122.25
195597,7834,271,477,45.75,-121.25
195598,7835,271,478,45.75,-120.75
195599,7836,271,479,45.75,-120.25
195600,7837,271,480,45.75,-119.75
195601,7838,271,481,45.75,-119.25
195602,7839,271,482,45.75,-118.75
195603,7840,271,483,45.75,-118.25
195604,7841,271,484,45.75,-117.75
195605,7842,271,485,45.75,-117.25
195606,7843,271,486,45.75,-116.75
195607,7844,271,487,45.75,-116.25
195611,7845,271,491,45.75,-114.25
195612,7846,271,492,45.75,-113.75
195613,7847,271,493,45.75,-113.25
195614,7848,271,494,45.75,-112.75
195615,7849,271,495,45.75,-112.25
195616,7850,271,496,45.75,-111.75
195617,7851,271,497,45.75,-111.25
195618,7852,271,498,45.75,-110.75
195619,7853,271,499,45.75,-110.25
195620,7854,271,500,45.75,-109.75
195621,7855,271,501,45.75,-109.25
195622,7856,271,502,45.75,-108.75
195623,7857,271,503,45.75,-108.25
195624,7858,271,504,45.75,-107.75
195625,7859,271,505,45.75,-107.25
195626,7860,271,506,45.75,-106.75
195627,7861,271,507,45.75,-106.25
195630,7862,271,510,45.75,-104.75
195631,7863,271,511,45.75,-104.25
195632,7864,271,512,45.75,-103.75
195633,7865,271,513,45.75,-103.25
195634,7866,271,514,45.75,-102.75
195635,7867,271,515,45.75,-102.25
195636,7868,271,516,45.75,-101.75
195637,7869,271,517,45.75,-101.25
195638,7870,271,518,45.75,-100.75
195639,7871,271,519,45.75,-100.25
195640,7872,271,520,45.75,-99.75
195641,7873,271,521,45.75,-99.25
195642,7874,271,522,45.75,-98.75
195643,7875,271,523,45.75,-98.25
195644,7876,271,524,45.75,-97.75
195645,7877,271,525,45.75,-97.25
195646,7878,271,526,45.75,-96.75
195647,7879,271,527,45.75,-96.25
195648,7880,271,528,45.75,-95.75
195649,7881,271,529,45.75,-95.25
195650,7882,271,530,45.75,-94.75
195651,7883,271,531,45.75,-94.25
195652,7884,271,532,45.75,-93.75
195653,7885,271,533,45.75,-93.25
195654,7886,271,534,45.75,-92.75
195655,7887,271,535,45.75,-92.25
195656,7888,271,536,45.75,-91.75
195663,7889,271,543,45.75,-88.25
195664,7890,271,544,45.75,-87.75
195685,7891,271,565,45.75,-77.25
195686,7892,271,566,45.75,-76.75
195687,7893,271,567,45.75,-76.25
195688,7894,271,568,45.75,-75.75
195690,7895,271,570,45.75,-74.75
195691,7896,271,571,45.75,-74.25
195695,7897,271,575,45.75,-72.25
195696,7898,271,576,45.75,-71.75
195697,7899,271,577,45.75,-71.25
195698,7900,271,578,45.75,-70.75
195839,7901,271,719,45.75,-0.25
195840,7902,272,0,46.25,0.25
195841,7903,272,1,46.25,0.75
195842,7904,272,2,46.25,1.25
195843,7905,272,3,46.25,1.75
195844,7906,272,4,46.25,2.25
195845,7907,272,5,46.25,2.75
195846,7908,272,6,46.25,3.25
195847,7909,272,7,46.25,3.75
195848,7910,272,8,46.25,4.25
195849,7911,272,9,46.25,4.75
195850,7912,272,10,46.25,5.25
195851,7913,272,11,46.25,5.75
195852,7914,272,12,46.25,6.25
195853,7915,272,13,46.25,6.75
195856,7916,272,16,46.25,8.25
195858,7917,272,18,46.25,9.25
195859,7918,272,19,46.25,9.75
195860,7919,272,20,46.25,10.25
195863,7920,272,23,46.25,11.75
195864,7921,272,24,46.25,12.25
195865,7922,272,25,46.25,12.75
195866,7923,272,26,46.25,13.25
195867,7924,272,27,46.25,13.75
195868,7925,272,28,46.25,14.25
195869,7926,272,29,46.25,14.75
195870,7927,272,30,46.25,15.25
195872,7928,272,32,46.25,16.25
195873,7929,272,33,46.25,16.75
195874,7930,272,34,46.25,17.25
195875,7931,272,35,46.25,17.75
195876,7932,272,36,46.25,18.25
195877,7933,272,37,46.25,18.75
195878,7934,272,38,46.25,19.25
195879,7935,272,39,46.25,19.75
195880,7936,272,40,46.25,20.25
195881,7937,272,41,46.25,20.75
195882,7938,272,42,46.25,21.25
195883,7939,272,43,46.25,21.75
195884,7940,272,44,46.25,22.25
195885,7941,272,45,46.25,22.75
195886,7942,272,46,46.25,23.25
195887,7943,272,47,46.25,23.75
195888,7944,272,48,46.25,24.25
195889,7945,272,49,46.25,24.75
195890,7946,272,50,46.25,25.25
195891,7947,272,51,46.25,25.75
195892,7948,272,52,46.25,26.25
195893,7949,272,53,46.25,26.75
195894,7950,272,54,46.25,27.25
195895,7951,272,55,46.25,27.75
195896,7952,272,56,46.25,28.25
195897,7953,272,57,46.25,28.75
195898,7954,272,58,46.25,29.25
195899,7955,272,59,46.25,29.75
195994,7956,272,154,46.25,77.25
196001,7957,272,161,46.25,80.75
196002,7958,272,162,46.25,81.25
196003,7959,272,163,46.25,81.75
196004,7960,272,164,46.25,82.25
196005,7961,272,165,46.25,82.75
196073,7962,272,233,46.25,116.75
196074,7963,272,234,46.25,117.25
196075,7964,272,235,46.25,117.75
196076,7965,272,236,46.25,118.25
196077,7966,272,237,46.25,118.75
196078,7967,272,238,46.25,119.25
196079,7968,272,239,46.25,119.75
196080,7969,272,240,46.25,120.25
196081,7970,272,241,46.25,120.75
196082,7971,272,242,46.25,121.25
196083,7972,272,243,46.25,121.75
196084,7973,272,244,46.25,122.25
196085,7974,272,245,46.25,122.75
196086,7975,272,246,46.25,123.25
196087,7976,272,247,46.25,123.75
196088,7977,272,248,46.25,124.25
196089,7978,272,249,46.25,124.75
196090,7979,272,250,46.25,125.25
196091,7980,272,251,46.25,125.75
196092,7981,272,252,46.25,126.25
196093,7982,272,253,46.25,126.75
196094,7983,272,254,46.25,127.25
196095,7984,272,255,46.25,127.75
196097,7985,272,257,46.25,128.75
196098,7986,272,258,46.25,129.25
196099,7987,272,259,46.25,129.75
196100,7988,272,260,46.25,130.25
196101,7989,272,261,46.25,130.75
196102,7990,272,262,46.25,131.25
196103,7991,272,263,46.25,131.75
196104,7992,272,264,46.25,132.25
196105,7993,272,265,46.25,132.75
196106,7994,272,266,46.25,133.25
196107,7995,272,267,46.25,133.75
196313,7996,272,473,46.25,-123.25
196314,7997,272,474,46.25,-122.75
196318,7998,272,478,46.25,-120.75
196319,7999,272,479,46.25,-120.25
196320,8000,272,480,46.25,-119.75
196321,8001,272,481,46.25,-119.25
196322,8002,272,482,46.25,-118.75
196323,8003,272,483,46.25,-118.25
196324,8004,272,484,46.25,-117.75
196325,8005,272,485,46.25,-117.25
196326,8006,272,486,46.25,-116.75
196327,8007,272,487,46.25,-116.25
196329,8008,272,489,46.25,-115.25
196330,8009,272,490,46.25,-114.75
196331,8010,272,491,46.25,-114.25
196334,8011,272,494,46.25,-112.75
196335,8012,272,495,46.25,-112.25
196336,8013,272,496,46.25,-111.75
196337,8014,272,497,46.25,-111.25
196338,8015,272,498,46.25,-110.75
196339,8016,272,499,46.25,-110.25
196340,8017,272,500,46.25,-109.75
196341,8018,272,501,46.25,-109.25
196342,8019,272,502,46.25,-108.75
196344,8020,272,504,46.25,-107.75
196345,8021,272,505,46.25,-107.25
196346,8022,272,506,46.25,-106.75
196347,8023,272,507,46.25,-106.25
196348,8024,272,508,46.25,-105.75
196351,8025,272,511,46.25,-104.25
196352,8026,272,512,46.25,-103.75
196353,8027,272,513,46.25,-103.25
196354,8028,272,514,46.25,-102.75
196355,8029,272,515,46.25,-102.25
196356,8030,272,516,46.25,-101.75
196357,8031,272,517,46.25,-101.25
196358,8032,272,518,46.25,-100.75
196359,8033,272,519,46.25,-100.25
196360,8034,272,520,46.25,-99.75
196361,8035,272,521,46.25,-99.25
196362,8036,272,522,46.25,-98.75
196363,8037,272,523,46.25,-98.25
196364,8038,272,524,46.25,-97.75
196365,8039,272,525,46.25,-97.25
196366,8040,272,526,46.25,-96.75
196367,8041,272,527,46.25,-96.25
196368,8042,272,528,46.25,-95.75
196369,8043,272,529,46.25,-95.25
196370,8044,272,530,46.25,-94.75
196371,8045,272,531,46.25,-94.25
196372,8046,272,532,46.25,-93.75
196373,8047,272,533,46.25,-93.25
196376,8048,272,536,46.25,-91.75
196377,8049,272,537,46.25,-91.25
196382,8050,272,542,46.25,-88.75
196399,8051,272,559,46.25,-80.25
196400,8052,272,560,46.25,-79.75
196401,8053,272,561,46.25,-79.25
196412,8054,272,572,46.25,-73.75
196416,8055,272,576,46.25,-71.75
196417,8056,272,577,46.25,-71.25
196418,8057,272,578,46.25,-70.75
196558,8058,272,718,46.25,-0.75
196559,8059,272,719,46.25,-0.25
196560,8060,273,0,46.75,0.25
196561,8061,273,1,46.75,0.75
196562,8062,273,2,46.75,1.25
196563,8063,273,3,46.75,1.75
196564,8064,273,4,46.75,2.25
196565,8065,273,5,46.75,2.75
196566,8066,273,6,46.75,3.25
196567,8067,273,7,46.75,3.75
196568,8068,273,8,46.75,4.25
196569,8069,273,9,46.75,4.75
196570,8070,273,10,46.75,5.25
196571,8071,273,11,46.75,5.75
196572,8072,273,12,46.75,6.25
196592,8073,273,32,46.75,16.25
196593,8074,273,33,46.75,16.75
196594,8075,273,34,46.75,17.25
196595,8076,273,35,46.75,17.75
196596,8077,273,36,46.75,18.25
196597,8078,273,37,46.75,18.75
196598,8079,273,38,46.75,19.25
196599,8080,273,39,46.75,19.75
196600,8081,273,40,46.75,20.25
196601,8082,273,41,46.75,20.75
196602,8083,273,42,46.75,21.25
196603,8084,273,43,46.75,21.75
196604,8085,273,44,46.75,22.25
196605,8086,273,45,46.75,22.75
196606,8087,273,46,46.75,23.25
196607,8088,273,47,46.75,23.75
196608,8089,273,48,46.75,24.25
196609,8090,273,49,46.75,24.75
196610,8091,273,50,46.75,25.25
196611,8092,273,51,46.75,25.75
196612,8093,273,52,46.75,26.25
196613,8094,273,53,46.75,26.75
196614,8095,273,54,46.75,27.25
196615,8096,273,55,46.75,27.75
196616,8097,273,56,46.75,28.25
196617,8098,273,57,46.75,28.75
196618,8099,273,58,46.75,29.25
196619,8100,273,59,46.75,29.75
196620,8101,273,60,46.75,30.25
196626,8102,273,66,46.75,33.25
196627,8103,273,67,46.75,33.75
196628,8104,273,68,46.75,34.25
196629,8105,273,69,46.75,34.75
196630,8106,273,70,46.75,35.25
196718,8107,273,158,46.75,79.25
196721,8108,273,161,46.75,80.75
196722,8109,273,162,46.75,81.25
196723,8110,273,163,46.75,81.75
196724,8111,273,164,46.75,82.25
196725,8112,273,165,46.75,82.75
196729,8113,273,169,46.75,84.75
196730,8114,273,170,46.75,85.25
196795,8115,273,235,46.75,117.75
196799,8116,273,239,46.75,119.75
196800,8117,273,240,46.75,120.25
196801,8118,273,241,46.75,120.75
196802,8119,273,242,46.75,121.25
196803,8120,273,243,46.75,121.75
196804,8121,273,244,46.75,122.25
196805,8122,273,245,46.75,122.75
196806,8123,273,246,46.75,123.25
196807,8124,273,247,46.75,123.75
196808,8125,273,248,46.75,124.25
196809,8126,273,249,46.75,124.75
196810,8127,273,250,46.75,125.25
196811,8128,273,251,46.75,125.75
196812,8129,273,252,46.75,126.25
196813,8130,273,253,46.75,126.75
196814,8131,273,254,46.75,127.25
196815,8132,273,255,46.75,127.75
196816,8133,273,256,46.75,128.25
196817,8134,273,257,46.75,128.75
196818,8135,273,258,46.75,129.25
196819,8136,273,259,46.75,129.75
196820,8137,273,260,46.75,130.25
196821,8138,273,261,46.75,130.75
196822,8139,273,262,46.75,131.25
196823,8140,273,263,46.75,131.75
196824,8141,273,264,46.75,132.25
196825,8142,273,265,46.75,132.75
196826,8143,273,266,46.75,133.25
196827,8144,273,267,46.75,133.75
197033,8145,273,473,46.75,-123.25
197034,8146,273,474,46.75,-122.75
197038,8147,273,478,46.75,-120.75
197039,8148,273,479,46.75,-120.25
197040,8149,273,480,46.75,-119.75
197041,8150,273,481,46.75,-119.25
197042,8151,273,482,46.75,-118.75
197043,8152,273,483,46.75,-118.25
197044,8153,273,484,46.75,-117.75
197045,8154,273,485,46.75,-117.25
197046,8155,273,486,46.75,-116.75
197050,8156,273,490,46.75,-114.75
197051,8157,273,491,46.75,-114.25
197052,8158,273,492,46.75,-113.75
197053,8159,273,493,46.75,-113.25
197054,8160,273,494,46.75,-112.75
197055,8161,273,495,46.75,-112.25
197056,8162,273,496,46.75,-111.75
197057,8163,273,497,46.75,-111.25
197058,8164,273,498,46.75,-110.75
197059,8165,273,499,46.75,-110.25
197060,8166,273,500,46.75,-109.75
197061,8167,273,501,46.75,-109.25
197062,8168,273,502,46.75,-108.75
197063,8169,273,503,46.75,-108.25
197067,8170,273,507,46.75,-106.25
197068,8171,273,508,46.75,-105.75
197069,8172,273,509,46.75,-105.25
197070,8173,273,510,46.75,-104.75
197071,8174,273,511,46.75,-104.25
197072,8175,273,512,46.75,-103.75
197073,8176,273,513,46.75,-103.25
197074,8177,273,514,46.75,-102.75
197075,8178,273,515,46.75,-102.25
197076,8179,273,516,46.75,-101.75
197077,8180,273,517,46.75,-101.25
197078,8181,273,518,46.75,-100.75
197079,8182,273,519,46.75,-100.25
197080,8183,273,520,46.75,-99.75
197081,8184,273,521,46.75,-99.25
197082,8185,273,522,46.75,-98.75
197083,8186,273,523,46.75,-98.25
197084,8187,273,524,46.75,-97.75
197085,8188,273,525,46.75,-97.25
197086,8189,273,526,46.75,-96.75
197087,8190,273,527,46.75,-96.25
197088,8191,273,528,46.75,-95.75
197089,8192,273,529,46.75,-95.25
197090,8193,273,530,46.75,-94.75
197117,8194,273,557,46.75,-81.25
197123,8195,273,563,46.75,-78.25
197128,8196,273,568,46.75,-75.75
197129,8197,273,569,46.75,-75.25
197134,8198,273,574,46.75,-72.75
197135,8199,273,575,46.75,-72.25
197139,8200,273,579,46.75,-70.25
197140,8201,273,580,46.75,-69.75
197277,8202,273,717,46.75,-1.25
197278,8203,273,718,46.75,-0.75
197279,8204,273,719,46.75,-0.25
197280,8205,274,0,47.25,0.25
197281,8206,274,1,47.25,0.75
197282,8207,274,2,47.25,1.25
197283,8208,274,3,47.25,1.75
197284,8209,274,4,47.25,2.25
197285,8210,274,5,47.25,2.75
197286,8211,274,6,47.25,3.25
197287,8212,274,7,47.25,3.75
197288,8213,274,8,47.25,4.25
197289,8214,274,9,47.25,4.75
197290,8215,274,10,47.25,5.25
197291,8216,274,11,47.25,5.75
197292,8217,274,12,47.25,6.25
197293,8218,274,13,47.25,6.75
197294,8219,274,14,47.25,7.25
197300,8220,274,20,47.25,10.25
197312,8221,274,32,47.25,16.25
197313,8222,274,33,47.25,16.75
197314,8223,274,34,47.25,17.25
197315,8224,274,35,47.25,17.75
197316,8225,274,36,47.25,18.25
197317,8226,274,37,47.25,18.75
197318,8227,274,38,47.25,19.25
197319,8228,274,39,47.25,19.75
197320,8229,274,40,47.25,20.25
197321,8230,274,41,47.25,20.75
197322,8231,274,42,47.25,21.25
197323,8232,274,43,47.25,21.75
197324,8233,274,44,47.25,22.25
197325,8234,274,45,47.25,22.75
197326,8235,274,46,47.25,23.25
197327,8236,274,47,47.25,23.75
197328,8237,274,48,47.25,24.25
197329,8238,274,49,47.25,24.75
197330,8239,274,50,47.25,25.25
197331,8240,274,51,47.25,25.75
197332,8241,274,52,47.25,26.25
197333,8242,274,53,47.25,26.75
197334,8243,274,54,47.25,27.25
197335,8244,274,55,47.25,27.75
197336,8245,274,56,47.25,28.25
197337,8246,274,57,47.25,28.75
197338,8247,274,58,47.25,29.25
197339,8248,274,59,47.25,29.75
197340,8249,274,60,47.25,30.25
197341,8250,274,61,47.25,30.75
197342,8251,274,62,47.25,31.25
197344,8252,274,64,47.25,32.25
197345,8253,274,65,47.25,32.75
197346,8254,274,66,47.25,33.25
197347,8255,274,67,47.25,33.75
197348,8256,274,68,47.25,34.25
197349,8257,274,69,47.25,34.75
197350,8258,274,70,47.25,35.25
197351,8259,274,71,47.25,35.75
197352,8260,274,72,47.25,36.25
197353,8261,274,73,47.25,36.75
197354,8262,274,74,47.25,37.25
197438,8263,274,158,47.25,79.25
197441,8264,274,161,47.25,80.75
197442,8265,274,162,47.25,81.25
197443,8266,274,163,47.25,81.75
197444,8267,274,164,47.25,82.25
197445,8268,274,165,47.25,82.75
197446,8269,274,166,47.25,83.25
197447,8270,274,167,47.25,83.75
197448,8271,274,168,47.25,84.25
197449,8272,274,169,47.25,84.75
197450,8273,274,170,47.25,85.25
197518,8274,274,238,47.25,119.25
197519,8275,274,239,47.25,119.75
197520,8276,274,240,47.25,120.25
197521,8277,274,241,47.25,120.75
197522,8278,274,242,47.25,121.25
197523,8279,274,243,47.25,121.75
197524,8280,274,244,47.25,122.25
197525,8281,274,245,47.25,122.75
197526,8282,274,246,47.25,123.25
197527,8283,274,247,47.25,123.75
197528,8284,274,248,47.25,124.25
197529,8285,274,249,47.25,124.75
197530,8286,274,250,47.25,125.25
197531,8287,274,251,47.25,125.75
197532,8288,274,252,47.25,126.25
197533,8289,274,253,47.25,126.75
197534,8290,274,254,47.25,127.25
197535,8291,274,255,47.25,127.75
197536,8292,274,256,47.25,128.25
197538,8293,274,258,47.25,129.25
197539,8294,274,259,47.25,129.75
197540,8295,274,260,47.25,130.25
197541,8296,274,261,47.25,130.75
197542,8297,274,262,47.25,131.25
197543,8298,274,263,47.25,131.75
197544,8299,274,264,47.25,132.25
197545,8300,274,265,47.25,132.75
197546,8301,274,266,47.25,133.25
197547,8302,274,267,47.25,133.75
197548,8303,274,268,47.25,134.25
197758,8304,274,478,47.25,-120.75
197759,8305,274,479,47.25,-120.25
197760,8306,274,480,47.25,-119.75
197761,8307,274,481,47.25,-119.25
197762,8308,274,482,47.25,-118.75
197763,8309,274,483,47.25,-118.25
197764,8310,274,484,47.25,-117.75
197765,8311,274,485,47.25,-117.25
197766,8312,274,486,47.25,-116.75
197770,8313,274,490,47.25,-114.75
197771,8314,274,491,47.25,-114.25
197774,8315,274,494,47.25,-112.75
197775,8316,274,495,47.25,-112.25
197776,8317,274,496,47.25,-111.75
197777,8318,274,497,47.25,-111.25
197778,8319,274,498,47.25,-110.75
197779,8320,274,499,47.25,-110.25
197780,8321,274,500,47.25,-109.75
197781,8322,274,501,47.25,-109.25
197787,8323,274,507,47.25,-106.25
197788,8324,274,508,47.25,-105.75
197789,8325,274,509,47.25,-105.25
197790,8326,274,510,47.25,-104.75
197791,8327,274,511,47.25,-104.25
197792,8328,274,512,47.25,-103.75
197793,8329,274,513,47.25,-103.25
197794,8330,274,514,47.25,-102.75
197795,8331,274,515,47.25,-102.25
197796,8332,274,516,47.25,-101.75
197797,8333,274,517,47.25,-101.25
197798,8334,274,518,47.25,-100.75
197799,8335,274,519,47.25,-100.25
197800,8336,274,520,47.25,-99.75
197801,8337,274,521,47.25,-99.25
197802,8338,274,522,47.25,-98.75
197803,8339,274,523,47.25,-98.25
197804,8340,274,524,47.25,-97.75
197805,8341,274,525,47.25,-97.25
197806,8342,274,526,47.25,-96.75
197807,8343,274,527,47.25,-96.25
197808,8344,274,528,47.25,-95.75
197809,8345,274,529,47.25,-95.25
197810,8346,274,530,47.25,-94.75
197840,8347,274,560,47.25,-79.75
197841,8348,274,561,47.25,-79.25
197842,8349,274,562,47.25,-78.75
197860,8350,274,580,47.25,-69.75
197862,8351,274,582,47.25,-68.75
197997,8352,274,717,47.25,-1.25
197998,8353,274,718,47.25,-0.75
197999,8354,274,719,47.25,-0.25
198000,8355,275,0,47.75,0.25
198001,8356,275,1,47.75,0.75
198002,8357,275,2,47.75,1.25
198003,8358,275,3,47.75,1.75
198004,8359,275,4,47.75,2.25
198005,8360,275,5,47.75,2.75
198006,8361,275,6,47.75,3.25
198007,8362,275,7,47.75,3.75
198008,8363,275,8,47.75,4.25
198009,8364,275,9,47.75,4.75
198010,8365,275,10,47.75,5.25
198011,8366,275,11,47.75,5.75
198012,8367,275,12,47.75,6.25
198013,8368,275,13,47.75,6.75
198014,8369,275,14,47.75,7.25
198015,8370,275,15,47.75,7.75
198016,8371,275,16,47.75,8.25
198017,8372,275,17,47.75,8.75
198018,8373,275,18,47.75,9.25
198019,8374,275,19,47.75,9.75
198020,8375,275,20,47.75,10.25
198021,8376,275,21,47.75,10.75
198022,8377,275,22,47.75,11.25
198023,8378,275,23,47.75,11.75
198024,8379,275,24,47.75,12.25
198025,8380,275,25,47.75,12.75
198033,8381,275,33,47.75,16.75
198034,8382,275,34,47.75,17.25
198035,8383,275,35,47.75,17.75
198036,8384,275,36,47.75,18.25
198037,8385,275,37,47.75,18.75
198038,8386,275,38,47.75,19.25
198039,8387,275,39,47.75,19.75
198040,8388,275,40,47.75,20.25
198041,8389,275,41,47.75,20.75
198042,8390,275,42,47.75,21.25
198043,8391,275,43,47.75,21.75
198044,8392,275,44,47.75,22.25
198045,8393,275,45,47.75,22.75
198046,8394,275,46,47.75,23.25
198047,8395,275,47,47.75,23.75
198048,8396,275,48,47.75,24.25
198049,8397,275,49,47.75,24.75
198050,8398,275,50,47.75,25.25
198051,8399,275,51,47.75,25.75
198052,8400,275,52,47.75,26.25
198053,8401,275,53,47.75,26.75
198054,8402,275,54,47.75,27.25
198055,8403,275,55,47.75,27.75
198056,8404,275,56,47.75,28.25
198057,8405,275,57,47.75,28.75
198058,8406,275,58,47.75,29.25
198059,8407,275,59,47.75,29.75
198060,8408,275,60,47.75,30.25
198061,8409,275,61,47.75,30.75
198062,8410,275,62,47.75,31.25
198063,8411,275,63,47.75,31.75
198064,8412,275,64,47.75,32.25
198065,8413,275,65,47.75,32.75
198066,8414,275,66,47.75,33.25
198067,8415,275,67,47.75,33.75
198068,8416,275,68,47.75,34.25
198069,8417,275,69,47.75,34.75
198070,8418,275,70,47.75,35.25
198071,8419,275,71,47.75,35.75
198072,8420,275,72,47.75,36.25
198073,8421,275,73,47.75,36.75
198074,8422,275,74,47.75,37.25
198075,8423,275,75,47.75,37.75
198076,8424,275,76,47.75,38.25
198077,8425,275,77,47.75,38.75
198078,8426,275,78,47.75,39.25
198079,8427,275,79,47.75,39.75
198161,8428,275,161,47.75,80.75
198162,8429,275,162,47.75,81.25
198163,8430,275,163,47.75,81.75
198165,8431,275,165,47.75,82.75
198166,8432,275,166,47.75,83.25
198167,8433,275,167,47.75,83.75
198169,8434,275,169,47.75,84.75
198170,8435,275,170,47.75,85.25
198237,8436,275,237,47.75,118.75
198238,8437,275,238,47.75,119.25
198239,8438,275,239,47.75,119.75
198240,8439,275,240,47.75,120.25
198241,8440,275,241,47.75,120.75
198242,8441,275,242,47.75,121.25
198243,8442,275,243,47.75,121.75
198244,8443,275,244,47.75,122.25
198245,8444,275,245,47.75,122.75
198246,8445,275,246,47.75,123.25
198247,8446,275,247,47.75,123.75
198248,8447,275,248,47.75,124.25
198249,8448,275,249,47.75,124.75
198250,8449,275,250,47.75,125.25
198251,8450,275,251,47.75,125.75
198252,8451,275,252,47.75,126.25
198253,8452,275,253,47.75,126.75
198254,8453,275,254,47.75,127.25
198255,8454,275,255,47.75,127.75
198256,8455,275,256,47.75,128.25
198257,8456,275,257,47.75,128.75
198258,8457,275,258,47.75,129.25
198259,8458,275,259,47.75,129.75
198260,8459,275,260,47.75,130.25
198261,8460,275,261,47.75,130.75
198262,8461,275,262,47.75,131.25
198263,8462,275,263,47.75,131.75
198264,8463,275,264,47.75,132.25
198266,8464,275,266,47.75,133.25
198267,8465,275,267,47.75,133.75
198268,8466,275,268,47.75,134.25
198269,8467,275,269,47.75,134.75
198476,8468,275,476,47.75,-121.75
198479,8469,275,479,47.75,-120.25
198480,8470,275,480,47.75,-119.75
198481,8471,275,481,47.75,-119.25
198482,8472,275,482,47.75,-118.75
198483,8473,275,483,47.75,-118.25
198484,8474,275,484,47.75,-117.75
198485,8475,275,485,47.75,-117.25
198486,8476,275,486,47.75,-116.75
198488,8477,275,488,47.75,-115.75
198490,8478,275,490,47.75,-114.75
198491,8479,275,491,47.75,-114.25
198492,8480,275,492,47.75,-113.75
198493,8481,275,493,47.75,-113.25
198494,8482,275,494,47.75,-112.75
198495,8483,275,495,47.75,-112.25
198496,8484,275,496,47.75,-111.75
198497,8485,275,497,47.75,-111.25
198498,8486,275,498,47.75,-110.75
198499,8487,275,499,47.75,-110.25
198501,8488,275,501,47.75,-109.25
198502,8489,275,502,47.75,-108.75
198507,8490,275,507,47.75,-106.25
198508,8491,275,508,47.75,-105.75
198509,8492,275,509,47.75,-105.25
198510,8493,275,510,47.75,-104.75
198511,8494,275,511,47.75,-104.25
198512,8495,275,512,47.75,-103.75
198513,8496,275,513,47.75,-103.25
198514,8497,275,514,47.75,-102.75
198515,8498,275,515,47.75,-102.25
198516,8499,275,516,47.75,-101.75
198517,8500,275,517,47.75,-101.25
198518,8501,275,518,47.75,-100.75
198519,8502,275,519,47.75,-100.25
198520,8503,275,520,47.75,-99.75
198521,8504,275,521,47.75,-99.25
198522,8505,275,522,47.75,-98.75
198523,8506,275,523,47.75,-98.25
198524,8507,275,524,47.75,-97.75
198525,8508,275,525,47.75,-97.25
198526,8509,275,526,47.75,-96.75
198527,8510,275,527,47.75,-96.25
198528,8511,275,528,47.75,-95.75
198529,8512,275,529,47.75,-95.25
198530,8513,275,530,47.75,-94.75
198531,8514,275,531,47.75,-94.25
198559,8515,275,559,47.75,-80.25
198560,8516,275,560,47.75,-79.75
198561,8517,275,561,47.75,-79.25
198563,8518,275,563,47.75,-78.25
198578,8519,275,578,47.75,-70.75
198581,8520,275,581,47.75,-69.25
198582,8521,275,582,47.75,-68.75
198715,8522,275,715,47.75,-2.25
198716,8523,275,716,47.75,-1.75
198717,8524,275,717,47.75,-1.25
198718,8525,275,718,47.75,-0.75
198719,8526,275,719,47.75,-0.25
198720,8527,276,0,48.25,0.25
198721,8528,276,1,48.25,0.75
198722,8529,276,2,48.25,1.25
198723,8530,276,3,48.25,1.75
198724,8531,276,4,48.25,2.25
198725,8532,276,5,48.25,2.75
198726,8533,276,6,48.25,3.25
198727,8534,276,7,48.25,3.75
198728,8535,276,8,48.25,4.25
198729,8536,276,9,48.25,4.75
198730,8537,276,10,48.25,5.25
198731,8538,276,11,48.25,5.75
198732,8539,276,12,48.25,6.25
198733,8540,276,13,48.25,6.75
198734,8541,276,14,48.25,7.25
198735,8542,276,15,48.25,7.75
198736,8543,276,16,48.25,8.25
198737,8544,276,17,48.25,8.75
198738,8545,276,18,48.25,9.25
198739,8546,276,19,48.25,9.75
198740,8547,276,20,48.25,10.25
198741,8548,276,21,48.25,10.75
198742,8549,276,22,48.25,11.25
198743,8550,276,23,48.25,11.75
198744,8551,276,24,48.25,12.25
198745,8552,276,25,48.25,12.75
198746,8553,276,26,48.25,13.25
198758,8554,276,38,48.25,19.25
198759,8555,276,39,48.25,19.75
198760,8556,276,40,48.25,20.25
198761,8557,276,41,48.25,20.75
198762,8558,276,42,48.25,21.25
198763,8559,276,43,48.25,21.75
198764,8560,276,44,48.25,22.25
198765,8561,276,45,48.25,22.75
198766,8562,276,46,48.25,23.25
198767,8563,276,47,48.25,23.75
198768,8564,276,48,48.25,24.25
198769,8565,276,49,48.25,24.75
198770,8566,276,50,48.25,25.25
198771,8567,276,51,48.25,25.75
198772,8568,276,52,48.25,26.25
198773,8569,276,53,48.25,26.75
198774,8570,276,54,48.25,27.25
198775,8571,276,55,48.25,27.75
198776,8572,276,56,48.25,28.25
198777,8573,276,57,48.25,28.75
198778,8574,276,58,48.25,29.25
198779,8575,276,59,48.25,29.75
198780,8576,276,60,48.25,30.25
198781,8577,276,61,48.25,30.75
198782,8578,276,62,48.25,31.25
198783,8579,276,63,48.25,31.75
198784,8580,276,64,48.25,32.25
198785,8581,276,65,48.25,32.75
198786,8582,276,66,48.25,33.25
198787,8583,276,67,48.25,33.75
198788,8584,276,68,48.25,34.25
198789,8585,276,69,48.25,34.75
198790,8586,276,70,48.25,35.25
198791,8587,276,71,48.25,35.75
198792,8588,276,72,48.25,36.25
198793,8589,276,73,48.25,36.75
198794,8590,276,74,48.25,37.25
198795,8591,276,75,48.25,37.75
198796,8592,276,76,48.25,38.25
198797,8593,276,77,48.25,38.75
198798,8594,276,78,48.25,39.25
198799,8595,276,79,48.25,39.75
198842,8596,276,122,48.25,61.25
198879,8597,276,159,48.25,79.75
198881,8598,276,161,48.25,80.75
198882,8599,276,162,48.25,81.25
198883,8600,276,163,48.25,81.75
198885,8601,276,165,48.25,82.75
198886,8602,276,166,48.25,83.25
198887,8603,276,167,48.25,83.75
198888,8604,276,168,48.25,84.25
198889,8605,276,169,48.25,84.75
198890,8606,276,170,48.25,85.25
198892,8607,276,172,48.25,86.25
198957,8608,276,237,48.25,118.75
198958,8609,276,238,48.25,119.25
198959,8610,276,239,48.25,119.75
198960,8611,276,240,48.25,120.25
198961,8612,276,241,48.25,120.75
198962,8613,276,242,48.25,121.25
198963,8614,276,243,48.25,121.75
198964,8615,276,244,48.25,122.25
198965,8616,276,245,48.25,122.75
198966,8617,276,246,48.25,123.25
198967,8618,276,247,48.25,123.75
198968,8619,276,248,48.25,124.25
198969,8620,276,249,48.25,124.75
198970,8621,276,250,48.25,125.25
198971,8622,276,251,48.25,125.75
198972,8623,276,252,48.25,126.25
198973,8624,276,253,48.25,126.75
198974,8625,276,254,48.25,127.25
198975,8626,276,255,48.25,127.75
198976,8627,276,256,48.25,128.25
198977,8628,276,257,48.25,128.75
198978,8629,276,258,48.25,129.25
198979,8630,276,259,48.25,129.75
198980,8631,276,260,48.25,130.25
198988,8632,276,268,48.25,134.25
199199,8633,276,479,48.25,-120.25
199200,8634,276,480,48.25,-119.75
199201,8635,276,481,48.25,-119.25
199203,8636,276,483,48.25,-118.25
199204,8637,276,484,48.25,-117.75
199206,8638,276,486,48.25,-116.75
199207,8639,276,487,48.25,-116.25
199210,8640,276,490,48.25,-114.75
199211,8641,276,491,48.25,-114.25
199212,8642,276,492,48.25,-113.75
199213,8643,276,493,48.25,-113.25
199214,8644,276,494,48.25,-112.75
199215,8645,276,495,48.25,-112.25
199216,8646,276,496,48.25,-111.75
199217,8647,276,497,48.25,-111.25
199218,8648,276,498,48.25,-110.75
199219,8649,276,499,48.25,-110.25
199220,8650,276,500,48.25,-109.75
199221,8651,276,501,48.25,-109.25
199222,8652,276,502,48.25,-108.75
199223,8653,276,503,48.25,-108.25
199224,8654,276,504,48.25,-107.75
199225,8655,276,505,48.25,-107.25
199226,8656,276,506,48.25,-106.75
199227,8657,276,507,48.25,-106.25
199228,8658,276,508,48.25,-105.75
199229,8659,276,509,48.25,-105.25
199230,8660,276,510,48.25,-104.75
199231,8661,276,511,48.25,-104.25
199232,8662,276,512,48.25,-103.75
199233,8663,276,513,48.25,-103.25
199234,8664,276,514,48.25,-102.75
199235,8665,276,515,48.25,-102.25
199236,8666,276,516,48.25,-101.75
199237,8667,276,517,48.25,-101.25
199238,8668,276,518,48.25,-100.75
199239,8669,276,519,48.25,-100.25
199240,8670,276,520,48.25,-99.75
199241,8671,276,521,48.25,-99.25
199242,8672,276,522,48.25,-98.75
199243,8673,276,523,48.25,-98.25
199244,8674,276,524,48.25,-97.75
199245,8675,276,525,48.25,-97.25
199246,8676,276,526,48.25,-96.75
199247,8677,276,527,48.25,-96.25
199248,8678,276,528,48.25,-95.75
199249,8679,276,529,48.25,-95.25
199250,8680,276,530,48.25,-94.75
199251,8681,276,531,48.25,-94.25
199252,8682,276,532,48.25,-93.75
199253,8683,276,533,48.25,-93.25
199277,8684,276,557,48.25,-81.25
199280,8685,276,560,48.25,-79.75
199295,8686,276,575,48.25,-72.25
199296,8687,276,576,48.25,-71.75
199297,8688,276,577,48.25,-71.25
199298,8689,276,578,48.25,-70.75
199303,8690,276,583,48.25,-68.25
199304,8691,276,584,48.25,-67.75
199305,8692,276,585,48.25,-67.25
199432,8693,276,712,48.25,-3.75
199433,8694,276,713,48.25,-3.25
199434,8695,276,714,48.25,-2.75
199435,8696,276,715,48.25,-2.25
199436,8697,276,716,48.25,-1.75
199437,8698,276,717,48.25,-1.25
199438,8699,276,718,48.25,-0.75
199439,8700,276,719,48.25,-0.25
199440,8701,277,0,48.75,0.25
199441,8702,277,1,48.75,0.75
199442,8703,277,2,48.75,1.25
199443,8704,277,3,48.75,1.75
199444,8705,277,4,48.75,2.25
199445,8706,277,5,48.75,2.75
199446,8707,277,6,48.75,3.25
199447,8708,277,7,48.75,3.75
199448,8709,277,8,48.75,4.25
199449,8710,277,9,48.75,4.75
199450,8711,277,10,48.75,5.25
199451,8712,277,11,48.75,5.75
199452,8713,277,12,48.75,6.25
199453,8714,277,13,48.75,6.75
199454,8715,277,14,48.75,7.25
199455,8716,277,15,48.75,7.75
199456,8717,277,16,48.75,8.25
199457,8718,277,17,48.75,8.75
199458,8719,277,18,48.75,9.25
199459,8720,277,19,48.75,9.75
199460,8721,277,20,48.75,10.25
199461,8722,277,21,48.75,10.75
199462,8723,277,22,48.75,11.25
199463,8724,277,23,48.75,11.75
199464,8725,277,24,48.75,12.25
199465,8726,277,25,48.75,12.75
199466,8727,277,26,48.75,13.25
199467,8728,277,27,48.75,13.75
199484,8729,277,44,48.75,22.25
199485,8730,277,45,48.75,22.75
199486,8731,277,46,48.75,23.25
199487,8732,277,47,48.75,23.75
199488,8733,277,48,48.75,24.25
199489,8734,277,49,48.75,24.75
199490,8735,277,50,48.75,25.25
199491,8736,277,51,48.75,25.75
199492,8737,277,52,48.75,26.25
199493,8738,277,53,48.75,26.75
199494,8739,277,54,48.75,27.25
199495,8740,277,55,48.75,27.75
199496,8741,277,56,48.75,28.25
199497,8742,277,57,48.75,28.75
199498,8743,277,58,48.75,29.25
199499,8744,277,59,48.75,29.75
199500,8745,277,60,48.75,30.25
199501,8746,277,61,48.75,30.75
199502,8747,277,62,48.75,31.25
199503,8748,277,63,48.75,31.75
199504,8749,277,64,48.75,32.25
199505,8750,277,65,48.75,32.75
199506,8751,277,66,48.75,33.25
199507,8752,277,67,48.75,33.75
199508,8753,277,68,48.75,34.25
199509,8754,277,69,48.75,34.75
199510,8755,277,70,48.75,35.25
199511,8756,277,71,48.75,35.75
199512,8757,277,72,48.75,36.25
199513,8758,277,73,48.75,36.75
199514,8759,277,74,48.75,37.25
199515,8760,277,75,48.75,37.75
199516,8761,277,76,48.75,38.25
199517,8762,277,77,48.75,38.75
199518,8763,277,78,48.75,39.25
199519,8764,277,79,48.75,39.75
199539,8765,277,99,48.75,49.75
199540,8766,277,100,48.75,50.25
199548,8767,277,108,48.75,54.25
199549,8768,277,109,48.75,54.75
199554,8769,277,114,48.75,57.25
199588,8770,277,148,48.75,74.25
199589,8771,277,149,48.75,74.75
199591,8772,277,151,48.75,75.75
199592,8773,277,152,48.75,76.25
199598,8774,277,158,48.75,79.25
199601,8775,277,161,48.75,80.75
199602,8776,277,162,48.75,81.25
199603,8777,277,163,48.75,81.75
199604,8778,277,164,48.75,82.25
199605,8779,277,165,48.75,82.75
199606,8780,277,166,48.75,83.25
199607,8781,277,167,48.75,83.75
199608,8782,277,168,48.75,84.25
199609,8783,277,169,48.75,84.75
199610,8784,277,170,48.75,85.25
199611,8785,277,171,48.75,85.75
199612,8786,277,172,48.75,86.25
199676,8787,277,236,48.75,118.25
199677,8788,277,237,48.75,118.75
199678,8789,277,238,48.75,119.25
199679,8790,277,239,48.75,119.75
199680,8791,277,240,48.75,120.25
199681,8792,277,241,48.75,120.75
199682,8793,277,242,48.75,121.25
199683,8794,277,243,48.75,121.75
199684,8795,277,244,48.75,122.25
199685,8796,277,245,48.75,122.75
199686,8797,277,246,48.75,123.25
199687,8798,277,247,48.75,123.75
199688,8799,277,248,48.75,124.25
199689,8800,277,249,48.75,124.75
199690,8801,277,250,48.75,125.25
199691,8802,277,251,48.75,125.75
199692,8803,277,252,48.75,126.25
199693,8804,277,253,48.75,126.75
199694,8805,277,254,48.75,127.25
199695,8806,277,255,48.75,127.75
199696,8807,277,256,48.75,128.25
199697,8808,277,257,48.75,128.75
199698,8809,277,258,48.75,129.25
199699,8810,277,259,48.75,129.75
199700,8811,277,260,48.75,130.25
199920,8812,277,480,48.75,-119.75
199921,8813,277,481,48.75,-119.25
199922,8814,277,482,48.75,-118.75
199923,8815,277,483,48.75,-118.25
199924,8816,277,484,48.75,-117.75
199926,8817,277,486,48.75,-116.75
199927,8818,277,487,48.75,-116.25
199930,8819,277,490,48.75,-114.75
199932,8820,277,492,48.75,-113.75
199933,8821,277,493,48.75,-113.25
199934,8822,277,494,48.75,-112.75
199935,8823,277,495,48.75,-112.25
199936,8824,277,496,48.75,-111.75
199937,8825,277,497,48.75,-111.25
199938,8826,277,498,48.75,-110.75
199939,8827,277,499,48.75,-110.25
199940,8828,277,500,48.75,-109.75
199941,8829,277,501,48.75,-109.25
199942,8830,277,502,48.75,-108.75
199943,8831,277,503,48.75,-108.25
199945,8832,277,505,48.75,-107.25
199946,8833,277,506,48.75,-106.75
199947,8834,277,507,48.75,-106.25
199948,8835,277,508,48.75,-105.75
199949,8836,277,509,48.75,-105.25
199950,8837,277,510,48.75,-104.75
199951,8838,277,511,48.75,-104.25
199952,8839,277,512,48.75,-103.75
199953,8840,277,513,48.75,-103.25
199954,8841,277,514,48.75,-102.75
199955,8842,277,515,48.75,-102.25
199956,8843,277,516,48.75,-101.75
199957,8844,277,517,48.75,-101.25
199958,8845,277,518,48.75,-100.75
199959,8846,277,519,48.75,-100.25
199960,8847,277,520,48.75,-99.75
199961,8848,277,521,48.75,-99.25
199962,8849,277,522,48.75,-98.75
199963,8850,277,523,48.75,-98.25
199964,8851,277,524,48.75,-97.75
199965,8852,277,525,48.75,-97.25
199966,8853,277,526,48.75,-96.75
199967,8854,277,527,48.75,-96.25
199968,8855,277,528,48.75,-95.75
199969,8856,277,529,48.75,-95.25
200001,8857,277,561,48.75,-79.25
200012,8858,277,572,48.75,-73.75
200014,8859,277,574,48.75,-72.75
200015,8860,277,575,48.75,-72.25
200016,8861,277,576,48.75,-71.75
200017,8862,277,577,48.75,-71.25
200026,8863,277,586,48.75,-66.75
200157,8864,277,717,48.75,-1.25
200158,8865,277,718,48.75,-0.75
200159,8866,277,719,48.75,-0.25
200161,8867,278,1,49.25,0.75
200162,8868,278,2,49.25,1.25
200163,8869,278,3,49.25,1.75
200164,8870,278,4,49.25,2.25
200165,8871,278,5,49.25,2.75
200166,8872,278,6,49.25,3.25
200167,8873,278,7,49.25,3.75
200168,8874,278,8,49.25,4.25
200169,8875,278,9,49.25,4.75
200170,8876,278,10,49.25,5.25
200171,8877,278,11,49.25,5.75
200172,8878,278,12,49.25,6.25
200173,8879,278,13,49.25,6.75
200174,8880,278,14,49.25,7.25
200175,8881,278,15,49.25,7.75
200176,8882,278,16,49.25,8.25
200177,8883,278,17,49.25,8.75
200178,8884,278,18,49.25,9.25
200179,8885,278,19,49.25,9.75
200180,8886,278,20,49.25,10.25
200181,8887,278,21,49.25,10.75
200182,8888,278,22,49.25,11.25
200183,8889,278,23,49.25,11.75
200184,8890,278,24,49.25,12.25
200185,8891,278,25,49.25,12.75
200199,8892,278,39,49.25,19.75
200200,8893,278,40,49.25,20.25
200201,8894,278,41,49.25,20.75
200202,8895,278,42,49.25,21.25
200203,8896,278,43,49.25,21.75
200204,8897,278,44,49.25,22.25
200205,8898,278,45,49.25,22.75
200206,8899,278,46,49.25,23.25
200207,8900,278,47,49.25,23.75
200208,8901,278,48,49.25,24.25
200209,8902,278,49,49.25,24.75
200210,8903,278,50,49.25,25.25
200211,8904,278,51,49.25,25.75
200212,8905,278,52,49.25,26.25
200213,8906,278,53,49.25,26.75
200214,8907,278,54,49.25,27.25
200215,8908,278,55,49.25,27.75
200216,8909,278,56,49.25,28.25
200217,8910,278,57,49.25,28.75
200218,8911,278,58,49.25,29.25
200219,8912,278,59,49.25,29.75
200220,8913,278,60,49.25,30.25
200221,8914,278,61,49.25,30.75
200222,8915,278,62,49.25,31.25
200223,8916,278,63,49.25,31.75
200224,8917,278,64,49.25,32.25
200225,8918,278,65,49.25,32.75
200226,8919,278,66,49.25,33.25
200227,8920,278,67,49.25,33.75
200228,8921,278,68,49.25,34.25
200229,8922,278,69,49.25,34.75
200230,8923,278,70,49.25,35.25
200231,8924,278,71,49.25,35.75
200232,8925,278,72,49.25,36.25
200233,8926,278,73,49.25,36.75
200234,8927,278,74,49.25,37.25
200235,8928,278,75,49.25,37.75
200236,8929,278,76,49.25,38.25
200237,8930,278,77,49.25,38.75
200238,8931,278,78,49.25,39.25
200239,8932,278,79,49.25,39.75
200240,8933,278,80,49.25,40.25
200258,8934,278,98,49.25,49.25
200259,8935,278,99,49.25,49.75
200260,8936,278,100,49.25,50.25
200263,8937,278,103,49.25,51.75
200270,8938,278,110,49.25,55.25
200273,8939,278,113,49.25,56.75
200275,8940,278,115,49.25,57.75
200305,8941,278,145,49.25,72.75
200306,8942,278,146,49.25,73.25
200307,8943,278,147,49.25,73.75
200308,8944,278,148,49.25,74.25
200309,8945,278,149,49.25,74.75
200310,8946,278,150,49.25,75.25
200311,8947,278,151,49.25,75.75
200312,8948,278,152,49.25,76.25
200317,8949,278,157,49.25,78.75
200322,8950,278,162,49.25,81.25
200323,8951,278,163,49.25,81.75
200324,8952,278,164,49.25,82.25
200325,8953,278,165,49.25,82.75
200326,8954,278,166,49.25,83.25
200327,8955,278,167,49.25,83.75
200328,8956,278,168,49.25,84.25
200329,8957,278,169,49.25,84.75
200330,8958,278,170,49.25,85.25
200331,8959,278,171,49.25,85.75
200332,8960,278,172,49.25,86.25
200333,8961,278,173,49.25,86.75
200392,8962,278,232,49.25,116.25
200393,8963,278,233,49.25,116.75
200395,8964,278,235,49.25,117.75
200396,8965,278,236,49.25,118.25
200397,8966,278,237,49.25,118.75
200398,8967,278,238,49.25,119.25
200399,8968,278,239,49.25,119.75
200400,8969,278,240,49.25,120.25
200401,8970,278,241,49.25,120.75
200402,8971,278,242,49.25,121.25
200403,8972,278,243,49.25,121.75
200404,8973,278,244,49.25,122.25
200405,8974,278,245,49.25,122.75
200406,8975,278,246,49.25,123.25
200407,8976,278,247,49.25,123.75
200408,8977,278,248,49.25,124.25
200409,8978,278,249,49.25,124.75
200410,8979,278,250,49.25,125.25
200411,8980,278,251,49.25,125.75
200412,8981,278,252,49.25,126.25
200413,8982,278,253,49.25,126.75
200414,8983,278,254,49.25,127.25
200415,8984,278,255,49.25,127.75
200416,8985,278,256,49.25,128.25
200417,8986,278,257,49.25,128.75
200419,8987,278,259,49.25,129.75
200651,8988,278,491,49.25,-114.25
200652,8989,278,492,49.25,-113.75
200653,8990,278,493,49.25,-113.25
200654,8991,278,494,49.25,-112.75
200655,8992,278,495,49.25,-112.25
200656,8993,278,496,49.25,-111.75
200657,8994,278,497,49.25,-111.25
200658,8995,278,498,49.25,-110.75
200659,8996,278,499,49.25,-110.25
200660,8997,278,500,49.25,-109.75
200661,8998,278,501,49.25,-109.25
200662,8999,278,502,49.25,-108.75
200663,9000,278,503,49.25,-108.25
200664,9001,278,504,49.25,-107.75
200665,9002,278,505,49.25,-107.25
200666,9003,278,506,49.25,-106.75
200667,9004,278,507,49.25,-106.25
200668,9005,278,508,49.25,-105.75
200669,9006,278,509,49.25,-105.25
200670,9007,278,510,49.25,-104.75
200671,9008,278,511,49.25,-104.25
200672,9009,278,512,49.25,-103.75
200673,9010,278,513,49.25,-103.25
200674,9011,278,514,49.25,-102.75
200675,9012,278,515,49.25,-102.25
200676,9013,278,516,49.25,-101.75
200677,9014,278,517,49.25,-101.25
200678,9015,278,518,49.25,-100.75
200679,9016,278,519,49.25,-100.25
200680,9017,278,520,49.25,-99.75
200681,9018,278,521,49.25,-99.25
200682,9019,278,522,49.25,-98.75
200683,9020,278,523,49.25,-98.25
200684,9021,278,524,49.25,-97.75
200685,9022,278,525,49.25,-97.25
200686,9023,278,526,49.25,-96.75
200687,9024,278,527,49.25,-96.25
200688,9025,278,528,49.25,-95.75
200689,9026,278,529,49.25,-95.25
200738,9027,278,578,49.25,-70.75
200883,9028,279,3,49.75,1.75
200884,9029,279,4,49.75,2.25
200885,9030,279,5,49.75,2.75
200886,9031,279,6,49.75,3.25
200887,9032,279,7,49.75,3.75
200888,9033,279,8,49.75,4.25
200889,9034,279,9,49.75,4.75
200890,9035,279,10,49.75,5.25
200892,9036,279,12,49.75,6.25
200893,9037,279,13,49.75,6.75
200894,9038,279,14,49.75,7.25
200895,9039,279,15,49.75,7.75
200896,9040,279,16,49.75,8.25
200897,9041,279,17,49.75,8.75
200898,9042,279,18,49.75,9.25
200899,9043,279,19,49.75,9.75
200900,9044,279,20,49.75,10.25
200901,9045,279,21,49.75,10.75
200902,9046,279,22,49.75,11.25
200903,9047,279,23,49.75,11.75
200904,9048,279,24,49.75,12.25
200916,9049,279,36,49.75,18.25
200918,9050,279,38,49.75,19.25
200919,9051,279,39,49.75,19.75
200920,9052,279,40,49.75,20.25
200921,9053,279,41,49.75,20.75
200922,9054,279,42,49.75,21.25
200923,9055,279,43,49.75,21.75
200924,9056,279,44,49.75,22.25
200925,9057,279,45,49.75,22.75
200926,9058,279,46,49.75,23.25
200927,9059,279,47,49.75,23.75
200928,9060,279,48,49.75,24.25
200929,9061,279,49,49.75,24.75
200930,9062,279,50,49.75,25.25
200931,9063,279,51,49.75,25.75
200932,9064,279,52,49.75,26.25
200933,9065,279,53,49.75,26.75
200934,9066,279,54,49.75,27.25
200935,9067,279,55,49.75,27.75
200936,9068,279,56,49.75,28.25
200937,9069,279,57,49.75,28.75
200938,9070,279,58,49.75,29.25
200939,9071,279,59,49.75,29.75
200940,9072,279,60,49.75,30.25
200941,9073,279,61,49.75,30.75
200942,9074,279,62,49.75,31.25
200943,9075,279,63,49.75,31.75
200944,9076,279,64,49.75,32.25
200945,9077,279,65,49.75,32.75
200946,9078,279,66,49.75,33.25
200947,9079,279,67,49.75,33.75
200948,9080,279,68,49.75,34.25
200949,9081,279,69,49.75,34.75
200950,9082,279,70,49.75,35.25
200951,9083,279,71,49.75,35.75
200952,9084,279,72,49.75,36.25
200953,9085,279,73,49.75,36.75
200954,9086,279,74,49.75,37.25
200955,9087,279,75,49.75,37.75
200956,9088,279,76,49.75,38.25
200957,9089,279,77,49.75,38.75
200958,9090,279,78,49.75,39.25
200959,9091,279,79,49.75,39.75
200975,9092,279,95,49.75,47.75
200977,9093,279,97,49.75,48.75
200978,9094,279,98,49.75,49.25
200979,9095,279,99,49.75,49.75
200980,9096,279,100,49.75,50.25
200981,9097,279,101,49.75,50.75
200982,9098,279,102,49.75,51.25
200984,9099,279,104,49.75,52.25
200986,9100,279,106,49.75,53.25
200987,9101,279,107,49.75,53.75
200988,9102,279,108,49.75,54.25
200992,9103,279,112,49.75,56.25
200994,9104,279,114,49.75,57.25
200995,9105,279,115,49.75,57.75
200996,9106,279,116,49.75,58.25
200997,9107,279,117,49.75,58.75
201009,9108,279,129,49.75,64.75
201013,9109,279,133,49.75,66.75
201021,9110,279,141,49.75,70.75
201022,9111,279,142,49.75,71.25
201023,9112,279,143,49.75,71.75
201024,9113,279,144,49.75,72.25
201025,9114,279,145,49.75,72.75
201026,9115,279,146,49.75,73.25
201027,9116,279,147,49.75,73.75
201028,9117,279,148,49.75,74.25
201029,9118,279,149,49.75,74.75
201030,9119,279,150,49.75,75.25
201031,9120,279,151,49.75,75.75
201032,9121,279,152,49.75,76.25
201033,9122,279,153,49.75,76.75
201034,9123,279,154,49.75,77.25
201041,9124,279,161,49.75,80.75
201042,9125,279,162,49.75,81.25
201043,9126,279,163,49.75,81.75
201044,9127,279,164,49.75,82.25
201045,9128,279,165,49.75,82.75
201046,9129,279,166,49.75,83.25
201047,9130,279,167,49.75,83.75
201048,9131,279,168,49.75,84.25
201049,9132,279,169,49.75,84.75
201052,9133,279,172,49.75,86.25
201113,9134,279,233,49.75,116.75
201116,9135,279,236,49.75,118.25
201117,9136,279,237,49.75,118.75
201118,9137,279,238,49.75,119.25
201119,9138,279,239,49.75,119.75
201120,9139,279,240,49.75,120.25
201121,9140,279,241,49.75,120.75
201122,9141,279,242,49.75,121.25
201123,9142,279,243,49.75,121.75
201124,9143,279,244,49.75,122.25
201125,9144,279,245,49.75,122.75
201126,9145,279,246,49.75,123.25
201127,9146,279,247,49.75,123.75
201128,9147,279,248,49.75,124.25
201129,9148,279,249,49.75,124.75
201130,9149,279,250,49.75,125.25
201131,9150,279,251,49.75,125.75
201132,9151,279,252,49.75,126.25
201133,9152,279,253,49.75,126.75
201134,9153,279,254,49.75,127.25
201135,9154,279,255,49.75,127.75
201371,9155,279,491,49.75,-114.25
201372,9156,279,492,49.75,-113.75
201373,9157,279,493,49.75,-113.25
201374,9158,279,494,49.75,-112.75
201375,9159,279,495,49.75,-112.25
201376,9160,279,496,49.75,-111.75
201377,9161,279,497,49.75,-111.25
201378,9162,279,498,49.75,-110.75
201379,9163,279,499,49.75,-110.25
201380,9164,279,500,49.75,-109.75
201381,9165,279,501,49.75,-109.25
201382,9166,279,502,49.75,-108.75
201383,9167,279,503,49.75,-108.25
201384,9168,279,504,49.75,-107.75
201385,9169,279,505,49.75,-107.25
201386,9170,279,506,49.75,-106.75
201387,9171,279,507,49.75,-106.25
201388,9172,279,508,49.75,-105.75
201389,9173,279,509,49.75,-105.25
201390,9174,279,510,49.75,-104.75
201391,9175,279,511,49.75,-104.25
201392,9176,279,512,49.75,-103.75
201393,9177,279,513,49.75,-103.25
201394,9178,279,514,49.75,-102.75
201395,9179,279,515,49.75,-102.25
201396,9180,279,516,49.75,-101.75
201397,9181,279,517,49.75,-101.25
201398,9182,279,518,49.75,-100.75
201399,9183,279,519,49.75,-100.25
201400,9184,279,520,49.75,-99.75
201401,9185,279,521,49.75,-99.25
201402,9186,279,522,49.75,-98.75
201403,9187,279,523,49.75,-98.25
201404,9188,279,524,49.75,-97.75
201405,9189,279,525,49.75,-97.25
201406,9190,279,526,49.75,-96.75
201407,9191,279,527,49.75,-96.25
201408,9192,279,528,49.75,-95.75
201452,9193,279,572,49.75,-73.75
201604,9194,280,4,50.25,2.25
201605,9195,280,5,50.25,2.75
201606,9196,280,6,50.25,3.25
201607,9197,280,7,50.25,3.75
201608,9198,280,8,50.25,4.25
201609,9199,280,9,50.25,4.75
201612,9200,280,12,50.25,6.25
201613,9201,280,13,50.25,6.75
201614,9202,280,14,50.25,7.25
201615,9203,280,15,50.25,7.75
201616,9204,280,16,50.25,8.25
201617,9205,280,17,50.25,8.75
201618,9206,280,18,50.25,9.25
201619,9207,280,19,50.25,9.75
201620,9208,280,20,50.25,10.25
201621,9209,280,21,50.25,10.75
201622,9210,280,22,50.25,11.25
201623,9211,280,23,50.25,11.75
201625,9212,280,25,50.25,12.75
201634,9213,280,34,50.25,17.25
201635,9214,280,35,50.25,17.75
201637,9215,280,37,50.25,18.75
201638,9216,280,38,50.25,19.25
201639,9217,280,39,50.25,19.75
201640,9218,280,40,50.25,20.25
201641,9219,280,41,50.25,20.75
201642,9220,280,42,50.25,21.25
201643,9221,280,43,50.25,21.75
201644,9222,280,44,50.25,22.25
201645,9223,280,45,50.25,22.75
201646,9224,280,46,50.25,23.25
201647,9225,280,47,50.25,23.75
201648,9226,280,48,50.25,24.25
201649,9227,280,49,50.25,24.75
201650,9228,280,50,50.25,25.25
201651,9229,280,51,50.25,25.75
201652,9230,280,52,50.25,26.25
201653,9231,280,53,50.25,26.75
201654,9232,280,54,50.25,27.25
201655,9233,280,55,50.25,27.75
201656,9234,280,56,50.25,28.25
201657,9235,280,57,50.25,28.75
201658,9236,280,58,50.25,29.25
201659,9237,280,59,50.25,29.75
201660,9238,280,60,50.25,30.25
201661,9239,280,61,50.25,30.75
201662,9240,280,62,50.25,31.25
201663,9241,280,63,50.25,31.75
201664,9242,280,64,50.25,32.25
201665,9243,280,65,50.25,32.75
201666,9244,280,66,50.25,33.25
201667,9245,280,67,50.25,33.75
201668,9246,280,68,50.25,34.25
201669,9247,280,69,50.25,34.75
201670,9248,280,70,50.25,35.25
201671,9249,280,71,50.25,35.75
201672,9250,280,72,50.25,36.25
201673,9251,280,73,50.25,36.75
201674,9252,280,74,50.25,37.25
201675,9253,280,75,50.25,37.75
201694,9254,280,94,50.25,47.25
201695,9255,280,95,50.25,47.75
201697,9256,280,97,50.25,48.75
201698,9257,280,98,50.25,49.25
201699,9258,280,99,50.25,49.75
201700,9259,280,100,50.25,50.25
201701,9260,280,101,50.25,50.75
201702,9261,280,102,50.25,51.25
201703,9262,280,103,50.25,51.75
201704,9263,280,104,50.25,52.25
201706,9264,280,106,50.25,53.25
201708,9265,280,108,50.25,54.25
201710,9266,280,110,50.25,55.25
201711,9267,280,111,50.25,55.75
201712,9268,280,112,50.25,56.25
201713,9269,280,113,50.25,56.75
201714,9270,280,114,50.25,57.25
201715,9271,280,115,50.25,57.75
201716,9272,280,116,50.25,58.25
201717,9273,280,117,50.25,58.75
201728,9274,280,128,50.25,64.25
201729,9275,280,129,50.25,64.75
201730,9276,280,130,50.25,65.25
201731,9277,280,131,50.25,65.75
201733,9278,280,133,50.25,66.75
201734,9279,280,134,50.25,67.25
201738,9280,280,138,50.25,69.25
201739,9281,280,139,50.25,69.75
201740,9282,280,140,50.25,70.25
201741,9283,280,141,50.25,70.75
201742,9284,280,142,50.25,71.25
201743,9285,280,143,50.25,71.75
201744,9286,280,144,50.25,72.25
201745,9287,280,145,50.25,72.75
201746,9288,280,146,50.25,73.25
201747,9289,280,147,50.25,73.75
201748,9290,280,148,50.25,74.25
201749,9291,280,149,50.25,74.75
201750,9292,280,150,50.25,75.25
201751,9293,280,151,50.25,75.75
201759,9294,280,159,50.25,79.75
201760,9295,280,160,50.25,80.25
201761,9296,280,161,50.25,80.75
201762,9297,280,162,50.25,81.25
201763,9298,280,163,50.25,81.75
201764,9299,280,164,50.25,82.25
201765,9300,280,165,50.25,82.75
201766,9301,280,166,50.25,83.25
201838,9302,280,238,50.25,119.25
201839,9303,280,239,50.25,119.75
201840,9304,280,240,50.25,120.25
201841,9305,280,241,50.25,120.75
201842,9306,280,242,50.25,121.25
201845,9307,280,245,50.25,122.75
201846,9308,280,246,50.25,123.25
201847,9309,280,247,50.25,123.75
201848,9310,280,248,50.25,124.25
201849,9311,280,249,50.25,124.75
201850,9312,280,250,50.25,125.25
201851,9313,280,251,50.25,125.75
201852,9314,280,252,50.25,126.25
201853,9315,280,253,50.25,126.75
201854,9316,280,254,50.25,127.25
202091,9317,280,491,50.25,-114.25
202092,9318,280,492,50.25,-113.75
202093,9319,280,493,50.25,-113.25
202094,9320,280,494,50.25,-112.75
202095,9321,280,495,50.25,-112.25
202096,9322,280,496,50.25,-111.75
202097,9323,280,497,50.25,-111.25
202099,9324,280,499,50.25,-110.25
202100,9325,280,500,50.25,-109.75
202101,9326,280,501,50.25,-109.25
202102,9327,280,502,50.25,-108.75
202103,9328,280,503,50.25,-108.25
202104,9329,280,504,50.25,-107.75
202105,9330,280,505,50.25,-107.25
202106,9331,280,506,50.25,-106.75
202107,9332,280,507,50.25,-106.25
202108,9333,280,508,50.25,-105.75
202109,9334,280,509,50.25,-105.25
202110,9335,280,510,50.25,-104.75
202111,9336,280,511,50.25,-104.25
202112,9337,280,512,50.25,-103.75
202113,9338,280,513,50.25,-103.25
202114,9339,280,514,50.25,-102.75
202115,9340,280,515,50.25,-102.25
202116,9341,280,516,50.25,-101.75
202117,9342,280,517,50.25,-101.25
202118,9343,280,518,50.25,-100.75
202119,9344,280,519,50.25,-100.25
202120,9345,280,520,50.25,-99.75
202121,9346,280,521,50.25,-99.25
202124,9347,280,524,50.25,-97.75
202125,9348,280,525,50.25,-97.25
202127,9349,280,527,50.25,-96.25
202128,9350,280,528,50.25,-95.75
202324,9351,281,4,50.75,2.25
202325,9352,281,5,50.75,2.75
202326,9353,281,6,50.75,3.25
202332,9354,281,12,50.75,6.25
202333,9355,281,13,50.75,6.75
202334,9356,281,14,50.75,7.25
202335,9357,281,15,50.75,7.75
202336,9358,281,16,50.75,8.25
202337,9359,281,17,50.75,8.75
202338,9360,281,18,50.75,9.25
202339,9361,281,19,50.75,9.75
202340,9362,281,20,50.75,10.25
202341,9363,281,21,50.75,10.75
202342,9364,281,22,50.75,11.25
202343,9365,281,23,50.75,11.75
202344,9366,281,24,50.75,12.25
202345,9367,281,25,50.75,12.75
202346,9368,281,26,50.75,13.25
202347,9369,281,27,50.75,13.75
202348,9370,281,28,50.75,14.25
202349,9371,281,29,50.75,14.75
202350,9372,281,30,50.75,15.25
202353,9373,281,33,50.75,16.75
202354,9374,281,34,50.75,17.25
202355,9375,281,35,50.75,17.75
202356,9376,281,36,50.75,18.25
202357,9377,281,37,50.75,18.75
202358,9378,281,38,50.75,19.25
202359,9379,281,39,50.75,19.75
202360,9380,281,40,50.75,20.25
202361,9381,281,41,50.75,20.75
202362,9382,281,42,50.75,21.25
202363,9383,281,43,50.75,21.75
202364,9384,281,44,50.75,22.25
202365,9385,281,45,50.75,22.75
202366,9386,281,46,50.75,23.25
202367,9387,281,47,50.75,23.75
202368,9388,281,48,50.75,24.25
202369,9389,281,49,50.75,24.75
202370,9390,281,50,50.75,25.25
202371,9391,281,51,50.75,25.75
202372,9392,281,52,50.75,26.25
202373,9393,281,53,50.75,26.75
202374,9394,281,54,50.75,27.25
202375,9395,281,55,50.75,27.75
202376,9396,281,56,50.75,28.25
202377,9397,281,57,50.75,28.75
202378,9398,281,58,50.75,29.25
202379,9399,281,59,50.75,29.75
202380,9400,281,60,50.75,30.25
202381,9401,281,61,50.75,30.75
202382,9402,281,62,50.75,31.25
202383,9403,281,63,50.75,31.75
202384,9404,281,64,50.75,32.25
202385,9405,281,65,50.75,32.75
202386,9406,281,66,50.75,33.25
202387,9407,281,67,50.75,33.75
202388,9408,281,68,50.75,34.25
202389,9409,281,69,50.75,34.75
202390,9410,281,70,50.75,35.25
202418,9411,281,98,50.75,49.25
202419,9412,281,99,50.75,49.75
202420,9413,281,100,50.75,50.25
202421,9414,281,101,50.75,50.75
202422,9415,281,102,50.75,51.25
202423,9416,281,103,50.75,51.75
202424,9417,281,104,50.75,52.25
202425,9418,281,105,50.75,52.75
202426,9419,281,106,50.75,53.25
202427,9420,281,107,50.75,53.75
202428,9421,281,108,50.75,54.25
202429,9422,281,109,50.75,54.75
202430,9423,281,110,50.75,55.25
202431,9424,281,111,50.75,55.75
202432,9425,281,112,50.75,56.25
202433,9426,281,113,50.75,56.75
202434,9427,281,114,50.75,57.25
202435,9428,281,115,50.75,57.75
202436,9429,281,116,50.75,58.25
202437,9430,281,117,50.75,58.75
202438,9431,281,118,50.75,59.25
202439,9432,281,119,50.75,59.75
202440,9433,281,120,50.75,60.25
202441,9434,281,121,50.75,60.75
202443,9435,281,123,50.75,61.75
202445,9436,281,125,50.75,62.75
202446,9437,281,126,50.75,63.25
202449,9438,281,129,50.75,64.75
202451,9439,281,131,50.75,65.75
202452,9440,281,132,50.75,66.25
202453,9441,281,133,50.75,66.75
202454,9442,281,134,50.75,67.25
202455,9443,281,135,50.75,67.75
202456,9444,281,136,50.75,68.25
202457,9445,281,137,50.75,68.75
202458,9446,281,138,50.75,69.25
202459,9447,281,139,50.75,69.75
202460,9448,281,140,50.75,70.25
202461,9449,281,141,50.75,70.75
202462,9450,281,142,50.75,71.25
202463,9451,281,143,50.75,71.75
202464,9452,281,144,50.75,72.25
202465,9453,281,145,50.75,72.75
202466,9454,281,146,50.75,73.25
202467,9455,281,147,50.75,73.75
202468,9456,281,148,50.75,74.25
202476,9457,281,156,50.75,78.25
202477,9458,281,157,50.75,78.75
202478,9459,281,158,50.75,79.25
202479,9460,281,159,50.75,79.75
202480,9461,281,160,50.75,80.25
202481,9462,281,161,50.75,80.75
202482,9463,281,162,50.75,81.25
202483,9464,281,163,50.75,81.75
202484,9465,281,164,50.75,82.25
202558,9466,281,238,50.75,119.25
202559,9467,281,239,50.75,119.75
202560,9468,281,240,50.75,120.25
202561,9469,281,241,50.75,120.75
202566,9470,281,246,50.75,123.25
202567,9471,281,247,50.75,123.75
202568,9472,281,248,50.75,124.25
202569,9473,281,249,50.75,124.75
202570,9474,281,250,50.75,125.25
202571,9475,281,251,50.75,125.75
202572,9476,281,252,50.75,126.25
202573,9477,281,253,50.75,126.75
202574,9478,281,254,50.75,127.25
202811,9479,281,491,50.75,-114.25
202812,9480,281,492,50.75,-113.75
202813,9481,281,493,50.75,-113.25
202814,9482,281,494,50.75,-112.75
202815,9483,281,495,50.75,-112.25
202816,9484,281,496,50.75,-111.75
202817,9485,281,497,50.75,-111.25
202818,9486,281,498,50.75,-110.75
202819,9487,281,499,50.75,-110.25
202820,9488,281,500,50.75,-109.75
202821,9489,281,501,50.75,-109.25
202822,9490,281,502,50.75,-108.75
202823,9491,281,503,50.75,-108.25
202824,9492,281,504,50.75,-107.75
202825,9493,281,505,50.75,-107.25
202826,9494,281,506,50.75,-106.75
202827,9495,281,507,50.75,-106.25
202828,9496,281,508,50.75,-105.75
202829,9497,281,509,50.75,-105.25
202830,9498,281,510,50.75,-104.75
202831,9499,281,511,50.75,-104.25
202832,9500,281,512,50.75,-103.75
202833,9501,281,513,50.75,-103.25
202834,9502,281,514,50.75,-102.75
202835,9503,281,515,50.75,-102.25
202836,9504,281,516,50.75,-101.75
202837,9505,281,517,50.75,-101.25
202838,9506,281,518,50.75,-100.75
202839,9507,281,519,50.75,-100.25
202840,9508,281,520,50.75,-99.75
202841,9509,281,521,50.75,-99.25
202844,9510,281,524,50.75,-97.75
202845,9511,281,525,50.75,-97.25
203031,9512,281,711,50.75,-4.25
203032,9513,281,712,50.75,-3.75
203052,9514,282,12,51.25,6.25
203053,9515,282,13,51.25,6.75
203054,9516,282,14,51.25,7.25
203055,9517,282,15,51.25,7.75
203056,9518,282,16,51.25,8.25
203057,9519,282,17,51.25,8.75
203058,9520,282,18,51.25,9.25
203059,9521,282,19,51.25,9.75
203060,9522,282,20,51.25,10.25
203061,9523,282,21,51.25,10.75
203062,9524,282,22,51.25,11.25
203063,9525,282,23,51.25,11.75
203064,9526,282,24,51.25,12.25
203065,9527,282,25,51.25,12.75
203066,9528,282,26,51.25,13.25
203067,9529,282,27,51.25,13.75
203068,9530,282,28,51.25,14.25
203069,9531,282,29,51.25,14.75
203070,9532,282,30,51.25,15.25
203071,9533,282,31,51.25,15.75
203072,9534,282,32,51.25,16.25
203073,9535,282,33,51.25,16.75
203074,9536,282,34,51.25,17.25
203075,9537,282,35,51.25,17.75
203076,9538,282,36,51.25,18.25
203077,9539,282,37,51.25,18.75
203078,9540,282,38,51.25,19.25
203079,9541,282,39,51.25,19.75
203080,9542,282,40,51.25,20.25
203081,9543,282,41,51.25,20.75
203082,9544,282,42,51.25,21.25
203083,9545,282,43,51.25,21.75
203084,9546,282,44,51.25,22.25
203085,9547,282,45,51.25,22.75
203086,9548,282,46,51.25,23.25
203087,9549,282,47,51.25,23.75
203088,9550,282,48,51.25,24.25
203089,9551,282,49,51.25,24.75
203090,9552,282,50,51.25,25.25
203091,9553,282,51,51.25,25.75
203092,9554,282,52,51.25,26.25
203093,9555,282,53,51.25,26.75
203094,9556,282,54,51.25,27.25
203095,9557,282,55,51.25,27.75
203096,9558,282,56,51.25,28.25
203097,9559,282,57,51.25,28.75
203098,9560,282,58,51.25,29.25
203099,9561,282,59,51.25,29.75
203100,9562,282,60,51.25,30.25
203101,9563,282,61,51.25,30.75
203102,9564,282,62,51.25,31.25
203103,9565,282,63,51.25,31.75
203104,9566,282,64,51.25,32.25
203105,9567,282,65,51.25,32.75
203106,9568,282,66,51.25,33.25
203107,9569,282,67,51.25,33.75
203108,9570,282,68,51.25,34.25
203109,9571,282,69,51.25,34.75
203110,9572,282,70,51.25,35.25
203139,9573,282,99,51.25,49.75
203140,9574,282,100,51.25,50.25
203141,9575,282,101,51.25,50.75
203142,9576,282,102,51.25,51.25
203143,9577,282,103,51.25,51.75
203144,9578,282,104,51.25,52.25
203145,9579,282,105,51.25,52.75
203146,9580,282,106,51.25,53.25
203147,9581,282,107,51.25,53.75
203156,9582,282,116,51.25,58.25
203162,9583,282,122,51.25,61.25
203163,9584,282,123,51.25,61.75
203164,9585,282,124,51.25,62.25
203165,9586,282,125,51.25,62.75
203166,9587,282,126,51.25,63.25
203169,9588,282,129,51.25,64.75
203170,9589,282,130,51.25,65.25
203171,9590,282,131,51.25,65.75
203172,9591,282,132,51.25,66.25
203173,9592,282,133,51.25,66.75
203174,9593,282,134,51.25,67.25
203175,9594,282,135,51.25,67.75
203176,9595,282,136,51.25,68.25
203177,9596,282,137,51.25,68.75
203178,9597,282,138,51.25,69.25
203179,9598,282,139,51.25,69.75
203180,9599,282,140,51.25,70.25
203181,9600,282,141,51.25,70.75
203182,9601,282,142,51.25,71.25
203183,9602,282,143,51.25,71.75
203184,9603,282,144,51.25,72.25
203185,9604,282,145,51.25,72.75
203186,9605,282,146,51.25,73.25
203187,9606,282,147,51.25,73.75
203196,9607,282,156,51.25,78.25
203197,9608,282,157,51.25,78.75
203198,9609,282,158,51.25,79.25
203199,9610,282,159,51.25,79.75
203200,9611,282,160,51.25,80.25
203201,9612,282,161,51.25,80.75
203279,9613,282,239,51.25,119.75
203280,9614,282,240,51.25,120.25
203281,9615,282,241,51.25,120.75
203288,9616,282,248,51.25,124.25
203289,9617,282,249,51.25,124.75
203290,9618,282,250,51.25,125.25
203291,9619,282,251,51.25,125.75
203292,9620,282,252,51.25,126.25
203293,9621,282,253,51.25,126.75
203531,9622,282,491,51.25,-114.25
203532,9623,282,492,51.25,-113.75
203533,9624,282,493,51.25,-113.25
203534,9625,282,494,51.25,-112.75
203535,9626,282,495,51.25,-112.25
203536,9627,282,496,51.25,-111.75
203537,9628,282,497,51.25,-111.25
203538,9629,282,498,51.25,-110.75
203539,9630,282,499,51.25,-110.25
203540,9631,282,500,51.25,-109.75
203541,9632,282,501,51.25,-109.25
203542,9633,282,502,51.25,-108.75
203543,9634,282,503,51.25,-108.25
203544,9635,282,504,51.25,-107.75
203545,9636,282,505,51.25,-107.25
203546,9637,282,506,51.25,-106.75
203547,9638,282,507,51.25,-106.25
203548,9639,282,508,51.25,-105.75
203549,9640,282,509,51.25,-105.25
203550,9641,282,510,51.25,-104.75
203551,9642,282,511,51.25,-104.25
203552,9643,282,512,51.25,-103.75
203553,9644,282,513,51.25,-103.25
203554,9645,282,514,51.25,-102.75
203555,9646,282,515,51.25,-102.25
203556,9647,282,516,51.25,-101.75
203557,9648,282,517,51.25,-101.25
203558,9649,282,518,51.25,-100.75
203559,9650,282,519,51.25,-100.25
203560,9651,282,520,51.25,-99.75
203563,9652,282,523,51.25,-98.25
203564,9653,282,524,51.25,-97.75
203755,9654,282,715,51.25,-2.25
203756,9655,282,716,51.25,-1.75
203757,9656,282,717,51.25,-1.25
203760,9657,283,0,51.75,0.25
203772,9658,283,12,51.75,6.25
203773,9659,283,13,51.75,6.75
203774,9660,283,14,51.75,7.25
203775,9661,283,15,51.75,7.75
203776,9662,283,16,51.75,8.25
203777,9663,283,17,51.75,8.75
203778,9664,283,18,51.75,9.25
203779,9665,283,19,51.75,9.75
203780,9666,283,20,51.75,10.25
203781,9667,283,21,51.75,10.75
203782,9668,283,22,51.75,11.25
203783,9669,283,23,51.75,11.75
203784,9670,283,24,51.75,12.25
203785,9671,283,25,51.75,12.75
203786,9672,283,26,51.75,13.25
203787,9673,283,27,51.75,13.75
203788,9674,283,28,51.75,14.25
203789,9675,283,29,51.75,14.75
203790,9676,283,30,51.75,15.25
203791,9677,283,31,51.75,15.75
203792,9678,283,32,51.75,16.25
203793,9679,283,33,51.75,16.75
203794,9680,283,34,51.75,17.25
203795,9681,283,35,51.75,17.75
203796,9682,283,36,51.75,18.25
203797,9683,283,37,51.75,18.75
203798,9684,283,38,51.75,19.25
203799,9685,283,39,51.75,19.75
203800,9686,283,40,51.75,20.25
203801,9687,283,41,51.75,20.75
203802,9688,283,42,51.75,21.25
203803,9689,283,43,51.75,21.75
203804,9690,283,44,51.75,22.25
203805,9691,283,45,51.75,22.75
203806,9692,283,46,51.75,23.25
203807,9693,283,47,51.75,23.75
203808,9694,283,48,51.75,24.25
203809,9695,283,49,51.75,24.75
203810,9696,283,50,51.75,25.25
203811,9697,283,51,51.75,25.75
203812,9698,283,52,51.75,26.25
203813,9699,283,53,51.75,26.75
203814,9700,283,54,51.75,27.25
203821,9701,283,61,51.75,30.75
203822,9702,283,62,51.75,31.25
203823,9703,283,63,51.75,31.75
203824,9704,283,64,51.75,32.25
203825,9705,283,65,51.75,32.75
203826,9706,283,66,51.75,33.25
203827,9707,283,67,51.75,33.75
203828,9708,283,68,51.75,34.25
203861,9709,283,101,51.75,50.75
203862,9710,283,102,51.75,51.25
203863,9711,283,103,51.75,51.75
203864,9712,283,104,51.75,52.25
203880,9713,283,120,51.75,60.25
203881,9714,283,121,51.75,60.75
203882,9715,283,122,51.75,61.25
203883,9716,283,123,51.75,61.75
203884,9717,283,124,51.75,62.25
203885,9718,283,125,51.75,62.75
203886,9719,283,126,51.75,63.25
203887,9720,283,127,51.75,63.75
203888,9721,283,128,51.75,64.25
203889,9722,283,129,51.75,64.75
203890,9723,283,130,51.75,65.25
203891,9724,283,131,51.75,65.75
203892,9725,283,132,51.75,66.25
203893,9726,283,133,51.75,66.75
203894,9727,283,134,51.75,67.25
203895,9728,283,135,51.75,67.75
203896,9729,283,136,51.75,68.25
203897,9730,283,137,51.75,68.75
203898,9731,283,138,51.75,69.25
203899,9732,283,139,51.75,69.75
203900,9733,283,140,51.75,70.25
203901,9734,283,141,51.75,70.75
203902,9735,283,142,51.75,71.25
203903,9736,283,143,51.75,71.75
203904,9737,283,144,51.75,72.25
203905,9738,283,145,51.75,72.75
203906,9739,283,146,51.75,73.25
203918,9740,283,158,51.75,79.25
204007,9741,283,247,51.75,123.75
204008,9742,283,248,51.75,124.25
204009,9743,283,249,51.75,124.75
204010,9744,283,250,51.75,125.25
204011,9745,283,251,51.75,125.75
204012,9746,283,252,51.75,126.25
204013,9747,283,253,51.75,126.75
204250,9748,283,490,51.75,-114.75
204251,9749,283,491,51.75,-114.25
204252,9750,283,492,51.75,-113.75
204253,9751,283,493,51.75,-113.25
204254,9752,283,494,51.75,-112.75
204255,9753,283,495,51.75,-112.25
204256,9754,283,496,51.75,-111.75
204257,9755,283,497,51.75,-111.25
204258,9756,283,498,51.75,-110.75
204259,9757,283,499,51.75,-110.25
204260,9758,283,500,51.75,-109.75
204261,9759,283,501,51.75,-109.25
204262,9760,283,502,51.75,-108.75
204263,9761,283,503,51.75,-108.25
204264,9762,283,504,51.75,-107.75
204265,9763,283,505,51.75,-107.25
204266,9764,283,506,51.75,-106.75
204267,9765,283,507,51.75,-106.25
204268,9766,283,508,51.75,-105.75
204269,9767,283,509,51.75,-105.25
204270,9768,283,510,51.75,-104.75
204271,9769,283,511,51.75,-104.25
204272,9770,283,512,51.75,-103.75
204273,9771,283,513,51.75,-103.25
204274,9772,283,514,51.75,-102.75
204275,9773,283,515,51.75,-102.25
204276,9774,283,516,51.75,-101.75
204277,9775,283,517,51.75,-101.25
204278,9776,283,518,51.75,-100.75
204473,9777,283,713,51.75,-3.25
204475,9778,283,715,51.75,-2.25
204476,9779,283,716,51.75,-1.75
204477,9780,283,717,51.75,-1.25
204478,9781,283,718,51.75,-0.75
204479,9782,283,719,51.75,-0.25
204480,9783,284,0,52.25,0.25
204481,9784,284,1,52.25,0.75
204482,9785,284,2,52.25,1.25
204493,9786,284,13,52.25,6.75
204494,9787,284,14,52.25,7.25
204495,9788,284,15,52.25,7.75
204496,9789,284,16,52.25,8.25
204497,9790,284,17,52.25,8.75
204498,9791,284,18,52.25,9.25
204499,9792,284,19,52.25,9.75
204500,9793,284,20,52.25,10.25
204501,9794,284,21,52.25,10.75
204502,9795,284,22,52.25,11.25
204503,9796,284,23,52.25,11.75
204504,9797,284,24,52.25,12.25
204505,9798,284,25,52.25,12.75
204506,9799,284,26,52.25,13.25
204507,9800,284,27,52.25,13.75
204508,9801,284,28,52.25,14.25
204509,9802,284,29,52.25,14.75
204510,9803,284,30,52.25,15.25
204511,9804,284,31,52.25,15.75
204512,9805,284,32,52.25,16.25
204513,9806,284,33,52.25,16.75
204514,9807,284,34,52.25,17.25
204515,9808,284,35,52.25,17.75
204516,9809,284,36,52.25,18.25
204517,9810,284,37,52.25,18.75
204518,9811,284,38,52.25,19.25
204519,9812,284,39,52.25,19.75
204520,9813,284,40,52.25,20.25
204521,9814,284,41,52.25,20.75
204522,9815,284,42,52.25,21.25
204523,9816,284,43,52.25,21.75
204524,9817,284,44,52.25,22.25
204525,9818,284,45,52.25,22.75
204526,9819,284,46,52.25,23.25
204544,9820,284,64,52.25,32.25
204545,9821,284,65,52.25,32.75
204546,9822,284,66,52.25,33.25
204547,9823,284,67,52.25,33.75
204600,9824,284,120,52.25,60.25
204601,9825,284,121,52.25,60.75
204602,9826,284,122,52.25,61.25
204603,9827,284,123,52.25,61.75
204604,9828,284,124,52.25,62.25
204605,9829,284,125,52.25,62.75
204606,9830,284,126,52.25,63.25
204607,9831,284,127,52.25,63.75
204608,9832,284,128,52.25,64.25
204609,9833,284,129,52.25,64.75
204610,9834,284,130,52.25,65.25
204611,9835,284,131,52.25,65.75
204612,9836,284,132,52.25,66.25
204613,9837,284,133,52.25,66.75
204614,9838,284,134,52.25,67.25
204615,9839,284,135,52.25,67.75
204616,9840,284,136,52.25,68.25
204617,9841,284,137,52.25,68.75
204618,9842,284,138,52.25,69.25
204619,9843,284,139,52.25,69.75
204620,9844,284,140,52.25,70.25
204621,9845,284,141,52.25,70.75
204622,9846,284,142,52.25,71.25
204623,9847,284,143,52.25,71.75
204624,9848,284,144,52.25,72.25
204625,9849,284,145,52.25,72.75
204636,9850,284,156,52.25,78.25
204637,9851,284,157,52.25,78.75
204729,9852,284,249,52.25,124.75
204730,9853,284,250,52.25,125.25
204731,9854,284,251,52.25,125.75
204732,9855,284,252,52.25,126.25
204969,9856,284,489,52.25,-115.25
204970,9857,284,490,52.25,-114.75
204971,9858,284,491,52.25,-114.25
204972,9859,284,492,52.25,-113.75
204973,9860,284,493,52.25,-113.25
204974,9861,284,494,52.25,-112.75
204975,9862,284,495,52.25,-112.25
204976,9863,284,496,52.25,-111.75
204977,9864,284,497,52.25,-111.25
204978,9865,284,498,52.25,-110.75
204979,9866,284,499,52.25,-110.25
204980,9867,284,500,52.25,-109.75
204981,9868,284,501,52.25,-109.25
204982,9869,284,502,52.25,-108.75
204983,9870,284,503,52.25,-108.25
204984,9871,284,504,52.25,-107.75
204985,9872,284,505,52.25,-107.25
204986,9873,284,506,52.25,-106.75
204987,9874,284,507,52.25,-106.25
204988,9875,284,508,52.25,-105.75
204989,9876,284,509,52.25,-105.25
204990,9877,284,510,52.25,-104.75
204991,9878,284,511,52.25,-104.25
204992,9879,284,512,52.25,-103.75
204993,9880,284,513,52.25,-103.25
204994,9881,284,514,52.25,-102.75
204995,9882,284,515,52.25,-102.25
204996,9883,284,516,52.25,-101.75
204997,9884,284,517,52.25,-101.25
204998,9885,284,518,52.25,-100.75
205192,9886,284,712,52.25,-3.75
205193,9887,284,713,52.25,-3.25
205194,9888,284,714,52.25,-2.75
205195,9889,284,715,52.25,-2.25
205196,9890,284,716,52.25,-1.75
205197,9891,284,717,52.25,-1.25
205198,9892,284,718,52.25,-0.75
205199,9893,284,719,52.25,-0.25
205201,9894,285,1,52.75,0.75
205213,9895,285,13,52.75,6.75
205214,9896,285,14,52.75,7.25
205215,9897,285,15,52.75,7.75
205216,9898,285,16,52.75,8.25
205217,9899,285,17,52.75,8.75
205218,9900,285,18,52.75,9.25
205219,9901,285,19,52.75,9.75
205220,9902,285,20,52.75,10.25
205221,9903,285,21,52.75,10.75
205222,9904,285,22,52.75,11.25
205223,9905,285,23,52.75,11.75
205224,9906,285,24,52.75,12.25
205225,9907,285,25,52.75,12.75
205226,9908,285,26,52.75,13.25
205227,9909,285,27,52.75,13.75
205228,9910,285,28,52.75,14.25
205229,9911,285,29,52.75,14.75
205230,9912,285,30,52.75,15.25
205231,9913,285,31,52.75,15.75
205232,9914,285,32,52.75,16.25
205233,9915,285,33,52.75,16.75
205234,9916,285,34,52.75,17.25
205235,9917,285,35,52.75,17.75
205236,9918,285,36,52.75,18.25
205237,9919,285,37,52.75,18.75
205238,9920,285,38,52.75,19.25
205239,9921,285,39,52.75,19.75
205240,9922,285,40,52.75,20.25
205241,9923,285,41,52.75,20.75
205242,9924,285,42,52.75,21.25
205243,9925,285,43,52.75,21.75
205244,9926,285,44,52.75,22.25
205245,9927,285,45,52.75,22.75
205246,9928,285,46,52.75,23.25
205247,9929,285,47,52.75,23.75
205321,9930,285,121,52.75,60.75
205322,9931,285,122,52.75,61.25
205323,9932,285,123,52.75,61.75
205324,9933,285,124,52.75,62.25
205325,9934,285,125,52.75,62.75
205326,9935,285,126,52.75,63.25
205327,9936,285,127,52.75,63.75
205328,9937,285,128,52.75,64.25
205329,9938,285,129,52.75,64.75
205330,9939,285,130,52.75,65.25
205331,9940,285,131,52.75,65.75
205332,9941,285,132,52.75,66.25
205333,9942,285,133,52.75,66.75
205334,9943,285,134,52.75,67.25
205335,9944,285,135,52.75,67.75
205336,9945,285,136,52.75,68.25
205337,9946,285,137,52.75,68.75
205338,9947,285,138,52.75,69.25
205339,9948,285,139,52.75,69.75
205340,9949,285,140,52.75,70.25
205341,9950,285,141,52.75,70.75
205342,9951,285,142,52.75,71.25
205343,9952,285,143,52.75,71.75
205344,9953,285,144,52.75,72.25
205345,9954,285,145,52.75,72.75
205346,9955,285,146,52.75,73.25
205347,9956,285,147,52.75,73.75
205355,9957,285,155,52.75,77.75
205356,9958,285,156,52.75,78.25
205443,9959,285,243,52.75,121.75
205444,9960,285,244,52.75,122.25
205445,9961,285,245,52.75,122.75
205447,9962,285,247,52.75,123.75
205448,9963,285,248,52.75,124.25
205449,9964,285,249,52.75,124.75
205450,9965,285,250,52.75,125.25
205451,9966,285,251,52.75,125.75
205689,9967,285,489,52.75,-115.25
205690,9968,285,490,52.75,-114.75
205691,9969,285,491,52.75,-114.25
205692,9970,285,492,52.75,-113.75
205693,9971,285,493,52.75,-113.25
205694,9972,285,494,52.75,-112.75
205695,9973,285,495,52.75,-112.25
205696,9974,285,496,52.75,-111.75
205697,9975,285,497,52.75,-111.25
205698,9976,285,498,52.75,-110.75
205699,9977,285,499,52.75,-110.25
205700,9978,285,500,52.75,-109.75
205701,9979,285,501,52.75,-109.25
205702,9980,285,502,52.75,-108.75
205703,9981,285,503,52.75,-108.25
205704,9982,285,504,52.75,-107.75
205705,9983,285,505,52.75,-107.25
205706,9984,285,506,52.75,-106.75
205707,9985,285,507,52.75,-106.25
205708,9986,285,508,52.75,-105.75
205709,9987,285,509,52.75,-105.25
205710,9988,285,510,52.75,-104.75
205711,9989,285,511,52.75,-104.25
205712,9990,285,512,52.75,-103.75
205713,9991,285,513,52.75,-103.25
205714,9992,285,514,52.75,-102.75
205715,9993,285,515,52.75,-102.25
205716,9994,285,516,52.75,-101.75
205717,9995,285,517,52.75,-101.25
205912,9996,285,712,52.75,-3.75
205914,9997,285,714,52.75,-2.75
205915,9998,285,715,52.75,-2.25
205916,9999,285,716,52.75,-1.75
205917,10000,285,717,52.75,-1.25
205918,10001,285,718,52.75,-0.75
205919,10002,285,719,52.75,-0.25
205935,10003,286,15,53.25,7.75
205937,10004,286,17,53.25,8.75
205938,10005,286,18,53.25,9.25
205939,10006,286,19,53.25,9.75
205940,10007,286,20,53.25,10.25
205941,10008,286,21,53.25,10.75
205942,10009,286,22,53.25,11.25
205943,10010,286,23,53.25,11.75
205944,10011,286,24,53.25,12.25
205945,10012,286,25,53.25,12.75
205946,10013,286,26,53.25,13.25
205947,10014,286,27,53.25,13.75
205948,10015,286,28,53.25,14.25
205949,10016,286,29,53.25,14.75
205950,10017,286,30,53.25,15.25
205951,10018,286,31,53.25,15.75
205952,10019,286,32,53.25,16.25
205953,10020,286,33,53.25,16.75
205954,10021,286,34,53.25,17.25
205955,10022,286,35,53.25,17.75
205956,10023,286,36,53.25,18.25
205957,10024,286,37,53.25,18.75
205958,10025,286,38,53.25,19.25
205959,10026,286,39,53.25,19.75
205960,10027,286,40,53.25,20.25
205961,10028,286,41,53.25,20.75
205962,10029,286,42,53.25,21.25
205963,10030,286,43,53.25,21.75
205964,10031,286,44,53.25,22.25
205966,10032,286,46,53.25,23.25
205967,10033,286,47,53.25,23.75
206042,10034,286,122,53.25,61.25
206043,10035,286,123,53.25,61.75
206044,10036,286,124,53.25,62.25
206045,10037,286,125,53.25,62.75
206046,10038,286,126,53.25,63.25
206047,10039,286,127,53.25,63.75
206048,10040,286,128,53.25,64.25
206049,10041,286,129,53.25,64.75
206050,10042,286,130,53.25,65.25
206051,10043,286,131,53.25,65.75
206052,10044,286,132,53.25,66.25
206053,10045,286,133,53.25,66.75
206054,10046,286,134,53.25,67.25
206055,10047,286,135,53.25,67.75
206056,10048,286,136,53.25,68.25
206057,10049,286,137,53.25,68.75
206058,10050,286,138,53.25,69.25
206059,10051,286,139,53.25,69.75
206060,10052,286,140,53.25,70.25
206061,10053,286,141,53.25,70.75
206062,10054,286,142,53.25,71.25
206063,10055,286,143,53.25,71.75
206064,10056,286,144,53.25,72.25
206065,10057,286,145,53.25,72.75
206066,10058,286,146,53.25,73.25
206067,10059,286,147,53.25,73.75
206068,10060,286,148,53.25,74.25
206069,10061,286,149,53.25,74.75
206072,10062,286,152,53.25,76.25
206073,10063,286,153,53.25,76.75
206074,10064,286,154,53.25,77.25
206075,10065,286,155,53.25,77.75
206164,10066,286,244,53.25,122.25
206165,10067,286,245,53.25,122.75
206166,10068,286,246,53.25,123.25
206167,10069,286,247,53.25,123.75
206168,10070,286,248,53.25,124.25
206407,10071,286,487,53.25,-116.25
206409,10072,286,489,53.25,-115.25
206410,10073,286,490,53.25,-114.75
206411,10074,286,491,53.25,-114.25
206412,10075,286,492,53.25,-113.75
206413,10076,286,493,53.25,-113.25
206414,10077,286,494,53.25,-112.75
206415,10078,286,495,53.25,-112.25
206416,10079,286,496,53.25,-111.75
206417,10080,286,497,53.25,-111.25
206418,10081,286,498,53.25,-110.75
206419,10082,286,499,53.25,-110.25
206420,10083,286,500,53.25,-109.75
206421,10084,286,501,53.25,-109.25
206422,10085,286,502,53.25,-108.75
206423,10086,286,503,53.25,-108.25
206424,10087,286,504,53.25,-107.75
206425,10088,286,505,53.25,-107.25
206426,10089,286,506,53.25,-106.75
206427,10090,286,507,53.25,-106.25
206428,10091,286,508,53.25,-105.75
206429,10092,286,509,53.25,-105.25
206430,10093,286,510,53.25,-104.75
206431,10094,286,511,53.25,-104.25
206432,10095,286,512,53.25,-103.75
206433,10096,286,513,53.25,-103.25
206434,10097,286,514,53.25,-102.75
206435,10098,286,515,53.25,-102.25
206436,10099,286,516,53.25,-101.75
206635,10100,286,715,53.25,-2.25
206636,10101,286,716,53.25,-1.75
206637,10102,286,717,53.25,-1.25
206638,10103,286,718,53.25,-0.75
206639,10104,286,719,53.25,-0.25
206660,10105,287,20,53.75,10.25
206661,10106,287,21,53.75,10.75
206663,10107,287,23,53.75,11.75
206664,10108,287,24,53.75,12.25
206665,10109,287,25,53.75,12.75
206666,10110,287,26,53.75,13.25
206670,10111,287,30,53.75,15.25
206671,10112,287,31,53.75,15.75
206672,10113,287,32,53.75,16.25
206673,10114,287,33,53.75,16.75
206674,10115,287,34,53.75,17.25
206675,10116,287,35,53.75,17.75
206676,10117,287,36,53.75,18.25
206677,10118,287,37,53.75,18.75
206678,10119,287,38,53.75,19.25
206679,10120,287,39,53.75,19.75
206680,10121,287,40,53.75,20.25
206681,10122,287,41,53.75,20.75
206682,10123,287,42,53.75,21.25
206683,10124,287,43,53.75,21.75
206684,10125,287,44,53.75,22.25
206685,10126,287,45,53.75,22.75
206686,10127,287,46,53.75,23.25
206687,10128,287,47,53.75,23.75
206688,10129,287,48,53.75,24.25
206761,10130,287,121,53.75,60.75
206762,10131,287,122,53.75,61.25
206763,10132,287,123,53.75,61.75
206764,10133,287,124,53.75,62.25
206765,10134,287,125,53.75,62.75
206766,10135,287,126,53.75,63.25
206767,10136,287,127,53.75,63.75
206768,10137,287,128,53.75,64.25
206769,10138,287,129,53.75,64.75
206770,10139,287,130,53.75,65.25
206771,10140,287,131,53.75,65.75
206772,10141,287,132,53.75,66.25
206773,10142,287,133,53.75,66.75
206774,10143,287,134,53.75,67.25
206775,10144,287,135,53.75,67.75
206776,10145,287,136,53.75,68.25
206777,10146,287,137,53.75,68.75
206778,10147,287,138,53.75,69.25
206779,10148,287,139,53.75,69.75
206780,10149,287,140,53.75,70.25
206781,10150,287,141,53.75,70.75
206782,10151,287,142,53.75,71.25
206783,10152,287,143,53.75,71.75
206784,10153,287,144,53.75,72.25
206785,10154,287,145,53.75,72.75
206786,10155,287,146,53.75,73.25
206787,10156,287,147,53.75,73.75
206788,10157,287,148,53.75,74.25
206789,10158,287,149,53.75,74.75
206790,10159,287,150,53.75,75.25
206791,10160,287,151,53.75,75.75
206792,10161,287,152,53.75,76.25
206793,10162,287,153,53.75,76.75
206794,10163,287,154,53.75,77.25
207127,10164,287,487,53.75,-116.25
207128,10165,287,488,53.75,-115.75
207129,10166,287,489,53.75,-115.25
207130,10167,287,490,53.75,-114.75
207131,10168,287,491,53.75,-114.25
207132,10169,287,492,53.75,-113.75
207133,10170,287,493,53.75,-113.25
207134,10171,287,494,53.75,-112.75
207135,10172,287,495,53.75,-112.25
207136,10173,287,496,53.75,-111.75
207137,10174,287,497,53.75,-111.25
207138,10175,287,498,53.75,-110.75
207139,10176,287,499,53.75,-110.25
207140,10177,287,500,53.75,-109.75
207141,10178,287,501,53.75,-109.25
207142,10179,287,502,53.75,-108.75
207143,10180,287,503,53.75,-108.25
207144,10181,287,504,53.75,-107.75
207145,10182,287,505,53.75,-107.25
207146,10183,287,506,53.75,-106.75
207148,10184,287,508,53.75,-105.75
207151,10185,287,511,53.75,-104.25
207152,10186,287,512,53.75,-103.75
207153,10187,287,513,53.75,-103.25
207154,10188,287,514,53.75,-102.75
207155,10189,287,515,53.75,-102.25
207156,10190,287,516,53.75,-101.75
207157,10191,287,517,53.75,-101.25
207355,10192,287,715,53.75,-2.25
207356,10193,287,716,53.75,-1.75
207357,10194,287,717,53.75,-1.25
207378,10195,288,18,54.25,9.25
207393,10196,288,33,54.25,16.75
207394,10197,288,34,54.25,17.25
207395,10198,288,35,54.25,17.75
207396,10199,288,36,54.25,18.25
207400,10200,288,40,54.25,20.25
207401,10201,288,41,54.25,20.75
207402,10202,288,42,54.25,21.25
207403,10203,288,43,54.25,21.75
207404,10204,288,44,54.25,22.25
207405,10205,288,45,54.25,22.75
207406,10206,288,46,54.25,23.25
207407,10207,288,47,54.25,23.75
207408,10208,288,48,54.25,24.25
207409,10209,288,49,54.25,24.75
207410,10210,288,50,54.25,25.25
207411,10211,288,51,54.25,25.75
207486,10212,288,126,54.25,63.25
207487,10213,288,127,54.25,63.75
207488,10214,288,128,54.25,64.25
207489,10215,288,129,54.25,64.75
207490,10216,288,130,54.25,65.25
207491,10217,288,131,54.25,65.75
207492,10218,288,132,54.25,66.25
207493,10219,288,133,54.25,66.75
207494,10220,288,134,54.25,67.25
207495,10221,288,135,54.25,67.75
207496,10222,288,136,54.25,68.25
207497,10223,288,137,54.25,68.75
207498,10224,288,138,54.25,69.25
207499,10225,288,139,54.25,69.75
207500,10226,288,140,54.25,70.25
207501,10227,288,141,54.25,70.75
207502,10228,288,142,54.25,71.25
207503,10229,288,143,54.25,71.75
207504,10230,288,144,54.25,72.25
207505,10231,288,145,54.25,72.75
207511,10232,288,151,54.25,75.75
207512,10233,288,152,54.25,76.25
207513,10234,288,153,54.25,76.75
207847,10235,288,487,54.25,-116.25
207848,10236,288,488,54.25,-115.75
207849,10237,288,489,54.25,-115.25
207850,10238,288,490,54.25,-114.75
207851,10239,288,491,54.25,-114.25
207852,10240,288,492,54.25,-113.75
207853,10241,288,493,54.25,-113.25
207854,10242,288,494,54.25,-112.75
207855,10243,288,495,54.25,-112.25
207856,10244,288,496,54.25,-111.75
207857,10245,288,497,54.25,-111.25
207858,10246,288,498,54.25,-110.75
207859,10247,288,499,54.25,-110.25
207860,10248,288,500,54.25,-109.75
207861,10249,288,501,54.25,-109.25
207862,10250,288,502,54.25,-108.75
207863,10251,288,503,54.25,-108.25
207864,10252,288,504,54.25,-107.75
207870,10253,288,510,54.25,-104.75
207871,10254,288,511,54.25,-104.25
207874,10255,288,514,54.25,-102.75
207877,10256,288,517,54.25,-101.25
207878,10257,288,518,54.25,-100.75
207879,10258,288,519,54.25,-100.25
207880,10259,288,520,54.25,-99.75
207881,10260,288,521,54.25,-99.25
208064,10261,288,704,54.25,-7.75
208065,10262,288,705,54.25,-7.25
208075,10263,288,715,54.25,-2.25
208076,10264,288,716,54.25,-1.75
208077,10265,288,717,54.25,-1.25
208078,10266,288,718,54.25,-0.75
208098,10267,289,18,54.75,9.25
208125,10268,289,45,54.75,22.75
208126,10269,289,46,54.75,23.25
208127,10270,289,47,54.75,23.75
208128,10271,289,48,54.75,24.25
208129,10272,289,49,54.75,24.75
208130,10273,289,50,54.75,25.25
208131,10274,289,51,54.75,25.75
208210,10275,289,130,54.75,65.25
208211,10276,289,131,54.75,65.75
208212,10277,289,132,54.75,66.25
208213,10278,289,133,54.75,66.75
208214,10279,289,134,54.75,67.25
208215,10280,289,135,54.75,67.75
208216,10281,289,136,54.75,68.25
208217,10282,289,137,54.75,68.75
208218,10283,289,138,54.75,69.25
208219,10284,289,139,54.75,69.75
208220,10285,289,140,54.75,70.25
208221,10286,289,141,54.75,70.75
208222,10287,289,142,54.75,71.25
208560,10288,289,480,54.75,-119.75
208561,10289,289,481,54.75,-119.25
208562,10290,289,482,54.75,-118.75
208563,10291,289,483,54.75,-118.25
208564,10292,289,484,54.75,-117.75
208565,10293,289,485,54.75,-117.25
208566,10294,289,486,54.75,-116.75
208567,10295,289,487,54.75,-116.25
208570,10296,289,490,54.75,-114.75
208571,10297,289,491,54.75,-114.25
208572,10298,289,492,54.75,-113.75
208573,10299,289,493,54.75,-113.25
208574,10300,289,494,54.75,-112.75
208575,10301,289,495,54.75,-112.25
208576,10302,289,496,54.75,-111.75
208578,10303,289,498,54.75,-110.75
208581,10304,289,501,54.75,-109.25
208583,10305,289,503,54.75,-108.25
208584,10306,289,504,54.75,-107.75
208587,10307,289,507,54.75,-106.25
208595,10308,289,515,54.75,-102.25
208597,10309,289,517,54.75,-101.25
208598,10310,289,518,54.75,-100.75
208599,10311,289,519,54.75,-100.25
208787,10312,289,707,54.75,-6.25
208794,10313,289,714,54.75,-2.75
208795,10314,289,715,54.75,-2.25
208796,10315,289,716,54.75,-1.75
208818,10316,290,18,55.25,9.25
208843,10317,290,43,55.25,21.75
208845,10318,290,45,55.25,22.75
208846,10319,290,46,55.25,23.25
208847,10320,290,47,55.25,23.75
208848,10321,290,48,55.25,24.25
208849,10322,290,49,55.25,24.75
208850,10323,290,50,55.25,25.25
208851,10324,290,51,55.25,25.75
208852,10325,290,52,55.25,26.25
208853,10326,290,53,55.25,26.75
208936,10327,290,136,55.25,68.25
208937,10328,290,137,55.25,68.75
208938,10329,290,138,55.25,69.25
208939,10330,290,139,55.25,69.75
208940,10331,290,140,55.25,70.25
208941,10332,290,141,55.25,70.75
209280,10333,290,480,55.25,-119.75
209281,10334,290,481,55.25,-119.25
209282,10335,290,482,55.25,-118.75
209283,10336,290,483,55.25,-118.25
209284,10337,290,484,55.25,-117.75
209285,10338,290,485,55.25,-117.25
209286,10339,290,486,55.25,-116.75
209287,10340,290,487,55.25,-116.25
209288,10341,290,488,55.25,-115.75
209289,10342,290,489,55.25,-115.25
209290,10343,290,490,55.25,-114.75
209291,10344,290,491,55.25,-114.25
209292,10345,290,492,55.25,-113.75
209294,10346,290,494,55.25,-112.75
209301,10347,290,501,55.25,-109.25
209302,10348,290,502,55.25,-108.75
209303,10349,290,503,55.25,-108.25
209304,10350,290,504,55.25,-107.75
209307,10351,290,507,55.25,-106.25
209311,10352,290,511,55.25,-104.25
209312,10353,290,512,55.25,-103.75
209313,10354,290,513,55.25,-103.25
209314,10355,290,514,55.25,-102.75
209316,10356,290,516,55.25,-101.75
209319,10357,290,519,55.25,-100.25
209320,10358,290,520,55.25,-99.75
209511,10359,290,711,55.25,-4.25
209512,10360,290,712,55.25,-3.75
209513,10361,290,713,55.25,-3.25
209514,10362,290,714,55.25,-2.75
209537,10363,291,17,55.75,8.75
209538,10364,291,18,55.75,9.25
209547,10365,291,27,55.75,13.75
209563,10366,291,43,55.75,21.75
209564,10367,291,44,55.75,22.25
209565,10368,291,45,55.75,22.75
209566,10369,291,46,55.75,23.25
209567,10370,291,47,55.75,23.75
209568,10371,291,48,55.75,24.25
209569,10372,291,49,55.75,24.75
209570,10373,291,50,55.75,25.25
209571,10374,291,51,55.75,25.75
209572,10375,291,52,55.75,26.25
209573,10376,291,53,55.75,26.75
209574,10377,291,54,55.75,27.25
209575,10378,291,55,55.75,27.75
210000,10379,291,480,55.75,-119.75
210001,10380,291,481,55.75,-119.25
210002,10381,291,482,55.75,-118.75
210003,10382,291,483,55.75,-118.25
210004,10383,291,484,55.75,-117.75
210005,10384,291,485,55.75,-117.25
210006,10385,291,486,55.75,-116.75
210007,10386,291,487,55.75,-116.25
210008,10387,291,488,55.75,-115.75
210012,10388,291,492,55.75,-113.75
210014,10389,291,494,55.75,-112.75
210028,10390,291,508,55.75,-105.75
210031,10391,291,511,55.75,-104.25
210032,10392,291,512,55.75,-103.75
210034,10393,291,514,55.75,-102.75
210037,10394,291,517,55.75,-101.25
210231,10395,291,711,55.75,-4.25
210232,10396,291,712,55.75,-3.75
210234,10397,291,714,55.75,-2.75
210257,10398,292,17,56.25,8.75
210258,10399,292,18,56.25,9.25
210259,10400,292,19,56.25,9.75
210266,10401,292,26,56.25,13.25
210267,10402,292,27,56.25,13.75
210268,10403,292,28,56.25,14.25
210283,10404,292,43,56.25,21.75
210284,10405,292,44,56.25,22.25
210285,10406,292,45,56.25,22.75
210286,10407,292,46,56.25,23.25
210287,10408,292,47,56.25,23.75
210289,10409,292,49,56.25,24.75
210290,10410,292,50,56.25,25.25
210291,10411,292,51,56.25,25.75
210292,10412,292,52,56.25,26.25
210293,10413,292,53,56.25,26.75
210294,10414,292,54,56.25,27.25
210295,10415,292,55,56.25,27.75
210296,10416,292,56,56.25,28.25
210720,10417,292,480,56.25,-119.75
210721,10418,292,481,56.25,-119.25
210722,10419,292,482,56.25,-118.75
210723,10420,292,483,56.25,-118.25
210724,10421,292,484,56.25,-117.75
210725,10422,292,485,56.25,-117.25
210726,10423,292,486,56.25,-116.75
210728,10424,292,488,56.25,-115.75
210735,10425,292,495,56.25,-112.25
210736,10426,292,496,56.25,-111.75
210740,10427,292,500,56.25,-109.75
210741,10428,292,501,56.25,-109.25
210743,10429,292,503,56.25,-108.25
210744,10430,292,504,56.25,-107.75
210745,10431,292,505,56.25,-107.25
210951,10432,292,711,56.25,-4.25
210979,10433,293,19,56.75,9.75
210988,10434,293,28,56.75,14.25
210989,10435,293,29,56.75,14.75
210990,10436,293,30,56.75,15.25
211003,10437,293,43,56.75,21.75
211004,10438,293,44,56.75,22.25
211005,10439,293,45,56.75,22.75
211006,10440,293,46,56.75,23.25
211007,10441,293,47,56.75,23.75
211008,10442,293,48,56.75,24.25
211009,10443,293,49,56.75,24.75
211010,10444,293,50,56.75,25.25
211011,10445,293,51,56.75,25.75
211012,10446,293,52,56.75,26.25
211013,10447,293,53,56.75,26.75
211015,10448,293,55,56.75,27.75
211444,10449,293,484,56.75,-117.75
211445,10450,293,485,56.75,-117.25
211461,10451,293,501,56.75,-109.25
211462,10452,293,502,56.75,-108.75
211672,10453,293,712,56.75,-3.75
211673,10454,293,713,56.75,-3.25
211707,10455,294,27,57.25,13.75
211708,10456,294,28,57.25,14.25
211709,10457,294,29,57.25,14.75
211710,10458,294,30,57.25,15.25
211711,10459,294,31,57.25,15.75
211712,10460,294,32,57.25,16.25
211724,10461,294,44,57.25,22.25
211729,10462,294,49,57.25,24.75
212164,10463,294,484,57.25,-117.75
212165,10464,294,485,57.25,-117.25
212171,10465,294,491,57.25,-114.25
212176,10466,294,496,57.25,-111.75
212394,10467,294,714,57.25,-2.75
212428,10468,295,28,57.75,14.25
212429,10469,295,29,57.75,14.75
212430,10470,295,30,57.75,15.25
212431,10471,295,31,57.75,15.75
212884,10472,295,484,57.75,-117.75
212885,10473,295,485,57.75,-117.25
212886,10474,295,486,57.75,-116.75
212887,10475,295,487,57.75,-116.25
212888,10476,295,488,57.75,-115.75
212889,10477,295,489,57.75,-115.25
212897,10478,295,497,57.75,-111.25
212898,10479,295,498,57.75,-110.75
213605,10480,296,485,58.25,-117.25
213606,10481,296,486,58.25,-116.75
213607,10482,296,487,58.25,-116.25
213608,10483,296,488,58.25,-115.75
213609,10484,296,489,58.25,-115.25
213610,10485,296,490,58.25,-114.75
213612,10486,296,492,58.25,-113.75
213613,10487,296,493,58.25,-113.25
213614,10488,296,494,58.25,-112.75
213616,10489,296,496,58.25,-111.75
213617,10490,296,497,58.25,-111.25
213618,10491,296,498,58.25,-110.75
214321,10492,297,481,58.75,-119.25
214322,10493,297,482,58.75,-118.75
214325,10494,297,485,58.75,-117.25
214332,10495,297,492,58.75,-113.75
214333,10496,297,493,58.75,-113.25
214334,10497,297,494,58.75,-112.75
214335,10498,297,495,58.75,-112.25
214336,10499,297,496,58.75,-111.75
215043,10500,298,483,59.25,-118.25
215053,10501,298,493,59.25,-113.25
215054,10502,298,494,59.25,-112.75
215055,10503,298,495,59.25,-112.25
215056,10504,298,496,59.25,-111.75
