pixel_id,h5_index,lat_idx,lon_idx,latitude,longitude
74037,0,102,597,-38.75,-61.25
74753,1,103,593,-38.25,-63.25
74754,2,103,594,-38.25,-62.75
74755,3,103,595,-38.25,-62.25
74756,4,103,596,-38.25,-61.75
74757,5,103,597,-38.25,-61.25
74758,6,103,598,-38.25,-60.75
74759,7,103,599,-38.25,-60.25
74760,8,103,600,-38.25,-59.75
74761,9,103,601,-38.25,-59.25
74762,10,103,602,-38.25,-58.75
75471,11,104,591,-37.75,-64.25
75472,12,104,592,-37.75,-63.75
75473,13,104,593,-37.75,-63.25
75474,14,104,594,-37.75,-62.75
75475,15,104,595,-37.75,-62.25
75476,16,104,596,-37.75,-61.75
75477,17,104,597,-37.75,-61.25
75478,18,104,598,-37.75,-60.75
75479,19,104,599,-37.75,-60.25
75480,20,104,600,-37.75,-59.75
75481,21,104,601,-37.75,-59.25
75482,22,104,602,-37.75,-58.75
75483,23,104,603,-37.75,-58.25
76190,24,105,590,-37.25,-64.75
76191,25,105,591,-37.25,-64.25
76192,26,105,592,-37.25,-63.75
76193,27,105,593,-37.25,-63.25
76194,28,105,594,-37.25,-62.75
76195,29,105,595,-37.25,-62.25
76196,30,105,596,-37.25,-61.75
76197,31,105,597,-37.25,-61.25
76198,32,105,598,-37.25,-60.75
76199,33,105,599,-37.25,-60.25
76200,34,105,600,-37.25,-59.75
76201,35,105,601,-37.25,-59.25
76202,36,105,602,-37.25,-58.75
76203,37,105,603,-37.25,-58.25
76204,38,105,604,-37.25,-57.75
76911,39,106,591,-36.75,-64.25
76912,40,106,592,-36.75,-63.75
76913,41,106,593,-36.75,-63.25
76914,42,106,594,-36.75,-62.75
76915,43,106,595,-36.75,-62.25
76916,44,106,596,-36.75,-61.75
76917,45,106,597,-36.75,-61.25
76918,46,106,598,-36.75,-60.75
76919,47,106,599,-36.75,-60.25
76920,48,106,600,-36.75,-59.75
76921,49,106,601,-36.75,-59.25
76922,50,106,602,-36.75,-58.75
76923,51,106,603,-36.75,-58.25
76924,52,106,604,-36.75,-57.75
76925,53,106,605,-36.75,-57.25
77630,54,107,590,-36.25,-64.75
77631,55,107,591,-36.25,-64.25
77632,56,107,592,-36.25,-63.75
77633,57,107,593,-36.25,-63.25
77634,58,107,594,-36.25,-62.75
77635,59,107,595,-36.25,-62.25
77636,60,107,596,-36.25,-61.75
77637,61,107,597,-36.25,-61.25
77638,62,107,598,-36.25,-60.75
77639,63,107,599,-36.25,-60.25
77640,64,107,600,-36.25,-59.75
77641,65,107,601,-36.25,-59.25
77642,66,107,602,-36.25,-58.75
77643,67,107,603,-36.25,-58.25
77644,68,107,604,-36.25,-57.75
78350,69,108,590,-35.75,-64.75
78351,70,108,591,-35.75,-64.25
78352,71,108,592,-35.75,-63.75
78353,72,108,593,-35.75,-63.25
78354,73,108,594,-35.75,-62.75
78355,74,108,595,-35.75,-62.25
78356,75,108,596,-35.75,-61.75
78357,76,108,597,-35.75,-61.25
78358,77,108,598,-35.75,-60.75
78359,78,108,599,-35.75,-60.25
78360,79,108,600,-35.75,-59.75
78361,80,108,601,-35.75,-59.25
78362,81,108,602,-35.75,-58.75
78363,82,108,603,-35.75,-58.25
78364,83,108,604,-35.75,-57.75
79070,84,109,590,-35.25,-64.75
79071,85,109,591,-35.25,-64.25
79072,86,109,592,-35.25,-63.75
79073,87,109,593,-35.25,-63.25
79074,88,109,594,-35.25,-62.75
79075,89,109,595,-35.25,-62.25
79076,90,109,596,-35.25,-61.75
79077,91,109,597,-35.25,-61.25
79078,92,109,598,-35.25,-60.75
79079,93,109,599,-35.25,-60.25
79080,94,109,600,-35.25,-59.75
79081,95,109,601,-35.25,-59.25
79082,96,109,602,-35.25,-58.75
79083,97,109,603,-35.25,-58.25
79084,98,109,604,-35.25,-57.75
79789,99,110,589,-34.75,-65.25
79790,100,110,590,-34.75,-64.75
79791,101,110,591,-34.75,-64.25
79792,102,110,592,-34.75,-63.75
79793,103,110,593,-34.75,-63.25
79794,104,110,594,-34.75,-62.75
79795,105,110,595,-34.75,-62.25
79796,106,110,596,-34.75,-61.75
79797,107,110,597,-34.75,-61.25
79798,108,110,598,-34.75,-60.75
79799,109,110,599,-34.75,-60.25
79800,110,110,600,-34.75,-59.75
79801,111,110,601,-34.75,-59.25
79802,112,110,602,-34.75,-58.75
79959,113,111,39,-34.25,19.75
80508,114,111,588,-34.25,-65.75
80509,115,111,589,-34.25,-65.25
80510,116,111,590,-34.25,-64.75
80511,117,111,591,-34.25,-64.25
80512,118,111,592,-34.25,-63.75
80513,119,111,593,-34.25,-63.25
80514,120,111,594,-34.25,-62.75
80515,121,111,595,-34.25,-62.25
80516,122,111,596,-34.25,-61.75
80517,123,111,597,-34.25,-61.25
80518,124,111,598,-34.25,-60.75
80519,125,111,599,-34.25,-60.25
80520,126,111,600,-34.25,-59.75
80521,127,111,601,-34.25,-59.25
80677,128,112,37,-33.75,18.75
81227,129,112,587,-33.75,-66.25
81228,130,112,588,-33.75,-65.75
81229,131,112,589,-33.75,-65.25
81230,132,112,590,-33.75,-64.75
81231,133,112,591,-33.75,-64.25
81232,134,112,592,-33.75,-63.75
81233,135,112,593,-33.75,-63.25
81234,136,112,594,-33.75,-62.75
81235,137,112,595,-33.75,-62.25
81236,138,112,596,-33.75,-61.75
81237,139,112,597,-33.75,-61.25
81238,140,112,598,-33.75,-60.75
81239,141,112,599,-33.75,-60.25
81241,142,112,601,-33.75,-59.25
81398,143,113,38,-33.25,19.25
81947,144,113,587,-33.25,-66.25
81948,145,113,588,-33.25,-65.75
81949,146,113,589,-33.25,-65.25
81950,147,113,590,-33.25,-64.75
81951,148,113,591,-33.25,-64.25
81952,149,113,592,-33.25,-63.75
81953,150,113,593,-33.25,-63.25
81954,151,113,594,-33.25,-62.75
81955,152,113,595,-33.25,-62.25
81956,153,113,596,-33.25,-61.75
81957,154,113,597,-33.25,-61.25
81958,155,113,598,-33.25,-60.75
81959,156,113,599,-33.25,-60.25
81960,157,113,600,-33.25,-59.75
81961,158,113,601,-33.25,-59.25
81962,159,113,602,-33.25,-58.75
81972,160,113,612,-33.25,-53.75
82667,161,114,587,-32.75,-66.25
82669,162,114,589,-32.75,-65.25
82670,163,114,590,-32.75,-64.75
82671,164,114,591,-32.75,-64.25
82672,165,114,592,-32.75,-63.75
82673,166,114,593,-32.75,-63.25
82674,167,114,594,-32.75,-62.75
82675,168,114,595,-32.75,-62.25
82676,169,114,596,-32.75,-61.75
82677,170,114,597,-32.75,-61.25
82678,171,114,598,-32.75,-60.75
82679,172,114,599,-32.75,-60.25
82680,173,114,600,-32.75,-59.75
82681,174,114,601,-32.75,-59.25
82682,175,114,602,-32.75,-58.75
82683,176,114,603,-32.75,-58.25
82692,177,114,612,-32.75,-53.75
83389,178,115,589,-32.25,-65.25
83391,179,115,591,-32.25,-64.25
83392,180,115,592,-32.25,-63.75
83393,181,115,593,-32.25,-63.25
83394,182,115,594,-32.25,-62.75
83395,183,115,595,-32.25,-62.25
83396,184,115,596,-32.25,-61.75
83397,185,115,597,-32.25,-61.25
83398,186,115,598,-32.25,-60.75
83399,187,115,599,-32.25,-60.25
83400,188,115,600,-32.25,-59.75
83401,189,115,601,-32.25,-59.25
83402,190,115,602,-32.25,-58.75
83403,191,115,603,-32.25,-58.25
83412,192,115,612,-32.25,-53.75
83414,193,115,614,-32.25,-52.75
83577,194,116,57,-31.75,28.75
84108,195,116,588,-31.75,-65.75
84109,196,116,589,-31.75,-65.25
84110,197,116,590,-31.75,-64.75
84111,198,116,591,-31.75,-64.25
84112,199,116,592,-31.75,-63.75
84113,200,116,593,-31.75,-63.25
84114,201,116,594,-31.75,-62.75
84115,202,116,595,-31.75,-62.25
84116,203,116,596,-31.75,-61.75
84117,204,116,597,-31.75,-61.25
84118,205,116,598,-31.75,-60.75
84119,206,116,599,-31.75,-60.25
84120,207,116,600,-31.75,-59.75
84121,208,116,601,-31.75,-59.25
84122,209,116,602,-31.75,-58.75
84132,210,116,612,-31.75,-53.75
84133,211,116,613,-31.75,-53.25
84134,212,116,614,-31.75,-52.75
84135,213,116,615,-31.75,-52.25
84298,214,117,58,-31.25,29.25
84830,215,117,590,-31.25,-64.75
84831,216,117,591,-31.25,-64.25
84832,217,117,592,-31.25,-63.75
84833,218,117,593,-31.25,-63.25
84834,219,117,594,-31.25,-62.75
84835,220,117,595,-31.25,-62.25
84836,221,117,596,-31.25,-61.75
84837,222,117,597,-31.25,-61.25
84838,223,117,598,-31.25,-60.75
84839,224,117,599,-31.25,-60.25
84840,225,117,600,-31.25,-59.75
84841,226,117,601,-31.25,-59.25
84842,227,117,602,-31.25,-58.75
84843,228,117,603,-31.25,-58.25
84850,229,117,610,-31.25,-54.75
84851,230,117,611,-31.25,-54.25
84852,231,117,612,-31.25,-53.75
84854,232,117,614,-31.25,-52.75
84855,233,117,615,-31.25,-52.25
84856,234,117,616,-31.25,-51.75
85019,235,118,59,-30.75,29.75
85550,236,118,590,-30.75,-64.75
85551,237,118,591,-30.75,-64.25
85552,238,118,592,-30.75,-63.75
85553,239,118,593,-30.75,-63.25
85554,240,118,594,-30.75,-62.75
85555,241,118,595,-30.75,-62.25
85556,242,118,596,-30.75,-61.75
85557,243,118,597,-30.75,-61.25
85558,244,118,598,-30.75,-60.75
85559,245,118,599,-30.75,-60.25
85560,246,118,600,-30.75,-59.75
85561,247,118,601,-30.75,-59.25
85562,248,118,602,-30.75,-58.75
85563,249,118,603,-30.75,-58.25
85569,250,118,609,-30.75,-55.25
85572,251,118,612,-30.75,-53.75
85573,252,118,613,-30.75,-53.25
85575,253,118,615,-30.75,-52.25
85576,254,118,616,-30.75,-51.75
85740,255,119,60,-30.25,30.25
86271,256,119,591,-30.25,-64.25
86272,257,119,592,-30.25,-63.75
86273,258,119,593,-30.25,-63.25
86274,259,119,594,-30.25,-62.75
86275,260,119,595,-30.25,-62.25
86276,261,119,596,-30.25,-61.75
86277,262,119,597,-30.25,-61.25
86278,263,119,598,-30.25,-60.75
86279,264,119,599,-30.25,-60.25
86280,265,119,600,-30.25,-59.75
86281,266,119,601,-30.25,-59.25
86282,267,119,602,-30.25,-58.75
86285,268,119,605,-30.25,-57.25
86286,269,119,606,-30.25,-56.75
86287,270,119,607,-30.25,-56.25
86290,271,119,610,-30.25,-54.75
86291,272,119,611,-30.25,-54.25
86292,273,119,612,-30.25,-53.75
86293,274,119,613,-30.25,-53.25
86294,275,119,614,-30.25,-52.75
86295,276,119,615,-30.25,-52.25
86296,277,119,616,-30.25,-51.75
86297,278,119,617,-30.25,-51.25
86991,279,120,591,-29.75,-64.25
86992,280,120,592,-29.75,-63.75
86993,281,120,593,-29.75,-63.25
86994,282,120,594,-29.75,-62.75
86995,283,120,595,-29.75,-62.25
86996,284,120,596,-29.75,-61.75
86997,285,120,597,-29.75,-61.25
86998,286,120,598,-29.75,-60.75
86999,287,120,599,-29.75,-60.25
87000,288,120,600,-29.75,-59.75
87001,289,120,601,-29.75,-59.25
87006,290,120,606,-29.75,-56.75
87007,291,120,607,-29.75,-56.25
87008,292,120,608,-29.75,-55.75
87010,293,120,610,-29.75,-54.75
87012,294,120,612,-29.75,-53.75
87013,295,120,613,-29.75,-53.25
87014,296,120,614,-29.75,-52.75
87015,297,120,615,-29.75,-52.25
87171,298,121,51,-29.25,25.75
87709,299,121,589,-29.25,-65.25
87712,300,121,592,-29.25,-63.75
87713,301,121,593,-29.25,-63.25
87714,302,121,594,-29.25,-62.75
87715,303,121,595,-29.25,-62.25
87716,304,121,596,-29.25,-61.75
87717,305,121,597,-29.25,-61.25
87718,306,121,598,-29.25,-60.75
87719,307,121,599,-29.25,-60.25
87720,308,121,600,-29.25,-59.75
87721,309,121,601,-29.25,-59.25
87722,310,121,602,-29.25,-58.75
87723,311,121,603,-29.25,-58.25
87724,312,121,604,-29.25,-57.75
87726,313,121,606,-29.25,-56.75
87727,314,121,607,-29.25,-56.25
87728,315,121,608,-29.25,-55.75
87730,316,121,610,-29.25,-54.75
87731,317,121,611,-29.25,-54.25
87732,318,121,612,-29.25,-53.75
87733,319,121,613,-29.25,-53.25
87734,320,121,614,-29.25,-52.75
87735,321,121,615,-29.25,-52.25
87736,322,121,616,-29.25,-51.75
87737,323,121,617,-29.25,-51.25
87738,324,121,618,-29.25,-50.75
87739,325,121,619,-29.25,-50.25
87891,326,122,51,-28.75,25.75
87894,327,122,54,-28.75,27.25
87900,328,122,60,-28.75,30.25
87901,329,122,61,-28.75,30.75
88429,330,122,589,-28.75,-65.25
88433,331,122,593,-28.75,-63.25
88434,332,122,594,-28.75,-62.75
88435,333,122,595,-28.75,-62.25
88436,334,122,596,-28.75,-61.75
88437,335,122,597,-28.75,-61.25
88438,336,122,598,-28.75,-60.75
88439,337,122,599,-28.75,-60.25
88440,338,122,600,-28.75,-59.75
88441,339,122,601,-28.75,-59.25
88442,340,122,602,-28.75,-58.75
88444,341,122,604,-28.75,-57.75
88446,342,122,606,-28.75,-56.75
88447,343,122,607,-28.75,-56.25
88448,344,122,608,-28.75,-55.75
88449,345,122,609,-28.75,-55.25
88450,346,122,610,-28.75,-54.75
88451,347,122,611,-28.75,-54.25
88452,348,122,612,-28.75,-53.75
88453,349,122,613,-28.75,-53.25
88454,350,122,614,-28.75,-52.75
88455,351,122,615,-28.75,-52.25
88456,352,122,616,-28.75,-51.75
88457,353,122,617,-28.75,-51.25
88458,354,122,618,-28.75,-50.75
88459,355,122,619,-28.75,-50.25
88610,356,123,50,-28.25,25.25
88612,357,123,52,-28.25,26.25
88618,358,123,58,-28.25,29.25
88623,359,123,63,-28.25,31.75
89148,360,123,588,-28.25,-65.75
89149,361,123,589,-28.25,-65.25
89151,362,123,591,-28.25,-64.25
89153,363,123,593,-28.25,-63.25
89155,364,123,595,-28.25,-62.25
89156,365,123,596,-28.25,-61.75
89157,366,123,597,-28.25,-61.25
89158,367,123,598,-28.25,-60.75
89159,368,123,599,-28.25,-60.25
89160,369,123,600,-28.25,-59.75
89161,370,123,601,-28.25,-59.25
89163,371,123,603,-28.25,-58.25
89167,372,123,607,-28.25,-56.25
89168,373,123,608,-28.25,-55.75
89169,374,123,609,-28.25,-55.25
89170,375,123,610,-28.25,-54.75
89171,376,123,611,-28.25,-54.25
89172,377,123,612,-28.25,-53.75
89173,378,123,613,-28.25,-53.25
89174,379,123,614,-28.25,-52.75
89175,380,123,615,-28.25,-52.25
89176,381,123,616,-28.25,-51.75
89177,382,123,617,-28.25,-51.25
89178,383,123,618,-28.25,-50.75
89332,384,124,52,-27.75,26.25
89333,385,124,53,-27.75,26.75
89334,386,124,54,-27.75,27.25
89335,387,124,55,-27.75,27.75
89336,388,124,56,-27.75,28.25
89338,389,124,58,-27.75,29.25
89341,390,124,61,-27.75,30.75
89343,391,124,63,-27.75,31.75
89868,392,124,588,-27.75,-65.75
89870,393,124,590,-27.75,-64.75
89871,394,124,591,-27.75,-64.25
89872,395,124,592,-27.75,-63.75
89873,396,124,593,-27.75,-63.25
89875,397,124,595,-27.75,-62.25
89876,398,124,596,-27.75,-61.75
89877,399,124,597,-27.75,-61.25
89878,400,124,598,-27.75,-60.75
89879,401,124,599,-27.75,-60.25
89882,402,124,602,-27.75,-58.75
89887,403,124,607,-27.75,-56.25
89889,404,124,609,-27.75,-55.25
89890,405,124,610,-27.75,-54.75
89891,406,124,611,-27.75,-54.25
89892,407,124,612,-27.75,-53.75
89893,408,124,613,-27.75,-53.25
89894,409,124,614,-27.75,-52.75
89895,410,124,615,-27.75,-52.25
89896,411,124,616,-27.75,-51.75
89897,412,124,617,-27.75,-51.25
89898,413,124,618,-27.75,-50.75
89899,414,124,619,-27.75,-50.25
89900,415,124,620,-27.75,-49.75
90050,416,125,50,-27.25,25.25
90052,417,125,52,-27.25,26.25
90054,418,125,54,-27.25,27.25
90055,419,125,55,-27.25,27.75
90056,420,125,56,-27.25,28.25
90059,421,125,59,-27.25,29.75
90060,422,125,60,-27.25,30.25
90588,423,125,588,-27.25,-65.75
90589,424,125,589,-27.25,-65.25
90590,425,125,590,-27.25,-64.75
90591,426,125,591,-27.25,-64.25
90593,427,125,593,-27.25,-63.25
90594,428,125,594,-27.25,-62.75
90596,429,125,596,-27.25,-61.75
90597,430,125,597,-27.25,-61.25
90598,431,125,598,-27.25,-60.75
90599,432,125,599,-27.25,-60.25
90601,433,125,601,-27.25,-59.25
90605,434,125,605,-27.25,-57.25
90606,435,125,606,-27.25,-56.75
90607,436,125,607,-27.25,-56.25
90608,437,125,608,-27.25,-55.75
90609,438,125,609,-27.25,-55.25
90610,439,125,610,-27.25,-54.75
90611,440,125,611,-27.25,-54.25
90612,441,125,612,-27.25,-53.75
90613,442,125,613,-27.25,-53.25
90614,443,125,614,-27.25,-52.75
90615,444,125,615,-27.25,-52.25
90616,445,125,616,-27.25,-51.75
90617,446,125,617,-27.25,-51.25
90619,447,125,619,-27.25,-50.25
90620,448,125,620,-27.25,-49.75
90767,449,126,47,-26.75,23.75
90773,450,126,53,-26.75,26.75
90774,451,126,54,-26.75,27.25
90775,452,126,55,-26.75,27.75
90777,453,126,57,-26.75,28.75
90778,454,126,58,-26.75,29.25
90779,455,126,59,-26.75,29.75
90780,456,126,60,-26.75,30.25
91309,457,126,589,-26.75,-65.25
91310,458,126,590,-26.75,-64.75
91311,459,126,591,-26.75,-64.25
91314,460,126,594,-26.75,-62.75
91315,461,126,595,-26.75,-62.25
91316,462,126,596,-26.75,-61.75
91317,463,126,597,-26.75,-61.25
91318,464,126,598,-26.75,-60.75
91319,465,126,599,-26.75,-60.25
91321,466,126,601,-26.75,-59.25
91322,467,126,602,-26.75,-58.75
91325,468,126,605,-26.75,-57.25
91327,469,126,607,-26.75,-56.25
91328,470,126,608,-26.75,-55.75
91329,471,126,609,-26.75,-55.25
91331,472,126,611,-26.75,-54.25
91332,473,126,612,-26.75,-53.75
91333,474,126,613,-26.75,-53.25
91334,475,126,614,-26.75,-52.75
91335,476,126,615,-26.75,-52.25
91337,477,126,617,-26.75,-51.25
91338,478,126,618,-26.75,-50.75
91339,479,126,619,-26.75,-50.25
91487,480,127,47,-26.25,23.75
91489,481,127,49,-26.25,24.75
91490,482,127,50,-26.25,25.25
91491,483,127,51,-26.25,25.75
91493,484,127,53,-26.25,26.75
92030,485,127,590,-26.25,-64.75
92031,486,127,591,-26.25,-64.25
92032,487,127,592,-26.25,-63.75
92035,488,127,595,-26.25,-62.25
92037,489,127,597,-26.25,-61.25
92038,490,127,598,-26.25,-60.75
92039,491,127,599,-26.25,-60.25
92041,492,127,601,-26.25,-59.25
92047,493,127,607,-26.25,-56.25
92048,494,127,608,-26.25,-55.75
92049,495,127,609,-26.25,-55.25
92050,496,127,610,-26.25,-54.75
92053,497,127,613,-26.25,-53.25
92054,498,127,614,-26.25,-52.75
92055,499,127,615,-26.25,-52.25
92056,500,127,616,-26.25,-51.75
92057,501,127,617,-26.25,-51.25
92058,502,127,618,-26.25,-50.75
92059,503,127,619,-26.25,-50.25
92060,504,127,620,-26.25,-49.75
92061,505,127,621,-26.25,-49.25
92212,506,128,52,-25.75,26.25
92214,507,128,54,-25.75,27.25
92218,508,128,58,-25.75,29.25
92221,509,128,61,-25.75,30.75
92749,510,128,589,-25.75,-65.25
92750,511,128,590,-25.75,-64.75
92751,512,128,591,-25.75,-64.25
92758,513,128,598,-25.75,-60.75
92759,514,128,599,-25.75,-60.25
92760,515,128,600,-25.75,-59.75
92761,516,128,601,-25.75,-59.25
92766,517,128,606,-25.75,-56.75
92768,518,128,608,-25.75,-55.75
92769,519,128,609,-25.75,-55.25
92770,520,128,610,-25.75,-54.75
92771,521,128,611,-25.75,-54.25
92772,522,128,612,-25.75,-53.75
92773,523,128,613,-25.75,-53.25
92774,524,128,614,-25.75,-52.75
92775,525,128,615,-25.75,-52.25
92776,526,128,616,-25.75,-51.75
92778,527,128,618,-25.75,-50.75
92779,528,128,619,-25.75,-50.25
92780,529,128,620,-25.75,-49.75
92931,530,129,51,-25.25,25.75
92932,531,129,52,-25.25,26.25
92933,532,129,53,-25.25,26.75
92936,533,129,56,-25.25,28.25
92940,534,129,60,-25.25,30.25
93468,535,129,588,-25.25,-65.75
93470,536,129,590,-25.25,-64.75
93471,537,129,591,-25.25,-64.25
93472,538,129,592,-25.25,-63.75
93482,539,129,602,-25.25,-58.75
93485,540,129,605,-25.25,-57.25
93487,541,129,607,-25.25,-56.25
93488,542,129,608,-25.25,-55.75
93489,543,129,609,-25.25,-55.25
93490,544,129,610,-25.25,-54.75
93491,545,129,611,-25.25,-54.25
93492,546,129,612,-25.25,-53.75
93493,547,129,613,-25.25,-53.25
93494,548,129,614,-25.25,-52.75
93496,549,129,616,-25.25,-51.75
93497,550,129,617,-25.25,-51.25
93498,551,129,618,-25.25,-50.75
93499,552,129,619,-25.25,-50.25
93500,553,129,620,-25.25,-49.75
93652,554,130,52,-24.75,26.25
93654,555,130,54,-24.75,27.25
93655,556,130,55,-24.75,27.75
94191,557,130,591,-24.75,-64.25
94198,558,130,598,-24.75,-60.75
94208,559,130,608,-24.75,-55.75
94209,560,130,609,-24.75,-55.25
94210,561,130,610,-24.75,-54.75
94211,562,130,611,-24.75,-54.25
94212,563,130,612,-24.75,-53.75
94213,564,130,613,-24.75,-53.25
94214,565,130,614,-24.75,-52.75
94216,566,130,616,-24.75,-51.75
94217,567,130,617,-24.75,-51.25
94218,568,130,618,-24.75,-50.75
94219,569,130,619,-24.75,-50.25
94220,570,130,620,-24.75,-49.75
94911,571,131,591,-24.25,-64.25
94912,572,131,592,-24.25,-63.75
94916,573,131,596,-24.25,-61.75
94926,574,131,606,-24.25,-56.75
94927,575,131,607,-24.25,-56.25
94929,576,131,609,-24.25,-55.25
94930,577,131,610,-24.25,-54.75
94931,578,131,611,-24.25,-54.25
94932,579,131,612,-24.25,-53.75
94933,580,131,613,-24.25,-53.25
94934,581,131,614,-24.25,-52.75
94935,582,131,615,-24.25,-52.25
94936,583,131,616,-24.25,-51.75
94937,584,131,617,-24.25,-51.25
94938,585,131,618,-24.25,-50.75
94939,586,131,619,-24.25,-50.25
94940,587,131,620,-24.25,-49.75
94941,588,131,621,-24.25,-49.25
94942,589,131,622,-24.25,-48.75
95631,590,132,591,-23.75,-64.25
95632,591,132,592,-23.75,-63.75
95646,592,132,606,-23.75,-56.75
95647,593,132,607,-23.75,-56.25
95648,594,132,608,-23.75,-55.75
95649,595,132,609,-23.75,-55.25
95651,596,132,611,-23.75,-54.25
95652,597,132,612,-23.75,-53.75
95653,598,132,613,-23.75,-53.25
95654,599,132,614,-23.75,-52.75
95655,600,132,615,-23.75,-52.25
95656,601,132,616,-23.75,-51.75
95657,602,132,617,-23.75,-51.25
95658,603,132,618,-23.75,-50.75
95659,604,132,619,-23.75,-50.25
95660,605,132,620,-23.75,-49.75
95661,606,132,621,-23.75,-49.25
95662,607,132,622,-23.75,-48.75
95663,608,132,623,-23.75,-48.25
95664,609,132,624,-23.75,-47.75
96350,610,133,590,-23.25,-64.75
96351,611,133,591,-23.25,-64.25
96366,612,133,606,-23.25,-56.75
96367,613,133,607,-23.25,-56.25
96368,614,133,608,-23.25,-55.75
96371,615,133,611,-23.25,-54.25
96372,616,133,612,-23.25,-53.75
96373,617,133,613,-23.25,-53.25
96375,618,133,615,-23.25,-52.25
96376,619,133,616,-23.25,-51.75
96377,620,133,617,-23.25,-51.25
96378,621,133,618,-23.25,-50.75
96379,622,133,619,-23.25,-50.25
96380,623,133,620,-23.25,-49.75
96381,624,133,621,-23.25,-49.25
96382,625,133,622,-23.25,-48.75
96384,626,133,624,-23.25,-47.75
96385,627,133,625,-23.25,-47.25
96388,628,133,628,-23.25,-45.75
97072,629,134,592,-22.75,-63.75
97087,630,134,607,-22.75,-56.25
97088,631,134,608,-22.75,-55.75
97089,632,134,609,-22.75,-55.25
97090,633,134,610,-22.75,-54.75
97091,634,134,611,-22.75,-54.25
97092,635,134,612,-22.75,-53.75
97093,636,134,613,-22.75,-53.25
97094,637,134,614,-22.75,-52.75
97095,638,134,615,-22.75,-52.25
97096,639,134,616,-22.75,-51.75
97097,640,134,617,-22.75,-51.25
97098,641,134,618,-22.75,-50.75
97099,642,134,619,-22.75,-50.25
97100,643,134,620,-22.75,-49.75
97101,644,134,621,-22.75,-49.25
97102,645,134,622,-22.75,-48.75
97103,646,134,623,-22.75,-48.25
97104,647,134,624,-22.75,-47.75
97105,648,134,625,-22.75,-47.25
97106,649,134,626,-22.75,-46.75
97806,650,135,606,-22.25,-56.75
97808,651,135,608,-22.25,-55.75
97809,652,135,609,-22.25,-55.25
97810,653,135,610,-22.25,-54.75
97811,654,135,611,-22.25,-54.25
97812,655,135,612,-22.25,-53.75
97813,656,135,613,-22.25,-53.25
97814,657,135,614,-22.25,-52.75
97815,658,135,615,-22.25,-52.25
97816,659,135,616,-22.25,-51.75
97817,660,135,617,-22.25,-51.25
97818,661,135,618,-22.25,-50.75
97819,662,135,619,-22.25,-50.25
97820,663,135,620,-22.25,-49.75
97821,664,135,621,-22.25,-49.25
97822,665,135,622,-22.25,-48.75
97823,666,135,623,-22.25,-48.25
97824,667,135,624,-22.25,-47.75
97825,668,135,625,-22.25,-47.25
97826,669,135,626,-22.25,-46.75
97827,670,135,627,-22.25,-46.25
97828,671,135,628,-22.25,-45.75
97829,672,135,629,-22.25,-45.25
98525,673,136,605,-21.75,-57.25
98528,674,136,608,-21.75,-55.75
98529,675,136,609,-21.75,-55.25
98530,676,136,610,-21.75,-54.75
98531,677,136,611,-21.75,-54.25
98536,678,136,616,-21.75,-51.75
98537,679,136,617,-21.75,-51.25
98538,680,136,618,-21.75,-50.75
98539,681,136,619,-21.75,-50.25
98540,682,136,620,-21.75,-49.75
98541,683,136,621,-21.75,-49.25
98542,684,136,622,-21.75,-48.75
98543,685,136,623,-21.75,-48.25
98544,686,136,624,-21.75,-47.75
98545,687,136,625,-21.75,-47.25
98546,688,136,626,-21.75,-46.75
98547,689,136,627,-21.75,-46.25
98548,690,136,628,-21.75,-45.75
98549,691,136,629,-21.75,-45.25
98550,692,136,630,-21.75,-44.75
99246,693,137,606,-21.25,-56.75
99248,694,137,608,-21.25,-55.75
99249,695,137,609,-21.25,-55.25
99250,696,137,610,-21.25,-54.75
99251,697,137,611,-21.25,-54.25
99252,698,137,612,-21.25,-53.75
99255,699,137,615,-21.25,-52.25
99256,700,137,616,-21.25,-51.75
99257,701,137,617,-21.25,-51.25
99258,702,137,618,-21.25,-50.75
99259,703,137,619,-21.25,-50.25
99260,704,137,620,-21.25,-49.75
99261,705,137,621,-21.25,-49.25
99262,706,137,622,-21.25,-48.75
99263,707,137,623,-21.25,-48.25
99264,708,137,624,-21.25,-47.75
99265,709,137,625,-21.25,-47.25
99266,710,137,626,-21.25,-46.75
99267,711,137,627,-21.25,-46.25
99268,712,137,628,-21.25,-45.75
99269,713,137,629,-21.25,-45.25
99270,714,137,630,-21.25,-44.75
99966,715,138,606,-20.75,-56.75
99968,716,138,608,-20.75,-55.75
99970,717,138,610,-20.75,-54.75
99971,718,138,611,-20.75,-54.25
99973,719,138,613,-20.75,-53.25
99974,720,138,614,-20.75,-52.75
99976,721,138,616,-20.75,-51.75
99977,722,138,617,-20.75,-51.25
99978,723,138,618,-20.75,-50.75
99979,724,138,619,-20.75,-50.25
99980,725,138,620,-20.75,-49.75
99981,726,138,621,-20.75,-49.25
99982,727,138,622,-20.75,-48.75
99983,728,138,623,-20.75,-48.25
99984,729,138,624,-20.75,-47.75
99985,730,138,625,-20.75,-47.25
99987,731,138,627,-20.75,-46.25
99988,732,138,628,-20.75,-45.75
99990,733,138,630,-20.75,-44.75
99991,734,138,631,-20.75,-44.25
99992,735,138,632,-20.75,-43.75
100675,736,139,595,-20.25,-62.25
100688,737,139,608,-20.25,-55.75
100690,738,139,610,-20.25,-54.75
100691,739,139,611,-20.25,-54.25
100692,740,139,612,-20.25,-53.75
100693,741,139,613,-20.25,-53.25
100694,742,139,614,-20.25,-52.75
100696,743,139,616,-20.25,-51.75
100697,744,139,617,-20.25,-51.25
100698,745,139,618,-20.25,-50.75
100699,746,139,619,-20.25,-50.25
100700,747,139,620,-20.25,-49.75
100701,748,139,621,-20.25,-49.25
100702,749,139,622,-20.25,-48.75
100703,750,139,623,-20.25,-48.25
100704,751,139,624,-20.25,-47.75
100705,752,139,625,-20.25,-47.25
100706,753,139,626,-20.25,-46.75
100707,754,139,627,-20.25,-46.25
100708,755,139,628,-20.25,-45.75
100709,756,139,629,-20.25,-45.25
101410,757,140,610,-19.75,-54.75
101412,758,140,612,-19.75,-53.75
101413,759,140,613,-19.75,-53.25
101416,760,140,616,-19.75,-51.75
101417,761,140,617,-19.75,-51.25
101418,762,140,618,-19.75,-50.75
101419,763,140,619,-19.75,-50.25
101420,764,140,620,-19.75,-49.75
101421,765,140,621,-19.75,-49.25
101422,766,140,622,-19.75,-48.75
101423,767,140,623,-19.75,-48.25
101424,768,140,624,-19.75,-47.75
101425,769,140,625,-19.75,-47.25
101426,770,140,626,-19.75,-46.75
101427,771,140,627,-19.75,-46.25
101428,772,140,628,-19.75,-45.75
101430,773,140,630,-19.75,-44.75
102120,774,141,600,-19.25,-59.75
102130,775,141,610,-19.25,-54.75
102131,776,141,611,-19.25,-54.25
102132,777,141,612,-19.25,-53.75
102134,778,141,614,-19.25,-52.75
102135,779,141,615,-19.25,-52.25
102136,780,141,616,-19.25,-51.75
102137,781,141,617,-19.25,-51.25
102138,782,141,618,-19.25,-50.75
102139,783,141,619,-19.25,-50.25
102140,784,141,620,-19.25,-49.75
102141,785,141,621,-19.25,-49.25
102142,786,141,622,-19.25,-48.75
102143,787,141,623,-19.25,-48.25
102144,788,141,624,-19.25,-47.75
102145,789,141,625,-19.25,-47.25
102146,790,141,626,-19.25,-46.75
102148,791,141,628,-19.25,-45.75
102149,792,141,629,-19.25,-45.25
102151,793,141,631,-19.25,-44.25
102851,794,142,611,-18.75,-54.25
102852,795,142,612,-18.75,-53.75
102853,796,142,613,-18.75,-53.25
102854,797,142,614,-18.75,-52.75
102855,798,142,615,-18.75,-52.25
102857,799,142,617,-18.75,-51.25
102858,800,142,618,-18.75,-50.75
102859,801,142,619,-18.75,-50.25
102860,802,142,620,-18.75,-49.75
102861,803,142,621,-18.75,-49.25
102862,804,142,622,-18.75,-48.75
102863,805,142,623,-18.75,-48.25
102864,806,142,624,-18.75,-47.75
102865,807,142,625,-18.75,-47.25
102866,808,142,626,-18.75,-46.75
102867,809,142,627,-18.75,-46.25
102868,810,142,628,-18.75,-45.75
102869,811,142,629,-18.75,-45.25
102870,812,142,630,-18.75,-44.75
103569,813,143,609,-18.25,-55.25
103572,814,143,612,-18.25,-53.75
103573,815,143,613,-18.25,-53.25
103574,816,143,614,-18.25,-52.75
103576,817,143,616,-18.25,-51.75
103577,818,143,617,-18.25,-51.25
103578,819,143,618,-18.25,-50.75
103579,820,143,619,-18.25,-50.25
103581,821,143,621,-18.25,-49.25
103583,822,143,623,-18.25,-48.25
103584,823,143,624,-18.25,-47.75
103585,824,143,625,-18.25,-47.25
103587,825,143,627,-18.25,-46.25
103588,826,143,628,-18.25,-45.75
103591,827,143,631,-18.25,-44.25
104289,828,144,609,-17.75,-55.25
104290,829,144,610,-17.75,-54.75
104292,830,144,612,-17.75,-53.75
104293,831,144,613,-17.75,-53.25
104294,832,144,614,-17.75,-52.75
104295,833,144,615,-17.75,-52.25
104296,834,144,616,-17.75,-51.75
104298,835,144,618,-17.75,-50.75
104299,836,144,619,-17.75,-50.25
104300,837,144,620,-17.75,-49.75
104301,838,144,621,-17.75,-49.25
104302,839,144,622,-17.75,-48.75
104303,840,144,623,-17.75,-48.25
104304,841,144,624,-17.75,-47.75
104305,842,144,625,-17.75,-47.25
104306,843,144,626,-17.75,-46.75
104310,844,144,630,-17.75,-44.75
105008,845,145,608,-17.25,-55.75
105009,846,145,609,-17.25,-55.25
105010,847,145,610,-17.25,-54.75
105011,848,145,611,-17.25,-54.25
105012,849,145,612,-17.25,-53.75
105013,850,145,613,-17.25,-53.25
105014,851,145,614,-17.25,-52.75
105015,852,145,615,-17.25,-52.25
105016,853,145,616,-17.25,-51.75
105017,854,145,617,-17.25,-51.25
105018,855,145,618,-17.25,-50.75
105019,856,145,619,-17.25,-50.25
105020,857,145,620,-17.25,-49.75
105021,858,145,621,-17.25,-49.25
105022,859,145,622,-17.25,-48.75
105023,860,145,623,-17.25,-48.25
105024,861,145,624,-17.25,-47.75
105025,862,145,625,-17.25,-47.25
105026,863,145,626,-17.25,-46.75
105028,864,145,628,-17.25,-45.75
105029,865,145,629,-17.25,-45.25
105030,866,145,630,-17.25,-44.75
105730,867,146,610,-16.75,-54.75
105731,868,146,611,-16.75,-54.25
105732,869,146,612,-16.75,-53.75
105734,870,146,614,-16.75,-52.75
105735,871,146,615,-16.75,-52.25
105736,872,146,616,-16.75,-51.75
105737,873,146,617,-16.75,-51.25
105739,874,146,619,-16.75,-50.25
105740,875,146,620,-16.75,-49.75
105741,876,146,621,-16.75,-49.25
105742,877,146,622,-16.75,-48.75
105743,878,146,623,-16.75,-48.25
105744,879,146,624,-16.75,-47.75
105745,880,146,625,-16.75,-47.25
105746,881,146,626,-16.75,-46.75
105748,882,146,628,-16.75,-45.75
106439,883,147,599,-16.25,-60.25
106442,884,147,602,-16.25,-58.75
106449,885,147,609,-16.25,-55.25
106450,886,147,610,-16.25,-54.75
106451,887,147,611,-16.25,-54.25
106452,888,147,612,-16.25,-53.75
106453,889,147,613,-16.25,-53.25
106455,890,147,615,-16.25,-52.25
106456,891,147,616,-16.25,-51.75
106458,892,147,618,-16.25,-50.75
106459,893,147,619,-16.25,-50.25
106460,894,147,620,-16.25,-49.75
106461,895,147,621,-16.25,-49.25
106462,896,147,622,-16.25,-48.75
106463,897,147,623,-16.25,-48.25
106464,898,147,624,-16.25,-47.75
106465,899,147,625,-16.25,-47.25
106468,900,147,628,-16.25,-45.75
107164,901,148,604,-15.75,-57.75
107167,902,148,607,-15.75,-56.25
107168,903,148,608,-15.75,-55.75
107169,904,148,609,-15.75,-55.25
107170,905,148,610,-15.75,-54.75
107171,906,148,611,-15.75,-54.25
107172,907,148,612,-15.75,-53.75
107173,908,148,613,-15.75,-53.25
107175,909,148,615,-15.75,-52.25
107176,910,148,616,-15.75,-51.75
107177,911,148,617,-15.75,-51.25
107178,912,148,618,-15.75,-50.75
107179,913,148,619,-15.75,-50.25
107180,914,148,620,-15.75,-49.75
107181,915,148,621,-15.75,-49.25
107182,916,148,622,-15.75,-48.75
107184,917,148,624,-15.75,-47.75
107185,918,148,625,-15.75,-47.25
107187,919,148,627,-15.75,-46.25
107188,920,148,628,-15.75,-45.75
107879,921,149,599,-15.25,-60.25
107887,922,149,607,-15.25,-56.25
107888,923,149,608,-15.25,-55.75
107889,924,149,609,-15.25,-55.25
107890,925,149,610,-15.25,-54.75
107891,926,149,611,-15.25,-54.25
107892,927,149,612,-15.25,-53.75
107893,928,149,613,-15.25,-53.25
107894,929,149,614,-15.25,-52.75
107895,930,149,615,-15.25,-52.25
107896,931,149,616,-15.25,-51.75
107898,932,149,618,-15.25,-50.75
107900,933,149,620,-15.25,-49.75
107901,934,149,621,-15.25,-49.25
107903,935,149,623,-15.25,-48.25
107904,936,149,624,-15.25,-47.75
107906,937,149,626,-15.25,-46.75
108604,938,150,604,-14.75,-57.75
108605,939,150,605,-14.75,-57.25
108606,940,150,606,-14.75,-56.75
108610,941,150,610,-14.75,-54.75
108611,942,150,611,-14.75,-54.25
108612,943,150,612,-14.75,-53.75
108614,944,150,614,-14.75,-52.75
108615,945,150,615,-14.75,-52.25
108617,946,150,617,-14.75,-51.25
108618,947,150,618,-14.75,-50.75
108620,948,150,620,-14.75,-49.75
108621,949,150,621,-14.75,-49.25
108622,950,150,622,-14.75,-48.75
108623,951,150,623,-14.75,-48.25
108624,952,150,624,-14.75,-47.75
108625,953,150,625,-14.75,-47.25
108626,954,150,626,-14.75,-46.75
109322,955,151,602,-14.25,-58.75
109323,956,151,603,-14.25,-58.25
109324,957,151,604,-14.25,-57.75
109325,958,151,605,-14.25,-57.25
109326,959,151,606,-14.25,-56.75
109327,960,151,607,-14.25,-56.25
109328,961,151,608,-14.25,-55.75
109330,962,151,610,-14.25,-54.75
109331,963,151,611,-14.25,-54.25
109332,964,151,612,-14.25,-53.75
109333,965,151,613,-14.25,-53.25
109334,966,151,614,-14.25,-52.75
109336,967,151,616,-14.25,-51.75
109337,968,151,617,-14.25,-51.25
109338,969,151,618,-14.25,-50.75
109339,970,151,619,-14.25,-50.25
109340,971,151,620,-14.25,-49.75
109341,972,151,621,-14.25,-49.25
109342,973,151,622,-14.25,-48.75
109343,974,151,623,-14.25,-48.25
109344,975,151,624,-14.25,-47.75
109345,976,151,625,-14.25,-47.25
109346,977,151,626,-14.25,-46.75
110039,978,152,599,-13.75,-60.25
110040,979,152,600,-13.75,-59.75
110043,980,152,603,-13.75,-58.25
110044,981,152,604,-13.75,-57.75
110045,982,152,605,-13.75,-57.25
110047,983,152,607,-13.75,-56.25
110048,984,152,608,-13.75,-55.75
110049,985,152,609,-13.75,-55.25
110050,986,152,610,-13.75,-54.75
110051,987,152,611,-13.75,-54.25
110052,988,152,612,-13.75,-53.75
110054,989,152,614,-13.75,-52.75
110055,990,152,615,-13.75,-52.25
110057,991,152,617,-13.75,-51.25
110058,992,152,618,-13.75,-50.75
110066,993,152,626,-13.75,-46.75
110763,994,153,603,-13.25,-58.25
110764,995,153,604,-13.25,-57.75
110765,996,153,605,-13.25,-57.25
110766,997,153,606,-13.25,-56.75
110767,998,153,607,-13.25,-56.25
110768,999,153,608,-13.25,-55.75
110774,1000,153,614,-13.25,-52.75
110776,1001,153,616,-13.25,-51.75
110779,1002,153,619,-13.25,-50.25
110780,1003,153,620,-13.25,-49.75
110782,1004,153,622,-13.25,-48.75
111483,1005,154,603,-12.75,-58.25
111485,1006,154,605,-12.75,-57.25
111486,1007,154,606,-12.75,-56.75
111487,1008,154,607,-12.75,-56.25
111488,1009,154,608,-12.75,-55.75
111489,1010,154,609,-12.75,-55.25
111496,1011,154,616,-12.75,-51.75
112203,1012,155,603,-12.25,-58.25
112204,1013,155,604,-12.25,-57.75
112206,1014,155,606,-12.25,-56.75
112207,1015,155,607,-12.25,-56.25
112208,1016,155,608,-12.25,-55.75
112209,1017,155,609,-12.25,-55.25
112214,1018,155,614,-12.25,-52.75
112215,1019,155,615,-12.25,-52.25
112923,1020,156,603,-11.75,-58.25
112925,1021,156,605,-11.75,-57.25
112926,1022,156,606,-11.75,-56.75
112927,1023,156,607,-11.75,-56.25
112928,1024,156,608,-11.75,-55.75
112929,1025,156,609,-11.75,-55.25
112935,1026,156,615,-11.75,-52.25
113643,1027,157,603,-11.25,-58.25
113644,1028,157,604,-11.25,-57.75
113645,1029,157,605,-11.25,-57.25
113646,1030,157,606,-11.25,-56.75
113647,1031,157,607,-11.25,-56.25
113648,1032,157,608,-11.25,-55.75
113649,1033,157,609,-11.25,-55.25
113650,1034,157,610,-11.25,-54.75
113655,1035,157,615,-11.25,-52.25
113656,1036,157,616,-11.25,-51.75
114367,1037,158,607,-10.75,-56.25
114368,1038,158,608,-10.75,-55.75
114369,1039,158,609,-10.75,-55.25
114372,1040,158,612,-10.75,-53.75
114374,1041,158,614,-10.75,-52.75
114375,1042,158,615,-10.75,-52.25
114376,1043,158,616,-10.75,-51.75
115086,1044,159,606,-10.25,-56.75
115089,1045,159,609,-10.25,-55.25
115090,1046,159,610,-10.25,-54.75
115092,1047,159,612,-10.25,-53.75
115095,1048,159,615,-10.25,-52.25
115096,1049,159,616,-10.25,-51.75
115097,1050,159,617,-10.25,-51.25
115098,1051,159,618,-10.25,-50.75
115807,1052,160,607,-9.75,-56.25
115810,1053,160,610,-9.75,-54.75
131604,1054,182,564,1.25,-77.75
131611,1055,182,571,1.25,-74.25
132324,1056,183,564,1.75,-77.75
132325,1057,183,565,1.75,-77.25
132330,1058,183,570,1.75,-74.75
132331,1059,183,571,1.75,-74.25
132332,1060,183,572,1.75,-73.75
133045,1061,184,565,2.25,-77.25
133046,1062,184,566,2.25,-76.75
133050,1063,184,570,2.25,-74.75
133051,1064,184,571,2.25,-74.25
133052,1065,184,572,2.25,-73.75
133053,1066,184,573,2.25,-73.25
133054,1067,184,574,2.25,-72.75
133766,1068,185,566,2.75,-76.75
133767,1069,185,567,2.75,-76.25
133770,1070,185,570,2.75,-74.75
133771,1071,185,571,2.75,-74.25
133772,1072,185,572,2.75,-73.75
133773,1073,185,573,2.75,-73.25
133774,1074,185,574,2.75,-72.75
133775,1075,185,575,2.75,-72.25
133776,1076,185,576,2.75,-71.75
134486,1077,186,566,3.25,-76.75
134487,1078,186,567,3.25,-76.25
134490,1079,186,570,3.25,-74.75
134491,1080,186,571,3.25,-74.25
134492,1081,186,572,3.25,-73.75
134493,1082,186,573,3.25,-73.25
134494,1083,186,574,3.25,-72.75
134495,1084,186,575,3.25,-72.25
134496,1085,186,576,3.25,-71.75
134497,1086,186,577,3.25,-71.25
135206,1087,187,566,3.75,-76.75
135211,1088,187,571,3.75,-74.25
135212,1089,187,572,3.75,-73.75
135213,1090,187,573,3.75,-73.25
135214,1091,187,574,3.75,-72.75
135215,1092,187,575,3.75,-72.25
135216,1093,187,576,3.75,-71.75
135217,1094,187,577,3.75,-71.25
135927,1095,188,567,4.25,-76.25
135928,1096,188,568,4.25,-75.75
135932,1097,188,572,4.25,-73.75
135933,1098,188,573,4.25,-73.25
135934,1099,188,574,4.25,-72.75
135935,1100,188,575,4.25,-72.25
135936,1101,188,576,4.25,-71.75
136647,1102,189,567,4.75,-76.25
136648,1103,189,568,4.75,-75.75
136656,1104,189,576,4.75,-71.75
136657,1105,189,577,4.75,-71.25
136813,1106,190,13,5.25,6.75
136814,1107,190,14,5.25,7.25
136815,1108,190,15,5.25,7.75
136816,1109,190,16,5.25,8.25
136817,1110,190,17,5.25,8.75
137368,1111,190,568,5.25,-75.75
137369,1112,190,569,5.25,-75.25
137370,1113,190,570,5.25,-74.75
137533,1114,191,13,5.75,6.75
137534,1115,191,14,5.75,7.25
137535,1116,191,15,5.75,7.75
137536,1117,191,16,5.75,8.25
137537,1118,191,17,5.75,8.75
138088,1119,191,568,5.75,-75.75
138089,1120,191,569,5.75,-75.25
138090,1121,191,570,5.75,-74.75
138253,1122,192,13,6.25,6.75
138254,1123,192,14,6.25,7.25
138255,1124,192,15,6.25,7.75
138256,1125,192,16,6.25,8.25
138257,1126,192,17,6.25,8.75
138258,1127,192,18,6.25,9.25
138259,1128,192,19,6.25,9.75
138809,1129,192,569,6.25,-75.25
138973,1130,193,13,6.75,6.75
138974,1131,193,14,6.75,7.25
138975,1132,193,15,6.75,7.75
138976,1133,193,16,6.75,8.25
138977,1134,193,17,6.75,8.75
138978,1135,193,18,6.75,9.25
138979,1136,193,19,6.75,9.75
138980,1137,193,20,6.75,10.25
138981,1138,193,21,6.75,10.75
138982,1139,193,22,6.75,11.25
138983,1140,193,23,6.75,11.75
139528,1141,193,568,6.75,-75.75
139693,1142,194,13,7.25,6.75
139694,1143,194,14,7.25,7.25
139695,1144,194,15,7.25,7.75
139696,1145,194,16,7.25,8.25
139697,1146,194,17,7.25,8.75
139698,1147,194,18,7.25,9.25
139699,1148,194,19,7.25,9.75
139700,1149,194,20,7.25,10.25
139701,1150,194,21,7.25,10.75
139702,1151,194,22,7.25,11.25
139703,1152,194,23,7.25,11.75
140252,1153,194,572,7.25,-73.75
140413,1154,195,13,7.75,6.75
140414,1155,195,14,7.75,7.25
140415,1156,195,15,7.75,7.75
140416,1157,195,16,7.75,8.25
140417,1158,195,17,7.75,8.75
140418,1159,195,18,7.75,9.25
140419,1160,195,19,7.75,9.75
140420,1161,195,20,7.75,10.25
140421,1162,195,21,7.75,10.75
140422,1163,195,22,7.75,11.25
140423,1164,195,23,7.75,11.75
140424,1165,195,24,7.75,12.25
140968,1166,195,568,7.75,-75.75
140969,1167,195,569,7.75,-75.25
140970,1168,195,570,7.75,-74.75
140971,1169,195,571,7.75,-74.25
141132,1170,196,12,8.25,6.25
141133,1171,196,13,8.25,6.75
141134,1172,196,14,8.25,7.25
141135,1173,196,15,8.25,7.75
141136,1174,196,16,8.25,8.25
141137,1175,196,17,8.25,8.75
141138,1176,196,18,8.25,9.25
141139,1177,196,19,8.25,9.75
141140,1178,196,20,8.25,10.25
141141,1179,196,21,8.25,10.75
141142,1180,196,22,8.25,11.25
141143,1181,196,23,8.25,11.75
141144,1182,196,24,8.25,12.25
141689,1183,196,569,8.25,-75.25
141690,1184,196,570,8.25,-74.75
141851,1185,197,11,8.75,5.75
141852,1186,197,12,8.75,6.25
141853,1187,197,13,8.75,6.75
141855,1188,197,15,8.75,7.75
141856,1189,197,16,8.75,8.25
141857,1190,197,17,8.75,8.75
141858,1191,197,18,8.75,9.25
141859,1192,197,19,8.75,9.75
141860,1193,197,20,8.75,10.25
141861,1194,197,21,8.75,10.75
141862,1195,197,22,8.75,11.25
141863,1196,197,23,8.75,11.75
141864,1197,197,24,8.75,12.25
141865,1198,197,25,8.75,12.75
142409,1199,197,569,8.75,-75.25
142410,1200,197,570,8.75,-74.75
142411,1201,197,571,8.75,-74.25
142412,1202,197,572,8.75,-73.75
142569,1203,198,9,9.25,4.75
142570,1204,198,10,9.25,5.25
142571,1205,198,11,9.25,5.75
142572,1206,198,12,9.25,6.25
142573,1207,198,13,9.25,6.75
142574,1208,198,14,9.25,7.25
142575,1209,198,15,9.25,7.75
142576,1210,198,16,9.25,8.25
142577,1211,198,17,9.25,8.75
142578,1212,198,18,9.25,9.25
142579,1213,198,19,9.25,9.75
142580,1214,198,20,9.25,10.25
142581,1215,198,21,9.25,10.75
142582,1216,198,22,9.25,11.25
142583,1217,198,23,9.25,11.75
142584,1218,198,24,9.25,12.25
142585,1219,198,25,9.25,12.75
143129,1220,198,569,9.25,-75.25
143131,1221,198,571,9.25,-74.25
143132,1222,198,572,9.25,-73.75
143288,1223,199,8,9.75,4.25
143289,1224,199,9,9.75,4.75
143290,1225,199,10,9.75,5.25
143291,1226,199,11,9.75,5.75
143292,1227,199,12,9.75,6.25
143293,1228,199,13,9.75,6.75
143294,1229,199,14,9.75,7.25
143295,1230,199,15,9.75,7.75
143296,1231,199,16,9.75,8.25
143297,1232,199,17,9.75,8.75
143298,1233,199,18,9.75,9.25
143299,1234,199,19,9.75,9.75
143300,1235,199,20,9.75,10.25
143303,1236,199,23,9.75,11.75
143304,1237,199,24,9.75,12.25
143305,1238,199,25,9.75,12.75
143306,1239,199,26,9.75,13.25
143851,1240,199,571,9.75,-74.25
143852,1241,199,572,9.75,-73.75
144008,1242,200,8,10.25,4.25
144009,1243,200,9,10.25,4.75
144010,1244,200,10,10.25,5.25
144011,1245,200,11,10.25,5.75
144012,1246,200,12,10.25,6.25
144013,1247,200,13,10.25,6.75
144014,1248,200,14,10.25,7.25
144015,1249,200,15,10.25,7.75
144016,1250,200,16,10.25,8.25
144017,1251,200,17,10.25,8.75
144024,1252,200,24,10.25,12.25
144025,1253,200,25,10.25,12.75
144026,1254,200,26,10.25,13.25
144571,1255,200,571,10.25,-74.25
144572,1256,200,572,10.25,-73.75
144728,1257,201,8,10.75,4.25
144729,1258,201,9,10.75,4.75
144730,1259,201,10,10.75,5.25
144731,1260,201,11,10.75,5.75
144732,1261,201,12,10.75,6.25
144733,1262,201,13,10.75,6.75
144734,1263,201,14,10.75,7.25
144735,1264,201,15,10.75,7.75
144736,1265,201,16,10.75,8.25
144737,1266,201,17,10.75,8.75
144739,1267,201,19,10.75,9.75
144740,1268,201,20,10.75,10.25
144746,1269,201,26,10.75,13.25
144747,1270,201,27,10.75,13.75
145291,1271,201,571,10.75,-74.25
145449,1272,202,9,11.25,4.75
145450,1273,202,10,11.25,5.25
145453,1274,202,13,11.25,6.75
145454,1275,202,14,11.25,7.25
145455,1276,202,15,11.25,7.75
145456,1277,202,16,11.25,8.25
145457,1278,202,17,11.25,8.75
145458,1279,202,18,11.25,9.25
145459,1280,202,19,11.25,9.75
145460,1281,202,20,11.25,10.25
146173,1282,203,13,11.75,6.75
146174,1283,203,14,11.75,7.25
146175,1284,203,15,11.75,7.75
146176,1285,203,16,11.75,8.25
146177,1286,203,17,11.75,8.75
146178,1287,203,18,11.75,9.25
146179,1288,203,19,11.75,9.75
146180,1289,203,20,11.75,10.25
146894,1290,204,14,12.25,7.25
146895,1291,204,15,12.25,7.75
146896,1292,204,16,12.25,8.25
146897,1293,204,17,12.25,8.75
146898,1294,204,18,12.25,9.25
146899,1295,204,19,12.25,9.75
146900,1296,204,20,12.25,10.25
147614,1297,205,14,12.75,7.25
147615,1298,205,15,12.75,7.75
147616,1299,205,16,12.75,8.25
147619,1300,205,19,12.75,9.75
147620,1301,205,20,12.75,10.25
148334,1302,206,14,13.25,7.25
148335,1303,206,15,13.25,7.75
148336,1304,206,16,13.25,8.25
149910,1305,208,150,14.25,75.25
149911,1306,208,151,14.25,75.75
150629,1307,209,149,14.75,74.75
150630,1308,209,150,14.75,75.25
150631,1309,209,151,14.75,75.75
150632,1310,209,152,14.75,76.25
151348,1311,210,148,15.25,74.25
151349,1312,210,149,15.25,74.75
151350,1313,210,150,15.25,75.25
151351,1314,210,151,15.25,75.75
151352,1315,210,152,15.25,76.25
151353,1316,210,153,15.25,76.75
151735,1317,210,535,15.25,-92.25
152068,1318,211,148,15.75,74.25
152069,1319,211,149,15.75,74.75
152070,1320,211,150,15.75,75.25
152071,1321,211,151,15.75,75.75
152072,1322,211,152,15.75,76.25
152073,1323,211,153,15.75,76.75
152454,1324,211,534,15.75,-92.75
152787,1325,212,147,16.25,73.75
152788,1326,212,148,16.25,74.25
152789,1327,212,149,16.25,74.75
152790,1328,212,150,16.25,75.25
152791,1329,212,151,16.25,75.75
152792,1330,212,152,16.25,76.25
153173,1331,212,533,16.25,-93.25
153507,1332,213,147,16.75,73.75
153508,1333,213,148,16.75,74.25
153509,1334,213,149,16.75,74.75
153510,1335,213,150,16.75,75.25
153511,1336,213,151,16.75,75.75
153512,1337,213,152,16.75,76.25
154227,1338,214,147,17.25,73.75
154228,1339,214,148,17.25,74.25
154229,1340,214,149,17.25,74.75
154230,1341,214,150,17.25,75.25
154231,1342,214,151,17.25,75.75
154232,1343,214,152,17.25,76.25
154947,1344,215,147,17.75,73.75
154948,1345,215,148,17.75,74.25
154949,1346,215,149,17.75,74.75
154951,1347,215,151,17.75,75.75
154952,1348,215,152,17.75,76.25
154953,1349,215,153,17.75,76.75
154958,1350,215,158,17.75,79.25
155669,1351,216,149,18.25,74.75
155670,1352,216,150,18.25,75.25
155671,1353,216,151,18.25,75.75
155672,1354,216,152,18.25,76.25
155673,1355,216,153,18.25,76.75
155674,1356,216,154,18.25,77.25
155675,1357,216,155,18.25,77.75
155676,1358,216,156,18.25,78.25
155677,1359,216,157,18.25,78.75
155678,1360,216,158,18.25,79.25
155679,1361,216,159,18.25,79.75
156388,1362,217,148,18.75,74.25
156389,1363,217,149,18.75,74.75
156390,1364,217,150,18.75,75.25
156391,1365,217,151,18.75,75.75
156392,1366,217,152,18.75,76.25
156393,1367,217,153,18.75,76.75
156394,1368,217,154,18.75,77.25
156395,1369,217,155,18.75,77.75
156396,1370,217,156,18.75,78.25
156397,1371,217,157,18.75,78.75
156398,1372,217,158,18.75,79.25
156399,1373,217,159,18.75,79.75
156400,1374,217,160,18.75,80.25
157106,1375,218,146,19.25,73.25
157107,1376,218,147,19.25,73.75
157108,1377,218,148,19.25,74.25
157109,1378,218,149,19.25,74.75
157110,1379,218,150,19.25,75.25
157111,1380,218,151,19.25,75.75
157112,1381,218,152,19.25,76.25
157113,1382,218,153,19.25,76.75
157114,1383,218,154,19.25,77.25
157115,1384,218,155,19.25,77.75
157116,1385,218,156,19.25,78.25
157117,1386,218,157,19.25,78.75
157118,1387,218,158,19.25,79.25
157119,1388,218,159,19.25,79.75
157120,1389,218,160,19.25,80.25
157499,1390,218,539,19.25,-90.25
157500,1391,218,540,19.25,-89.75
157826,1392,219,146,19.75,73.25
157827,1393,219,147,19.75,73.75
157828,1394,219,148,19.75,74.25
157829,1395,219,149,19.75,74.75
157830,1396,219,150,19.75,75.25
157831,1397,219,151,19.75,75.75
157832,1398,219,152,19.75,76.25
157833,1399,219,153,19.75,76.75
157834,1400,219,154,19.75,77.25
157835,1401,219,155,19.75,77.75
157836,1402,219,156,19.75,78.25
157837,1403,219,157,19.75,78.75
157838,1404,219,158,19.75,79.25
157839,1405,219,159,19.75,79.75
157840,1406,219,160,19.75,80.25
157843,1407,219,163,19.75,81.75
157844,1408,219,164,19.75,82.25
157845,1409,219,165,19.75,82.75
158220,1410,219,540,19.75,-89.75
158546,1411,220,146,20.25,73.25
158547,1412,220,147,20.25,73.75
158548,1413,220,148,20.25,74.25
158549,1414,220,149,20.25,74.75
158550,1415,220,150,20.25,75.25
158551,1416,220,151,20.25,75.75
158552,1417,220,152,20.25,76.25
158553,1418,220,153,20.25,76.75
158554,1419,220,154,20.25,77.25
158555,1420,220,155,20.25,77.75
158556,1421,220,156,20.25,78.25
158557,1422,220,157,20.25,78.75
158558,1423,220,158,20.25,79.25
158559,1424,220,159,20.25,79.75
158560,1425,220,160,20.25,80.25
158561,1426,220,161,20.25,80.75
158562,1427,220,162,20.25,81.25
158563,1428,220,163,20.25,81.75
159266,1429,221,146,20.75,73.25
159267,1430,221,147,20.75,73.75
159268,1431,221,148,20.75,74.25
159269,1432,221,149,20.75,74.75
159270,1433,221,150,20.75,75.25
159271,1434,221,151,20.75,75.75
159272,1435,221,152,20.75,76.25
159273,1436,221,153,20.75,76.75
159274,1437,221,154,20.75,77.25
159275,1438,221,155,20.75,77.75
159276,1439,221,156,20.75,78.25
159277,1440,221,157,20.75,78.75
159278,1441,221,158,20.75,79.25
159279,1442,221,159,20.75,79.75
159280,1443,221,160,20.75,80.25
159281,1444,221,161,20.75,80.75
159282,1445,221,162,20.75,81.25
159283,1446,221,163,20.75,81.75
159284,1447,221,164,20.75,82.25
159285,1448,221,165,20.75,82.75
159286,1449,221,166,20.75,83.25
159642,1450,221,522,20.75,-98.75
159643,1451,221,523,20.75,-98.25
159644,1452,221,524,20.75,-97.75
159986,1453,222,146,21.25,73.25
159987,1454,222,147,21.25,73.75
159988,1455,222,148,21.25,74.25
159989,1456,222,149,21.25,74.75
159990,1457,222,150,21.25,75.25
159991,1458,222,151,21.25,75.75
159992,1459,222,152,21.25,76.25
159993,1460,222,153,21.25,76.75
159994,1461,222,154,21.25,77.25
159995,1462,222,155,21.25,77.75
159996,1463,222,156,21.25,78.25
159997,1464,222,157,21.25,78.75
159998,1465,222,158,21.25,79.25
159999,1466,222,159,21.25,79.75
160000,1467,222,160,21.25,80.25
160001,1468,222,161,21.25,80.75
160002,1469,222,162,21.25,81.25
160003,1470,222,163,21.25,81.75
160006,1471,222,166,21.25,83.25
160042,1472,222,202,21.25,101.25
160361,1473,222,521,21.25,-99.25
160362,1474,222,522,21.25,-98.75
160363,1475,222,523,21.25,-98.25
160364,1476,222,524,21.25,-97.75
160707,1477,223,147,21.75,73.75
160708,1478,223,148,21.75,74.25
160709,1479,223,149,21.75,74.75
160710,1480,223,150,21.75,75.25
160711,1481,223,151,21.75,75.75
160712,1482,223,152,21.75,76.25
160713,1483,223,153,21.75,76.75
160714,1484,223,154,21.75,77.25
160715,1485,223,155,21.75,77.75
160716,1486,223,156,21.75,78.25
160717,1487,223,157,21.75,78.75
160718,1488,223,158,21.75,79.25
160719,1489,223,159,21.75,79.75
160720,1490,223,160,21.75,80.25
160721,1491,223,161,21.75,80.75
160722,1492,223,162,21.75,81.25
160723,1493,223,163,21.75,81.75
160761,1494,223,201,21.75,100.75
160773,1495,223,213,21.75,106.75
160780,1496,223,220,21.75,110.25
160781,1497,223,221,21.75,110.75
161079,1498,223,519,21.75,-100.25
161080,1499,223,520,21.75,-99.75
161081,1500,223,521,21.75,-99.25
161082,1501,223,522,21.75,-98.75
161083,1502,223,523,21.75,-98.25
161426,1503,224,146,22.25,73.25
161427,1504,224,147,22.25,73.75
161428,1505,224,148,22.25,74.25
161429,1506,224,149,22.25,74.75
161430,1507,224,150,22.25,75.25
161431,1508,224,151,22.25,75.75
161432,1509,224,152,22.25,76.25
161433,1510,224,153,22.25,76.75
161434,1511,224,154,22.25,77.25
161435,1512,224,155,22.25,77.75
161436,1513,224,156,22.25,78.25
161437,1514,224,157,22.25,78.75
161438,1515,224,158,22.25,79.25
161439,1516,224,159,22.25,79.75
161440,1517,224,160,22.25,80.25
161441,1518,224,161,22.25,80.75
161442,1519,224,162,22.25,81.25
161443,1520,224,163,22.25,81.75
161444,1521,224,164,22.25,82.25
161445,1522,224,165,22.25,82.75
161478,1523,224,198,22.25,99.25
161479,1524,224,199,22.25,99.75
161480,1525,224,200,22.25,100.25
161481,1526,224,201,22.25,100.75
161482,1527,224,202,22.25,101.25
161483,1528,224,203,22.25,101.75
161485,1529,224,205,22.25,102.75
161493,1530,224,213,22.25,106.75
161494,1531,224,214,22.25,107.25
161495,1532,224,215,22.25,107.75
161496,1533,224,216,22.25,108.25
161497,1534,224,217,22.25,108.75
161498,1535,224,218,22.25,109.25
161499,1536,224,219,22.25,109.75
161500,1537,224,220,22.25,110.25
161501,1538,224,221,22.25,110.75
161502,1539,224,222,22.25,111.25
161503,1540,224,223,22.25,111.75
161504,1541,224,224,22.25,112.25
161505,1542,224,225,22.25,112.75
161799,1543,224,519,22.25,-100.25
161801,1544,224,521,22.25,-99.25
161802,1545,224,522,22.25,-98.75
161803,1546,224,523,22.25,-98.25
162146,1547,225,146,22.75,73.25
162147,1548,225,147,22.75,73.75
162148,1549,225,148,22.75,74.25
162149,1550,225,149,22.75,74.75
162150,1551,225,150,22.75,75.25
162151,1552,225,151,22.75,75.75
162152,1553,225,152,22.75,76.25
162153,1554,225,153,22.75,76.75
162154,1555,225,154,22.75,77.25
162155,1556,225,155,22.75,77.75
162156,1557,225,156,22.75,78.25
162157,1558,225,157,22.75,78.75
162158,1559,225,158,22.75,79.25
162159,1560,225,159,22.75,79.75
162160,1561,225,160,22.75,80.25
162161,1562,225,161,22.75,80.75
162162,1563,225,162,22.75,81.25
162199,1564,225,199,22.75,99.75
162200,1565,225,200,22.75,100.25
162201,1566,225,201,22.75,100.75
162202,1567,225,202,22.75,101.25
162203,1568,225,203,22.75,101.75
162204,1569,225,204,22.75,102.25
162205,1570,225,205,22.75,102.75
162206,1571,225,206,22.75,103.25
162208,1572,225,208,22.75,104.25
162209,1573,225,209,22.75,104.75
162211,1574,225,211,22.75,105.75
162212,1575,225,212,22.75,106.25
162213,1576,225,213,22.75,106.75
162214,1577,225,214,22.75,107.25
162215,1578,225,215,22.75,107.75
162216,1579,225,216,22.75,108.25
162217,1580,225,217,22.75,108.75
162218,1581,225,218,22.75,109.25
162219,1582,225,219,22.75,109.75
162220,1583,225,220,22.75,110.25
162221,1584,225,221,22.75,110.75
162222,1585,225,222,22.75,111.25
162223,1586,225,223,22.75,111.75
162224,1587,225,224,22.75,112.25
162225,1588,225,225,22.75,112.75
162520,1589,225,520,22.75,-99.75
162521,1590,225,521,22.75,-99.25
162522,1591,225,522,22.75,-98.75
162523,1592,225,523,22.75,-98.25
162866,1593,226,146,23.25,73.25
162867,1594,226,147,23.25,73.75
162868,1595,226,148,23.25,74.25
162869,1596,226,149,23.25,74.75
162870,1597,226,150,23.25,75.25
162871,1598,226,151,23.25,75.75
162872,1599,226,152,23.25,76.25
162873,1600,226,153,23.25,76.75
162874,1601,226,154,23.25,77.25
162875,1602,226,155,23.25,77.75
162876,1603,226,156,23.25,78.25
162877,1604,226,157,23.25,78.75
162878,1605,226,158,23.25,79.25
162879,1606,226,159,23.25,79.75
162880,1607,226,160,23.25,80.25
162881,1608,226,161,23.25,80.75
162882,1609,226,162,23.25,81.25
162883,1610,226,163,23.25,81.75
162884,1611,226,164,23.25,82.25
162917,1612,226,197,23.25,98.75
162918,1613,226,198,23.25,99.25
162919,1614,226,199,23.25,99.75
162920,1615,226,200,23.25,100.25
162921,1616,226,201,23.25,100.75
162922,1617,226,202,23.25,101.25
162923,1618,226,203,23.25,101.75
162924,1619,226,204,23.25,102.25
162925,1620,226,205,23.25,102.75
162926,1621,226,206,23.25,103.25
162927,1622,226,207,23.25,103.75
162928,1623,226,208,23.25,104.25
162929,1624,226,209,23.25,104.75
162930,1625,226,210,23.25,105.25
162931,1626,226,211,23.25,105.75
162932,1627,226,212,23.25,106.25
162933,1628,226,213,23.25,106.75
162934,1629,226,214,23.25,107.25
162935,1630,226,215,23.25,107.75
162936,1631,226,216,23.25,108.25
162937,1632,226,217,23.25,108.75
162938,1633,226,218,23.25,109.25
162939,1634,226,219,23.25,109.75
162940,1635,226,220,23.25,110.25
162941,1636,226,221,23.25,110.75
162942,1637,226,222,23.25,111.25
162943,1638,226,223,23.25,111.75
162944,1639,226,224,23.25,112.25
162945,1640,226,225,23.25,112.75
162946,1641,226,226,23.25,113.25
162947,1642,226,227,23.25,113.75
162948,1643,226,228,23.25,114.25
162949,1644,226,229,23.25,114.75
162950,1645,226,230,23.25,115.25
162951,1646,226,231,23.25,115.75
162952,1647,226,232,23.25,116.25
163241,1648,226,521,23.25,-99.25
163242,1649,226,522,23.25,-98.75
163243,1650,226,523,23.25,-98.25
163584,1651,227,144,23.75,72.25
163585,1652,227,145,23.75,72.75
163586,1653,227,146,23.75,73.25
163587,1654,227,147,23.75,73.75
163588,1655,227,148,23.75,74.25
163589,1656,227,149,23.75,74.75
163590,1657,227,150,23.75,75.25
163591,1658,227,151,23.75,75.75
163592,1659,227,152,23.75,76.25
163593,1660,227,153,23.75,76.75
163594,1661,227,154,23.75,77.25
163595,1662,227,155,23.75,77.75
163596,1663,227,156,23.75,78.25
163597,1664,227,157,23.75,78.75
163598,1665,227,158,23.75,79.25
163599,1666,227,159,23.75,79.75
163600,1667,227,160,23.75,80.25
163601,1668,227,161,23.75,80.75
163602,1669,227,162,23.75,81.25
163603,1670,227,163,23.75,81.75
163605,1671,227,165,23.75,82.75
163624,1672,227,184,23.75,92.25
163625,1673,227,185,23.75,92.75
163626,1674,227,186,23.75,93.25
163635,1675,227,195,23.75,97.75
163638,1676,227,198,23.75,99.25
163639,1677,227,199,23.75,99.75
163640,1678,227,200,23.75,100.25
163641,1679,227,201,23.75,100.75
163642,1680,227,202,23.75,101.25
163643,1681,227,203,23.75,101.75
163644,1682,227,204,23.75,102.25
163645,1683,227,205,23.75,102.75
163646,1684,227,206,23.75,103.25
163647,1685,227,207,23.75,103.75
163648,1686,227,208,23.75,104.25
163649,1687,227,209,23.75,104.75
163650,1688,227,210,23.75,105.25
163651,1689,227,211,23.75,105.75
163652,1690,227,212,23.75,106.25
163653,1691,227,213,23.75,106.75
163654,1692,227,214,23.75,107.25
163655,1693,227,215,23.75,107.75
163656,1694,227,216,23.75,108.25
163657,1695,227,217,23.75,108.75
163658,1696,227,218,23.75,109.25
163659,1697,227,219,23.75,109.75
163660,1698,227,220,23.75,110.25
163661,1699,227,221,23.75,110.75
163662,1700,227,222,23.75,111.25
163663,1701,227,223,23.75,111.75
163664,1702,227,224,23.75,112.25
163665,1703,227,225,23.75,112.75
163666,1704,227,226,23.75,113.25
163667,1705,227,227,23.75,113.75
163668,1706,227,228,23.75,114.25
163669,1707,227,229,23.75,114.75
163670,1708,227,230,23.75,115.25
163671,1709,227,231,23.75,115.75
163672,1710,227,232,23.75,116.25
163673,1711,227,233,23.75,116.75
163962,1712,227,522,23.75,-98.75
163963,1713,227,523,23.75,-98.25
164305,1714,228,145,24.25,72.75
164306,1715,228,146,24.25,73.25
164307,1716,228,147,24.25,73.75
164308,1717,228,148,24.25,74.25
164309,1718,228,149,24.25,74.75
164310,1719,228,150,24.25,75.25
164311,1720,228,151,24.25,75.75
164312,1721,228,152,24.25,76.25
164313,1722,228,153,24.25,76.75
164314,1723,228,154,24.25,77.25
164315,1724,228,155,24.25,77.75
164316,1725,228,156,24.25,78.25
164317,1726,228,157,24.25,78.75
164318,1727,228,158,24.25,79.25
164319,1728,228,159,24.25,79.75
164320,1729,228,160,24.25,80.25
164321,1730,228,161,24.25,80.75
164322,1731,228,162,24.25,81.25
164323,1732,228,163,24.25,81.75
164324,1733,228,164,24.25,82.25
164325,1734,228,165,24.25,82.75
164344,1735,228,184,24.25,92.25
164345,1736,228,185,24.25,92.75
164355,1737,228,195,24.25,97.75
164356,1738,228,196,24.25,98.25
164358,1739,228,198,24.25,99.25
164359,1740,228,199,24.25,99.75
164360,1741,228,200,24.25,100.25
164361,1742,228,201,24.25,100.75
164362,1743,228,202,24.25,101.25
164363,1744,228,203,24.25,101.75
164364,1745,228,204,24.25,102.25
164365,1746,228,205,24.25,102.75
164366,1747,228,206,24.25,103.25
164367,1748,228,207,24.25,103.75
164368,1749,228,208,24.25,104.25
164369,1750,228,209,24.25,104.75
164370,1751,228,210,24.25,105.25
164371,1752,228,211,24.25,105.75
164372,1753,228,212,24.25,106.25
164373,1754,228,213,24.25,106.75
164374,1755,228,214,24.25,107.25
164375,1756,228,215,24.25,107.75
164376,1757,228,216,24.25,108.25
164377,1758,228,217,24.25,108.75
164378,1759,228,218,24.25,109.25
164379,1760,228,219,24.25,109.75
164380,1761,228,220,24.25,110.25
164381,1762,228,221,24.25,110.75
164382,1763,228,222,24.25,111.25
164383,1764,228,223,24.25,111.75
164384,1765,228,224,24.25,112.25
164385,1766,228,225,24.25,112.75
164386,1767,228,226,24.25,113.25
164387,1768,228,227,24.25,113.75
164388,1769,228,228,24.25,114.25
164389,1770,228,229,24.25,114.75
164390,1771,228,230,24.25,115.25
164391,1772,228,231,24.25,115.75
164392,1773,228,232,24.25,116.25
164393,1774,228,233,24.25,116.75
164394,1775,228,234,24.25,117.25
164683,1776,228,523,24.25,-98.25
165025,1777,229,145,24.75,72.75
165026,1778,229,146,24.75,73.25
165028,1779,229,148,24.75,74.25
165029,1780,229,149,24.75,74.75
165030,1781,229,150,24.75,75.25
165031,1782,229,151,24.75,75.75
165032,1783,229,152,24.75,76.25
165033,1784,229,153,24.75,76.75
165034,1785,229,154,24.75,77.25
165035,1786,229,155,24.75,77.75
165036,1787,229,156,24.75,78.25
165037,1788,229,157,24.75,78.75
165038,1789,229,158,24.75,79.25
165039,1790,229,159,24.75,79.75
165040,1791,229,160,24.75,80.25
165041,1792,229,161,24.75,80.75
165042,1793,229,162,24.75,81.25
165043,1794,229,163,24.75,81.75
165044,1795,229,164,24.75,82.25
165045,1796,229,165,24.75,82.75
165065,1797,229,185,24.75,92.75
165076,1798,229,196,24.75,98.25
165077,1799,229,197,24.75,98.75
165078,1800,229,198,24.75,99.25
165079,1801,229,199,24.75,99.75
165080,1802,229,200,24.75,100.25
165081,1803,229,201,24.75,100.75
165082,1804,229,202,24.75,101.25
165083,1805,229,203,24.75,101.75
165084,1806,229,204,24.75,102.25
165085,1807,229,205,24.75,102.75
165086,1808,229,206,24.75,103.25
165087,1809,229,207,24.75,103.75
165088,1810,229,208,24.75,104.25
165089,1811,229,209,24.75,104.75
165090,1812,229,210,24.75,105.25
165091,1813,229,211,24.75,105.75
165092,1814,229,212,24.75,106.25
165093,1815,229,213,24.75,106.75
165094,1816,229,214,24.75,107.25
165095,1817,229,215,24.75,107.75
165096,1818,229,216,24.75,108.25
165097,1819,229,217,24.75,108.75
165098,1820,229,218,24.75,109.25
165099,1821,229,219,24.75,109.75
165100,1822,229,220,24.75,110.25
165101,1823,229,221,24.75,110.75
165102,1824,229,222,24.75,111.25
165103,1825,229,223,24.75,111.75
165104,1826,229,224,24.75,112.25
165105,1827,229,225,24.75,112.75
165106,1828,229,226,24.75,113.25
165107,1829,229,227,24.75,113.75
165108,1830,229,228,24.75,114.25
165109,1831,229,229,24.75,114.75
165110,1832,229,230,24.75,115.25
165111,1833,229,231,24.75,115.75
165112,1834,229,232,24.75,116.25
165113,1835,229,233,24.75,116.75
165114,1836,229,234,24.75,117.25
165115,1837,229,235,24.75,117.75
165746,1838,230,146,25.25,73.25
165747,1839,230,147,25.25,73.75
165748,1840,230,148,25.25,74.25
165749,1841,230,149,25.25,74.75
165750,1842,230,150,25.25,75.25
165751,1843,230,151,25.25,75.75
165752,1844,230,152,25.25,76.25
165753,1845,230,153,25.25,76.75
165754,1846,230,154,25.25,77.25
165755,1847,230,155,25.25,77.75
165756,1848,230,156,25.25,78.25
165757,1849,230,157,25.25,78.75
165758,1850,230,158,25.25,79.25
165759,1851,230,159,25.25,79.75
165760,1852,230,160,25.25,80.25
165761,1853,230,161,25.25,80.75
165762,1854,230,162,25.25,81.25
165763,1855,230,163,25.25,81.75
165764,1856,230,164,25.25,82.25
165765,1857,230,165,25.25,82.75
165766,1858,230,166,25.25,83.25
165767,1859,230,167,25.25,83.75
165768,1860,230,168,25.25,84.25
165769,1861,230,169,25.25,84.75
165770,1862,230,170,25.25,85.25
165771,1863,230,171,25.25,85.75
165772,1864,230,172,25.25,86.25
165773,1865,230,173,25.25,86.75
165774,1866,230,174,25.25,87.25
165783,1867,230,183,25.25,91.75
165784,1868,230,184,25.25,92.25
165796,1869,230,196,25.25,98.25
165797,1870,230,197,25.25,98.75
165798,1871,230,198,25.25,99.25
165799,1872,230,199,25.25,99.75
165800,1873,230,200,25.25,100.25
165801,1874,230,201,25.25,100.75
165802,1875,230,202,25.25,101.25
165803,1876,230,203,25.25,101.75
165804,1877,230,204,25.25,102.25
165805,1878,230,205,25.25,102.75
165806,1879,230,206,25.25,103.25
165807,1880,230,207,25.25,103.75
165808,1881,230,208,25.25,104.25
165809,1882,230,209,25.25,104.75
165810,1883,230,210,25.25,105.25
165811,1884,230,211,25.25,105.75
165812,1885,230,212,25.25,106.25
165813,1886,230,213,25.25,106.75
165814,1887,230,214,25.25,107.25
165815,1888,230,215,25.25,107.75
165816,1889,230,216,25.25,108.25
165818,1890,230,218,25.25,109.25
165819,1891,230,219,25.25,109.75
165820,1892,230,220,25.25,110.25
165821,1893,230,221,25.25,110.75
165822,1894,230,222,25.25,111.25
165823,1895,230,223,25.25,111.75
165824,1896,230,224,25.25,112.25
165825,1897,230,225,25.25,112.75
165826,1898,230,226,25.25,113.25
165827,1899,230,227,25.25,113.75
165828,1900,230,228,25.25,114.25
165829,1901,230,229,25.25,114.75
165830,1902,230,230,25.25,115.25
165831,1903,230,231,25.25,115.75
165832,1904,230,232,25.25,116.25
165833,1905,230,233,25.25,116.75
165834,1906,230,234,25.25,117.25
165835,1907,230,235,25.25,117.75
165836,1908,230,236,25.25,118.25
166104,1909,230,504,25.25,-107.75
166122,1910,230,522,25.25,-98.75
166123,1911,230,523,25.25,-98.25
166467,1912,231,147,25.75,73.75
166468,1913,231,148,25.75,74.25
166469,1914,231,149,25.75,74.75
166470,1915,231,150,25.75,75.25
166471,1916,231,151,25.75,75.75
166472,1917,231,152,25.75,76.25
166473,1918,231,153,25.75,76.75
166474,1919,231,154,25.75,77.25
166475,1920,231,155,25.75,77.75
166476,1921,231,156,25.75,78.25
166477,1922,231,157,25.75,78.75
166478,1923,231,158,25.75,79.25
166479,1924,231,159,25.75,79.75
166480,1925,231,160,25.75,80.25
166481,1926,231,161,25.75,80.75
166482,1927,231,162,25.75,81.25
166483,1928,231,163,25.75,81.75
166484,1929,231,164,25.75,82.25
166485,1930,231,165,25.75,82.75
166486,1931,231,166,25.75,83.25
166487,1932,231,167,25.75,83.75
166488,1933,231,168,25.75,84.25
166489,1934,231,169,25.75,84.75
166490,1935,231,170,25.75,85.25
166491,1936,231,171,25.75,85.75
166492,1937,231,172,25.75,86.25
166493,1938,231,173,25.75,86.75
166494,1939,231,174,25.75,87.25
166495,1940,231,175,25.75,87.75
166500,1941,231,180,25.75,90.25
166501,1942,231,181,25.75,90.75
166502,1943,231,182,25.75,91.25
166503,1944,231,183,25.75,91.75
166504,1945,231,184,25.75,92.25
166517,1946,231,197,25.75,98.75
166518,1947,231,198,25.75,99.25
166519,1948,231,199,25.75,99.75
166520,1949,231,200,25.75,100.25
166521,1950,231,201,25.75,100.75
166522,1951,231,202,25.75,101.25
166523,1952,231,203,25.75,101.75
166524,1953,231,204,25.75,102.25
166525,1954,231,205,25.75,102.75
166526,1955,231,206,25.75,103.25
166527,1956,231,207,25.75,103.75
166528,1957,231,208,25.75,104.25
166529,1958,231,209,25.75,104.75
166530,1959,231,210,25.75,105.25
166531,1960,231,211,25.75,105.75
166532,1961,231,212,25.75,106.25
166533,1962,231,213,25.75,106.75
166534,1963,231,214,25.75,107.25
166535,1964,231,215,25.75,107.75
166536,1965,231,216,25.75,108.25
166537,1966,231,217,25.75,108.75
166538,1967,231,218,25.75,109.25
166539,1968,231,219,25.75,109.75
166540,1969,231,220,25.75,110.25
166541,1970,231,221,25.75,110.75
166542,1971,231,222,25.75,111.25
166543,1972,231,223,25.75,111.75
166544,1973,231,224,25.75,112.25
166545,1974,231,225,25.75,112.75
166546,1975,231,226,25.75,113.25
166547,1976,231,227,25.75,113.75
166548,1977,231,228,25.75,114.25
166549,1978,231,229,25.75,114.75
166550,1979,231,230,25.75,115.25
166551,1980,231,231,25.75,115.75
166552,1981,231,232,25.75,116.25
166553,1982,231,233,25.75,116.75
166554,1983,231,234,25.75,117.25
166555,1984,231,235,25.75,117.75
166556,1985,231,236,25.75,118.25
166557,1986,231,237,25.75,118.75
166823,1987,231,503,25.75,-108.25
166824,1988,231,504,25.75,-107.75
166842,1989,231,522,25.75,-98.75
166843,1990,231,523,25.75,-98.25
167192,1991,232,152,26.25,76.25
167193,1992,232,153,26.25,76.75
167194,1993,232,154,26.25,77.25
167195,1994,232,155,26.25,77.75
167196,1995,232,156,26.25,78.25
167197,1996,232,157,26.25,78.75
167198,1997,232,158,26.25,79.25
167200,1998,232,160,26.25,80.25
167206,1999,232,166,26.25,83.25
167207,2000,232,167,26.25,83.75
167208,2001,232,168,26.25,84.25
167209,2002,232,169,26.25,84.75
167210,2003,232,170,26.25,85.25
167211,2004,232,171,26.25,85.75
167212,2005,232,172,26.25,86.25
167213,2006,232,173,26.25,86.75
167214,2007,232,174,26.25,87.25
167215,2008,232,175,26.25,87.75
167219,2009,232,179,26.25,89.75
167220,2010,232,180,26.25,90.25
167221,2011,232,181,26.25,90.75
167222,2012,232,182,26.25,91.25
167223,2013,232,183,26.25,91.75
167224,2014,232,184,26.25,92.25
167238,2015,232,198,26.25,99.25
167239,2016,232,199,26.25,99.75
167240,2017,232,200,26.25,100.25
167241,2018,232,201,26.25,100.75
167242,2019,232,202,26.25,101.25
167243,2020,232,203,26.25,101.75
167244,2021,232,204,26.25,102.25
167245,2022,232,205,26.25,102.75
167246,2023,232,206,26.25,103.25
167247,2024,232,207,26.25,103.75
167248,2025,232,208,26.25,104.25
167249,2026,232,209,26.25,104.75
167250,2027,232,210,26.25,105.25
167251,2028,232,211,26.25,105.75
167252,2029,232,212,26.25,106.25
167253,2030,232,213,26.25,106.75
167254,2031,232,214,26.25,107.25
167255,2032,232,215,26.25,107.75
167256,2033,232,216,26.25,108.25
167257,2034,232,217,26.25,108.75
167258,2035,232,218,26.25,109.25
167259,2036,232,219,26.25,109.75
167260,2037,232,220,26.25,110.25
167261,2038,232,221,26.25,110.75
167262,2039,232,222,26.25,111.25
167263,2040,232,223,26.25,111.75
167264,2041,232,224,26.25,112.25
167265,2042,232,225,26.25,112.75
167266,2043,232,226,26.25,113.25
167267,2044,232,227,26.25,113.75
167268,2045,232,228,26.25,114.25
167269,2046,232,229,26.25,114.75
167270,2047,232,230,26.25,115.25
167271,2048,232,231,26.25,115.75
167272,2049,232,232,26.25,116.25
167273,2050,232,233,26.25,116.75
167274,2051,232,234,26.25,117.25
167275,2052,232,235,26.25,117.75
167276,2053,232,236,26.25,118.25
167277,2054,232,237,26.25,118.75
167278,2055,232,238,26.25,119.25
167543,2056,232,503,26.25,-108.25
167562,2057,232,522,26.25,-98.75
167563,2058,232,523,26.25,-98.25
167564,2059,232,524,26.25,-97.75
167912,2060,233,152,26.75,76.25
167913,2061,233,153,26.75,76.75
167914,2062,233,154,26.75,77.25
167915,2063,233,155,26.75,77.75
167916,2064,233,156,26.75,78.25
167917,2065,233,157,26.75,78.75
167918,2066,233,158,26.75,79.25
167925,2067,233,165,26.75,82.75
167926,2068,233,166,26.75,83.25
167927,2069,233,167,26.75,83.75
167928,2070,233,168,26.75,84.25
167929,2071,233,169,26.75,84.75
167930,2072,233,170,26.75,85.25
167931,2073,233,171,26.75,85.75
167936,2074,233,176,26.75,88.25
167938,2075,233,178,26.75,89.25
167939,2076,233,179,26.75,89.75
167941,2077,233,181,26.75,90.75
167943,2078,233,183,26.75,91.75
167944,2079,233,184,26.75,92.25
167945,2080,233,185,26.75,92.75
167946,2081,233,186,26.75,93.25
167947,2082,233,187,26.75,93.75
167948,2083,233,188,26.75,94.25
167949,2084,233,189,26.75,94.75
167950,2085,233,190,26.75,95.25
167957,2086,233,197,26.75,98.75
167958,2087,233,198,26.75,99.25
167959,2088,233,199,26.75,99.75
167960,2089,233,200,26.75,100.25
167961,2090,233,201,26.75,100.75
167962,2091,233,202,26.75,101.25
167963,2092,233,203,26.75,101.75
167964,2093,233,204,26.75,102.25
167965,2094,233,205,26.75,102.75
167966,2095,233,206,26.75,103.25
167967,2096,233,207,26.75,103.75
167968,2097,233,208,26.75,104.25
167969,2098,233,209,26.75,104.75
167970,2099,233,210,26.75,105.25
167971,2100,233,211,26.75,105.75
167972,2101,233,212,26.75,106.25
167973,2102,233,213,26.75,106.75
167974,2103,233,214,26.75,107.25
167975,2104,233,215,26.75,107.75
167976,2105,233,216,26.75,108.25
167977,2106,233,217,26.75,108.75
167978,2107,233,218,26.75,109.25
167979,2108,233,219,26.75,109.75
167980,2109,233,220,26.75,110.25
167981,2110,233,221,26.75,110.75
167982,2111,233,222,26.75,111.25
167983,2112,233,223,26.75,111.75
167984,2113,233,224,26.75,112.25
167985,2114,233,225,26.75,112.75
167986,2115,233,226,26.75,113.25
167987,2116,233,227,26.75,113.75
167988,2117,233,228,26.75,114.25
167989,2118,233,229,26.75,114.75
167990,2119,233,230,26.75,115.25
167991,2120,233,231,26.75,115.75
167992,2121,233,232,26.75,116.25
167993,2122,233,233,26.75,116.75
167994,2123,233,234,26.75,117.25
167995,2124,233,235,26.75,117.75
167996,2125,233,236,26.75,118.25
167997,2126,233,237,26.75,118.75
167998,2127,233,238,26.75,119.25
168637,2128,234,157,27.25,78.75
168638,2129,234,158,27.25,79.25
168639,2130,234,159,27.25,79.75
168640,2131,234,160,27.25,80.25
168645,2132,234,165,27.25,82.75
168646,2133,234,166,27.25,83.25
168647,2134,234,167,27.25,83.75
168648,2135,234,168,27.25,84.25
168649,2136,234,169,27.25,84.75
168656,2137,234,176,27.25,88.25
168667,2138,234,187,27.25,93.75
168668,2139,234,188,27.25,94.25
168669,2140,234,189,27.25,94.75
168670,2141,234,190,27.25,95.25
168671,2142,234,191,27.25,95.75
168672,2143,234,192,27.25,96.25
168677,2144,234,197,27.25,98.75
168678,2145,234,198,27.25,99.25
168679,2146,234,199,27.25,99.75
168680,2147,234,200,27.25,100.25
168681,2148,234,201,27.25,100.75
168682,2149,234,202,27.25,101.25
168683,2150,234,203,27.25,101.75
168684,2151,234,204,27.25,102.25
168685,2152,234,205,27.25,102.75
168686,2153,234,206,27.25,103.25
168687,2154,234,207,27.25,103.75
168688,2155,234,208,27.25,104.25
168689,2156,234,209,27.25,104.75
168690,2157,234,210,27.25,105.25
168691,2158,234,211,27.25,105.75
168692,2159,234,212,27.25,106.25
168693,2160,234,213,27.25,106.75
168694,2161,234,214,27.25,107.25
168695,2162,234,215,27.25,107.75
168696,2163,234,216,27.25,108.25
168697,2164,234,217,27.25,108.75
168698,2165,234,218,27.25,109.25
168699,2166,234,219,27.25,109.75
168700,2167,234,220,27.25,110.25
168701,2168,234,221,27.25,110.75
168702,2169,234,222,27.25,111.25
168703,2170,234,223,27.25,111.75
168704,2171,234,224,27.25,112.25
168705,2172,234,225,27.25,112.75
168706,2173,234,226,27.25,113.25
168707,2174,234,227,27.25,113.75
168708,2175,234,228,27.25,114.25
168709,2176,234,229,27.25,114.75
168710,2177,234,230,27.25,115.25
168711,2178,234,231,27.25,115.75
168712,2179,234,232,27.25,116.25
168713,2180,234,233,27.25,116.75
168714,2181,234,234,27.25,117.25
168715,2182,234,235,27.25,117.75
168716,2183,234,236,27.25,118.25
168717,2184,234,237,27.25,118.75
168718,2185,234,238,27.25,119.25
168719,2186,234,239,27.25,119.75
169356,2187,235,156,27.75,78.25
169357,2188,235,157,27.75,78.75
169358,2189,235,158,27.75,79.25
169359,2190,235,159,27.75,79.75
169360,2191,235,160,27.75,80.25
169361,2192,235,161,27.75,80.75
169363,2193,235,163,27.75,81.75
169364,2194,235,164,27.75,82.25
169365,2195,235,165,27.75,82.75
169389,2196,235,189,27.75,94.75
169390,2197,235,190,27.75,95.25
169391,2198,235,191,27.75,95.75
169392,2199,235,192,27.75,96.25
169397,2200,235,197,27.75,98.75
169398,2201,235,198,27.75,99.25
169399,2202,235,199,27.75,99.75
169400,2203,235,200,27.75,100.25
169401,2204,235,201,27.75,100.75
169402,2205,235,202,27.75,101.25
169403,2206,235,203,27.75,101.75
169404,2207,235,204,27.75,102.25
169405,2208,235,205,27.75,102.75
169406,2209,235,206,27.75,103.25
169407,2210,235,207,27.75,103.75
169408,2211,235,208,27.75,104.25
169409,2212,235,209,27.75,104.75
169410,2213,235,210,27.75,105.25
169411,2214,235,211,27.75,105.75
169412,2215,235,212,27.75,106.25
169413,2216,235,213,27.75,106.75
169414,2217,235,214,27.75,107.25
169415,2218,235,215,27.75,107.75
169416,2219,235,216,27.75,108.25
169417,2220,235,217,27.75,108.75
169418,2221,235,218,27.75,109.25
169419,2222,235,219,27.75,109.75
169420,2223,235,220,27.75,110.25
169421,2224,235,221,27.75,110.75
169422,2225,235,222,27.75,111.25
169423,2226,235,223,27.75,111.75
169424,2227,235,224,27.75,112.25
169425,2228,235,225,27.75,112.75
169426,2229,235,226,27.75,113.25
169427,2230,235,227,27.75,113.75
169428,2231,235,228,27.75,114.25
169429,2232,235,229,27.75,114.75
169430,2233,235,230,27.75,115.25
169431,2234,235,231,27.75,115.75
169432,2235,235,232,27.75,116.25
169433,2236,235,233,27.75,116.75
169434,2237,235,234,27.75,117.25
169435,2238,235,235,27.75,117.75
169436,2239,235,236,27.75,118.25
169437,2240,235,237,27.75,118.75
169438,2241,235,238,27.75,119.25
169439,2242,235,239,27.75,119.75
169440,2243,235,240,27.75,120.25
170076,2244,236,156,28.25,78.25
170077,2245,236,157,28.25,78.75
170078,2246,236,158,28.25,79.25
170079,2247,236,159,28.25,79.75
170080,2248,236,160,28.25,80.25
170081,2249,236,161,28.25,80.75
170082,2250,236,162,28.25,81.25
170110,2251,236,190,28.25,95.25
170111,2252,236,191,28.25,95.75
170117,2253,236,197,28.25,98.75
170118,2254,236,198,28.25,99.25
170121,2255,236,201,28.25,100.75
170122,2256,236,202,28.25,101.25
170123,2257,236,203,28.25,101.75
170124,2258,236,204,28.25,102.25
170125,2259,236,205,28.25,102.75
170126,2260,236,206,28.25,103.25
170127,2261,236,207,28.25,103.75
170128,2262,236,208,28.25,104.25
170129,2263,236,209,28.25,104.75
170130,2264,236,210,28.25,105.25
170131,2265,236,211,28.25,105.75
170132,2266,236,212,28.25,106.25
170133,2267,236,213,28.25,106.75
170134,2268,236,214,28.25,107.25
170135,2269,236,215,28.25,107.75
170136,2270,236,216,28.25,108.25
170137,2271,236,217,28.25,108.75
170138,2272,236,218,28.25,109.25
170139,2273,236,219,28.25,109.75
170140,2274,236,220,28.25,110.25
170141,2275,236,221,28.25,110.75
170142,2276,236,222,28.25,111.25
170143,2277,236,223,28.25,111.75
170144,2278,236,224,28.25,112.25
170145,2279,236,225,28.25,112.75
170146,2280,236,226,28.25,113.25
170147,2281,236,227,28.25,113.75
170148,2282,236,228,28.25,114.25
170149,2283,236,229,28.25,114.75
170150,2284,236,230,28.25,115.25
170151,2285,236,231,28.25,115.75
170152,2286,236,232,28.25,116.25
170153,2287,236,233,28.25,116.75
170154,2288,236,234,28.25,117.25
170155,2289,236,235,28.25,117.75
170156,2290,236,236,28.25,118.25
170157,2291,236,237,28.25,118.75
170158,2292,236,238,28.25,119.25
170159,2293,236,239,28.25,119.75
170160,2294,236,240,28.25,120.25
170444,2295,236,524,28.25,-97.75
170445,2296,236,525,28.25,-97.25
170795,2297,237,155,28.75,77.75
170796,2298,237,156,28.75,78.25
170797,2299,237,157,28.75,78.75
170798,2300,237,158,28.75,79.25
170799,2301,237,159,28.75,79.75
170800,2302,237,160,28.75,80.25
170801,2303,237,161,28.75,80.75
170843,2304,237,203,28.75,101.75
170844,2305,237,204,28.75,102.25
170845,2306,237,205,28.75,102.75
170846,2307,237,206,28.75,103.25
170847,2308,237,207,28.75,103.75
170848,2309,237,208,28.75,104.25
170849,2310,237,209,28.75,104.75
170850,2311,237,210,28.75,105.25
170851,2312,237,211,28.75,105.75
170852,2313,237,212,28.75,106.25
170853,2314,237,213,28.75,106.75
170854,2315,237,214,28.75,107.25
170855,2316,237,215,28.75,107.75
170856,2317,237,216,28.75,108.25
170857,2318,237,217,28.75,108.75
170858,2319,237,218,28.75,109.25
170859,2320,237,219,28.75,109.75
170860,2321,237,220,28.75,110.25
170861,2322,237,221,28.75,110.75
170862,2323,237,222,28.75,111.25
170863,2324,237,223,28.75,111.75
170864,2325,237,224,28.75,112.25
170865,2326,237,225,28.75,112.75
170866,2327,237,226,28.75,113.25
170867,2328,237,227,28.75,113.75
170868,2329,237,228,28.75,114.25
170869,2330,237,229,28.75,114.75
170870,2331,237,230,28.75,115.25
170871,2332,237,231,28.75,115.75
170872,2333,237,232,28.75,116.25
170873,2334,237,233,28.75,116.75
170874,2335,237,234,28.75,117.25
170875,2336,237,235,28.75,117.75
170876,2337,237,236,28.75,118.25
170877,2338,237,237,28.75,118.75
170878,2339,237,238,28.75,119.25
170879,2340,237,239,28.75,119.75
170880,2341,237,240,28.75,120.25
170881,2342,237,241,28.75,120.75
170882,2343,237,242,28.75,121.25
171163,2344,237,523,28.75,-98.25
171164,2345,237,524,28.75,-97.75
171165,2346,237,525,28.75,-97.25
171515,2347,238,155,29.25,77.75
171516,2348,238,156,29.25,78.25
171517,2349,238,157,29.25,78.75
171518,2350,238,158,29.25,79.25
171519,2351,238,159,29.25,79.75
171520,2352,238,160,29.25,80.25
171561,2353,238,201,29.25,100.75
171564,2354,238,204,29.25,102.25
171565,2355,238,205,29.25,102.75
171566,2356,238,206,29.25,103.25
171567,2357,238,207,29.25,103.75
171568,2358,238,208,29.25,104.25
171569,2359,238,209,29.25,104.75
171570,2360,238,210,29.25,105.25
171571,2361,238,211,29.25,105.75
171572,2362,238,212,29.25,106.25
171573,2363,238,213,29.25,106.75
171574,2364,238,214,29.25,107.25
171575,2365,238,215,29.25,107.75
171576,2366,238,216,29.25,108.25
171577,2367,238,217,29.25,108.75
171578,2368,238,218,29.25,109.25
171579,2369,238,219,29.25,109.75
171580,2370,238,220,29.25,110.25
171581,2371,238,221,29.25,110.75
171582,2372,238,222,29.25,111.25
171583,2373,238,223,29.25,111.75
171584,2374,238,224,29.25,112.25
171585,2375,238,225,29.25,112.75
171586,2376,238,226,29.25,113.25
171587,2377,238,227,29.25,113.75
171588,2378,238,228,29.25,114.25
171589,2379,238,229,29.25,114.75
171590,2380,238,230,29.25,115.25
171591,2381,238,231,29.25,115.75
171592,2382,238,232,29.25,116.25
171593,2383,238,233,29.25,116.75
171594,2384,238,234,29.25,117.25
171595,2385,238,235,29.25,117.75
171596,2386,238,236,29.25,118.25
171597,2387,238,237,29.25,118.75
171598,2388,238,238,29.25,119.25
171599,2389,238,239,29.25,119.75
171600,2390,238,240,29.25,120.25
171601,2391,238,241,29.25,120.75
171885,2392,238,525,29.25,-97.25
171886,2393,238,526,29.25,-96.75
171887,2394,238,527,29.25,-96.25
171888,2395,238,528,29.25,-95.75
172232,2396,239,152,29.75,76.25
172233,2397,239,153,29.75,76.75
172234,2398,239,154,29.75,77.25
172235,2399,239,155,29.75,77.75
172236,2400,239,156,29.75,78.25
172238,2401,239,158,29.75,79.25
172239,2402,239,159,29.75,79.75
172240,2403,239,160,29.75,80.25
172241,2404,239,161,29.75,80.75
172282,2405,239,202,29.75,101.25
172283,2406,239,203,29.75,101.75
172284,2407,239,204,29.75,102.25
172285,2408,239,205,29.75,102.75
172286,2409,239,206,29.75,103.25
172287,2410,239,207,29.75,103.75
172288,2411,239,208,29.75,104.25
172289,2412,239,209,29.75,104.75
172290,2413,239,210,29.75,105.25
172291,2414,239,211,29.75,105.75
172292,2415,239,212,29.75,106.25
172293,2416,239,213,29.75,106.75
172294,2417,239,214,29.75,107.25
172295,2418,239,215,29.75,107.75
172296,2419,239,216,29.75,108.25
172297,2420,239,217,29.75,108.75
172299,2421,239,219,29.75,109.75
172300,2422,239,220,29.75,110.25
172301,2423,239,221,29.75,110.75
172302,2424,239,222,29.75,111.25
172303,2425,239,223,29.75,111.75
172304,2426,239,224,29.75,112.25
172305,2427,239,225,29.75,112.75
172306,2428,239,226,29.75,113.25
172310,2429,239,230,29.75,115.25
172311,2430,239,231,29.75,115.75
172312,2431,239,232,29.75,116.25
172313,2432,239,233,29.75,116.75
172314,2433,239,234,29.75,117.25
172315,2434,239,235,29.75,117.75
172316,2435,239,236,29.75,118.25
172317,2436,239,237,29.75,118.75
172318,2437,239,238,29.75,119.25
172319,2438,239,239,29.75,119.75
172320,2439,239,240,29.75,120.25
172321,2440,239,241,29.75,120.75
172322,2441,239,242,29.75,121.25
172605,2442,239,525,29.75,-97.25
172606,2443,239,526,29.75,-96.75
172607,2444,239,527,29.75,-96.25
172608,2445,239,528,29.75,-95.75
172609,2446,239,529,29.75,-95.25
172617,2447,239,537,29.75,-91.25
172634,2448,239,554,29.75,-82.75
172951,2449,240,151,30.25,75.75
172952,2450,240,152,30.25,76.25
172953,2451,240,153,30.25,76.75
172954,2452,240,154,30.25,77.25
172955,2453,240,155,30.25,77.75
172956,2454,240,156,30.25,78.25
172957,2455,240,157,30.25,78.75
173002,2456,240,202,30.25,101.25
173003,2457,240,203,30.25,101.75
173004,2458,240,204,30.25,102.25
173005,2459,240,205,30.25,102.75
173006,2460,240,206,30.25,103.25
173007,2461,240,207,30.25,103.75
173008,2462,240,208,30.25,104.25
173009,2463,240,209,30.25,104.75
173010,2464,240,210,30.25,105.25
173011,2465,240,211,30.25,105.75
173012,2466,240,212,30.25,106.25
173013,2467,240,213,30.25,106.75
173014,2468,240,214,30.25,107.25
173015,2469,240,215,30.25,107.75
173016,2470,240,216,30.25,108.25
173031,2471,240,231,30.25,115.75
173032,2472,240,232,30.25,116.25
173033,2473,240,233,30.25,116.75
173034,2474,240,234,30.25,117.25
173035,2475,240,235,30.25,117.75
173036,2476,240,236,30.25,118.25
173037,2477,240,237,30.25,118.75
173038,2478,240,238,30.25,119.25
173039,2479,240,239,30.25,119.75
173325,2480,240,525,30.25,-97.25
173326,2481,240,526,30.25,-96.75
173327,2482,240,527,30.25,-96.25
173328,2483,240,528,30.25,-95.75
173329,2484,240,529,30.25,-95.25
173330,2485,240,530,30.25,-94.75
173332,2486,240,532,30.25,-93.75
173333,2487,240,533,30.25,-93.25
173334,2488,240,534,30.25,-92.75
173335,2489,240,535,30.25,-92.25
173336,2490,240,536,30.25,-91.75
173337,2491,240,537,30.25,-91.25
173349,2492,240,549,30.25,-85.25
173350,2493,240,550,30.25,-84.75
173353,2494,240,553,30.25,-83.25
173354,2495,240,554,30.25,-82.75
173671,2496,241,151,30.75,75.75
173672,2497,241,152,30.75,76.25
173673,2498,241,153,30.75,76.75
173675,2499,241,155,30.75,77.75
173720,2500,241,200,30.75,100.25
173721,2501,241,201,30.75,100.75
173722,2502,241,202,30.75,101.25
173723,2503,241,203,30.75,101.75
173724,2504,241,204,30.75,102.25
173725,2505,241,205,30.75,102.75
173726,2506,241,206,30.75,103.25
173727,2507,241,207,30.75,103.75
173728,2508,241,208,30.75,104.25
173729,2509,241,209,30.75,104.75
173730,2510,241,210,30.75,105.25
173731,2511,241,211,30.75,105.75
173732,2512,241,212,30.75,106.25
173733,2513,241,213,30.75,106.75
173734,2514,241,214,30.75,107.25
173735,2515,241,215,30.75,107.75
173736,2516,241,216,30.75,108.25
173737,2517,241,217,30.75,108.75
173738,2518,241,218,30.75,109.25
173739,2519,241,219,30.75,109.75
173751,2520,241,231,30.75,115.75
173752,2521,241,232,30.75,116.25
173753,2522,241,233,30.75,116.75
173754,2523,241,234,30.75,117.25
173755,2524,241,235,30.75,117.75
173756,2525,241,236,30.75,118.25
173757,2526,241,237,30.75,118.75
173758,2527,241,238,30.75,119.25
173759,2528,241,239,30.75,119.75
173760,2529,241,240,30.75,120.25
173761,2530,241,241,30.75,120.75
174044,2531,241,524,30.75,-97.75
174045,2532,241,525,30.75,-97.25
174046,2533,241,526,30.75,-96.75
174047,2534,241,527,30.75,-96.25
174052,2535,241,532,30.75,-93.75
174053,2536,241,533,30.75,-93.25
174054,2537,241,534,30.75,-92.75
174055,2538,241,535,30.75,-92.25
174056,2539,241,536,30.75,-91.75
174057,2540,241,537,30.75,-91.25
174060,2541,241,540,30.75,-89.75
174062,2542,241,542,30.75,-88.75
174065,2543,241,545,30.75,-87.25
174066,2544,241,546,30.75,-86.75
174067,2545,241,547,30.75,-86.25
174068,2546,241,548,30.75,-85.75
174069,2547,241,549,30.75,-85.25
174070,2548,241,550,30.75,-84.75
174071,2549,241,551,30.75,-84.25
174072,2550,241,552,30.75,-83.75
174073,2551,241,553,30.75,-83.25
174393,2552,242,153,31.25,76.75
174394,2553,242,154,31.25,77.25
174437,2554,242,197,31.25,98.75
174439,2555,242,199,31.25,99.75
174440,2556,242,200,31.25,100.25
174441,2557,242,201,31.25,100.75
174442,2558,242,202,31.25,101.25
174443,2559,242,203,31.25,101.75
174444,2560,242,204,31.25,102.25
174445,2561,242,205,31.25,102.75
174446,2562,242,206,31.25,103.25
174447,2563,242,207,31.25,103.75
174448,2564,242,208,31.25,104.25
174449,2565,242,209,31.25,104.75
174450,2566,242,210,31.25,105.25
174451,2567,242,211,31.25,105.75
174452,2568,242,212,31.25,106.25
174453,2569,242,213,31.25,106.75
174454,2570,242,214,31.25,107.25
174455,2571,242,215,31.25,107.75
174456,2572,242,216,31.25,108.25
174457,2573,242,217,31.25,108.75
174458,2574,242,218,31.25,109.25
174459,2575,242,219,31.25,109.75
174460,2576,242,220,31.25,110.25
174470,2577,242,230,31.25,115.25
174471,2578,242,231,31.25,115.75
174472,2579,242,232,31.25,116.25
174473,2580,242,233,31.25,116.75
174474,2581,242,234,31.25,117.25
174475,2582,242,235,31.25,117.75
174476,2583,242,236,31.25,118.25
174477,2584,242,237,31.25,118.75
174478,2585,242,238,31.25,119.25
174479,2586,242,239,31.25,119.75
174480,2587,242,240,31.25,120.25
174481,2588,242,241,31.25,120.75
174764,2589,242,524,31.25,-97.75
174765,2590,242,525,31.25,-97.25
174766,2591,242,526,31.25,-96.75
174767,2592,242,527,31.25,-96.25
174773,2593,242,533,31.25,-93.25
174774,2594,242,534,31.25,-92.75
174775,2595,242,535,31.25,-92.25
174776,2596,242,536,31.25,-91.75
174777,2597,242,537,31.25,-91.25
174779,2598,242,539,31.25,-90.25
174780,2599,242,540,31.25,-89.75
174783,2600,242,543,31.25,-88.25
174784,2601,242,544,31.25,-87.75
174785,2602,242,545,31.25,-87.25
174786,2603,242,546,31.25,-86.75
174787,2604,242,547,31.25,-86.25
174788,2605,242,548,31.25,-85.75
174789,2606,242,549,31.25,-85.25
174790,2607,242,550,31.25,-84.75
174791,2608,242,551,31.25,-84.25
174792,2609,242,552,31.25,-83.75
174793,2610,242,553,31.25,-83.25
174794,2611,242,554,31.25,-82.75
174795,2612,242,555,31.25,-82.25
175113,2613,243,153,31.75,76.75
175158,2614,243,198,31.75,99.25
175159,2615,243,199,31.75,99.75
175160,2616,243,200,31.75,100.25
175164,2617,243,204,31.75,102.25
175165,2618,243,205,31.75,102.75
175166,2619,243,206,31.75,103.25
175167,2620,243,207,31.75,103.75
175168,2621,243,208,31.75,104.25
175169,2622,243,209,31.75,104.75
175170,2623,243,210,31.75,105.25
175171,2624,243,211,31.75,105.75
175172,2625,243,212,31.75,106.25
175173,2626,243,213,31.75,106.75
175174,2627,243,214,31.75,107.25
175175,2628,243,215,31.75,107.75
175176,2629,243,216,31.75,108.25
175177,2630,243,217,31.75,108.75
175178,2631,243,218,31.75,109.25
175179,2632,243,219,31.75,109.75
175187,2633,243,227,31.75,113.75
175188,2634,243,228,31.75,114.25
175189,2635,243,229,31.75,114.75
175190,2636,243,230,31.75,115.25
175191,2637,243,231,31.75,115.75
175192,2638,243,232,31.75,116.25
175193,2639,243,233,31.75,116.75
175194,2640,243,234,31.75,117.25
175195,2641,243,235,31.75,117.75
175196,2642,243,236,31.75,118.25
175197,2643,243,237,31.75,118.75
175198,2644,243,238,31.75,119.25
175199,2645,243,239,31.75,119.75
175484,2646,243,524,31.75,-97.75
175485,2647,243,525,31.75,-97.25
175486,2648,243,526,31.75,-96.75
175492,2649,243,532,31.75,-93.75
175493,2650,243,533,31.75,-93.25
175494,2651,243,534,31.75,-92.75
175495,2652,243,535,31.75,-92.25
175496,2653,243,536,31.75,-91.75
175497,2654,243,537,31.75,-91.25
175498,2655,243,538,31.75,-90.75
175499,2656,243,539,31.75,-90.25
175500,2657,243,540,31.75,-89.75
175501,2658,243,541,31.75,-89.25
175502,2659,243,542,31.75,-88.75
175507,2660,243,547,31.75,-86.25
175508,2661,243,548,31.75,-85.75
175509,2662,243,549,31.75,-85.25
175510,2663,243,550,31.75,-84.75
175511,2664,243,551,31.75,-84.25
175512,2665,243,552,31.75,-83.75
175513,2666,243,553,31.75,-83.25
175514,2667,243,554,31.75,-82.75
175515,2668,243,555,31.75,-82.25
175516,2669,243,556,31.75,-81.75
175879,2670,244,199,32.25,99.75
175882,2671,244,202,32.25,101.25
175883,2672,244,203,32.25,101.75
175885,2673,244,205,32.25,102.75
175886,2674,244,206,32.25,103.25
175887,2675,244,207,32.25,103.75
175888,2676,244,208,32.25,104.25
175889,2677,244,209,32.25,104.75
175890,2678,244,210,32.25,105.25
175891,2679,244,211,32.25,105.75
175892,2680,244,212,32.25,106.25
175893,2681,244,213,32.25,106.75
175894,2682,244,214,32.25,107.25
175895,2683,244,215,32.25,107.75
175896,2684,244,216,32.25,108.25
175904,2685,244,224,32.25,112.25
175905,2686,244,225,32.25,112.75
175906,2687,244,226,32.25,113.25
175907,2688,244,227,32.25,113.75
175908,2689,244,228,32.25,114.25
175909,2690,244,229,32.25,114.75
175910,2691,244,230,32.25,115.25
175911,2692,244,231,32.25,115.75
175912,2693,244,232,32.25,116.25
175913,2694,244,233,32.25,116.75
175914,2695,244,234,32.25,117.25
175915,2696,244,235,32.25,117.75
175916,2697,244,236,32.25,118.25
175917,2698,244,237,32.25,118.75
175918,2699,244,238,32.25,119.25
175919,2700,244,239,32.25,119.75
176204,2701,244,524,32.25,-97.75
176205,2702,244,525,32.25,-97.25
176206,2703,244,526,32.25,-96.75
176207,2704,244,527,32.25,-96.25
176211,2705,244,531,32.25,-94.25
176212,2706,244,532,32.25,-93.75
176215,2707,244,535,32.25,-92.25
176216,2708,244,536,32.25,-91.75
176217,2709,244,537,32.25,-91.25
176218,2710,244,538,32.25,-90.75
176219,2711,244,539,32.25,-90.25
176220,2712,244,540,32.25,-89.75
176221,2713,244,541,32.25,-89.25
176222,2714,244,542,32.25,-88.75
176223,2715,244,543,32.25,-88.25
176224,2716,244,544,32.25,-87.75
176225,2717,244,545,32.25,-87.25
176226,2718,244,546,32.25,-86.75
176227,2719,244,547,32.25,-86.25
176228,2720,244,548,32.25,-85.75
176229,2721,244,549,32.25,-85.25
176230,2722,244,550,32.25,-84.75
176231,2723,244,551,32.25,-84.25
176232,2724,244,552,32.25,-83.75
176233,2725,244,553,32.25,-83.25
176234,2726,244,554,32.25,-82.75
176235,2727,244,555,32.25,-82.25
176236,2728,244,556,32.25,-81.75
176237,2729,244,557,32.25,-81.25
176603,2730,245,203,32.75,101.75
176607,2731,245,207,32.75,103.75
176608,2732,245,208,32.75,104.25
176610,2733,245,210,32.75,105.25
176611,2734,245,211,32.75,105.75
176612,2735,245,212,32.75,106.25
176613,2736,245,213,32.75,106.75
176622,2737,245,222,32.75,111.25
176623,2738,245,223,32.75,111.75
176624,2739,245,224,32.75,112.25
176625,2740,245,225,32.75,112.75
176626,2741,245,226,32.75,113.25
176627,2742,245,227,32.75,113.75
176628,2743,245,228,32.75,114.25
176629,2744,245,229,32.75,114.75
176630,2745,245,230,32.75,115.25
176631,2746,245,231,32.75,115.75
176632,2747,245,232,32.75,116.25
176633,2748,245,233,32.75,116.75
176634,2749,245,234,32.75,117.25
176635,2750,245,235,32.75,117.75
176636,2751,245,236,32.75,118.25
176637,2752,245,237,32.75,118.75
176638,2753,245,238,32.75,119.25
176639,2754,245,239,32.75,119.75
176640,2755,245,240,32.75,120.25
176914,2756,245,514,32.75,-102.75
176915,2757,245,515,32.75,-102.25
176926,2758,245,526,32.75,-96.75
176927,2759,245,527,32.75,-96.25
176928,2760,245,528,32.75,-95.75
176932,2761,245,532,32.75,-93.75
176935,2762,245,535,32.75,-92.25
176936,2763,245,536,32.75,-91.75
176937,2764,245,537,32.75,-91.25
176938,2765,245,538,32.75,-90.75
176939,2766,245,539,32.75,-90.25
176940,2767,245,540,32.75,-89.75
176941,2768,245,541,32.75,-89.25
176942,2769,245,542,32.75,-88.75
176943,2770,245,543,32.75,-88.25
176944,2771,245,544,32.75,-87.75
176945,2772,245,545,32.75,-87.25
176947,2773,245,547,32.75,-86.25
176951,2774,245,551,32.75,-84.25
176952,2775,245,552,32.75,-83.75
176953,2776,245,553,32.75,-83.25
176954,2777,245,554,32.75,-82.75
176955,2778,245,555,32.75,-82.25
176956,2779,245,556,32.75,-81.75
176957,2780,245,557,32.75,-81.25
176958,2781,245,558,32.75,-80.75
177326,2782,246,206,33.25,103.25
177327,2783,246,207,33.25,103.75
177328,2784,246,208,33.25,104.25
177342,2785,246,222,33.25,111.25
177343,2786,246,223,33.25,111.75
177344,2787,246,224,33.25,112.25
177345,2788,246,225,33.25,112.75
177346,2789,246,226,33.25,113.25
177347,2790,246,227,33.25,113.75
177348,2791,246,228,33.25,114.25
177349,2792,246,229,33.25,114.75
177350,2793,246,230,33.25,115.25
177351,2794,246,231,33.25,115.75
177352,2795,246,232,33.25,116.25
177353,2796,246,233,33.25,116.75
177354,2797,246,234,33.25,117.25
177355,2798,246,235,33.25,117.75
177356,2799,246,236,33.25,118.25
177357,2800,246,237,33.25,118.75
177358,2801,246,238,33.25,119.25
177359,2802,246,239,33.25,119.75
177360,2803,246,240,33.25,120.25
177634,2804,246,514,33.25,-102.75
177635,2805,246,515,33.25,-102.25
177636,2806,246,516,33.25,-101.75
177637,2807,246,517,33.25,-101.25
177645,2808,246,525,33.25,-97.25
177646,2809,246,526,33.25,-96.75
177647,2810,246,527,33.25,-96.25
177648,2811,246,528,33.25,-95.75
177649,2812,246,529,33.25,-95.25
177650,2813,246,530,33.25,-94.75
177651,2814,246,531,33.25,-94.25
177652,2815,246,532,33.25,-93.75
177653,2816,246,533,33.25,-93.25
177655,2817,246,535,33.25,-92.25
177656,2818,246,536,33.25,-91.75
177657,2819,246,537,33.25,-91.25
177658,2820,246,538,33.25,-90.75
177659,2821,246,539,33.25,-90.25
177660,2822,246,540,33.25,-89.75
177661,2823,246,541,33.25,-89.25
177662,2824,246,542,33.25,-88.75
177663,2825,246,543,33.25,-88.25
177664,2826,246,544,33.25,-87.75
177665,2827,246,545,33.25,-87.25
177666,2828,246,546,33.25,-86.75
177667,2829,246,547,33.25,-86.25
177668,2830,246,548,33.25,-85.75
177671,2831,246,551,33.25,-84.25
177672,2832,246,552,33.25,-83.75
177674,2833,246,554,33.25,-82.75
177675,2834,246,555,33.25,-82.25
177676,2835,246,556,33.25,-81.75
177677,2836,246,557,33.25,-81.25
177678,2837,246,558,33.25,-80.75
177679,2838,246,559,33.25,-80.25
177680,2839,246,560,33.25,-79.75
178046,2840,247,206,33.75,103.25
178061,2841,247,221,33.75,110.75
178062,2842,247,222,33.75,111.25
178063,2843,247,223,33.75,111.75
178064,2844,247,224,33.75,112.25
178065,2845,247,225,33.75,112.75
178066,2846,247,226,33.75,113.25
178067,2847,247,227,33.75,113.75
178068,2848,247,228,33.75,114.25
178069,2849,247,229,33.75,114.75
178070,2850,247,230,33.75,115.25
178071,2851,247,231,33.75,115.75
178072,2852,247,232,33.75,116.25
178073,2853,247,233,33.75,116.75
178074,2854,247,234,33.75,117.25
178075,2855,247,235,33.75,117.75
178076,2856,247,236,33.75,118.25
178077,2857,247,237,33.75,118.75
178078,2858,247,238,33.75,119.25
178079,2859,247,239,33.75,119.75
178354,2860,247,514,33.75,-102.75
178355,2861,247,515,33.75,-102.25
178356,2862,247,516,33.75,-101.75
178357,2863,247,517,33.75,-101.25
178361,2864,247,521,33.75,-99.25
178365,2865,247,525,33.75,-97.25
178366,2866,247,526,33.75,-96.75
178367,2867,247,527,33.75,-96.25
178368,2868,247,528,33.75,-95.75
178369,2869,247,529,33.75,-95.25
178370,2870,247,530,33.75,-94.75
178371,2871,247,531,33.75,-94.25
178372,2872,247,532,33.75,-93.75
178373,2873,247,533,33.75,-93.25
178376,2874,247,536,33.75,-91.75
178377,2875,247,537,33.75,-91.25
178378,2876,247,538,33.75,-90.75
178379,2877,247,539,33.75,-90.25
178380,2878,247,540,33.75,-89.75
178381,2879,247,541,33.75,-89.25
178382,2880,247,542,33.75,-88.75
178383,2881,247,543,33.75,-88.25
178384,2882,247,544,33.75,-87.75
178385,2883,247,545,33.75,-87.25
178386,2884,247,546,33.75,-86.75
178387,2885,247,547,33.75,-86.25
178388,2886,247,548,33.75,-85.75
178389,2887,247,549,33.75,-85.25
178391,2888,247,551,33.75,-84.25
178392,2889,247,552,33.75,-83.75
178393,2890,247,553,33.75,-83.25
178395,2891,247,555,33.75,-82.25
178396,2892,247,556,33.75,-81.75
178397,2893,247,557,33.75,-81.25
178398,2894,247,558,33.75,-80.75
178399,2895,247,559,33.75,-80.25
178400,2896,247,560,33.75,-79.75
178401,2897,247,561,33.75,-79.25
178780,2898,248,220,34.25,110.25
178781,2899,248,221,34.25,110.75
178782,2900,248,222,34.25,111.25
178783,2901,248,223,34.25,111.75
178784,2902,248,224,34.25,112.25
178785,2903,248,225,34.25,112.75
178786,2904,248,226,34.25,113.25
178787,2905,248,227,34.25,113.75
178788,2906,248,228,34.25,114.25
178789,2907,248,229,34.25,114.75
178790,2908,248,230,34.25,115.25
178791,2909,248,231,34.25,115.75
178792,2910,248,232,34.25,116.25
178793,2911,248,233,34.25,116.75
178794,2912,248,234,34.25,117.25
178795,2913,248,235,34.25,117.75
178796,2914,248,236,34.25,118.25
178797,2915,248,237,34.25,118.75
178798,2916,248,238,34.25,119.25
178799,2917,248,239,34.25,119.75
179073,2918,248,513,34.25,-103.25
179074,2919,248,514,34.25,-102.75
179075,2920,248,515,34.25,-102.25
179076,2921,248,516,34.25,-101.75
179077,2922,248,517,34.25,-101.25
179080,2923,248,520,34.25,-99.75
179081,2924,248,521,34.25,-99.25
179082,2925,248,522,34.25,-98.75
179083,2926,248,523,34.25,-98.25
179084,2927,248,524,34.25,-97.75
179085,2928,248,525,34.25,-97.25
179086,2929,248,526,34.25,-96.75
179088,2930,248,528,34.25,-95.75
179089,2931,248,529,34.25,-95.25
179090,2932,248,530,34.25,-94.75
179093,2933,248,533,34.25,-93.25
179094,2934,248,534,34.25,-92.75
179095,2935,248,535,34.25,-92.25
179096,2936,248,536,34.25,-91.75
179097,2937,248,537,34.25,-91.25
179098,2938,248,538,34.25,-90.75
179099,2939,248,539,34.25,-90.25
179100,2940,248,540,34.25,-89.75
179101,2941,248,541,34.25,-89.25
179102,2942,248,542,34.25,-88.75
179103,2943,248,543,34.25,-88.25
179104,2944,248,544,34.25,-87.75
179105,2945,248,545,34.25,-87.25
179106,2946,248,546,34.25,-86.75
179107,2947,248,547,34.25,-86.25
179108,2948,248,548,34.25,-85.75
179109,2949,248,549,34.25,-85.25
179110,2950,248,550,34.25,-84.75
179112,2951,248,552,34.25,-83.75
179113,2952,248,553,34.25,-83.25
179114,2953,248,554,34.25,-82.75
179115,2954,248,555,34.25,-82.25
179116,2955,248,556,34.25,-81.75
179117,2956,248,557,34.25,-81.25
179118,2957,248,558,34.25,-80.75
179119,2958,248,559,34.25,-80.25
179120,2959,248,560,34.25,-79.75
179121,2960,248,561,34.25,-79.25
179122,2961,248,562,34.25,-78.75
179123,2962,248,563,34.25,-78.25
179500,2963,249,220,34.75,110.25
179501,2964,249,221,34.75,110.75
179502,2965,249,222,34.75,111.25
179503,2966,249,223,34.75,111.75
179504,2967,249,224,34.75,112.25
179505,2968,249,225,34.75,112.75
179506,2969,249,226,34.75,113.25
179507,2970,249,227,34.75,113.75
179508,2971,249,228,34.75,114.25
179509,2972,249,229,34.75,114.75
179510,2973,249,230,34.75,115.25
179511,2974,249,231,34.75,115.75
179512,2975,249,232,34.75,116.25
179513,2976,249,233,34.75,116.75
179514,2977,249,234,34.75,117.25
179515,2978,249,235,34.75,117.75
179516,2979,249,236,34.75,118.25
179517,2980,249,237,34.75,118.75
179793,2981,249,513,34.75,-103.25
179794,2982,249,514,34.75,-102.75
179795,2983,249,515,34.75,-102.25
179796,2984,249,516,34.75,-101.75
179800,2985,249,520,34.75,-99.75
179801,2986,249,521,34.75,-99.25
179802,2987,249,522,34.75,-98.75
179803,2988,249,523,34.75,-98.25
179804,2989,249,524,34.75,-97.75
179805,2990,249,525,34.75,-97.25
179806,2991,249,526,34.75,-96.75
179807,2992,249,527,34.75,-96.25
179808,2993,249,528,34.75,-95.75
179809,2994,249,529,34.75,-95.25
179810,2995,249,530,34.75,-94.75
179811,2996,249,531,34.75,-94.25
179812,2997,249,532,34.75,-93.75
179813,2998,249,533,34.75,-93.25
179814,2999,249,534,34.75,-92.75
179815,3000,249,535,34.75,-92.25
179816,3001,249,536,34.75,-91.75
179817,3002,249,537,34.75,-91.25
179818,3003,249,538,34.75,-90.75
179819,3004,249,539,34.75,-90.25
179820,3005,249,540,34.75,-89.75
179821,3006,249,541,34.75,-89.25
179822,3007,249,542,34.75,-88.75
179823,3008,249,543,34.75,-88.25
179824,3009,249,544,34.75,-87.75
179825,3010,249,545,34.75,-87.25
179826,3011,249,546,34.75,-86.75
179827,3012,249,547,34.75,-86.25
179828,3013,249,548,34.75,-85.75
179829,3014,249,549,34.75,-85.25
179830,3015,249,550,34.75,-84.75
179833,3016,249,553,34.75,-83.25
179834,3017,249,554,34.75,-82.75
179835,3018,249,555,34.75,-82.25
179836,3019,249,556,34.75,-81.75
179837,3020,249,557,34.75,-81.25
179838,3021,249,558,34.75,-80.75
179839,3022,249,559,34.75,-80.25
179840,3023,249,560,34.75,-79.75
179841,3024,249,561,34.75,-79.25
179842,3025,249,562,34.75,-78.75
179843,3026,249,563,34.75,-78.25
179844,3027,249,564,34.75,-77.75
180220,3028,250,220,35.25,110.25
180221,3029,250,221,35.25,110.75
180222,3030,250,222,35.25,111.25
180223,3031,250,223,35.25,111.75
180224,3032,250,224,35.25,112.25
180225,3033,250,225,35.25,112.75
180226,3034,250,226,35.25,113.25
180227,3035,250,227,35.25,113.75
180228,3036,250,228,35.25,114.25
180229,3037,250,229,35.25,114.75
180230,3038,250,230,35.25,115.25
180231,3039,250,231,35.25,115.75
180232,3040,250,232,35.25,116.25
180233,3041,250,233,35.25,116.75
180234,3042,250,234,35.25,117.25
180235,3043,250,235,35.25,117.75
180236,3044,250,236,35.25,118.25
180237,3045,250,237,35.25,118.75
180514,3046,250,514,35.25,-102.75
180515,3047,250,515,35.25,-102.25
180516,3048,250,516,35.25,-101.75
180517,3049,250,517,35.25,-101.25
180518,3050,250,518,35.25,-100.75
180521,3051,250,521,35.25,-99.25
180522,3052,250,522,35.25,-98.75
180523,3053,250,523,35.25,-98.25
180524,3054,250,524,35.25,-97.75
180525,3055,250,525,35.25,-97.25
180526,3056,250,526,35.25,-96.75
180527,3057,250,527,35.25,-96.25
180528,3058,250,528,35.25,-95.75
180529,3059,250,529,35.25,-95.25
180530,3060,250,530,35.25,-94.75
180531,3061,250,531,35.25,-94.25
180532,3062,250,532,35.25,-93.75
180533,3063,250,533,35.25,-93.25
180534,3064,250,534,35.25,-92.75
180535,3065,250,535,35.25,-92.25
180536,3066,250,536,35.25,-91.75
180537,3067,250,537,35.25,-91.25
180538,3068,250,538,35.25,-90.75
180539,3069,250,539,35.25,-90.25
180540,3070,250,540,35.25,-89.75
180541,3071,250,541,35.25,-89.25
180542,3072,250,542,35.25,-88.75
180543,3073,250,543,35.25,-88.25
180544,3074,250,544,35.25,-87.75
180545,3075,250,545,35.25,-87.25
180546,3076,250,546,35.25,-86.75
180547,3077,250,547,35.25,-86.25
180548,3078,250,548,35.25,-85.75
180549,3079,250,549,35.25,-85.25
180550,3080,250,550,35.25,-84.75
180551,3081,250,551,35.25,-84.25
180554,3082,250,554,35.25,-82.75
180555,3083,250,555,35.25,-82.25
180556,3084,250,556,35.25,-81.75
180557,3085,250,557,35.25,-81.25
180558,3086,250,558,35.25,-80.75
180559,3087,250,559,35.25,-80.25
180560,3088,250,560,35.25,-79.75
180561,3089,250,561,35.25,-79.25
180562,3090,250,562,35.25,-78.75
180563,3091,250,563,35.25,-78.25
180564,3092,250,564,35.25,-77.75
180565,3093,250,565,35.25,-77.25
180792,3094,251,72,35.75,36.25
180941,3095,251,221,35.75,110.75
180942,3096,251,222,35.75,111.25
180943,3097,251,223,35.75,111.75
180944,3098,251,224,35.75,112.25
180945,3099,251,225,35.75,112.75
180946,3100,251,226,35.75,113.25
180947,3101,251,227,35.75,113.75
180948,3102,251,228,35.75,114.25
180949,3103,251,229,35.75,114.75
180950,3104,251,230,35.75,115.25
180951,3105,251,231,35.75,115.75
180952,3106,251,232,35.75,116.25
180953,3107,251,233,35.75,116.75
180954,3108,251,234,35.75,117.25
180955,3109,251,235,35.75,117.75
180956,3110,251,236,35.75,118.25
180957,3111,251,237,35.75,118.75
180958,3112,251,238,35.75,119.25
181235,3113,251,515,35.75,-102.25
181236,3114,251,516,35.75,-101.75
181237,3115,251,517,35.75,-101.25
181241,3116,251,521,35.75,-99.25
181242,3117,251,522,35.75,-98.75
181243,3118,251,523,35.75,-98.25
181244,3119,251,524,35.75,-97.75
181245,3120,251,525,35.75,-97.25
181246,3121,251,526,35.75,-96.75
181247,3122,251,527,35.75,-96.25
181248,3123,251,528,35.75,-95.75
181249,3124,251,529,35.75,-95.25
181250,3125,251,530,35.75,-94.75
181251,3126,251,531,35.75,-94.25
181252,3127,251,532,35.75,-93.75
181253,3128,251,533,35.75,-93.25
181256,3129,251,536,35.75,-91.75
181257,3130,251,537,35.75,-91.25
181258,3131,251,538,35.75,-90.75
181259,3132,251,539,35.75,-90.25
181260,3133,251,540,35.75,-89.75
181261,3134,251,541,35.75,-89.25
181262,3135,251,542,35.75,-88.75
181263,3136,251,543,35.75,-88.25
181264,3137,251,544,35.75,-87.75
181265,3138,251,545,35.75,-87.25
181266,3139,251,546,35.75,-86.75
181267,3140,251,547,35.75,-86.25
181268,3141,251,548,35.75,-85.75
181269,3142,251,549,35.75,-85.25
181270,3143,251,550,35.75,-84.75
181271,3144,251,551,35.75,-84.25
181272,3145,251,552,35.75,-83.75
181273,3146,251,553,35.75,-83.25
181274,3147,251,554,35.75,-82.75
181275,3148,251,555,35.75,-82.25
181276,3149,251,556,35.75,-81.75
181277,3150,251,557,35.75,-81.25
181278,3151,251,558,35.75,-80.75
181279,3152,251,559,35.75,-80.25
181280,3153,251,560,35.75,-79.75
181281,3154,251,561,35.75,-79.25
181282,3155,251,562,35.75,-78.75
181283,3156,251,563,35.75,-78.25
181284,3157,251,564,35.75,-77.75
181285,3158,251,565,35.75,-77.25
181512,3159,252,72,36.25,36.25
181513,3160,252,73,36.25,36.75
181660,3161,252,220,36.25,110.25
181661,3162,252,221,36.25,110.75
181662,3163,252,222,36.25,111.25
181663,3164,252,223,36.25,111.75
181664,3165,252,224,36.25,112.25
181665,3166,252,225,36.25,112.75
181666,3167,252,226,36.25,113.25
181667,3168,252,227,36.25,113.75
181668,3169,252,228,36.25,114.25
181669,3170,252,229,36.25,114.75
181670,3171,252,230,36.25,115.25
181671,3172,252,231,36.25,115.75
181672,3173,252,232,36.25,116.25
181673,3174,252,233,36.25,116.75
181674,3175,252,234,36.25,117.25
181675,3176,252,235,36.25,117.75
181676,3177,252,236,36.25,118.25
181677,3178,252,237,36.25,118.75
181678,3179,252,238,36.25,119.25
181679,3180,252,239,36.25,119.75
181954,3181,252,514,36.25,-102.75
181955,3182,252,515,36.25,-102.25
181956,3183,252,516,36.25,-101.75
181957,3184,252,517,36.25,-101.25
181958,3185,252,518,36.25,-100.75
181962,3186,252,522,36.25,-98.75
181963,3187,252,523,36.25,-98.25
181964,3188,252,524,36.25,-97.75
181965,3189,252,525,36.25,-97.25
181966,3190,252,526,36.25,-96.75
181967,3191,252,527,36.25,-96.25
181968,3192,252,528,36.25,-95.75
181969,3193,252,529,36.25,-95.25
181970,3194,252,530,36.25,-94.75
181971,3195,252,531,36.25,-94.25
181972,3196,252,532,36.25,-93.75
181977,3197,252,537,36.25,-91.25
181978,3198,252,538,36.25,-90.75
181979,3199,252,539,36.25,-90.25
181980,3200,252,540,36.25,-89.75
181981,3201,252,541,36.25,-89.25
181982,3202,252,542,36.25,-88.75
181983,3203,252,543,36.25,-88.25
181984,3204,252,544,36.25,-87.75
181985,3205,252,545,36.25,-87.25
181986,3206,252,546,36.25,-86.75
181987,3207,252,547,36.25,-86.25
181988,3208,252,548,36.25,-85.75
181989,3209,252,549,36.25,-85.25
181990,3210,252,550,36.25,-84.75
181991,3211,252,551,36.25,-84.25
181992,3212,252,552,36.25,-83.75
181993,3213,252,553,36.25,-83.25
181994,3214,252,554,36.25,-82.75
181997,3215,252,557,36.25,-81.25
181998,3216,252,558,36.25,-80.75
181999,3217,252,559,36.25,-80.25
182000,3218,252,560,36.25,-79.75
182001,3219,252,561,36.25,-79.25
182002,3220,252,562,36.25,-78.75
182003,3221,252,563,36.25,-78.25
182004,3222,252,564,36.25,-77.75
182005,3223,252,565,36.25,-77.25
182225,3224,253,65,36.75,32.75
182226,3225,253,66,36.75,33.25
182227,3226,253,67,36.75,33.75
182233,3227,253,73,36.75,36.75
182380,3228,253,220,36.75,110.25
182381,3229,253,221,36.75,110.75
182382,3230,253,222,36.75,111.25
182383,3231,253,223,36.75,111.75
182384,3232,253,224,36.75,112.25
182385,3233,253,225,36.75,112.75
182386,3234,253,226,36.75,113.25
182387,3235,253,227,36.75,113.75
182388,3236,253,228,36.75,114.25
182389,3237,253,229,36.75,114.75
182390,3238,253,230,36.75,115.25
182391,3239,253,231,36.75,115.75
182392,3240,253,232,36.75,116.25
182393,3241,253,233,36.75,116.75
182394,3242,253,234,36.75,117.25
182395,3243,253,235,36.75,117.75
182396,3244,253,236,36.75,118.25
182397,3245,253,237,36.75,118.75
182398,3246,253,238,36.75,119.25
182399,3247,253,239,36.75,119.75
182400,3248,253,240,36.75,120.25
182674,3249,253,514,36.75,-102.75
182675,3250,253,515,36.75,-102.25
182676,3251,253,516,36.75,-101.75
182677,3252,253,517,36.75,-101.25
182678,3253,253,518,36.75,-100.75
182680,3254,253,520,36.75,-99.75
182682,3255,253,522,36.75,-98.75
182683,3256,253,523,36.75,-98.25
182684,3257,253,524,36.75,-97.75
182685,3258,253,525,36.75,-97.25
182687,3259,253,527,36.75,-96.25
182688,3260,253,528,36.75,-95.75
182689,3261,253,529,36.75,-95.25
182690,3262,253,530,36.75,-94.75
182691,3263,253,531,36.75,-94.25
182692,3264,253,532,36.75,-93.75
182693,3265,253,533,36.75,-93.25
182694,3266,253,534,36.75,-92.75
182695,3267,253,535,36.75,-92.25
182696,3268,253,536,36.75,-91.75
182697,3269,253,537,36.75,-91.25
182698,3270,253,538,36.75,-90.75
182699,3271,253,539,36.75,-90.25
182700,3272,253,540,36.75,-89.75
182701,3273,253,541,36.75,-89.25
182702,3274,253,542,36.75,-88.75
182703,3275,253,543,36.75,-88.25
182704,3276,253,544,36.75,-87.75
182705,3277,253,545,36.75,-87.25
182706,3278,253,546,36.75,-86.75
182707,3279,253,547,36.75,-86.25
182708,3280,253,548,36.75,-85.75
182709,3281,253,549,36.75,-85.25
182710,3282,253,550,36.75,-84.75
182711,3283,253,551,36.75,-84.25
182718,3284,253,558,36.75,-80.75
182719,3285,253,559,36.75,-80.25
182720,3286,253,560,36.75,-79.75
182721,3287,253,561,36.75,-79.25
182722,3288,253,562,36.75,-78.75
182723,3289,253,563,36.75,-78.25
182724,3290,253,564,36.75,-77.75
182725,3291,253,565,36.75,-77.25
182726,3292,253,566,36.75,-76.75
182946,3293,254,66,37.25,33.25
182949,3294,254,69,37.25,34.75
182950,3295,254,70,37.25,35.25
182951,3296,254,71,37.25,35.75
182952,3297,254,72,37.25,36.25
182953,3298,254,73,37.25,36.75
182954,3299,254,74,37.25,37.25
182955,3300,254,75,37.25,37.75
183101,3301,254,221,37.25,110.75
183102,3302,254,222,37.25,111.25
183103,3303,254,223,37.25,111.75
183104,3304,254,224,37.25,112.25
183105,3305,254,225,37.25,112.75
183106,3306,254,226,37.25,113.25
183107,3307,254,227,37.25,113.75
183108,3308,254,228,37.25,114.25
183109,3309,254,229,37.25,114.75
183110,3310,254,230,37.25,115.25
183111,3311,254,231,37.25,115.75
183112,3312,254,232,37.25,116.25
183113,3313,254,233,37.25,116.75
183114,3314,254,234,37.25,117.25
183115,3315,254,235,37.25,117.75
183116,3316,254,236,37.25,118.25
183121,3317,254,241,37.25,120.75
183122,3318,254,242,37.25,121.25
183395,3319,254,515,37.25,-102.25
183396,3320,254,516,37.25,-101.75
183397,3321,254,517,37.25,-101.25
183398,3322,254,518,37.25,-100.75
183399,3323,254,519,37.25,-100.25
183400,3324,254,520,37.25,-99.75
183401,3325,254,521,37.25,-99.25
183402,3326,254,522,37.25,-98.75
183403,3327,254,523,37.25,-98.25
183404,3328,254,524,37.25,-97.75
183405,3329,254,525,37.25,-97.25
183406,3330,254,526,37.25,-96.75
183407,3331,254,527,37.25,-96.25
183408,3332,254,528,37.25,-95.75
183409,3333,254,529,37.25,-95.25
183410,3334,254,530,37.25,-94.75
183411,3335,254,531,37.25,-94.25
183412,3336,254,532,37.25,-93.75
183413,3337,254,533,37.25,-93.25
183415,3338,254,535,37.25,-92.25
183416,3339,254,536,37.25,-91.75
183418,3340,254,538,37.25,-90.75
183419,3341,254,539,37.25,-90.25
183420,3342,254,540,37.25,-89.75
183421,3343,254,541,37.25,-89.25
183422,3344,254,542,37.25,-88.75
183423,3345,254,543,37.25,-88.25
183424,3346,254,544,37.25,-87.75
183425,3347,254,545,37.25,-87.25
183426,3348,254,546,37.25,-86.75
183427,3349,254,547,37.25,-86.25
183428,3350,254,548,37.25,-85.75
183429,3351,254,549,37.25,-85.25
183430,3352,254,550,37.25,-84.75
183431,3353,254,551,37.25,-84.25
183440,3354,254,560,37.25,-79.75
183441,3355,254,561,37.25,-79.25
183442,3356,254,562,37.25,-78.75
183443,3357,254,563,37.25,-78.25
183444,3358,254,564,37.25,-77.75
183445,3359,254,565,37.25,-77.25
183669,3360,255,69,37.75,34.75
183670,3361,255,70,37.75,35.25
183671,3362,255,71,37.75,35.75
183672,3363,255,72,37.75,36.25
183673,3364,255,73,37.75,36.75
183674,3365,255,74,37.75,37.25
183816,3366,255,216,37.75,108.25
183817,3367,255,217,37.75,108.75
183821,3368,255,221,37.75,110.75
183822,3369,255,222,37.75,111.25
183823,3370,255,223,37.75,111.75
183824,3371,255,224,37.75,112.25
183825,3372,255,225,37.75,112.75
183826,3373,255,226,37.75,113.25
183827,3374,255,227,37.75,113.75
183828,3375,255,228,37.75,114.25
183829,3376,255,229,37.75,114.75
183830,3377,255,230,37.75,115.25
183831,3378,255,231,37.75,115.75
183832,3379,255,232,37.75,116.25
183833,3380,255,233,37.75,116.75
183834,3381,255,234,37.75,117.25
183835,3382,255,235,37.75,117.75
184115,3383,255,515,37.75,-102.25
184116,3384,255,516,37.75,-101.75
184117,3385,255,517,37.75,-101.25
184118,3386,255,518,37.75,-100.75
184119,3387,255,519,37.75,-100.25
184120,3388,255,520,37.75,-99.75
184121,3389,255,521,37.75,-99.25
184122,3390,255,522,37.75,-98.75
184123,3391,255,523,37.75,-98.25
184124,3392,255,524,37.75,-97.75
184125,3393,255,525,37.75,-97.25
184127,3394,255,527,37.75,-96.25
184128,3395,255,528,37.75,-95.75
184129,3396,255,529,37.75,-95.25
184130,3397,255,530,37.75,-94.75
184131,3398,255,531,37.75,-94.25
184132,3399,255,532,37.75,-93.75
184133,3400,255,533,37.75,-93.25
184134,3401,255,534,37.75,-92.75
184135,3402,255,535,37.75,-92.25
184136,3403,255,536,37.75,-91.75
184137,3404,255,537,37.75,-91.25
184138,3405,255,538,37.75,-90.75
184139,3406,255,539,37.75,-90.25
184140,3407,255,540,37.75,-89.75
184141,3408,255,541,37.75,-89.25
184142,3409,255,542,37.75,-88.75
184143,3410,255,543,37.75,-88.25
184144,3411,255,544,37.75,-87.75
184145,3412,255,545,37.75,-87.25
184146,3413,255,546,37.75,-86.75
184147,3414,255,547,37.75,-86.25
184148,3415,255,548,37.75,-85.75
184149,3416,255,549,37.75,-85.25
184150,3417,255,550,37.75,-84.75
184151,3418,255,551,37.75,-84.25
184152,3419,255,552,37.75,-83.75
184160,3420,255,560,37.75,-79.75
184161,3421,255,561,37.75,-79.25
184162,3422,255,562,37.75,-78.75
184163,3423,255,563,37.75,-78.25
184164,3424,255,564,37.75,-77.75
184165,3425,255,565,37.75,-77.25
184392,3426,256,72,38.25,36.25
184393,3427,256,73,38.25,36.75
184394,3428,256,74,38.25,37.25
184395,3429,256,75,38.25,37.75
184541,3430,256,221,38.25,110.75
184542,3431,256,222,38.25,111.25
184543,3432,256,223,38.25,111.75
184544,3433,256,224,38.25,112.25
184545,3434,256,225,38.25,112.75
184546,3435,256,226,38.25,113.25
184547,3436,256,227,38.25,113.75
184548,3437,256,228,38.25,114.25
184549,3438,256,229,38.25,114.75
184550,3439,256,230,38.25,115.25
184551,3440,256,231,38.25,115.75
184552,3441,256,232,38.25,116.25
184553,3442,256,233,38.25,116.75
184554,3443,256,234,38.25,117.25
184571,3444,256,251,38.25,125.75
184572,3445,256,252,38.25,126.25
184573,3446,256,253,38.25,126.75
184836,3447,256,516,38.25,-101.75
184837,3448,256,517,38.25,-101.25
184838,3449,256,518,38.25,-100.75
184839,3450,256,519,38.25,-100.25
184840,3451,256,520,38.25,-99.75
184841,3452,256,521,38.25,-99.25
184842,3453,256,522,38.25,-98.75
184843,3454,256,523,38.25,-98.25
184844,3455,256,524,38.25,-97.75
184845,3456,256,525,38.25,-97.25
184847,3457,256,527,38.25,-96.25
184848,3458,256,528,38.25,-95.75
184849,3459,256,529,38.25,-95.25
184850,3460,256,530,38.25,-94.75
184851,3461,256,531,38.25,-94.25
184852,3462,256,532,38.25,-93.75
184853,3463,256,533,38.25,-93.25
184854,3464,256,534,38.25,-92.75
184855,3465,256,535,38.25,-92.25
184856,3466,256,536,38.25,-91.75
184857,3467,256,537,38.25,-91.25
184858,3468,256,538,38.25,-90.75
184859,3469,256,539,38.25,-90.25
184860,3470,256,540,38.25,-89.75
184861,3471,256,541,38.25,-89.25
184862,3472,256,542,38.25,-88.75
184863,3473,256,543,38.25,-88.25
184864,3474,256,544,38.25,-87.75
184865,3475,256,545,38.25,-87.25
184866,3476,256,546,38.25,-86.75
184867,3477,256,547,38.25,-86.25
184868,3478,256,548,38.25,-85.75
184869,3479,256,549,38.25,-85.25
184870,3480,256,550,38.25,-84.75
184871,3481,256,551,38.25,-84.25
184872,3482,256,552,38.25,-83.75
184873,3483,256,553,38.25,-83.25
184874,3484,256,554,38.25,-82.75
184881,3485,256,561,38.25,-79.25
184882,3486,256,562,38.25,-78.75
184883,3487,256,563,38.25,-78.25
184884,3488,256,564,38.25,-77.75
185261,3489,257,221,38.75,110.75
185262,3490,257,222,38.75,111.25
185263,3491,257,223,38.75,111.75
185264,3492,257,224,38.75,112.25
185265,3493,257,225,38.75,112.75
185266,3494,257,226,38.75,113.25
185267,3495,257,227,38.75,113.75
185268,3496,257,228,38.75,114.25
185269,3497,257,229,38.75,114.75
185270,3498,257,230,38.75,115.25
185271,3499,257,231,38.75,115.75
185272,3500,257,232,38.75,116.25
185273,3501,257,233,38.75,116.75
185274,3502,257,234,38.75,117.25
185292,3503,257,252,38.75,126.25
185293,3504,257,253,38.75,126.75
185555,3505,257,515,38.75,-102.25
185556,3506,257,516,38.75,-101.75
185557,3507,257,517,38.75,-101.25
185558,3508,257,518,38.75,-100.75
185559,3509,257,519,38.75,-100.25
185560,3510,257,520,38.75,-99.75
185561,3511,257,521,38.75,-99.25
185562,3512,257,522,38.75,-98.75
185563,3513,257,523,38.75,-98.25
185564,3514,257,524,38.75,-97.75
185565,3515,257,525,38.75,-97.25
185566,3516,257,526,38.75,-96.75
185567,3517,257,527,38.75,-96.25
185568,3518,257,528,38.75,-95.75
185569,3519,257,529,38.75,-95.25
185570,3520,257,530,38.75,-94.75
185571,3521,257,531,38.75,-94.25
185572,3522,257,532,38.75,-93.75
185573,3523,257,533,38.75,-93.25
185574,3524,257,534,38.75,-92.75
185575,3525,257,535,38.75,-92.25
185576,3526,257,536,38.75,-91.75
185577,3527,257,537,38.75,-91.25
185578,3528,257,538,38.75,-90.75
185579,3529,257,539,38.75,-90.25
185580,3530,257,540,38.75,-89.75
185581,3531,257,541,38.75,-89.25
185582,3532,257,542,38.75,-88.75
185583,3533,257,543,38.75,-88.25
185584,3534,257,544,38.75,-87.75
185585,3535,257,545,38.75,-87.25
185586,3536,257,546,38.75,-86.75
185587,3537,257,547,38.75,-86.25
185588,3538,257,548,38.75,-85.75
185589,3539,257,549,38.75,-85.25
185590,3540,257,550,38.75,-84.75
185591,3541,257,551,38.75,-84.25
185592,3542,257,552,38.75,-83.75
185593,3543,257,553,38.75,-83.25
185594,3544,257,554,38.75,-82.75
185595,3545,257,555,38.75,-82.25
185596,3546,257,556,38.75,-81.75
185602,3547,257,562,38.75,-78.75
185603,3548,257,563,38.75,-78.25
185604,3549,257,564,38.75,-77.75
185606,3550,257,566,38.75,-76.75
185608,3551,257,568,38.75,-75.75
185979,3552,258,219,39.25,109.75
185981,3553,258,221,39.25,110.75
185982,3554,258,222,39.25,111.25
185983,3555,258,223,39.25,111.75
185984,3556,258,224,39.25,112.25
185985,3557,258,225,39.25,112.75
185986,3558,258,226,39.25,113.25
185987,3559,258,227,39.25,113.75
185988,3560,258,228,39.25,114.25
185989,3561,258,229,39.25,114.75
185990,3562,258,230,39.25,115.25
185991,3563,258,231,39.25,115.75
185992,3564,258,232,39.25,116.25
185993,3565,258,233,39.25,116.75
185994,3566,258,234,39.25,117.25
186011,3567,258,251,39.25,125.75
186012,3568,258,252,39.25,126.25
186013,3569,258,253,39.25,126.75
186275,3570,258,515,39.25,-102.25
186276,3571,258,516,39.25,-101.75
186277,3572,258,517,39.25,-101.25
186278,3573,258,518,39.25,-100.75
186279,3574,258,519,39.25,-100.25
186280,3575,258,520,39.25,-99.75
186281,3576,258,521,39.25,-99.25
186282,3577,258,522,39.25,-98.75
186283,3578,258,523,39.25,-98.25
186284,3579,258,524,39.25,-97.75
186285,3580,258,525,39.25,-97.25
186286,3581,258,526,39.25,-96.75
186287,3582,258,527,39.25,-96.25
186288,3583,258,528,39.25,-95.75
186289,3584,258,529,39.25,-95.25
186290,3585,258,530,39.25,-94.75
186291,3586,258,531,39.25,-94.25
186292,3587,258,532,39.25,-93.75
186293,3588,258,533,39.25,-93.25
186294,3589,258,534,39.25,-92.75
186295,3590,258,535,39.25,-92.25
186296,3591,258,536,39.25,-91.75
186297,3592,258,537,39.25,-91.25
186298,3593,258,538,39.25,-90.75
186299,3594,258,539,39.25,-90.25
186300,3595,258,540,39.25,-89.75
186301,3596,258,541,39.25,-89.25
186302,3597,258,542,39.25,-88.75
186303,3598,258,543,39.25,-88.25
186304,3599,258,544,39.25,-87.75
186305,3600,258,545,39.25,-87.25
186306,3601,258,546,39.25,-86.75
186307,3602,258,547,39.25,-86.25
186308,3603,258,548,39.25,-85.75
186309,3604,258,549,39.25,-85.25
186310,3605,258,550,39.25,-84.75
186311,3606,258,551,39.25,-84.25
186312,3607,258,552,39.25,-83.75
186313,3608,258,553,39.25,-83.25
186314,3609,258,554,39.25,-82.75
186315,3610,258,555,39.25,-82.25
186316,3611,258,556,39.25,-81.75
186317,3612,258,557,39.25,-81.25
186323,3613,258,563,39.25,-78.25
186324,3614,258,564,39.25,-77.75
186325,3615,258,565,39.25,-77.25
186326,3616,258,566,39.25,-76.75
186700,3617,259,220,39.75,110.25
186702,3618,259,222,39.75,111.25
186703,3619,259,223,39.75,111.75
186704,3620,259,224,39.75,112.25
186705,3621,259,225,39.75,112.75
186706,3622,259,226,39.75,113.25
186707,3623,259,227,39.75,113.75
186708,3624,259,228,39.75,114.25
186709,3625,259,229,39.75,114.75
186710,3626,259,230,39.75,115.25
186711,3627,259,231,39.75,115.75
186712,3628,259,232,39.75,116.25
186713,3629,259,233,39.75,116.75
186714,3630,259,234,39.75,117.25
186715,3631,259,235,39.75,117.75
186716,3632,259,236,39.75,118.25
186717,3633,259,237,39.75,118.75
186724,3634,259,244,39.75,122.25
186731,3635,259,251,39.75,125.75
186732,3636,259,252,39.75,126.25
186733,3637,259,253,39.75,126.75
186995,3638,259,515,39.75,-102.25
186996,3639,259,516,39.75,-101.75
186997,3640,259,517,39.75,-101.25
186998,3641,259,518,39.75,-100.75
186999,3642,259,519,39.75,-100.25
187000,3643,259,520,39.75,-99.75
187001,3644,259,521,39.75,-99.25
187002,3645,259,522,39.75,-98.75
187003,3646,259,523,39.75,-98.25
187004,3647,259,524,39.75,-97.75
187005,3648,259,525,39.75,-97.25
187006,3649,259,526,39.75,-96.75
187007,3650,259,527,39.75,-96.25
187008,3651,259,528,39.75,-95.75
187009,3652,259,529,39.75,-95.25
187010,3653,259,530,39.75,-94.75
187011,3654,259,531,39.75,-94.25
187012,3655,259,532,39.75,-93.75
187013,3656,259,533,39.75,-93.25
187014,3657,259,534,39.75,-92.75
187015,3658,259,535,39.75,-92.25
187016,3659,259,536,39.75,-91.75
187017,3660,259,537,39.75,-91.25
187018,3661,259,538,39.75,-90.75
187019,3662,259,539,39.75,-90.25
187020,3663,259,540,39.75,-89.75
187021,3664,259,541,39.75,-89.25
187022,3665,259,542,39.75,-88.75
187023,3666,259,543,39.75,-88.25
187024,3667,259,544,39.75,-87.75
187025,3668,259,545,39.75,-87.25
187026,3669,259,546,39.75,-86.75
187027,3670,259,547,39.75,-86.25
187028,3671,259,548,39.75,-85.75
187029,3672,259,549,39.75,-85.25
187030,3673,259,550,39.75,-84.75
187031,3674,259,551,39.75,-84.25
187032,3675,259,552,39.75,-83.75
187033,3676,259,553,39.75,-83.25
187034,3677,259,554,39.75,-82.75
187035,3678,259,555,39.75,-82.25
187036,3679,259,556,39.75,-81.75
187037,3680,259,557,39.75,-81.25
187038,3681,259,558,39.75,-80.75
187039,3682,259,559,39.75,-80.25
187040,3683,259,560,39.75,-79.75
187041,3684,259,561,39.75,-79.25
187042,3685,259,562,39.75,-78.75
187043,3686,259,563,39.75,-78.25
187044,3687,259,564,39.75,-77.75
187045,3688,259,565,39.75,-77.25
187046,3689,259,566,39.75,-76.75
187047,3690,259,567,39.75,-76.25
187049,3691,259,569,39.75,-75.25
187050,3692,259,570,39.75,-74.75
187418,3693,260,218,40.25,109.25
187419,3694,260,219,40.25,109.75
187420,3695,260,220,40.25,110.25
187421,3696,260,221,40.25,110.75
187422,3697,260,222,40.25,111.25
187423,3698,260,223,40.25,111.75
187424,3699,260,224,40.25,112.25
187425,3700,260,225,40.25,112.75
187426,3701,260,226,40.25,113.25
187427,3702,260,227,40.25,113.75
187428,3703,260,228,40.25,114.25
187429,3704,260,229,40.25,114.75
187430,3705,260,230,40.25,115.25
187431,3706,260,231,40.25,115.75
187432,3707,260,232,40.25,116.25
187433,3708,260,233,40.25,116.75
187434,3709,260,234,40.25,117.25
187435,3710,260,235,40.25,117.75
187436,3711,260,236,40.25,118.25
187437,3712,260,237,40.25,118.75
187438,3713,260,238,40.25,119.25
187445,3714,260,245,40.25,122.75
187446,3715,260,246,40.25,123.25
187447,3716,260,247,40.25,123.75
187450,3717,260,250,40.25,125.25
187451,3718,260,251,40.25,125.75
187453,3719,260,253,40.25,126.75
187715,3720,260,515,40.25,-102.25
187716,3721,260,516,40.25,-101.75
187717,3722,260,517,40.25,-101.25
187718,3723,260,518,40.25,-100.75
187719,3724,260,519,40.25,-100.25
187720,3725,260,520,40.25,-99.75
187721,3726,260,521,40.25,-99.25
187722,3727,260,522,40.25,-98.75
187723,3728,260,523,40.25,-98.25
187724,3729,260,524,40.25,-97.75
187725,3730,260,525,40.25,-97.25
187726,3731,260,526,40.25,-96.75
187727,3732,260,527,40.25,-96.25
187728,3733,260,528,40.25,-95.75
187729,3734,260,529,40.25,-95.25
187730,3735,260,530,40.25,-94.75
187731,3736,260,531,40.25,-94.25
187732,3737,260,532,40.25,-93.75
187733,3738,260,533,40.25,-93.25
187734,3739,260,534,40.25,-92.75
187735,3740,260,535,40.25,-92.25
187736,3741,260,536,40.25,-91.75
187737,3742,260,537,40.25,-91.25
187738,3743,260,538,40.25,-90.75
187739,3744,260,539,40.25,-90.25
187740,3745,260,540,40.25,-89.75
187741,3746,260,541,40.25,-89.25
187742,3747,260,542,40.25,-88.75
187743,3748,260,543,40.25,-88.25
187744,3749,260,544,40.25,-87.75
187745,3750,260,545,40.25,-87.25
187746,3751,260,546,40.25,-86.75
187747,3752,260,547,40.25,-86.25
187748,3753,260,548,40.25,-85.75
187749,3754,260,549,40.25,-85.25
187750,3755,260,550,40.25,-84.75
187751,3756,260,551,40.25,-84.25
187752,3757,260,552,40.25,-83.75
187753,3758,260,553,40.25,-83.25
187754,3759,260,554,40.25,-82.75
187755,3760,260,555,40.25,-82.25
187756,3761,260,556,40.25,-81.75
187757,3762,260,557,40.25,-81.25
187758,3763,260,558,40.25,-80.75
187759,3764,260,559,40.25,-80.25
187760,3765,260,560,40.25,-79.75
187761,3766,260,561,40.25,-79.25
187762,3767,260,562,40.25,-78.75
187763,3768,260,563,40.25,-78.25
187764,3769,260,564,40.25,-77.75
187765,3770,260,565,40.25,-77.25
187766,3771,260,566,40.25,-76.75
187767,3772,260,567,40.25,-76.25
187768,3773,260,568,40.25,-75.75
187769,3774,260,569,40.25,-75.25
187770,3775,260,570,40.25,-74.75
187771,3776,260,571,40.25,-74.25
188133,3777,261,213,40.75,106.75
188134,3778,261,214,40.75,107.25
188135,3779,261,215,40.75,107.75
188136,3780,261,216,40.75,108.25
188137,3781,261,217,40.75,108.75
188138,3782,261,218,40.75,109.25
188139,3783,261,219,40.75,109.75
188141,3784,261,221,40.75,110.75
188142,3785,261,222,40.75,111.25
188143,3786,261,223,40.75,111.75
188144,3787,261,224,40.75,112.25
188145,3788,261,225,40.75,112.75
188146,3789,261,226,40.75,113.25
188147,3790,261,227,40.75,113.75
188148,3791,261,228,40.75,114.25
188149,3792,261,229,40.75,114.75
188150,3793,261,230,40.75,115.25
188151,3794,261,231,40.75,115.75
188152,3795,261,232,40.75,116.25
188153,3796,261,233,40.75,116.75
188154,3797,261,234,40.75,117.25
188155,3798,261,235,40.75,117.75
188156,3799,261,236,40.75,118.25
188157,3800,261,237,40.75,118.75
188158,3801,261,238,40.75,119.25
188159,3802,261,239,40.75,119.75
188160,3803,261,240,40.75,120.25
188165,3804,261,245,40.75,122.75
188166,3805,261,246,40.75,123.25
188167,3806,261,247,40.75,123.75
188168,3807,261,248,40.75,124.25
188169,3808,261,249,40.75,124.75
188170,3809,261,250,40.75,125.25
188435,3810,261,515,40.75,-102.25
188436,3811,261,516,40.75,-101.75
188437,3812,261,517,40.75,-101.25
188438,3813,261,518,40.75,-100.75
188439,3814,261,519,40.75,-100.25
188440,3815,261,520,40.75,-99.75
188441,3816,261,521,40.75,-99.25
188442,3817,261,522,40.75,-98.75
188443,3818,261,523,40.75,-98.25
188444,3819,261,524,40.75,-97.75
188445,3820,261,525,40.75,-97.25
188446,3821,261,526,40.75,-96.75
188447,3822,261,527,40.75,-96.25
188448,3823,261,528,40.75,-95.75
188449,3824,261,529,40.75,-95.25
188450,3825,261,530,40.75,-94.75
188451,3826,261,531,40.75,-94.25
188452,3827,261,532,40.75,-93.75
188453,3828,261,533,40.75,-93.25
188454,3829,261,534,40.75,-92.75
188455,3830,261,535,40.75,-92.25
188456,3831,261,536,40.75,-91.75
188457,3832,261,537,40.75,-91.25
188458,3833,261,538,40.75,-90.75
188459,3834,261,539,40.75,-90.25
188460,3835,261,540,40.75,-89.75
188461,3836,261,541,40.75,-89.25
188462,3837,261,542,40.75,-88.75
188463,3838,261,543,40.75,-88.25
188464,3839,261,544,40.75,-87.75
188465,3840,261,545,40.75,-87.25
188466,3841,261,546,40.75,-86.75
188467,3842,261,547,40.75,-86.25
188468,3843,261,548,40.75,-85.75
188469,3844,261,549,40.75,-85.25
188470,3845,261,550,40.75,-84.75
188471,3846,261,551,40.75,-84.25
188472,3847,261,552,40.75,-83.75
188473,3848,261,553,40.75,-83.25
188474,3849,261,554,40.75,-82.75
188475,3850,261,555,40.75,-82.25
188476,3851,261,556,40.75,-81.75
188477,3852,261,557,40.75,-81.25
188478,3853,261,558,40.75,-80.75
188479,3854,261,559,40.75,-80.25
188480,3855,261,560,40.75,-79.75
188481,3856,261,561,40.75,-79.25
188482,3857,261,562,40.75,-78.75
188483,3858,261,563,40.75,-78.25
188484,3859,261,564,40.75,-77.75
188485,3860,261,565,40.75,-77.25
188486,3861,261,566,40.75,-76.75
188487,3862,261,567,40.75,-76.25
188488,3863,261,568,40.75,-75.75
188489,3864,261,569,40.75,-75.25
188490,3865,261,570,40.75,-74.75
188854,3866,262,214,41.25,107.25
188855,3867,262,215,41.25,107.75
188856,3868,262,216,41.25,108.25
188857,3869,262,217,41.25,108.75
188861,3870,262,221,41.25,110.75
188863,3871,262,223,41.25,111.75
188864,3872,262,224,41.25,112.25
188866,3873,262,226,41.25,113.25
188867,3874,262,227,41.25,113.75
188868,3875,262,228,41.25,114.25
188869,3876,262,229,41.25,114.75
188870,3877,262,230,41.25,115.25
188871,3878,262,231,41.25,115.75
188872,3879,262,232,41.25,116.25
188873,3880,262,233,41.25,116.75
188874,3881,262,234,41.25,117.25
188875,3882,262,235,41.25,117.75
188876,3883,262,236,41.25,118.25
188877,3884,262,237,41.25,118.75
188878,3885,262,238,41.25,119.25
188879,3886,262,239,41.25,119.75
188880,3887,262,240,41.25,120.25
188881,3888,262,241,41.25,120.75
188882,3889,262,242,41.25,121.25
188884,3890,262,244,41.25,122.25
188885,3891,262,245,41.25,122.75
188886,3892,262,246,41.25,123.25
188887,3893,262,247,41.25,123.75
188888,3894,262,248,41.25,124.25
188889,3895,262,249,41.25,124.75
188890,3896,262,250,41.25,125.25
188891,3897,262,251,41.25,125.75
188892,3898,262,252,41.25,126.25
188894,3899,262,254,41.25,127.25
188896,3900,262,256,41.25,128.25
189153,3901,262,513,41.25,-103.25
189154,3902,262,514,41.25,-102.75
189156,3903,262,516,41.25,-101.75
189157,3904,262,517,41.25,-101.25
189158,3905,262,518,41.25,-100.75
189159,3906,262,519,41.25,-100.25
189160,3907,262,520,41.25,-99.75
189161,3908,262,521,41.25,-99.25
189162,3909,262,522,41.25,-98.75
189163,3910,262,523,41.25,-98.25
189164,3911,262,524,41.25,-97.75
189165,3912,262,525,41.25,-97.25
189166,3913,262,526,41.25,-96.75
189167,3914,262,527,41.25,-96.25
189168,3915,262,528,41.25,-95.75
189169,3916,262,529,41.25,-95.25
189170,3917,262,530,41.25,-94.75
189171,3918,262,531,41.25,-94.25
189172,3919,262,532,41.25,-93.75
189173,3920,262,533,41.25,-93.25
189174,3921,262,534,41.25,-92.75
189175,3922,262,535,41.25,-92.25
189176,3923,262,536,41.25,-91.75
189177,3924,262,537,41.25,-91.25
189178,3925,262,538,41.25,-90.75
189179,3926,262,539,41.25,-90.25
189180,3927,262,540,41.25,-89.75
189181,3928,262,541,41.25,-89.25
189182,3929,262,542,41.25,-88.75
189183,3930,262,543,41.25,-88.25
189184,3931,262,544,41.25,-87.75
189185,3932,262,545,41.25,-87.25
189186,3933,262,546,41.25,-86.75
189187,3934,262,547,41.25,-86.25
189188,3935,262,548,41.25,-85.75
189189,3936,262,549,41.25,-85.25
189190,3937,262,550,41.25,-84.75
189191,3938,262,551,41.25,-84.25
189192,3939,262,552,41.25,-83.75
189193,3940,262,553,41.25,-83.25
189194,3941,262,554,41.25,-82.75
189196,3942,262,556,41.25,-81.75
189197,3943,262,557,41.25,-81.25
189198,3944,262,558,41.25,-80.75
189199,3945,262,559,41.25,-80.25
189200,3946,262,560,41.25,-79.75
189201,3947,262,561,41.25,-79.25
189202,3948,262,562,41.25,-78.75
189203,3949,262,563,41.25,-78.25
189205,3950,262,565,41.25,-77.25
189206,3951,262,566,41.25,-76.75
189207,3952,262,567,41.25,-76.25
189208,3953,262,568,41.25,-75.75
189209,3954,262,569,41.25,-75.25
189210,3955,262,570,41.25,-74.75
189585,3956,263,225,41.75,112.75
189587,3957,263,227,41.75,113.75
189588,3958,263,228,41.75,114.25
189589,3959,263,229,41.75,114.75
189590,3960,263,230,41.75,115.25
189591,3961,263,231,41.75,115.75
189592,3962,263,232,41.75,116.25
189593,3963,263,233,41.75,116.75
189594,3964,263,234,41.75,117.25
189595,3965,263,235,41.75,117.75
189596,3966,263,236,41.75,118.25
189597,3967,263,237,41.75,118.75
189598,3968,263,238,41.75,119.25
189599,3969,263,239,41.75,119.75
189600,3970,263,240,41.75,120.25
189601,3971,263,241,41.75,120.75
189602,3972,263,242,41.75,121.25
189603,3973,263,243,41.75,121.75
189604,3974,263,244,41.75,122.25
189605,3975,263,245,41.75,122.75
189606,3976,263,246,41.75,123.25
189607,3977,263,247,41.75,123.75
189608,3978,263,248,41.75,124.25
189609,3979,263,249,41.75,124.75
189610,3980,263,250,41.75,125.25
189611,3981,263,251,41.75,125.75
189612,3982,263,252,41.75,126.25
189613,3983,263,253,41.75,126.75
189614,3984,263,254,41.75,127.25
189615,3985,263,255,41.75,127.75
189873,3986,263,513,41.75,-103.25
189879,3987,263,519,41.75,-100.25
189880,3988,263,520,41.75,-99.75
189881,3989,263,521,41.75,-99.25
189882,3990,263,522,41.75,-98.75
189883,3991,263,523,41.75,-98.25
189884,3992,263,524,41.75,-97.75
189885,3993,263,525,41.75,-97.25
189886,3994,263,526,41.75,-96.75
189887,3995,263,527,41.75,-96.25
189888,3996,263,528,41.75,-95.75
189889,3997,263,529,41.75,-95.25
189890,3998,263,530,41.75,-94.75
189891,3999,263,531,41.75,-94.25
189892,4000,263,532,41.75,-93.75
189893,4001,263,533,41.75,-93.25
189894,4002,263,534,41.75,-92.75
189895,4003,263,535,41.75,-92.25
189896,4004,263,536,41.75,-91.75
189897,4005,263,537,41.75,-91.25
189898,4006,263,538,41.75,-90.75
189899,4007,263,539,41.75,-90.25
189900,4008,263,540,41.75,-89.75
189901,4009,263,541,41.75,-89.25
189902,4010,263,542,41.75,-88.75
189903,4011,263,543,41.75,-88.25
189907,4012,263,547,41.75,-86.25
189908,4013,263,548,41.75,-85.75
189909,4014,263,549,41.75,-85.25
189910,4015,263,550,41.75,-84.75
189911,4016,263,551,41.75,-84.25
189912,4017,263,552,41.75,-83.75
189919,4018,263,559,41.75,-80.25
189920,4019,263,560,41.75,-79.75
189921,4020,263,561,41.75,-79.25
189924,4021,263,564,41.75,-77.75
189925,4022,263,565,41.75,-77.25
189926,4023,263,566,41.75,-76.75
189927,4024,263,567,41.75,-76.25
189928,4025,263,568,41.75,-75.75
190306,4026,264,226,42.25,113.25
190312,4027,264,232,42.25,116.25
190313,4028,264,233,42.25,116.75
190314,4029,264,234,42.25,117.25
190315,4030,264,235,42.25,117.75
190316,4031,264,236,42.25,118.25
190317,4032,264,237,42.25,118.75
190318,4033,264,238,42.25,119.25
190319,4034,264,239,42.25,119.75
190320,4035,264,240,42.25,120.25
190321,4036,264,241,42.25,120.75
190322,4037,264,242,42.25,121.25
190323,4038,264,243,42.25,121.75
190324,4039,264,244,42.25,122.25
190325,4040,264,245,42.25,122.75
190326,4041,264,246,42.25,123.25
190327,4042,264,247,42.25,123.75
190328,4043,264,248,42.25,124.25
190329,4044,264,249,42.25,124.75
190330,4045,264,250,42.25,125.25
190331,4046,264,251,42.25,125.75
190332,4047,264,252,42.25,126.25
190333,4048,264,253,42.25,126.75
190334,4049,264,254,42.25,127.25
190336,4050,264,256,42.25,128.25
190594,4051,264,514,42.25,-102.75
190599,4052,264,519,42.25,-100.25
190600,4053,264,520,42.25,-99.75
190601,4054,264,521,42.25,-99.25
190602,4055,264,522,42.25,-98.75
190603,4056,264,523,42.25,-98.25
190604,4057,264,524,42.25,-97.75
190605,4058,264,525,42.25,-97.25
190606,4059,264,526,42.25,-96.75
190607,4060,264,527,42.25,-96.25
190608,4061,264,528,42.25,-95.75
190609,4062,264,529,42.25,-95.25
190610,4063,264,530,42.25,-94.75
190611,4064,264,531,42.25,-94.25
190612,4065,264,532,42.25,-93.75
190613,4066,264,533,42.25,-93.25
190614,4067,264,534,42.25,-92.75
190615,4068,264,535,42.25,-92.25
190616,4069,264,536,42.25,-91.75
190617,4070,264,537,42.25,-91.25
190618,4071,264,538,42.25,-90.75
190619,4072,264,539,42.25,-90.25
190620,4073,264,540,42.25,-89.75
190621,4074,264,541,42.25,-89.25
190622,4075,264,542,42.25,-88.75
190623,4076,264,543,42.25,-88.25
190628,4077,264,548,42.25,-85.75
190629,4078,264,549,42.25,-85.25
190630,4079,264,550,42.25,-84.75
190631,4080,264,551,42.25,-84.25
190632,4081,264,552,42.25,-83.75
191030,4082,265,230,42.75,115.25
191031,4083,265,231,42.75,115.75
191032,4084,265,232,42.75,116.25
191034,4085,265,234,42.75,117.25
191035,4086,265,235,42.75,117.75
191036,4087,265,236,42.75,118.25
191037,4088,265,237,42.75,118.75
191038,4089,265,238,42.75,119.25
191039,4090,265,239,42.75,119.75
191040,4091,265,240,42.75,120.25
191041,4092,265,241,42.75,120.75
191042,4093,265,242,42.75,121.25
191043,4094,265,243,42.75,121.75
191044,4095,265,244,42.75,122.25
191045,4096,265,245,42.75,122.75
191046,4097,265,246,42.75,123.25
191047,4098,265,247,42.75,123.75
191048,4099,265,248,42.75,124.25
191049,4100,265,249,42.75,124.75
191050,4101,265,250,42.75,125.25
191051,4102,265,251,42.75,125.75
191052,4103,265,252,42.75,126.25
191053,4104,265,253,42.75,126.75
191054,4105,265,254,42.75,127.25
191055,4106,265,255,42.75,127.75
191056,4107,265,256,42.75,128.25
191057,4108,265,257,42.75,128.75
191058,4109,265,258,42.75,129.25
191059,4110,265,259,42.75,129.75
191319,4111,265,519,42.75,-100.25
191320,4112,265,520,42.75,-99.75
191321,4113,265,521,42.75,-99.25
191322,4114,265,522,42.75,-98.75
191323,4115,265,523,42.75,-98.25
191324,4116,265,524,42.75,-97.75
191325,4117,265,525,42.75,-97.25
191326,4118,265,526,42.75,-96.75
191327,4119,265,527,42.75,-96.25
191328,4120,265,528,42.75,-95.75
191329,4121,265,529,42.75,-95.25
191330,4122,265,530,42.75,-94.75
191331,4123,265,531,42.75,-94.25
191332,4124,265,532,42.75,-93.75
191333,4125,265,533,42.75,-93.25
191334,4126,265,534,42.75,-92.75
191335,4127,265,535,42.75,-92.25
191336,4128,265,536,42.75,-91.75
191337,4129,265,537,42.75,-91.25
191338,4130,265,538,42.75,-90.75
191339,4131,265,539,42.75,-90.25
191340,4132,265,540,42.75,-89.75
191341,4133,265,541,42.75,-89.25
191342,4134,265,542,42.75,-88.75
191343,4135,265,543,42.75,-88.25
191348,4136,265,548,42.75,-85.75
191349,4137,265,549,42.75,-85.25
191350,4138,265,550,42.75,-84.75
191351,4139,265,551,42.75,-84.25
191352,4140,265,552,42.75,-83.75
191353,4141,265,553,42.75,-83.25
191355,4142,265,555,42.75,-82.25
191356,4143,265,556,42.75,-81.75
191545,4144,266,25,43.25,12.75
191753,4145,266,233,43.25,116.75
191754,4146,266,234,43.25,117.25
191755,4147,266,235,43.25,117.75
191756,4148,266,236,43.25,118.25
191757,4149,266,237,43.25,118.75
191758,4150,266,238,43.25,119.25
191759,4151,266,239,43.25,119.75
191760,4152,266,240,43.25,120.25
191761,4153,266,241,43.25,120.75
191762,4154,266,242,43.25,121.25
191763,4155,266,243,43.25,121.75
191764,4156,266,244,43.25,122.25
191765,4157,266,245,43.25,122.75
191766,4158,266,246,43.25,123.25
191767,4159,266,247,43.25,123.75
191768,4160,266,248,43.25,124.25
191769,4161,266,249,43.25,124.75
191770,4162,266,250,43.25,125.25
191771,4163,266,251,43.25,125.75
191772,4164,266,252,43.25,126.25
191773,4165,266,253,43.25,126.75
191774,4166,266,254,43.25,127.25
191775,4167,266,255,43.25,127.75
191776,4168,266,256,43.25,128.25
191777,4169,266,257,43.25,128.75
191778,4170,266,258,43.25,129.25
191779,4171,266,259,43.25,129.75
191781,4172,266,261,43.25,130.75
192036,4173,266,516,43.25,-101.75
192037,4174,266,517,43.25,-101.25
192038,4175,266,518,43.25,-100.75
192039,4176,266,519,43.25,-100.25
192040,4177,266,520,43.25,-99.75
192041,4178,266,521,43.25,-99.25
192042,4179,266,522,43.25,-98.75
192043,4180,266,523,43.25,-98.25
192044,4181,266,524,43.25,-97.75
192045,4182,266,525,43.25,-97.25
192046,4183,266,526,43.25,-96.75
192047,4184,266,527,43.25,-96.25
192048,4185,266,528,43.25,-95.75
192049,4186,266,529,43.25,-95.25
192050,4187,266,530,43.25,-94.75
192051,4188,266,531,43.25,-94.25
192052,4189,266,532,43.25,-93.75
192053,4190,266,533,43.25,-93.25
192054,4191,266,534,43.25,-92.75
192055,4192,266,535,43.25,-92.25
192056,4193,266,536,43.25,-91.75
192057,4194,266,537,43.25,-91.25
192058,4195,266,538,43.25,-90.75
192059,4196,266,539,43.25,-90.25
192060,4197,266,540,43.25,-89.75
192061,4198,266,541,43.25,-89.25
192062,4199,266,542,43.25,-88.75
192063,4200,266,543,43.25,-88.25
192068,4201,266,548,43.25,-85.75
192069,4202,266,549,43.25,-85.25
192070,4203,266,550,43.25,-84.75
192071,4204,266,551,43.25,-84.25
192072,4205,266,552,43.25,-83.75
192073,4206,266,553,43.25,-83.25
192077,4207,266,557,43.25,-81.25
192078,4208,266,558,43.25,-80.75
192079,4209,266,559,43.25,-80.25
192263,4210,267,23,43.75,11.75
192264,4211,267,24,43.75,12.25
192473,4212,267,233,43.75,116.75
192474,4213,267,234,43.75,117.25
192475,4214,267,235,43.75,117.75
192476,4215,267,236,43.75,118.25
192477,4216,267,237,43.75,118.75
192478,4217,267,238,43.75,119.25
192479,4218,267,239,43.75,119.75
192480,4219,267,240,43.75,120.25
192481,4220,267,241,43.75,120.75
192482,4221,267,242,43.75,121.25
192483,4222,267,243,43.75,121.75
192484,4223,267,244,43.75,122.25
192485,4224,267,245,43.75,122.75
192486,4225,267,246,43.75,123.25
192487,4226,267,247,43.75,123.75
192488,4227,267,248,43.75,124.25
192489,4228,267,249,43.75,124.75
192490,4229,267,250,43.75,125.25
192491,4230,267,251,43.75,125.75
192492,4231,267,252,43.75,126.25
192493,4232,267,253,43.75,126.75
192494,4233,267,254,43.75,127.25
192495,4234,267,255,43.75,127.75
192496,4235,267,256,43.75,128.25
192497,4236,267,257,43.75,128.75
192498,4237,267,258,43.75,129.25
192499,4238,267,259,43.75,129.75
192500,4239,267,260,43.75,130.25
192501,4240,267,261,43.75,130.75
192502,4241,267,262,43.75,131.25
192757,4242,267,517,43.75,-101.25
192758,4243,267,518,43.75,-100.75
192759,4244,267,519,43.75,-100.25
192760,4245,267,520,43.75,-99.75
192761,4246,267,521,43.75,-99.25
192762,4247,267,522,43.75,-98.75
192763,4248,267,523,43.75,-98.25
192764,4249,267,524,43.75,-97.75
192765,4250,267,525,43.75,-97.25
192766,4251,267,526,43.75,-96.75
192767,4252,267,527,43.75,-96.25
192768,4253,267,528,43.75,-95.75
192769,4254,267,529,43.75,-95.25
192770,4255,267,530,43.75,-94.75
192771,4256,267,531,43.75,-94.25
192772,4257,267,532,43.75,-93.75
192773,4258,267,533,43.75,-93.25
192774,4259,267,534,43.75,-92.75
192775,4260,267,535,43.75,-92.25
192776,4261,267,536,43.75,-91.75
192777,4262,267,537,43.75,-91.25
192778,4263,267,538,43.75,-90.75
192779,4264,267,539,43.75,-90.25
192780,4265,267,540,43.75,-89.75
192781,4266,267,541,43.75,-89.25
192782,4267,267,542,43.75,-88.75
192783,4268,267,543,43.75,-88.25
192788,4269,267,548,43.75,-85.75
192789,4270,267,549,43.75,-85.25
192790,4271,267,550,43.75,-84.75
192791,4272,267,551,43.75,-84.25
192797,4273,267,557,43.75,-81.25
192798,4274,267,558,43.75,-80.75
192799,4275,267,559,43.75,-80.25
192973,4276,268,13,44.25,6.75
192974,4277,268,14,44.25,7.25
192975,4278,268,15,44.25,7.75
192981,4279,268,21,44.25,10.75
192982,4280,268,22,44.25,11.25
192983,4281,268,23,44.25,11.75
193195,4282,268,235,44.25,117.75
193196,4283,268,236,44.25,118.25
193197,4284,268,237,44.25,118.75
193198,4285,268,238,44.25,119.25
193199,4286,268,239,44.25,119.75
193200,4287,268,240,44.25,120.25
193201,4288,268,241,44.25,120.75
193202,4289,268,242,44.25,121.25
193203,4290,268,243,44.25,121.75
193204,4291,268,244,44.25,122.25
193205,4292,268,245,44.25,122.75
193206,4293,268,246,44.25,123.25
193207,4294,268,247,44.25,123.75
193208,4295,268,248,44.25,124.25
193209,4296,268,249,44.25,124.75
193210,4297,268,250,44.25,125.25
193211,4298,268,251,44.25,125.75
193212,4299,268,252,44.25,126.25
193213,4300,268,253,44.25,126.75
193214,4301,268,254,44.25,127.25
193215,4302,268,255,44.25,127.75
193216,4303,268,256,44.25,128.25
193217,4304,268,257,44.25,128.75
193218,4305,268,258,44.25,129.25
193219,4306,268,259,44.25,129.75
193220,4307,268,260,44.25,130.25
193221,4308,268,261,44.25,130.75
193222,4309,268,262,44.25,131.25
193473,4310,268,513,44.25,-103.25
193475,4311,268,515,44.25,-102.25
193479,4312,268,519,44.25,-100.25
193480,4313,268,520,44.25,-99.75
193481,4314,268,521,44.25,-99.25
193482,4315,268,522,44.25,-98.75
193483,4316,268,523,44.25,-98.25
193484,4317,268,524,44.25,-97.75
193485,4318,268,525,44.25,-97.25
193486,4319,268,526,44.25,-96.75
193487,4320,268,527,44.25,-96.25
193488,4321,268,528,44.25,-95.75
193489,4322,268,529,44.25,-95.25
193490,4323,268,530,44.25,-94.75
193491,4324,268,531,44.25,-94.25
193492,4325,268,532,44.25,-93.75
193493,4326,268,533,44.25,-93.25
193494,4327,268,534,44.25,-92.75
193495,4328,268,535,44.25,-92.25
193496,4329,268,536,44.25,-91.75
193497,4330,268,537,44.25,-91.25
193498,4331,268,538,44.25,-90.75
193499,4332,268,539,44.25,-90.25
193500,4333,268,540,44.25,-89.75
193501,4334,268,541,44.25,-89.25
193502,4335,268,542,44.25,-88.75
193503,4336,268,543,44.25,-88.25
193508,4337,268,548,44.25,-85.75
193509,4338,268,549,44.25,-85.25
193510,4339,268,550,44.25,-84.75
193511,4340,268,551,44.25,-84.25
193518,4341,268,558,44.25,-80.75
193519,4342,268,559,44.25,-80.25
193520,4343,268,560,44.25,-79.75
193521,4344,268,561,44.25,-79.25
193522,4345,268,562,44.25,-78.75
193523,4346,268,563,44.25,-78.25
193524,4347,268,564,44.25,-77.75
193525,4348,268,565,44.25,-77.25
193528,4349,268,568,44.25,-75.75
193693,4350,269,13,44.75,6.75
193694,4351,269,14,44.75,7.25
193695,4352,269,15,44.75,7.75
193696,4353,269,16,44.75,8.25
193697,4354,269,17,44.75,8.75
193698,4355,269,18,44.75,9.25
193699,4356,269,19,44.75,9.75
193700,4357,269,20,44.75,10.25
193701,4358,269,21,44.75,10.75
193702,4359,269,22,44.75,11.25
193703,4360,269,23,44.75,11.75
193917,4361,269,237,44.75,118.75
193918,4362,269,238,44.75,119.25
193919,4363,269,239,44.75,119.75
193920,4364,269,240,44.75,120.25
193921,4365,269,241,44.75,120.75
193922,4366,269,242,44.75,121.25
193923,4367,269,243,44.75,121.75
193924,4368,269,244,44.75,122.25
193925,4369,269,245,44.75,122.75
193926,4370,269,246,44.75,123.25
193927,4371,269,247,44.75,123.75
193928,4372,269,248,44.75,124.25
193929,4373,269,249,44.75,124.75
193930,4374,269,250,44.75,125.25
193931,4375,269,251,44.75,125.75
193932,4376,269,252,44.75,126.25
193933,4377,269,253,44.75,126.75
193934,4378,269,254,44.75,127.25
193935,4379,269,255,44.75,127.75
193936,4380,269,256,44.75,128.25
193937,4381,269,257,44.75,128.75
193938,4382,269,258,44.75,129.25
193939,4383,269,259,44.75,129.75
193940,4384,269,260,44.75,130.25
193941,4385,269,261,44.75,130.75
193942,4386,269,262,44.75,131.25
194198,4387,269,518,44.75,-100.75
194199,4388,269,519,44.75,-100.25
194200,4389,269,520,44.75,-99.75
194201,4390,269,521,44.75,-99.25
194202,4391,269,522,44.75,-98.75
194203,4392,269,523,44.75,-98.25
194204,4393,269,524,44.75,-97.75
194205,4394,269,525,44.75,-97.25
194206,4395,269,526,44.75,-96.75
194207,4396,269,527,44.75,-96.25
194208,4397,269,528,44.75,-95.75
194209,4398,269,529,44.75,-95.25
194210,4399,269,530,44.75,-94.75
194211,4400,269,531,44.75,-94.25
194212,4401,269,532,44.75,-93.75
194213,4402,269,533,44.75,-93.25
194214,4403,269,534,44.75,-92.75
194215,4404,269,535,44.75,-92.25
194216,4405,269,536,44.75,-91.75
194217,4406,269,537,44.75,-91.25
194218,4407,269,538,44.75,-90.75
194219,4408,269,539,44.75,-90.25
194220,4409,269,540,44.75,-89.75
194221,4410,269,541,44.75,-89.25
194222,4411,269,542,44.75,-88.75
194223,4412,269,543,44.75,-88.25
194231,4413,269,551,44.75,-84.25
194232,4414,269,552,44.75,-83.75
194241,4415,269,561,44.75,-79.25
194242,4416,269,562,44.75,-78.75
194244,4417,269,564,44.75,-77.75
194245,4418,269,565,44.75,-77.25
194246,4419,269,566,44.75,-76.75
194247,4420,269,567,44.75,-76.25
194413,4421,270,13,45.25,6.75
194414,4422,270,14,45.25,7.25
194415,4423,270,15,45.25,7.75
194416,4424,270,16,45.25,8.25
194417,4425,270,17,45.25,8.75
194418,4426,270,18,45.25,9.25
194419,4427,270,19,45.25,9.75
194420,4428,270,20,45.25,10.25
194421,4429,270,21,45.25,10.75
194422,4430,270,22,45.25,11.25
194423,4431,270,23,45.25,11.75
194638,4432,270,238,45.25,119.25
194639,4433,270,239,45.25,119.75
194640,4434,270,240,45.25,120.25
194641,4435,270,241,45.25,120.75
194642,4436,270,242,45.25,121.25
194643,4437,270,243,45.25,121.75
194644,4438,270,244,45.25,122.25
194645,4439,270,245,45.25,122.75
194646,4440,270,246,45.25,123.25
194647,4441,270,247,45.25,123.75
194648,4442,270,248,45.25,124.25
194649,4443,270,249,45.25,124.75
194650,4444,270,250,45.25,125.25
194651,4445,270,251,45.25,125.75
194652,4446,270,252,45.25,126.25
194653,4447,270,253,45.25,126.75
194654,4448,270,254,45.25,127.25
194655,4449,270,255,45.25,127.75
194656,4450,270,256,45.25,128.25
194657,4451,270,257,45.25,128.75
194658,4452,270,258,45.25,129.25
194659,4453,270,259,45.25,129.75
194660,4454,270,260,45.25,130.25
194661,4455,270,261,45.25,130.75
194662,4456,270,262,45.25,131.25
194663,4457,270,263,45.25,131.75
194666,4458,270,266,45.25,133.25
194917,4459,270,517,45.25,-101.25
194918,4460,270,518,45.25,-100.75
194919,4461,270,519,45.25,-100.25
194920,4462,270,520,45.25,-99.75
194921,4463,270,521,45.25,-99.25
194922,4464,270,522,45.25,-98.75
194923,4465,270,523,45.25,-98.25
194924,4466,270,524,45.25,-97.75
194925,4467,270,525,45.25,-97.25
194926,4468,270,526,45.25,-96.75
194927,4469,270,527,45.25,-96.25
194928,4470,270,528,45.25,-95.75
194929,4471,270,529,45.25,-95.25
194930,4472,270,530,45.25,-94.75
194931,4473,270,531,45.25,-94.25
194932,4474,270,532,45.25,-93.75
194933,4475,270,533,45.25,-93.25
194934,4476,270,534,45.25,-92.75
194935,4477,270,535,45.25,-92.25
194936,4478,270,536,45.25,-91.75
194937,4479,270,537,45.25,-91.25
194938,4480,270,538,45.25,-90.75
194939,4481,270,539,45.25,-90.25
194940,4482,270,540,45.25,-89.75
194941,4483,270,541,45.25,-89.25
194942,4484,270,542,45.25,-88.75
194943,4485,270,543,45.25,-88.25
194951,4486,270,551,45.25,-84.25
194964,4487,270,564,45.25,-77.75
194965,4488,270,565,45.25,-77.25
194966,4489,270,566,45.25,-76.75
194967,4490,270,567,45.25,-76.25
194968,4491,270,568,45.25,-75.75
194969,4492,270,569,45.25,-75.25
194973,4493,270,573,45.25,-73.25
194974,4494,270,574,45.25,-72.75
194975,4495,270,575,45.25,-72.25
194976,4496,270,576,45.25,-71.75
195135,4497,271,15,45.75,7.75
195136,4498,271,16,45.75,8.25
195137,4499,271,17,45.75,8.75
195138,4500,271,18,45.75,9.25
195139,4501,271,19,45.75,9.75
195140,4502,271,20,45.75,10.25
195141,4503,271,21,45.75,10.75
195142,4504,271,22,45.75,11.25
195143,4505,271,23,45.75,11.75
195359,4506,271,239,45.75,119.75
195360,4507,271,240,45.75,120.25
195361,4508,271,241,45.75,120.75
195362,4509,271,242,45.75,121.25
195363,4510,271,243,45.75,121.75
195364,4511,271,244,45.75,122.25
195365,4512,271,245,45.75,122.75
195366,4513,271,246,45.75,123.25
195367,4514,271,247,45.75,123.75
195368,4515,271,248,45.75,124.25
195369,4516,271,249,45.75,124.75
195370,4517,271,250,45.75,125.25
195371,4518,271,251,45.75,125.75
195372,4519,271,252,45.75,126.25
195373,4520,271,253,45.75,126.75
195374,4521,271,254,45.75,127.25
195375,4522,271,255,45.75,127.75
195376,4523,271,256,45.75,128.25
195377,4524,271,257,45.75,128.75
195378,4525,271,258,45.75,129.25
195379,4526,271,259,45.75,129.75
195380,4527,271,260,45.75,130.25
195381,4528,271,261,45.75,130.75
195382,4529,271,262,45.75,131.25
195383,4530,271,263,45.75,131.75
195384,4531,271,264,45.75,132.25
195385,4532,271,265,45.75,132.75
195387,4533,271,267,45.75,133.75
195635,4534,271,515,45.75,-102.25
195636,4535,271,516,45.75,-101.75
195637,4536,271,517,45.75,-101.25
195638,4537,271,518,45.75,-100.75
195639,4538,271,519,45.75,-100.25
195640,4539,271,520,45.75,-99.75
195641,4540,271,521,45.75,-99.25
195642,4541,271,522,45.75,-98.75
195643,4542,271,523,45.75,-98.25
195644,4543,271,524,45.75,-97.75
195645,4544,271,525,45.75,-97.25
195646,4545,271,526,45.75,-96.75
195647,4546,271,527,45.75,-96.25
195648,4547,271,528,45.75,-95.75
195649,4548,271,529,45.75,-95.25
195650,4549,271,530,45.75,-94.75
195651,4550,271,531,45.75,-94.25
195652,4551,271,532,45.75,-93.75
195653,4552,271,533,45.75,-93.25
195654,4553,271,534,45.75,-92.75
195655,4554,271,535,45.75,-92.25
195656,4555,271,536,45.75,-91.75
195657,4556,271,537,45.75,-91.25
195658,4557,271,538,45.75,-90.75
195659,4558,271,539,45.75,-90.25
195663,4559,271,543,45.75,-88.25
195664,4560,271,544,45.75,-87.75
195685,4561,271,565,45.75,-77.25
195686,4562,271,566,45.75,-76.75
195687,4563,271,567,45.75,-76.25
195688,4564,271,568,45.75,-75.75
195689,4565,271,569,45.75,-75.25
195690,4566,271,570,45.75,-74.75
195691,4567,271,571,45.75,-74.25
195694,4568,271,574,45.75,-72.75
195695,4569,271,575,45.75,-72.25
195696,4570,271,576,45.75,-71.75
195697,4571,271,577,45.75,-71.25
195698,4572,271,578,45.75,-70.75
195863,4573,272,23,46.25,11.75
195864,4574,272,24,46.25,12.25
195865,4575,272,25,46.25,12.75
196079,4576,272,239,46.25,119.75
196080,4577,272,240,46.25,120.25
196081,4578,272,241,46.25,120.75
196082,4579,272,242,46.25,121.25
196083,4580,272,243,46.25,121.75
196084,4581,272,244,46.25,122.25
196085,4582,272,245,46.25,122.75
196086,4583,272,246,46.25,123.25
196087,4584,272,247,46.25,123.75
196088,4585,272,248,46.25,124.25
196089,4586,272,249,46.25,124.75
196090,4587,272,250,46.25,125.25
196091,4588,272,251,46.25,125.75
196092,4589,272,252,46.25,126.25
196093,4590,272,253,46.25,126.75
196094,4591,272,254,46.25,127.25
196095,4592,272,255,46.25,127.75
196096,4593,272,256,46.25,128.25
196097,4594,272,257,46.25,128.75
196098,4595,272,258,46.25,129.25
196099,4596,272,259,46.25,129.75
196100,4597,272,260,46.25,130.25
196101,4598,272,261,46.25,130.75
196102,4599,272,262,46.25,131.25
196103,4600,272,263,46.25,131.75
196104,4601,272,264,46.25,132.25
196105,4602,272,265,46.25,132.75
196106,4603,272,266,46.25,133.25
196107,4604,272,267,46.25,133.75
196356,4605,272,516,46.25,-101.75
196357,4606,272,517,46.25,-101.25
196358,4607,272,518,46.25,-100.75
196359,4608,272,519,46.25,-100.25
196360,4609,272,520,46.25,-99.75
196361,4610,272,521,46.25,-99.25
196362,4611,272,522,46.25,-98.75
196363,4612,272,523,46.25,-98.25
196364,4613,272,524,46.25,-97.75
196365,4614,272,525,46.25,-97.25
196366,4615,272,526,46.25,-96.75
196367,4616,272,527,46.25,-96.25
196368,4617,272,528,46.25,-95.75
196369,4618,272,529,46.25,-95.25
196370,4619,272,530,46.25,-94.75
196371,4620,272,531,46.25,-94.25
196372,4621,272,532,46.25,-93.75
196373,4622,272,533,46.25,-93.25
196374,4623,272,534,46.25,-92.75
196375,4624,272,535,46.25,-92.25
196376,4625,272,536,46.25,-91.75
196377,4626,272,537,46.25,-91.25
196399,4627,272,559,46.25,-80.25
196400,4628,272,560,46.25,-79.75
196401,4629,272,561,46.25,-79.25
196412,4630,272,572,46.25,-73.75
196416,4631,272,576,46.25,-71.75
196417,4632,272,577,46.25,-71.25
196418,4633,272,578,46.25,-70.75
196799,4634,273,239,46.75,119.75
196800,4635,273,240,46.75,120.25
196801,4636,273,241,46.75,120.75
196802,4637,273,242,46.75,121.25
196803,4638,273,243,46.75,121.75
196804,4639,273,244,46.75,122.25
196805,4640,273,245,46.75,122.75
196806,4641,273,246,46.75,123.25
196807,4642,273,247,46.75,123.75
196808,4643,273,248,46.75,124.25
196809,4644,273,249,46.75,124.75
196810,4645,273,250,46.75,125.25
196811,4646,273,251,46.75,125.75
196812,4647,273,252,46.75,126.25
196813,4648,273,253,46.75,126.75
196814,4649,273,254,46.75,127.25
196815,4650,273,255,46.75,127.75
196816,4651,273,256,46.75,128.25
196817,4652,273,257,46.75,128.75
196818,4653,273,258,46.75,129.25
196819,4654,273,259,46.75,129.75
196820,4655,273,260,46.75,130.25
196821,4656,273,261,46.75,130.75
196822,4657,273,262,46.75,131.25
196823,4658,273,263,46.75,131.75
196824,4659,273,264,46.75,132.25
196825,4660,273,265,46.75,132.75
196826,4661,273,266,46.75,133.25
196827,4662,273,267,46.75,133.75
197075,4663,273,515,46.75,-102.25
197076,4664,273,516,46.75,-101.75
197077,4665,273,517,46.75,-101.25
197078,4666,273,518,46.75,-100.75
197079,4667,273,519,46.75,-100.25
197080,4668,273,520,46.75,-99.75
197081,4669,273,521,46.75,-99.25
197082,4670,273,522,46.75,-98.75
197083,4671,273,523,46.75,-98.25
197084,4672,273,524,46.75,-97.75
197085,4673,273,525,46.75,-97.25
197086,4674,273,526,46.75,-96.75
197087,4675,273,527,46.75,-96.25
197088,4676,273,528,46.75,-95.75
197089,4677,273,529,46.75,-95.25
197090,4678,273,530,46.75,-94.75
197091,4679,273,531,46.75,-94.25
197092,4680,273,532,46.75,-93.75
197134,4681,273,574,46.75,-72.75
197135,4682,273,575,46.75,-72.25
197139,4683,273,579,46.75,-70.25
197140,4684,273,580,46.75,-69.75
197519,4685,274,239,47.25,119.75
197520,4686,274,240,47.25,120.25
197521,4687,274,241,47.25,120.75
197522,4688,274,242,47.25,121.25
197523,4689,274,243,47.25,121.75
197524,4690,274,244,47.25,122.25
197525,4691,274,245,47.25,122.75
197526,4692,274,246,47.25,123.25
197527,4693,274,247,47.25,123.75
197528,4694,274,248,47.25,124.25
197529,4695,274,249,47.25,124.75
197530,4696,274,250,47.25,125.25
197531,4697,274,251,47.25,125.75
197532,4698,274,252,47.25,126.25
197533,4699,274,253,47.25,126.75
197534,4700,274,254,47.25,127.25
197535,4701,274,255,47.25,127.75
197536,4702,274,256,47.25,128.25
197537,4703,274,257,47.25,128.75
197538,4704,274,258,47.25,129.25
197539,4705,274,259,47.25,129.75
197540,4706,274,260,47.25,130.25
197541,4707,274,261,47.25,130.75
197542,4708,274,262,47.25,131.25
197543,4709,274,263,47.25,131.75
197544,4710,274,264,47.25,132.25
197545,4711,274,265,47.25,132.75
197546,4712,274,266,47.25,133.25
197547,4713,274,267,47.25,133.75
197548,4714,274,268,47.25,134.25
197794,4715,274,514,47.25,-102.75
197795,4716,274,515,47.25,-102.25
197796,4717,274,516,47.25,-101.75
197797,4718,274,517,47.25,-101.25
197798,4719,274,518,47.25,-100.75
197799,4720,274,519,47.25,-100.25
197800,4721,274,520,47.25,-99.75
197801,4722,274,521,47.25,-99.25
197802,4723,274,522,47.25,-98.75
197803,4724,274,523,47.25,-98.25
197804,4725,274,524,47.25,-97.75
197805,4726,274,525,47.25,-97.25
197806,4727,274,526,47.25,-96.75
197807,4728,274,527,47.25,-96.25
197808,4729,274,528,47.25,-95.75
197809,4730,274,529,47.25,-95.25
197810,4731,274,530,47.25,-94.75
197811,4732,274,531,47.25,-94.25
197812,4733,274,532,47.25,-93.75
197813,4734,274,533,47.25,-93.25
197840,4735,274,560,47.25,-79.75
197841,4736,274,561,47.25,-79.25
197853,4737,274,573,47.25,-73.25
197860,4738,274,580,47.25,-69.75
198240,4739,275,240,47.75,120.25
198241,4740,275,241,47.75,120.75
198242,4741,275,242,47.75,121.25
198243,4742,275,243,47.75,121.75
198244,4743,275,244,47.75,122.25
198245,4744,275,245,47.75,122.75
198246,4745,275,246,47.75,123.25
198247,4746,275,247,47.75,123.75
198248,4747,275,248,47.75,124.25
198249,4748,275,249,47.75,124.75
198250,4749,275,250,47.75,125.25
198251,4750,275,251,47.75,125.75
198252,4751,275,252,47.75,126.25
198253,4752,275,253,47.75,126.75
198254,4753,275,254,47.75,127.25
198255,4754,275,255,47.75,127.75
198256,4755,275,256,47.75,128.25
198257,4756,275,257,47.75,128.75
198258,4757,275,258,47.75,129.25
198259,4758,275,259,47.75,129.75
198260,4759,275,260,47.75,130.25
198261,4760,275,261,47.75,130.75
198262,4761,275,262,47.75,131.25
198263,4762,275,263,47.75,131.75
198264,4763,275,264,47.75,132.25
198266,4764,275,266,47.75,133.25
198267,4765,275,267,47.75,133.75
198268,4766,275,268,47.75,134.25
198269,4767,275,269,47.75,134.75
198514,4768,275,514,47.75,-102.75
198515,4769,275,515,47.75,-102.25
198516,4770,275,516,47.75,-101.75
198517,4771,275,517,47.75,-101.25
198518,4772,275,518,47.75,-100.75
198519,4773,275,519,47.75,-100.25
198520,4774,275,520,47.75,-99.75
198521,4775,275,521,47.75,-99.25
198522,4776,275,522,47.75,-98.75
198523,4777,275,523,47.75,-98.25
198524,4778,275,524,47.75,-97.75
198525,4779,275,525,47.75,-97.25
198526,4780,275,526,47.75,-96.75
198527,4781,275,527,47.75,-96.25
198528,4782,275,528,47.75,-95.75
198529,4783,275,529,47.75,-95.25
198530,4784,275,530,47.75,-94.75
198531,4785,275,531,47.75,-94.25
198532,4786,275,532,47.75,-93.75
198533,4787,275,533,47.75,-93.25
198559,4788,275,559,47.75,-80.25
198560,4789,275,560,47.75,-79.75
198961,4790,276,241,48.25,120.75
198962,4791,276,242,48.25,121.25
198963,4792,276,243,48.25,121.75
198964,4793,276,244,48.25,122.25
198965,4794,276,245,48.25,122.75
198966,4795,276,246,48.25,123.25
198967,4796,276,247,48.25,123.75
198968,4797,276,248,48.25,124.25
198969,4798,276,249,48.25,124.75
198970,4799,276,250,48.25,125.25
198971,4800,276,251,48.25,125.75
198972,4801,276,252,48.25,126.25
198973,4802,276,253,48.25,126.75
198974,4803,276,254,48.25,127.25
198975,4804,276,255,48.25,127.75
198976,4805,276,256,48.25,128.25
198977,4806,276,257,48.25,128.75
198978,4807,276,258,48.25,129.25
198979,4808,276,259,48.25,129.75
198980,4809,276,260,48.25,130.25
198988,4810,276,268,48.25,134.25
199233,4811,276,513,48.25,-103.25
199234,4812,276,514,48.25,-102.75
199235,4813,276,515,48.25,-102.25
199236,4814,276,516,48.25,-101.75
199237,4815,276,517,48.25,-101.25
199238,4816,276,518,48.25,-100.75
199239,4817,276,519,48.25,-100.25
199240,4818,276,520,48.25,-99.75
199241,4819,276,521,48.25,-99.25
199242,4820,276,522,48.25,-98.75
199243,4821,276,523,48.25,-98.25
199244,4822,276,524,48.25,-97.75
199245,4823,276,525,48.25,-97.25
199246,4824,276,526,48.25,-96.75
199247,4825,276,527,48.25,-96.25
199248,4826,276,528,48.25,-95.75
199249,4827,276,529,48.25,-95.25
199250,4828,276,530,48.25,-94.75
199295,4829,276,575,48.25,-72.25
199296,4830,276,576,48.25,-71.75
199681,4831,277,241,48.75,120.75
199682,4832,277,242,48.75,121.25
199683,4833,277,243,48.75,121.75
199684,4834,277,244,48.75,122.25
199685,4835,277,245,48.75,122.75
199686,4836,277,246,48.75,123.25
199687,4837,277,247,48.75,123.75
199688,4838,277,248,48.75,124.25
199689,4839,277,249,48.75,124.75
199690,4840,277,250,48.75,125.25
199691,4841,277,251,48.75,125.75
199692,4842,277,252,48.75,126.25
199693,4843,277,253,48.75,126.75
199694,4844,277,254,48.75,127.25
199695,4845,277,255,48.75,127.75
199696,4846,277,256,48.75,128.25
199697,4847,277,257,48.75,128.75
199698,4848,277,258,48.75,129.25
199699,4849,277,259,48.75,129.75
199700,4850,277,260,48.75,130.25
199955,4851,277,515,48.75,-102.25
199956,4852,277,516,48.75,-101.75
199957,4853,277,517,48.75,-101.25
199958,4854,277,518,48.75,-100.75
199959,4855,277,519,48.75,-100.25
199960,4856,277,520,48.75,-99.75
199961,4857,277,521,48.75,-99.25
199962,4858,277,522,48.75,-98.75
199963,4859,277,523,48.75,-98.25
199964,4860,277,524,48.75,-97.75
199965,4861,277,525,48.75,-97.25
199966,4862,277,526,48.75,-96.75
199967,4863,277,527,48.75,-96.25
199968,4864,277,528,48.75,-95.75
199969,4865,277,529,48.75,-95.25
200014,4866,277,574,48.75,-72.75
200015,4867,277,575,48.75,-72.25
200016,4868,277,576,48.75,-71.75
200017,4869,277,577,48.75,-71.25
200400,4870,278,240,49.25,120.25
200401,4871,278,241,49.25,120.75
200402,4872,278,242,49.25,121.25
200403,4873,278,243,49.25,121.75
200404,4874,278,244,49.25,122.25
200405,4875,278,245,49.25,122.75
200406,4876,278,246,49.25,123.25
200407,4877,278,247,49.25,123.75
200408,4878,278,248,49.25,124.25
200409,4879,278,249,49.25,124.75
200410,4880,278,250,49.25,125.25
200411,4881,278,251,49.25,125.75
200412,4882,278,252,49.25,126.25
200413,4883,278,253,49.25,126.75
200414,4884,278,254,49.25,127.25
200415,4885,278,255,49.25,127.75
200416,4886,278,256,49.25,128.25
200417,4887,278,257,49.25,128.75
200419,4888,278,259,49.25,129.75
201121,4889,279,241,49.75,120.75
201122,4890,279,242,49.75,121.25
201123,4891,279,243,49.75,121.75
201124,4892,279,244,49.75,122.25
201125,4893,279,245,49.75,122.75
201126,4894,279,246,49.75,123.25
201127,4895,279,247,49.75,123.75
201128,4896,279,248,49.75,124.25
201129,4897,279,249,49.75,124.75
201130,4898,279,250,49.75,125.25
201131,4899,279,251,49.75,125.75
201132,4900,279,252,49.75,126.25
201133,4901,279,253,49.75,126.75
201134,4902,279,254,49.75,127.25
201135,4903,279,255,49.75,127.75
201841,4904,280,241,50.25,120.75
201842,4905,280,242,50.25,121.25
201845,4906,280,245,50.25,122.75
201846,4907,280,246,50.25,123.25
201847,4908,280,247,50.25,123.75
201848,4909,280,248,50.25,124.25
201849,4910,280,249,50.25,124.75
201850,4911,280,250,50.25,125.25
201851,4912,280,251,50.25,125.75
201852,4913,280,252,50.25,126.25
201853,4914,280,253,50.25,126.75
201854,4915,280,254,50.25,127.25
202561,4916,281,241,50.75,120.75
202566,4917,281,246,50.75,123.25
202567,4918,281,247,50.75,123.75
202568,4919,281,248,50.75,124.25
202569,4920,281,249,50.75,124.75
202570,4921,281,250,50.75,125.25
202571,4922,281,251,50.75,125.75
202572,4923,281,252,50.75,126.25
202573,4924,281,253,50.75,126.75
202574,4925,281,254,50.75,127.25
203288,4926,282,248,51.25,124.25
203289,4927,282,249,51.25,124.75
203290,4928,282,250,51.25,125.25
203291,4929,282,251,51.25,125.75
203292,4930,282,252,51.25,126.25
203293,4931,282,253,51.25,126.75
204007,4932,283,247,51.75,123.75
204008,4933,283,248,51.75,124.25
204009,4934,283,249,51.75,124.75
204010,4935,283,250,51.75,125.25
204011,4936,283,251,51.75,125.75
204012,4937,283,252,51.75,126.25
204013,4938,283,253,51.75,126.75
204729,4939,284,249,52.25,124.75
204730,4940,284,250,52.25,125.25
204731,4941,284,251,52.25,125.75
204732,4942,284,252,52.25,126.25
205444,4943,285,244,52.75,122.25
205445,4944,285,245,52.75,122.75
205447,4945,285,247,52.75,123.75
205448,4946,285,248,52.75,124.25
205449,4947,285,249,52.75,124.75
205450,4948,285,250,52.75,125.25
205451,4949,285,251,52.75,125.75
206164,4950,286,244,53.25,122.25
206165,4951,286,245,53.25,122.75
206166,4952,286,246,53.25,123.25
206167,4953,286,247,53.25,123.75
206168,4954,286,248,53.25,124.25
