pixel_id,h5_index,lat_idx,lon_idx,latitude,longitude
71854,0,99,574,-40.25,-72.75
74033,1,102,593,-38.75,-63.25
74758,2,103,598,-38.25,-60.75
74759,3,103,599,-38.25,-60.25
74761,4,103,601,-38.25,-59.25
75473,5,104,593,-37.75,-63.25
75474,6,104,594,-37.75,-62.75
76193,7,105,593,-37.25,-63.25
76197,8,105,597,-37.25,-61.25
76200,9,105,600,-37.25,-59.75
76202,10,105,602,-37.25,-58.75
76204,11,105,604,-37.25,-57.75
76895,12,106,575,-36.75,-72.25
76915,13,106,595,-36.75,-62.25
76916,14,106,596,-36.75,-61.75
76919,15,106,599,-36.75,-60.25
76920,16,106,600,-36.75,-59.75
76921,17,106,601,-36.75,-59.25
76923,18,106,603,-36.75,-58.25
76924,19,106,604,-36.75,-57.75
77630,20,107,590,-36.25,-64.75
77634,21,107,594,-36.25,-62.75
77638,22,107,598,-36.25,-60.75
77639,23,107,599,-36.25,-60.25
77641,24,107,601,-36.25,-59.25
77644,25,107,604,-36.25,-57.75
78053,26,108,293,-35.75,146.75
78054,27,108,294,-35.75,147.25
78055,28,108,295,-35.75,147.75
78336,29,108,576,-35.75,-71.75
78350,30,108,590,-35.75,-64.75
78357,31,108,597,-35.75,-61.25
78362,32,108,602,-35.75,-58.75
78363,33,108,603,-35.75,-58.25
78364,34,108,604,-35.75,-57.75
78766,35,109,286,-35.25,143.25
78767,36,109,287,-35.25,143.75
78768,37,109,288,-35.25,144.25
78769,38,109,289,-35.25,144.75
78772,39,109,292,-35.25,146.25
78773,40,109,293,-35.25,146.75
78774,41,109,294,-35.25,147.25
78775,42,109,295,-35.25,147.75
78776,43,109,296,-35.25,148.25
79056,44,109,576,-35.25,-71.75
79057,45,109,577,-35.25,-71.25
79069,46,109,589,-35.25,-65.25
79070,47,109,590,-35.25,-64.75
79072,48,109,592,-35.25,-63.75
79073,49,109,593,-35.25,-63.25
79075,50,109,595,-35.25,-62.25
79078,51,109,598,-35.25,-60.75
79485,52,110,285,-34.75,142.75
79486,53,110,286,-34.75,143.25
79487,54,110,287,-34.75,143.75
79488,55,110,288,-34.75,144.25
79489,56,110,289,-34.75,144.75
79490,57,110,290,-34.75,145.25
79491,58,110,291,-34.75,145.75
79492,59,110,292,-34.75,146.25
79493,60,110,293,-34.75,146.75
79494,61,110,294,-34.75,147.25
79495,62,110,295,-34.75,147.75
79496,63,110,296,-34.75,148.25
79776,64,110,576,-34.75,-71.75
79777,65,110,577,-34.75,-71.25
79794,66,110,594,-34.75,-62.75
79801,67,110,601,-34.75,-59.25
79959,68,111,39,-34.25,19.75
79960,69,111,40,-34.25,20.25
80202,70,111,282,-34.25,141.25
80204,71,111,284,-34.25,142.25
80205,72,111,285,-34.25,142.75
80206,73,111,286,-34.25,143.25
80207,74,111,287,-34.25,143.75
80209,75,111,289,-34.25,144.75
80210,76,111,290,-34.25,145.25
80211,77,111,291,-34.25,145.75
80212,78,111,292,-34.25,146.25
80213,79,111,293,-34.25,146.75
80214,80,111,294,-34.25,147.25
80215,81,111,295,-34.25,147.75
80216,82,111,296,-34.25,148.25
80677,83,112,37,-33.75,18.75
80678,84,112,38,-33.75,19.25
80679,85,112,39,-33.75,19.75
80684,86,112,44,-33.75,22.25
80923,87,112,283,-33.75,141.75
80924,88,112,284,-33.75,142.25
80925,89,112,285,-33.75,142.75
80929,90,112,289,-33.75,144.75
80930,91,112,290,-33.75,145.25
80931,92,112,291,-33.75,145.75
80932,93,112,292,-33.75,146.25
80933,94,112,293,-33.75,146.75
80934,95,112,294,-33.75,147.25
80935,96,112,295,-33.75,147.75
80936,97,112,296,-33.75,148.25
80937,98,112,297,-33.75,148.75
80938,99,112,298,-33.75,149.25
80939,100,112,299,-33.75,149.75
80941,101,112,301,-33.75,150.75
81231,102,112,591,-33.75,-64.25
81232,103,112,592,-33.75,-63.75
81235,104,112,595,-33.75,-62.25
81236,105,112,596,-33.75,-61.75
81238,106,112,598,-33.75,-60.75
81241,107,112,601,-33.75,-59.25
81250,108,112,610,-33.75,-54.75
81397,109,113,37,-33.25,18.75
81398,110,113,38,-33.25,19.25
81412,111,113,52,-33.25,26.25
81644,112,113,284,-33.25,142.25
81650,113,113,290,-33.25,145.25
81651,114,113,291,-33.25,145.75
81652,115,113,292,-33.25,146.25
81653,116,113,293,-33.25,146.75
81654,117,113,294,-33.25,147.25
81655,118,113,295,-33.25,147.75
81656,119,113,296,-33.25,148.25
81657,120,113,297,-33.25,148.75
81938,121,113,578,-33.25,-70.75
81949,122,113,589,-33.25,-65.25
81950,123,113,590,-33.25,-64.75
81952,124,113,592,-33.25,-63.75
81955,125,113,595,-33.25,-62.25
81958,126,113,598,-33.25,-60.75
81973,127,113,613,-33.25,-53.25
82135,128,114,55,-32.75,27.75
82370,129,114,290,-32.75,145.25
82375,130,114,295,-32.75,147.75
82376,131,114,296,-32.75,148.25
82377,132,114,297,-32.75,148.75
82671,133,114,591,-32.75,-64.25
82674,134,114,594,-32.75,-62.75
82684,135,114,604,-32.75,-57.75
82692,136,114,612,-32.75,-53.75
82694,137,114,614,-32.75,-52.75
83100,138,115,300,-32.25,150.25
83101,139,115,301,-32.25,150.75
83102,140,115,302,-32.25,151.25
83390,141,115,590,-32.25,-64.75
83393,142,115,593,-32.25,-63.25
83395,143,115,595,-32.25,-62.25
83397,144,115,597,-32.25,-61.25
83400,145,115,600,-32.25,-59.75
83401,146,115,601,-32.25,-59.25
83412,147,115,612,-32.25,-53.75
83413,148,115,613,-32.25,-53.25
83414,149,115,614,-32.25,-52.75
83570,150,116,50,-31.75,25.25
83573,151,116,53,-31.75,26.75
83811,152,116,291,-31.75,145.75
83812,153,116,292,-31.75,146.25
83819,154,116,299,-31.75,149.75
83820,155,116,300,-31.75,150.25
83821,156,116,301,-31.75,150.75
83822,157,116,302,-31.75,151.25
84108,158,116,588,-31.75,-65.75
84111,159,116,591,-31.75,-64.25
84117,160,116,597,-31.75,-61.25
84119,161,116,599,-31.75,-60.25
84130,162,116,610,-31.75,-54.75
84132,163,116,612,-31.75,-53.75
84133,164,116,613,-31.75,-53.25
84134,165,116,614,-31.75,-52.75
84135,166,116,615,-31.75,-52.25
84530,167,117,290,-31.25,145.25
84531,168,117,291,-31.25,145.75
84539,169,117,299,-31.25,149.75
84540,170,117,300,-31.25,150.25
84541,171,117,301,-31.25,150.75
84542,172,117,302,-31.25,151.25
84543,173,117,303,-31.25,151.75
84849,174,117,609,-31.25,-55.25
84850,175,117,610,-31.25,-54.75
84851,176,117,611,-31.25,-54.25
84852,177,117,612,-31.25,-53.75
84853,178,117,613,-31.25,-53.25
84854,179,117,614,-31.25,-52.75
84855,180,117,615,-31.25,-52.25
84856,181,117,616,-31.25,-51.75
85019,182,118,59,-30.75,29.75
85258,183,118,298,-30.75,149.25
85259,184,118,299,-30.75,149.75
85260,185,118,300,-30.75,150.25
85261,186,118,301,-30.75,150.75
85262,187,118,302,-30.75,151.25
85263,188,118,303,-30.75,151.75
85550,189,118,590,-30.75,-64.75
85563,190,118,603,-30.75,-58.25
85569,191,118,609,-30.75,-55.25
85570,192,118,610,-30.75,-54.75
85571,193,118,611,-30.75,-54.25
85572,194,118,612,-30.75,-53.75
85573,195,118,613,-30.75,-53.25
85574,196,118,614,-30.75,-52.75
85575,197,118,615,-30.75,-52.25
85576,198,118,616,-30.75,-51.75
85577,199,118,617,-30.75,-51.25
85738,200,119,58,-30.25,29.25
85978,201,119,298,-30.25,149.25
85979,202,119,299,-30.25,149.75
85980,203,119,300,-30.25,150.25
85981,204,119,301,-30.25,150.75
85982,205,119,302,-30.25,151.25
85983,206,119,303,-30.25,151.75
86276,207,119,596,-30.25,-61.75
86277,208,119,597,-30.25,-61.25
86286,209,119,606,-30.25,-56.75
86287,210,119,607,-30.25,-56.25
86288,211,119,608,-30.25,-55.75
86289,212,119,609,-30.25,-55.25
86290,213,119,610,-30.25,-54.75
86291,214,119,611,-30.25,-54.25
86292,215,119,612,-30.25,-53.75
86293,216,119,613,-30.25,-53.25
86294,217,119,614,-30.25,-52.75
86295,218,119,615,-30.25,-52.25
86296,219,119,616,-30.25,-51.75
86297,220,119,617,-30.25,-51.25
86298,221,119,618,-30.25,-50.75
86445,222,120,45,-29.75,22.75
86448,223,120,48,-29.75,24.25
86459,224,120,59,-29.75,29.75
86460,225,120,60,-29.75,30.25
86461,226,120,61,-29.75,30.75
86690,227,120,290,-29.75,145.25
86697,228,120,297,-29.75,148.75
86698,229,120,298,-29.75,149.25
86699,230,120,299,-29.75,149.75
86700,231,120,300,-29.75,150.25
86701,232,120,301,-29.75,150.75
86702,233,120,302,-29.75,151.25
86703,234,120,303,-29.75,151.75
86997,235,120,597,-29.75,-61.25
87007,236,120,607,-29.75,-56.25
87008,237,120,608,-29.75,-55.75
87009,238,120,609,-29.75,-55.25
87010,239,120,610,-29.75,-54.75
87011,240,120,611,-29.75,-54.25
87012,241,120,612,-29.75,-53.75
87013,242,120,613,-29.75,-53.25
87014,243,120,614,-29.75,-52.75
87015,244,120,615,-29.75,-52.25
87016,245,120,616,-29.75,-51.75
87017,246,120,617,-29.75,-51.25
87018,247,120,618,-29.75,-50.75
87166,248,121,46,-29.25,23.25
87167,249,121,47,-29.25,23.75
87169,250,121,49,-29.25,24.75
87170,251,121,50,-29.25,25.25
87171,252,121,51,-29.25,25.75
87173,253,121,53,-29.25,26.75
87178,254,121,58,-29.25,29.25
87179,255,121,59,-29.25,29.75
87418,256,121,298,-29.25,149.25
87419,257,121,299,-29.25,149.75
87420,258,121,300,-29.25,150.25
87421,259,121,301,-29.25,150.75
87422,260,121,302,-29.25,151.25
87423,261,121,303,-29.25,151.75
87424,262,121,304,-29.25,152.25
87425,263,121,305,-29.25,152.75
87714,264,121,594,-29.25,-62.75
87722,265,121,602,-29.25,-58.75
87726,266,121,606,-29.25,-56.75
87727,267,121,607,-29.25,-56.25
87728,268,121,608,-29.25,-55.75
87729,269,121,609,-29.25,-55.25
87730,270,121,610,-29.25,-54.75
87731,271,121,611,-29.25,-54.25
87732,272,121,612,-29.25,-53.75
87733,273,121,613,-29.25,-53.25
87734,274,121,614,-29.25,-52.75
87735,275,121,615,-29.25,-52.25
87736,276,121,616,-29.25,-51.75
87737,277,121,617,-29.25,-51.25
87738,278,121,618,-29.25,-50.75
87739,279,121,619,-29.25,-50.25
87881,280,122,41,-28.75,20.75
87882,281,122,42,-28.75,21.25
87883,282,122,43,-28.75,21.75
87889,283,122,49,-28.75,24.75
87891,284,122,51,-28.75,25.75
87893,285,122,53,-28.75,26.75
87894,286,122,54,-28.75,27.25
87895,287,122,55,-28.75,27.75
87896,288,122,56,-28.75,28.25
87897,289,122,57,-28.75,28.75
87898,290,122,58,-28.75,29.25
87899,291,122,59,-28.75,29.75
88139,292,122,299,-28.75,149.75
88140,293,122,300,-28.75,150.25
88141,294,122,301,-28.75,150.75
88144,295,122,304,-28.75,152.25
88437,296,122,597,-28.75,-61.25
88441,297,122,601,-28.75,-59.25
88447,298,122,607,-28.75,-56.25
88448,299,122,608,-28.75,-55.75
88449,300,122,609,-28.75,-55.25
88450,301,122,610,-28.75,-54.75
88451,302,122,611,-28.75,-54.25
88452,303,122,612,-28.75,-53.75
88453,304,122,613,-28.75,-53.25
88454,305,122,614,-28.75,-52.75
88455,306,122,615,-28.75,-52.25
88456,307,122,616,-28.75,-51.75
88457,308,122,617,-28.75,-51.25
88458,309,122,618,-28.75,-50.75
88459,310,122,619,-28.75,-50.25
88460,311,122,620,-28.75,-49.75
88608,312,123,48,-28.25,24.25
88609,313,123,49,-28.25,24.75
88610,314,123,50,-28.25,25.25
88611,315,123,51,-28.25,25.75
88612,316,123,52,-28.25,26.25
88613,317,123,53,-28.25,26.75
88614,318,123,54,-28.25,27.25
88615,319,123,55,-28.25,27.75
88616,320,123,56,-28.25,28.25
88617,321,123,57,-28.25,28.75
88618,322,123,58,-28.25,29.25
88619,323,123,59,-28.25,29.75
88620,324,123,60,-28.25,30.25
88622,325,123,62,-28.25,31.25
88862,326,123,302,-28.25,151.25
88864,327,123,304,-28.25,152.25
88865,328,123,305,-28.25,152.75
89161,329,123,601,-28.25,-59.25
89163,330,123,603,-28.25,-58.25
89168,331,123,608,-28.25,-55.75
89169,332,123,609,-28.25,-55.25
89170,333,123,610,-28.25,-54.75
89171,334,123,611,-28.25,-54.25
89172,335,123,612,-28.25,-53.75
89173,336,123,613,-28.25,-53.25
89174,337,123,614,-28.25,-52.75
89175,338,123,615,-28.25,-52.25
89176,339,123,616,-28.25,-51.75
89177,340,123,617,-28.25,-51.25
89178,341,123,618,-28.25,-50.75
89179,342,123,619,-28.25,-50.25
89180,343,123,620,-28.25,-49.75
89181,344,123,621,-28.25,-49.25
89329,345,124,49,-27.75,24.75
89330,346,124,50,-27.75,25.25
89331,347,124,51,-27.75,25.75
89332,348,124,52,-27.75,26.25
89333,349,124,53,-27.75,26.75
89334,350,124,54,-27.75,27.25
89335,351,124,55,-27.75,27.75
89336,352,124,56,-27.75,28.25
89337,353,124,57,-27.75,28.75
89338,354,124,58,-27.75,29.25
89339,355,124,59,-27.75,29.75
89340,356,124,60,-27.75,30.25
89341,357,124,61,-27.75,30.75
89342,358,124,62,-27.75,31.25
89582,359,124,302,-27.75,151.25
89583,360,124,303,-27.75,151.75
89865,361,124,585,-27.75,-67.25
89868,362,124,588,-27.75,-65.75
89877,363,124,597,-27.75,-61.25
89889,364,124,609,-27.75,-55.25
89890,365,124,610,-27.75,-54.75
89891,366,124,611,-27.75,-54.25
89892,367,124,612,-27.75,-53.75
89893,368,124,613,-27.75,-53.25
89894,369,124,614,-27.75,-52.75
89895,370,124,615,-27.75,-52.25
89896,371,124,616,-27.75,-51.75
89897,372,124,617,-27.75,-51.25
89898,373,124,618,-27.75,-50.75
89899,374,124,619,-27.75,-50.25
89900,375,124,620,-27.75,-49.75
89901,376,124,621,-27.75,-49.25
90049,377,125,49,-27.25,24.75
90050,378,125,50,-27.25,25.25
90051,379,125,51,-27.25,25.75
90052,380,125,52,-27.25,26.25
90053,381,125,53,-27.25,26.75
90054,382,125,54,-27.25,27.25
90055,383,125,55,-27.25,27.75
90056,384,125,56,-27.25,28.25
90057,385,125,57,-27.25,28.75
90058,386,125,58,-27.25,29.25
90059,387,125,59,-27.25,29.75
90060,388,125,60,-27.25,30.25
90061,389,125,61,-27.25,30.75
90062,390,125,62,-27.25,31.25
90304,391,125,304,-27.25,152.25
90588,392,125,588,-27.25,-65.75
90591,393,125,591,-27.25,-64.25
90595,394,125,595,-27.25,-62.25
90598,395,125,598,-27.25,-60.75
90599,396,125,599,-27.25,-60.25
90602,397,125,602,-27.25,-58.75
90603,398,125,603,-27.25,-58.25
90604,399,125,604,-27.25,-57.75
90605,400,125,605,-27.25,-57.25
90606,401,125,606,-27.25,-56.75
90607,402,125,607,-27.25,-56.25
90608,403,125,608,-27.25,-55.75
90611,404,125,611,-27.25,-54.25
90612,405,125,612,-27.25,-53.75
90613,406,125,613,-27.25,-53.25
90614,407,125,614,-27.25,-52.75
90615,408,125,615,-27.25,-52.25
90616,409,125,616,-27.25,-51.75
90617,410,125,617,-27.25,-51.25
90618,411,125,618,-27.25,-50.75
90619,412,125,619,-27.25,-50.25
90620,413,125,620,-27.25,-49.75
90621,414,125,621,-27.25,-49.25
90768,415,126,48,-26.75,24.25
90770,416,126,50,-26.75,25.25
90771,417,126,51,-26.75,25.75
90772,418,126,52,-26.75,26.25
90773,419,126,53,-26.75,26.75
90774,420,126,54,-26.75,27.25
90775,421,126,55,-26.75,27.75
90776,422,126,56,-26.75,28.25
90777,423,126,57,-26.75,28.75
90778,424,126,58,-26.75,29.25
90779,425,126,59,-26.75,29.75
90780,426,126,60,-26.75,30.25
90781,427,126,61,-26.75,30.75
90784,428,126,64,-26.75,32.25
91316,429,126,596,-26.75,-61.75
91317,430,126,597,-26.75,-61.25
91323,431,126,603,-26.75,-58.25
91324,432,126,604,-26.75,-57.75
91325,433,126,605,-26.75,-57.25
91326,434,126,606,-26.75,-56.75
91327,435,126,607,-26.75,-56.25
91328,436,126,608,-26.75,-55.75
91329,437,126,609,-26.75,-55.25
91330,438,126,610,-26.75,-54.75
91332,439,126,612,-26.75,-53.75
91333,440,126,613,-26.75,-53.25
91334,441,126,614,-26.75,-52.75
91335,442,126,615,-26.75,-52.25
91336,443,126,616,-26.75,-51.75
91337,444,126,617,-26.75,-51.25
91338,445,126,618,-26.75,-50.75
91339,446,126,619,-26.75,-50.25
91340,447,126,620,-26.75,-49.75
91341,448,126,621,-26.75,-49.25
91488,449,127,48,-26.25,24.25
91489,450,127,49,-26.25,24.75
91490,451,127,50,-26.25,25.25
91491,452,127,51,-26.25,25.75
91492,453,127,52,-26.25,26.25
91493,454,127,53,-26.25,26.75
91494,455,127,54,-26.25,27.25
91495,456,127,55,-26.25,27.75
91496,457,127,56,-26.25,28.25
91497,458,127,57,-26.25,28.75
91498,459,127,58,-26.25,29.25
91499,460,127,59,-26.25,29.75
91500,461,127,60,-26.25,30.25
91740,462,127,300,-26.25,150.25
91741,463,127,301,-26.25,150.75
91742,464,127,302,-26.25,151.25
91744,465,127,304,-26.25,152.25
92044,466,127,604,-26.25,-57.75
92045,467,127,605,-26.25,-57.25
92046,468,127,606,-26.25,-56.75
92047,469,127,607,-26.25,-56.25
92048,470,127,608,-26.25,-55.75
92049,471,127,609,-26.25,-55.25
92050,472,127,610,-26.25,-54.75
92052,473,127,612,-26.25,-53.75
92053,474,127,613,-26.25,-53.25
92054,475,127,614,-26.25,-52.75
92055,476,127,615,-26.25,-52.25
92056,477,127,616,-26.25,-51.75
92057,478,127,617,-26.25,-51.25
92058,479,127,618,-26.25,-50.75
92059,480,127,619,-26.25,-50.25
92060,481,127,620,-26.25,-49.75
92061,482,127,621,-26.25,-49.25
92207,483,128,47,-25.75,23.75
92208,484,128,48,-25.75,24.25
92209,485,128,49,-25.75,24.75
92210,486,128,50,-25.75,25.25
92211,487,128,51,-25.75,25.75
92212,488,128,52,-25.75,26.25
92213,489,128,53,-25.75,26.75
92214,490,128,54,-25.75,27.25
92215,491,128,55,-25.75,27.75
92216,492,128,56,-25.75,28.25
92217,493,128,57,-25.75,28.75
92218,494,128,58,-25.75,29.25
92219,495,128,59,-25.75,29.75
92221,496,128,61,-25.75,30.75
92222,497,128,62,-25.75,31.25
92460,498,128,300,-25.75,150.25
92464,499,128,304,-25.75,152.25
92764,500,128,604,-25.75,-57.75
92765,501,128,605,-25.75,-57.25
92766,502,128,606,-25.75,-56.75
92767,503,128,607,-25.75,-56.25
92768,504,128,608,-25.75,-55.75
92769,505,128,609,-25.75,-55.25
92770,506,128,610,-25.75,-54.75
92771,507,128,611,-25.75,-54.25
92772,508,128,612,-25.75,-53.75
92773,509,128,613,-25.75,-53.25
92774,510,128,614,-25.75,-52.75
92775,511,128,615,-25.75,-52.25
92776,512,128,616,-25.75,-51.75
92777,513,128,617,-25.75,-51.25
92778,514,128,618,-25.75,-50.75
92779,515,128,619,-25.75,-50.25
92780,516,128,620,-25.75,-49.75
92781,517,128,621,-25.75,-49.25
92928,518,129,48,-25.25,24.25
92929,519,129,49,-25.25,24.75
92930,520,129,50,-25.25,25.25
92931,521,129,51,-25.25,25.75
92932,522,129,52,-25.25,26.25
92935,523,129,55,-25.25,27.75
92936,524,129,56,-25.25,28.25
92938,525,129,58,-25.25,29.25
92939,526,129,59,-25.25,29.75
92940,527,129,60,-25.25,30.25
92945,528,129,65,-25.25,32.75
93179,529,129,299,-25.25,149.75
93470,530,129,590,-25.25,-64.75
93483,531,129,603,-25.25,-58.25
93484,532,129,604,-25.25,-57.75
93485,533,129,605,-25.25,-57.25
93486,534,129,606,-25.25,-56.75
93487,535,129,607,-25.25,-56.25
93488,536,129,608,-25.25,-55.75
93489,537,129,609,-25.25,-55.25
93490,538,129,610,-25.25,-54.75
93491,539,129,611,-25.25,-54.25
93492,540,129,612,-25.25,-53.75
93493,541,129,613,-25.25,-53.25
93494,542,129,614,-25.25,-52.75
93495,543,129,615,-25.25,-52.25
93496,544,129,616,-25.25,-51.75
93497,545,129,617,-25.25,-51.25
93498,546,129,618,-25.25,-50.75
93499,547,129,619,-25.25,-50.25
93500,548,129,620,-25.25,-49.75
93501,549,129,621,-25.25,-49.25
93502,550,129,622,-25.25,-48.75
93648,551,130,48,-24.75,24.25
93649,552,130,49,-24.75,24.75
93650,553,130,50,-24.75,25.25
93651,554,130,51,-24.75,25.75
93652,555,130,52,-24.75,26.25
93654,556,130,54,-24.75,27.25
93655,557,130,55,-24.75,27.75
93657,558,130,57,-24.75,28.75
93660,559,130,60,-24.75,30.25
93661,560,130,61,-24.75,30.75
93664,561,130,64,-24.75,32.25
93665,562,130,65,-24.75,32.75
93666,563,130,66,-24.75,33.25
93667,564,130,67,-24.75,33.75
93689,565,130,89,-24.75,44.75
94191,566,130,591,-24.75,-64.25
94203,567,130,603,-24.75,-58.25
94204,568,130,604,-24.75,-57.75
94206,569,130,606,-24.75,-56.75
94207,570,130,607,-24.75,-56.25
94208,571,130,608,-24.75,-55.75
94209,572,130,609,-24.75,-55.25
94210,573,130,610,-24.75,-54.75
94211,574,130,611,-24.75,-54.25
94212,575,130,612,-24.75,-53.75
94213,576,130,613,-24.75,-53.25
94214,577,130,614,-24.75,-52.75
94215,578,130,615,-24.75,-52.25
94216,579,130,616,-24.75,-51.75
94217,580,130,617,-24.75,-51.25
94218,581,130,618,-24.75,-50.75
94219,582,130,619,-24.75,-50.25
94220,583,130,620,-24.75,-49.75
94221,584,130,621,-24.75,-49.25
94222,585,130,622,-24.75,-48.75
94223,586,130,623,-24.75,-48.25
94369,587,131,49,-24.25,24.75
94370,588,131,50,-24.25,25.25
94371,589,131,51,-24.25,25.75
94372,590,131,52,-24.25,26.25
94373,591,131,53,-24.25,26.75
94374,592,131,54,-24.25,27.25
94375,593,131,55,-24.25,27.75
94376,594,131,56,-24.25,28.25
94377,595,131,57,-24.25,28.75
94378,596,131,58,-24.25,29.25
94385,597,131,65,-24.25,32.75
94388,598,131,68,-24.25,34.25
94389,599,131,69,-24.25,34.75
94613,600,131,293,-24.25,146.75
94909,601,131,589,-24.25,-65.25
94912,602,131,592,-24.25,-63.75
94925,603,131,605,-24.25,-57.25
94926,604,131,606,-24.25,-56.75
94927,605,131,607,-24.25,-56.25
94928,606,131,608,-24.25,-55.75
94929,607,131,609,-24.25,-55.25
94930,608,131,610,-24.25,-54.75
94931,609,131,611,-24.25,-54.25
94932,610,131,612,-24.25,-53.75
94933,611,131,613,-24.25,-53.25
94934,612,131,614,-24.25,-52.75
94935,613,131,615,-24.25,-52.25
94936,614,131,616,-24.25,-51.75
94937,615,131,617,-24.25,-51.25
94938,616,131,618,-24.25,-50.75
94939,617,131,619,-24.25,-50.25
94940,618,131,620,-24.25,-49.75
94941,619,131,621,-24.25,-49.25
94942,620,131,622,-24.25,-48.75
94943,621,131,623,-24.25,-48.25
94944,622,131,624,-24.25,-47.75
95089,623,132,49,-23.75,24.75
95090,624,132,50,-23.75,25.25
95091,625,132,51,-23.75,25.75
95092,626,132,52,-23.75,26.25
95096,627,132,56,-23.75,28.25
95109,628,132,69,-23.75,34.75
95644,629,132,604,-23.75,-57.75
95645,630,132,605,-23.75,-57.25
95646,631,132,606,-23.75,-56.75
95647,632,132,607,-23.75,-56.25
95648,633,132,608,-23.75,-55.75
95649,634,132,609,-23.75,-55.25
95650,635,132,610,-23.75,-54.75
95651,636,132,611,-23.75,-54.25
95652,637,132,612,-23.75,-53.75
95653,638,132,613,-23.75,-53.25
95654,639,132,614,-23.75,-52.75
95655,640,132,615,-23.75,-52.25
95656,641,132,616,-23.75,-51.75
95657,642,132,617,-23.75,-51.25
95658,643,132,618,-23.75,-50.75
95659,644,132,619,-23.75,-50.25
95660,645,132,620,-23.75,-49.75
95661,646,132,621,-23.75,-49.25
95662,647,132,622,-23.75,-48.75
95663,648,132,623,-23.75,-48.25
95664,649,132,624,-23.75,-47.75
95665,650,132,625,-23.75,-47.25
95812,651,133,52,-23.25,26.25
95813,652,133,53,-23.25,26.75
95814,653,133,54,-23.25,27.25
95815,654,133,55,-23.25,27.75
95817,655,133,57,-23.25,28.75
95818,656,133,58,-23.25,29.25
95848,657,133,88,-23.25,44.25
95852,658,133,92,-23.25,46.25
95854,659,133,94,-23.25,47.25
96055,660,133,295,-23.25,147.75
96352,661,133,592,-23.25,-63.75
96364,662,133,604,-23.25,-57.75
96365,663,133,605,-23.25,-57.25
96366,664,133,606,-23.25,-56.75
96367,665,133,607,-23.25,-56.25
96368,666,133,608,-23.25,-55.75
96369,667,133,609,-23.25,-55.25
96370,668,133,610,-23.25,-54.75
96371,669,133,611,-23.25,-54.25
96372,670,133,612,-23.25,-53.75
96373,671,133,613,-23.25,-53.25
96374,672,133,614,-23.25,-52.75
96375,673,133,615,-23.25,-52.25
96376,674,133,616,-23.25,-51.75
96377,675,133,617,-23.25,-51.25
96378,676,133,618,-23.25,-50.75
96379,677,133,619,-23.25,-50.25
96380,678,133,620,-23.25,-49.75
96381,679,133,621,-23.25,-49.25
96382,680,133,622,-23.25,-48.75
96383,681,133,623,-23.25,-48.25
96384,682,133,624,-23.25,-47.75
96385,683,133,625,-23.25,-47.25
96386,684,133,626,-23.25,-46.75
96387,685,133,627,-23.25,-46.25
96388,686,133,628,-23.25,-45.75
96532,687,134,52,-22.75,26.25
96534,688,134,54,-22.75,27.25
96542,689,134,62,-22.75,31.25
96571,690,134,91,-22.75,45.75
96574,691,134,94,-22.75,47.25
97083,692,134,603,-22.75,-58.25
97084,693,134,604,-22.75,-57.75
97085,694,134,605,-22.75,-57.25
97087,695,134,607,-22.75,-56.25
97088,696,134,608,-22.75,-55.75
97089,697,134,609,-22.75,-55.25
97090,698,134,610,-22.75,-54.75
97091,699,134,611,-22.75,-54.25
97092,700,134,612,-22.75,-53.75
97093,701,134,613,-22.75,-53.25
97094,702,134,614,-22.75,-52.75
97095,703,134,615,-22.75,-52.25
97096,704,134,616,-22.75,-51.75
97097,705,134,617,-22.75,-51.25
97098,706,134,618,-22.75,-50.75
97099,707,134,619,-22.75,-50.25
97100,708,134,620,-22.75,-49.75
97101,709,134,621,-22.75,-49.25
97102,710,134,622,-22.75,-48.75
97103,711,134,623,-22.75,-48.25
97104,712,134,624,-22.75,-47.75
97105,713,134,625,-22.75,-47.25
97106,714,134,626,-22.75,-46.75
97107,715,134,627,-22.75,-46.25
97108,716,134,628,-22.75,-45.75
97109,717,134,629,-22.75,-45.25
97110,718,134,630,-22.75,-44.75
97261,719,135,61,-22.25,30.75
97294,720,135,94,-22.25,47.25
97806,721,135,606,-22.25,-56.75
97808,722,135,608,-22.25,-55.75
97809,723,135,609,-22.25,-55.25
97810,724,135,610,-22.25,-54.75
97811,725,135,611,-22.25,-54.25
97812,726,135,612,-22.25,-53.75
97813,727,135,613,-22.25,-53.25
97814,728,135,614,-22.25,-52.75
97815,729,135,615,-22.25,-52.25
97816,730,135,616,-22.25,-51.75
97817,731,135,617,-22.25,-51.25
97818,732,135,618,-22.25,-50.75
97819,733,135,619,-22.25,-50.25
97820,734,135,620,-22.25,-49.75
97821,735,135,621,-22.25,-49.25
97822,736,135,622,-22.25,-48.75
97823,737,135,623,-22.25,-48.25
97824,738,135,624,-22.25,-47.75
97825,739,135,625,-22.25,-47.25
97826,740,135,626,-22.25,-46.75
97827,741,135,627,-22.25,-46.25
97828,742,135,628,-22.25,-45.75
97829,743,135,629,-22.25,-45.25
97830,744,135,630,-22.25,-44.75
97831,745,135,631,-22.25,-44.25
97832,746,135,632,-22.25,-43.75
97833,747,135,633,-22.25,-43.25
97834,748,135,634,-22.25,-42.75
97835,749,135,635,-22.25,-42.25
97974,750,136,54,-21.75,27.25
97978,751,136,58,-21.75,29.25
97982,752,136,62,-21.75,31.25
97983,753,136,63,-21.75,31.75
97987,754,136,67,-21.75,33.75
98007,755,136,87,-21.75,43.75
98013,756,136,93,-21.75,46.75
98014,757,136,94,-21.75,47.25
98015,758,136,95,-21.75,47.75
98525,759,136,605,-21.75,-57.25
98526,760,136,606,-21.75,-56.75
98527,761,136,607,-21.75,-56.25
98528,762,136,608,-21.75,-55.75
98529,763,136,609,-21.75,-55.25
98530,764,136,610,-21.75,-54.75
98531,765,136,611,-21.75,-54.25
98532,766,136,612,-21.75,-53.75
98533,767,136,613,-21.75,-53.25
98534,768,136,614,-21.75,-52.75
98535,769,136,615,-21.75,-52.25
98536,770,136,616,-21.75,-51.75
98537,771,136,617,-21.75,-51.25
98538,772,136,618,-21.75,-50.75
98539,773,136,619,-21.75,-50.25
98540,774,136,620,-21.75,-49.75
98541,775,136,621,-21.75,-49.25
98542,776,136,622,-21.75,-48.75
98543,777,136,623,-21.75,-48.25
98544,778,136,624,-21.75,-47.75
98545,779,136,625,-21.75,-47.25
98546,780,136,626,-21.75,-46.75
98547,781,136,627,-21.75,-46.25
98548,782,136,628,-21.75,-45.75
98549,783,136,629,-21.75,-45.25
98550,784,136,630,-21.75,-44.75
98551,785,136,631,-21.75,-44.25
98552,786,136,632,-21.75,-43.75
98553,787,136,633,-21.75,-43.25
98554,788,136,634,-21.75,-42.75
98555,789,136,635,-21.75,-42.25
98556,790,136,636,-21.75,-41.75
98699,791,137,59,-21.25,29.75
98702,792,137,62,-21.25,31.25
98703,793,137,63,-21.25,31.75
98704,794,137,64,-21.25,32.25
98705,795,137,65,-21.25,32.75
98706,796,137,66,-21.25,33.25
98707,797,137,67,-21.25,33.75
98708,798,137,68,-21.25,34.25
98709,799,137,69,-21.25,34.75
98731,800,137,91,-21.25,45.75
98733,801,137,93,-21.25,46.75
98734,802,137,94,-21.25,47.25
99246,803,137,606,-21.25,-56.75
99247,804,137,607,-21.25,-56.25
99248,805,137,608,-21.25,-55.75
99249,806,137,609,-21.25,-55.25
99250,807,137,610,-21.25,-54.75
99251,808,137,611,-21.25,-54.25
99252,809,137,612,-21.25,-53.75
99254,810,137,614,-21.25,-52.75
99255,811,137,615,-21.25,-52.25
99256,812,137,616,-21.25,-51.75
99257,813,137,617,-21.25,-51.25
99258,814,137,618,-21.25,-50.75
99259,815,137,619,-21.25,-50.25
99260,816,137,620,-21.25,-49.75
99261,817,137,621,-21.25,-49.25
99262,818,137,622,-21.25,-48.75
99263,819,137,623,-21.25,-48.25
99264,820,137,624,-21.25,-47.75
99265,821,137,625,-21.25,-47.25
99266,822,137,626,-21.25,-46.75
99267,823,137,627,-21.25,-46.25
99268,824,137,628,-21.25,-45.75
99269,825,137,629,-21.25,-45.25
99270,826,137,630,-21.25,-44.75
99271,827,137,631,-21.25,-44.25
99272,828,137,632,-21.25,-43.75
99273,829,137,633,-21.25,-43.25
99274,830,137,634,-21.25,-42.75
99275,831,137,635,-21.25,-42.25
99276,832,137,636,-21.25,-41.75
99277,833,137,637,-21.25,-41.25
99402,834,138,42,-20.75,21.25
99415,835,138,55,-20.75,27.75
99416,836,138,56,-20.75,28.25
99417,837,138,57,-20.75,28.75
99418,838,138,58,-20.75,29.25
99419,839,138,59,-20.75,29.75
99421,840,138,61,-20.75,30.75
99422,841,138,62,-20.75,31.25
99423,842,138,63,-20.75,31.75
99424,843,138,64,-20.75,32.25
99427,844,138,67,-20.75,33.75
99451,845,138,91,-20.75,45.75
99452,846,138,92,-20.75,46.25
99456,847,138,96,-20.75,48.25
99966,848,138,606,-20.75,-56.75
99967,849,138,607,-20.75,-56.25
99968,850,138,608,-20.75,-55.75
99969,851,138,609,-20.75,-55.25
99970,852,138,610,-20.75,-54.75
99971,853,138,611,-20.75,-54.25
99973,854,138,613,-20.75,-53.25
99974,855,138,614,-20.75,-52.75
99976,856,138,616,-20.75,-51.75
99977,857,138,617,-20.75,-51.25
99978,858,138,618,-20.75,-50.75
99979,859,138,619,-20.75,-50.25
99980,860,138,620,-20.75,-49.75
99981,861,138,621,-20.75,-49.25
99982,862,138,622,-20.75,-48.75
99983,863,138,623,-20.75,-48.25
99984,864,138,624,-20.75,-47.75
99985,865,138,625,-20.75,-47.25
99986,866,138,626,-20.75,-46.75
99987,867,138,627,-20.75,-46.25
99988,868,138,628,-20.75,-45.75
99989,869,138,629,-20.75,-45.25
99990,870,138,630,-20.75,-44.75
99991,871,138,631,-20.75,-44.25
99992,872,138,632,-20.75,-43.75
99993,873,138,633,-20.75,-43.25
99994,874,138,634,-20.75,-42.75
99995,875,138,635,-20.75,-42.25
99996,876,138,636,-20.75,-41.75
99997,877,138,637,-20.75,-41.25
100136,878,139,56,-20.25,28.25
100137,879,139,57,-20.25,28.75
100138,880,139,58,-20.25,29.25
100142,881,139,62,-20.25,31.25
100144,882,139,64,-20.25,32.25
100147,883,139,67,-20.25,33.75
100170,884,139,90,-20.25,45.25
100172,885,139,92,-20.25,46.25
100173,886,139,93,-20.25,46.75
100174,887,139,94,-20.25,47.25
100675,888,139,595,-20.25,-62.25
100682,889,139,602,-20.25,-58.75
100686,890,139,606,-20.25,-56.75
100687,891,139,607,-20.25,-56.25
100689,892,139,609,-20.25,-55.25
100690,893,139,610,-20.25,-54.75
100691,894,139,611,-20.25,-54.25
100693,895,139,613,-20.25,-53.25
100694,896,139,614,-20.25,-52.75
100695,897,139,615,-20.25,-52.25
100696,898,139,616,-20.25,-51.75
100697,899,139,617,-20.25,-51.25
100698,900,139,618,-20.25,-50.75
100699,901,139,619,-20.25,-50.25
100700,902,139,620,-20.25,-49.75
100701,903,139,621,-20.25,-49.25
100702,904,139,622,-20.25,-48.75
100703,905,139,623,-20.25,-48.25
100704,906,139,624,-20.25,-47.75
100705,907,139,625,-20.25,-47.25
100706,908,139,626,-20.25,-46.75
100707,909,139,627,-20.25,-46.25
100708,910,139,628,-20.25,-45.75
100709,911,139,629,-20.25,-45.25
100710,912,139,630,-20.25,-44.75
100711,913,139,631,-20.25,-44.25
100713,914,139,633,-20.25,-43.25
100714,915,139,634,-20.25,-42.75
100715,916,139,635,-20.25,-42.25
100716,917,139,636,-20.25,-41.75
100717,918,139,637,-20.25,-41.25
100718,919,139,638,-20.25,-40.75
100832,920,140,32,-19.75,16.25
100841,921,140,41,-19.75,20.75
100845,922,140,45,-19.75,22.75
100852,923,140,52,-19.75,26.25
100855,924,140,55,-19.75,27.75
100858,925,140,58,-19.75,29.25
100861,926,140,61,-19.75,30.75
100862,927,140,62,-19.75,31.25
100863,928,140,63,-19.75,31.75
100868,929,140,68,-19.75,34.25
100892,930,140,92,-19.75,46.25
100893,931,140,93,-19.75,46.75
100894,932,140,94,-19.75,47.25
100896,933,140,96,-19.75,48.25
101401,934,140,601,-19.75,-59.25
101410,935,140,610,-19.75,-54.75
101411,936,140,611,-19.75,-54.25
101412,937,140,612,-19.75,-53.75
101413,938,140,613,-19.75,-53.25
101414,939,140,614,-19.75,-52.75
101415,940,140,615,-19.75,-52.25
101416,941,140,616,-19.75,-51.75
101417,942,140,617,-19.75,-51.25
101418,943,140,618,-19.75,-50.75
101419,944,140,619,-19.75,-50.25
101420,945,140,620,-19.75,-49.75
101421,946,140,621,-19.75,-49.25
101422,947,140,622,-19.75,-48.75
101423,948,140,623,-19.75,-48.25
101424,949,140,624,-19.75,-47.75
101425,950,140,625,-19.75,-47.25
101426,951,140,626,-19.75,-46.75
101427,952,140,627,-19.75,-46.25
101428,953,140,628,-19.75,-45.75
101429,954,140,629,-19.75,-45.25
101430,955,140,630,-19.75,-44.75
101431,956,140,631,-19.75,-44.25
101432,957,140,632,-19.75,-43.75
101433,958,140,633,-19.75,-43.25
101434,959,140,634,-19.75,-42.75
101435,960,140,635,-19.75,-42.25
101436,961,140,636,-19.75,-41.75
101437,962,140,637,-19.75,-41.25
101438,963,140,638,-19.75,-40.75
101569,964,141,49,-19.25,24.75
101574,965,141,54,-19.25,27.25
101576,966,141,56,-19.25,28.25
101582,967,141,62,-19.25,31.25
101583,968,141,63,-19.25,31.75
101584,969,141,64,-19.25,32.25
101585,970,141,65,-19.25,32.75
101586,971,141,66,-19.25,33.25
101587,972,141,67,-19.25,33.75
101588,973,141,68,-19.25,34.25
101613,974,141,93,-19.25,46.75
101614,975,141,94,-19.25,47.25
101615,976,141,95,-19.25,47.75
101616,977,141,96,-19.25,48.25
101617,978,141,97,-19.25,48.75
102120,979,141,600,-19.25,-59.75
102129,980,141,609,-19.25,-55.25
102130,981,141,610,-19.25,-54.75
102131,982,141,611,-19.25,-54.25
102132,983,141,612,-19.25,-53.75
102133,984,141,613,-19.25,-53.25
102134,985,141,614,-19.25,-52.75
102135,986,141,615,-19.25,-52.25
102136,987,141,616,-19.25,-51.75
102137,988,141,617,-19.25,-51.25
102138,989,141,618,-19.25,-50.75
102139,990,141,619,-19.25,-50.25
102140,991,141,620,-19.25,-49.75
102141,992,141,621,-19.25,-49.25
102142,993,141,622,-19.25,-48.75
102143,994,141,623,-19.25,-48.25
102144,995,141,624,-19.25,-47.75
102145,996,141,625,-19.25,-47.25
102146,997,141,626,-19.25,-46.75
102147,998,141,627,-19.25,-46.25
102148,999,141,628,-19.25,-45.75
102149,1000,141,629,-19.25,-45.25
102150,1001,141,630,-19.25,-44.75
102151,1002,141,631,-19.25,-44.25
102152,1003,141,632,-19.25,-43.75
102153,1004,141,633,-19.25,-43.25
102154,1005,141,634,-19.25,-42.75
102155,1006,141,635,-19.25,-42.25
102156,1007,141,636,-19.25,-41.75
102157,1008,141,637,-19.25,-41.25
102158,1009,141,638,-19.25,-40.75
102159,1010,141,639,-19.25,-40.25
102284,1011,142,44,-18.75,22.25
102285,1012,142,45,-18.75,22.75
102287,1013,142,47,-18.75,23.75
102288,1014,142,48,-18.75,24.25
102289,1015,142,49,-18.75,24.75
102290,1016,142,50,-18.75,25.25
102291,1017,142,51,-18.75,25.75
102292,1018,142,52,-18.75,26.25
102294,1019,142,54,-18.75,27.25
102295,1020,142,55,-18.75,27.75
102297,1021,142,57,-18.75,28.75
102299,1022,142,59,-18.75,29.75
102303,1023,142,63,-18.75,31.75
102304,1024,142,64,-18.75,32.25
102305,1025,142,65,-18.75,32.75
102308,1026,142,68,-18.75,34.25
102309,1027,142,69,-18.75,34.75
102331,1028,142,91,-18.75,45.75
102332,1029,142,92,-18.75,46.25
102333,1030,142,93,-18.75,46.75
102335,1031,142,95,-18.75,47.75
102337,1032,142,97,-18.75,48.75
102850,1033,142,610,-18.75,-54.75
102851,1034,142,611,-18.75,-54.25
102852,1035,142,612,-18.75,-53.75
102853,1036,142,613,-18.75,-53.25
102854,1037,142,614,-18.75,-52.75
102855,1038,142,615,-18.75,-52.25
102856,1039,142,616,-18.75,-51.75
102857,1040,142,617,-18.75,-51.25
102858,1041,142,618,-18.75,-50.75
102859,1042,142,619,-18.75,-50.25
102860,1043,142,620,-18.75,-49.75
102861,1044,142,621,-18.75,-49.25
102862,1045,142,622,-18.75,-48.75
102863,1046,142,623,-18.75,-48.25
102864,1047,142,624,-18.75,-47.75
102865,1048,142,625,-18.75,-47.25
102866,1049,142,626,-18.75,-46.75
102867,1050,142,627,-18.75,-46.25
102868,1051,142,628,-18.75,-45.75
102869,1052,142,629,-18.75,-45.25
102870,1053,142,630,-18.75,-44.75
102871,1054,142,631,-18.75,-44.25
102872,1055,142,632,-18.75,-43.75
102873,1056,142,633,-18.75,-43.25
102874,1057,142,634,-18.75,-42.75
102875,1058,142,635,-18.75,-42.25
102876,1059,142,636,-18.75,-41.75
102877,1060,142,637,-18.75,-41.25
102878,1061,142,638,-18.75,-40.75
102879,1062,142,639,-18.75,-40.25
102990,1063,143,30,-18.25,15.25
103009,1064,143,49,-18.25,24.75
103010,1065,143,50,-18.25,25.25
103015,1066,143,55,-18.25,27.75
103018,1067,143,58,-18.25,29.25
103019,1068,143,59,-18.25,29.75
103020,1069,143,60,-18.25,30.25
103021,1070,143,61,-18.25,30.75
103023,1071,143,63,-18.25,31.75
103025,1072,143,65,-18.25,32.75
103027,1073,143,67,-18.25,33.75
103028,1074,143,68,-18.25,34.25
103029,1075,143,69,-18.25,34.75
103030,1076,143,70,-18.25,35.25
103032,1077,143,72,-18.25,36.25
103050,1078,143,90,-18.25,45.25
103051,1079,143,91,-18.25,45.75
103052,1080,143,92,-18.25,46.25
103053,1081,143,93,-18.25,46.75
103569,1082,143,609,-18.25,-55.25
103570,1083,143,610,-18.25,-54.75
103571,1084,143,611,-18.25,-54.25
103572,1085,143,612,-18.25,-53.75
103573,1086,143,613,-18.25,-53.25
103574,1087,143,614,-18.25,-52.75
103575,1088,143,615,-18.25,-52.25
103576,1089,143,616,-18.25,-51.75
103577,1090,143,617,-18.25,-51.25
103578,1091,143,618,-18.25,-50.75
103579,1092,143,619,-18.25,-50.25
103580,1093,143,620,-18.25,-49.75
103581,1094,143,621,-18.25,-49.25
103582,1095,143,622,-18.25,-48.75
103583,1096,143,623,-18.25,-48.25
103584,1097,143,624,-18.25,-47.75
103585,1098,143,625,-18.25,-47.25
103586,1099,143,626,-18.25,-46.75
103587,1100,143,627,-18.25,-46.25
103588,1101,143,628,-18.25,-45.75
103589,1102,143,629,-18.25,-45.25
103590,1103,143,630,-18.25,-44.75
103591,1104,143,631,-18.25,-44.25
103592,1105,143,632,-18.25,-43.75
103593,1106,143,633,-18.25,-43.25
103594,1107,143,634,-18.25,-42.75
103595,1108,143,635,-18.25,-42.25
103596,1109,143,636,-18.25,-41.75
103597,1110,143,637,-18.25,-41.25
103598,1111,143,638,-18.25,-40.75
103599,1112,143,639,-18.25,-40.25
103729,1113,144,49,-17.75,24.75
103730,1114,144,50,-17.75,25.25
103734,1115,144,54,-17.75,27.25
103738,1116,144,58,-17.75,29.25
103739,1117,144,59,-17.75,29.75
103740,1118,144,60,-17.75,30.25
103741,1119,144,61,-17.75,30.75
103742,1120,144,62,-17.75,31.25
103743,1121,144,63,-17.75,31.75
103745,1122,144,65,-17.75,32.75
103747,1123,144,67,-17.75,33.75
103750,1124,144,70,-17.75,35.25
103752,1125,144,72,-17.75,36.25
103768,1126,144,88,-17.75,44.25
103770,1127,144,90,-17.75,45.25
103772,1128,144,92,-17.75,46.25
103775,1129,144,95,-17.75,47.75
103776,1130,144,96,-17.75,48.25
103777,1131,144,97,-17.75,48.75
104285,1132,144,605,-17.75,-57.25
104289,1133,144,609,-17.75,-55.25
104290,1134,144,610,-17.75,-54.75
104291,1135,144,611,-17.75,-54.25
104292,1136,144,612,-17.75,-53.75
104293,1137,144,613,-17.75,-53.25
104294,1138,144,614,-17.75,-52.75
104295,1139,144,615,-17.75,-52.25
104296,1140,144,616,-17.75,-51.75
104297,1141,144,617,-17.75,-51.25
104298,1142,144,618,-17.75,-50.75
104299,1143,144,619,-17.75,-50.25
104300,1144,144,620,-17.75,-49.75
104301,1145,144,621,-17.75,-49.25
104302,1146,144,622,-17.75,-48.75
104303,1147,144,623,-17.75,-48.25
104304,1148,144,624,-17.75,-47.75
104305,1149,144,625,-17.75,-47.25
104306,1150,144,626,-17.75,-46.75
104307,1151,144,627,-17.75,-46.25
104308,1152,144,628,-17.75,-45.75
104309,1153,144,629,-17.75,-45.25
104310,1154,144,630,-17.75,-44.75
104311,1155,144,631,-17.75,-44.25
104312,1156,144,632,-17.75,-43.75
104313,1157,144,633,-17.75,-43.25
104314,1158,144,634,-17.75,-42.75
104315,1159,144,635,-17.75,-42.25
104316,1160,144,636,-17.75,-41.75
104317,1161,144,637,-17.75,-41.25
104319,1162,144,639,-17.75,-40.25
104455,1163,145,55,-17.25,27.75
104456,1164,145,56,-17.25,28.25
104457,1165,145,57,-17.25,28.75
104458,1166,145,58,-17.25,29.25
104459,1167,145,59,-17.25,29.75
104460,1168,145,60,-17.25,30.25
104461,1169,145,61,-17.25,30.75
104462,1170,145,62,-17.25,31.25
104463,1171,145,63,-17.25,31.75
104464,1172,145,64,-17.25,32.25
104467,1173,145,67,-17.25,33.75
104468,1174,145,68,-17.25,34.25
104469,1175,145,69,-17.25,34.75
104470,1176,145,70,-17.25,35.25
104471,1177,145,71,-17.25,35.75
104490,1178,145,90,-17.25,45.25
104491,1179,145,91,-17.25,45.75
104497,1180,145,97,-17.25,48.75
105005,1181,145,605,-17.25,-57.25
105006,1182,145,606,-17.25,-56.75
105007,1183,145,607,-17.25,-56.25
105009,1184,145,609,-17.25,-55.25
105010,1185,145,610,-17.25,-54.75
105011,1186,145,611,-17.25,-54.25
105012,1187,145,612,-17.25,-53.75
105013,1188,145,613,-17.25,-53.25
105014,1189,145,614,-17.25,-52.75
105015,1190,145,615,-17.25,-52.25
105016,1191,145,616,-17.25,-51.75
105017,1192,145,617,-17.25,-51.25
105018,1193,145,618,-17.25,-50.75
105019,1194,145,619,-17.25,-50.25
105020,1195,145,620,-17.25,-49.75
105021,1196,145,621,-17.25,-49.25
105022,1197,145,622,-17.25,-48.75
105023,1198,145,623,-17.25,-48.25
105024,1199,145,624,-17.25,-47.75
105025,1200,145,625,-17.25,-47.25
105026,1201,145,626,-17.25,-46.75
105027,1202,145,627,-17.25,-46.25
105028,1203,145,628,-17.25,-45.75
105029,1204,145,629,-17.25,-45.25
105030,1205,145,630,-17.25,-44.75
105031,1206,145,631,-17.25,-44.25
105032,1207,145,632,-17.25,-43.75
105033,1208,145,633,-17.25,-43.25
105034,1209,145,634,-17.25,-42.75
105035,1210,145,635,-17.25,-42.25
105036,1211,145,636,-17.25,-41.75
105037,1212,145,637,-17.25,-41.25
105038,1213,145,638,-17.25,-40.75
105171,1214,146,51,-16.75,25.75
105179,1215,146,59,-16.75,29.75
105181,1216,146,61,-16.75,30.75
105182,1217,146,62,-16.75,31.25
105183,1218,146,63,-16.75,31.75
105184,1219,146,64,-16.75,32.25
105186,1220,146,66,-16.75,33.25
105187,1221,146,67,-16.75,33.75
105188,1222,146,68,-16.75,34.25
105193,1223,146,73,-16.75,36.75
105195,1224,146,75,-16.75,37.75
105213,1225,146,93,-16.75,46.75
105724,1226,146,604,-16.75,-57.75
105725,1227,146,605,-16.75,-57.25
105729,1228,146,609,-16.75,-55.25
105730,1229,146,610,-16.75,-54.75
105731,1230,146,611,-16.75,-54.25
105732,1231,146,612,-16.75,-53.75
105733,1232,146,613,-16.75,-53.25
105734,1233,146,614,-16.75,-52.75
105735,1234,146,615,-16.75,-52.25
105736,1235,146,616,-16.75,-51.75
105737,1236,146,617,-16.75,-51.25
105738,1237,146,618,-16.75,-50.75
105739,1238,146,619,-16.75,-50.25
105740,1239,146,620,-16.75,-49.75
105741,1240,146,621,-16.75,-49.25
105742,1241,146,622,-16.75,-48.75
105743,1242,146,623,-16.75,-48.25
105744,1243,146,624,-16.75,-47.75
105745,1244,146,625,-16.75,-47.25
105746,1245,146,626,-16.75,-46.75
105747,1246,146,627,-16.75,-46.25
105748,1247,146,628,-16.75,-45.75
105749,1248,146,629,-16.75,-45.25
105750,1249,146,630,-16.75,-44.75
105751,1250,146,631,-16.75,-44.25
105752,1251,146,632,-16.75,-43.75
105753,1252,146,633,-16.75,-43.25
105754,1253,146,634,-16.75,-42.75
105755,1254,146,635,-16.75,-42.25
105756,1255,146,636,-16.75,-41.75
105757,1256,146,637,-16.75,-41.25
105758,1257,146,638,-16.75,-40.75
105759,1258,146,639,-16.75,-40.25
105891,1259,147,51,-16.25,25.75
105898,1260,147,58,-16.25,29.25
105899,1261,147,59,-16.25,29.75
105901,1262,147,61,-16.25,30.75
105902,1263,147,62,-16.25,31.25
105904,1264,147,64,-16.25,32.25
105907,1265,147,67,-16.25,33.75
105908,1266,147,68,-16.25,34.25
105913,1267,147,73,-16.25,36.75
105914,1268,147,74,-16.25,37.25
105916,1269,147,76,-16.25,38.25
105918,1270,147,78,-16.25,39.25
105934,1271,147,94,-16.25,47.25
105936,1272,147,96,-16.25,48.25
105937,1273,147,97,-16.25,48.75
106439,1274,147,599,-16.25,-60.25
106440,1275,147,600,-16.25,-59.75
106441,1276,147,601,-16.25,-59.25
106442,1277,147,602,-16.25,-58.75
106443,1278,147,603,-16.25,-58.25
106444,1279,147,604,-16.25,-57.75
106445,1280,147,605,-16.25,-57.25
106446,1281,147,606,-16.25,-56.75
106447,1282,147,607,-16.25,-56.25
106448,1283,147,608,-16.25,-55.75
106449,1284,147,609,-16.25,-55.25
106450,1285,147,610,-16.25,-54.75
106451,1286,147,611,-16.25,-54.25
106452,1287,147,612,-16.25,-53.75
106453,1288,147,613,-16.25,-53.25
106454,1289,147,614,-16.25,-52.75
106455,1290,147,615,-16.25,-52.25
106456,1291,147,616,-16.25,-51.75
106457,1292,147,617,-16.25,-51.25
106458,1293,147,618,-16.25,-50.75
106459,1294,147,619,-16.25,-50.25
106460,1295,147,620,-16.25,-49.75
106461,1296,147,621,-16.25,-49.25
106462,1297,147,622,-16.25,-48.75
106463,1298,147,623,-16.25,-48.25
106464,1299,147,624,-16.25,-47.75
106465,1300,147,625,-16.25,-47.25
106466,1301,147,626,-16.25,-46.75
106467,1302,147,627,-16.25,-46.25
106468,1303,147,628,-16.25,-45.75
106469,1304,147,629,-16.25,-45.25
106470,1305,147,630,-16.25,-44.75
106471,1306,147,631,-16.25,-44.25
106472,1307,147,632,-16.25,-43.75
106473,1308,147,633,-16.25,-43.25
106474,1309,147,634,-16.25,-42.75
106475,1310,147,635,-16.25,-42.25
106476,1311,147,636,-16.25,-41.75
106477,1312,147,637,-16.25,-41.25
106478,1313,147,638,-16.25,-40.75
106479,1314,147,639,-16.25,-40.25
106618,1315,148,58,-15.75,29.25
106619,1316,148,59,-15.75,29.75
106625,1317,148,65,-15.75,32.75
106626,1318,148,66,-15.75,33.25
106628,1319,148,68,-15.75,34.25
106631,1320,148,71,-15.75,35.75
106632,1321,148,72,-15.75,36.25
106634,1322,148,74,-15.75,37.25
106635,1323,148,75,-15.75,37.75
106637,1324,148,77,-15.75,38.75
106638,1325,148,78,-15.75,39.25
106653,1326,148,93,-15.75,46.75
106655,1327,148,95,-15.75,47.75
106656,1328,148,96,-15.75,48.25
107160,1329,148,600,-15.75,-59.75
107161,1330,148,601,-15.75,-59.25
107162,1331,148,602,-15.75,-58.75
107163,1332,148,603,-15.75,-58.25
107164,1333,148,604,-15.75,-57.75
107165,1334,148,605,-15.75,-57.25
107166,1335,148,606,-15.75,-56.75
107167,1336,148,607,-15.75,-56.25
107168,1337,148,608,-15.75,-55.75
107169,1338,148,609,-15.75,-55.25
107170,1339,148,610,-15.75,-54.75
107171,1340,148,611,-15.75,-54.25
107172,1341,148,612,-15.75,-53.75
107173,1342,148,613,-15.75,-53.25
107174,1343,148,614,-15.75,-52.75
107176,1344,148,616,-15.75,-51.75
107177,1345,148,617,-15.75,-51.25
107178,1346,148,618,-15.75,-50.75
107179,1347,148,619,-15.75,-50.25
107180,1348,148,620,-15.75,-49.75
107181,1349,148,621,-15.75,-49.25
107182,1350,148,622,-15.75,-48.75
107183,1351,148,623,-15.75,-48.25
107184,1352,148,624,-15.75,-47.75
107185,1353,148,625,-15.75,-47.25
107186,1354,148,626,-15.75,-46.75
107187,1355,148,627,-15.75,-46.25
107188,1356,148,628,-15.75,-45.75
107189,1357,148,629,-15.75,-45.25
107190,1358,148,630,-15.75,-44.75
107191,1359,148,631,-15.75,-44.25
107192,1360,148,632,-15.75,-43.75
107193,1361,148,633,-15.75,-43.25
107194,1362,148,634,-15.75,-42.75
107195,1363,148,635,-15.75,-42.25
107196,1364,148,636,-15.75,-41.75
107197,1365,148,637,-15.75,-41.25
107198,1366,148,638,-15.75,-40.75
107199,1367,148,639,-15.75,-40.25
107334,1368,149,54,-15.25,27.25
107335,1369,149,55,-15.25,27.75
107337,1370,149,57,-15.25,28.75
107340,1371,149,60,-15.25,30.25
107344,1372,149,64,-15.25,32.25
107345,1373,149,65,-15.25,32.75
107348,1374,149,68,-15.25,34.25
107353,1375,149,73,-15.25,36.75
107354,1376,149,74,-15.25,37.25
107355,1377,149,75,-15.25,37.75
107356,1378,149,76,-15.25,38.25
107358,1379,149,78,-15.25,39.25
107359,1380,149,79,-15.25,39.75
107375,1381,149,95,-15.25,47.75
107377,1382,149,97,-15.25,48.75
107879,1383,149,599,-15.25,-60.25
107880,1384,149,600,-15.25,-59.75
107881,1385,149,601,-15.25,-59.25
107882,1386,149,602,-15.25,-58.75
107883,1387,149,603,-15.25,-58.25
107884,1388,149,604,-15.25,-57.75
107885,1389,149,605,-15.25,-57.25
107886,1390,149,606,-15.25,-56.75
107887,1391,149,607,-15.25,-56.25
107888,1392,149,608,-15.25,-55.75
107889,1393,149,609,-15.25,-55.25
107890,1394,149,610,-15.25,-54.75
107891,1395,149,611,-15.25,-54.25
107892,1396,149,612,-15.25,-53.75
107893,1397,149,613,-15.25,-53.25
107894,1398,149,614,-15.25,-52.75
107897,1399,149,617,-15.25,-51.25
107898,1400,149,618,-15.25,-50.75
107899,1401,149,619,-15.25,-50.25
107900,1402,149,620,-15.25,-49.75
107901,1403,149,621,-15.25,-49.25
107902,1404,149,622,-15.25,-48.75
107903,1405,149,623,-15.25,-48.25
107904,1406,149,624,-15.25,-47.75
107905,1407,149,625,-15.25,-47.25
107906,1408,149,626,-15.25,-46.75
107907,1409,149,627,-15.25,-46.25
107908,1410,149,628,-15.25,-45.75
107909,1411,149,629,-15.25,-45.25
107911,1412,149,631,-15.25,-44.25
107912,1413,149,632,-15.25,-43.75
107913,1414,149,633,-15.25,-43.25
107914,1415,149,634,-15.25,-42.75
107915,1416,149,635,-15.25,-42.25
107916,1417,149,636,-15.25,-41.75
108062,1418,150,62,-14.75,31.25
108067,1419,150,67,-14.75,33.75
108068,1420,150,68,-14.75,34.25
108072,1421,150,72,-14.75,36.25
108073,1422,150,73,-14.75,36.75
108076,1423,150,76,-14.75,38.25
108077,1424,150,77,-14.75,38.75
108078,1425,150,78,-14.75,39.25
108079,1426,150,79,-14.75,39.75
108080,1427,150,80,-14.75,40.25
108096,1428,150,96,-14.75,48.25
108097,1429,150,97,-14.75,48.75
108099,1430,150,99,-14.75,49.75
108601,1431,150,601,-14.75,-59.25
108602,1432,150,602,-14.75,-58.75
108603,1433,150,603,-14.75,-58.25
108604,1434,150,604,-14.75,-57.75
108605,1435,150,605,-14.75,-57.25
108606,1436,150,606,-14.75,-56.75
108607,1437,150,607,-14.75,-56.25
108608,1438,150,608,-14.75,-55.75
108609,1439,150,609,-14.75,-55.25
108610,1440,150,610,-14.75,-54.75
108611,1441,150,611,-14.75,-54.25
108612,1442,150,612,-14.75,-53.75
108613,1443,150,613,-14.75,-53.25
108614,1444,150,614,-14.75,-52.75
108615,1445,150,615,-14.75,-52.25
108617,1446,150,617,-14.75,-51.25
108618,1447,150,618,-14.75,-50.75
108619,1448,150,619,-14.75,-50.25
108620,1449,150,620,-14.75,-49.75
108621,1450,150,621,-14.75,-49.25
108622,1451,150,622,-14.75,-48.75
108623,1452,150,623,-14.75,-48.25
108624,1453,150,624,-14.75,-47.75
108625,1454,150,625,-14.75,-47.25
108626,1455,150,626,-14.75,-46.75
108627,1456,150,627,-14.75,-46.25
108631,1457,150,631,-14.75,-44.25
108632,1458,150,632,-14.75,-43.75
108633,1459,150,633,-14.75,-43.25
108634,1460,150,634,-14.75,-42.75
108785,1461,151,65,-14.25,32.75
108786,1462,151,66,-14.25,33.25
108791,1463,151,71,-14.25,35.75
108795,1464,151,75,-14.25,37.75
108797,1465,151,77,-14.25,38.75
108798,1466,151,78,-14.25,39.25
108800,1467,151,80,-14.25,40.25
108817,1468,151,97,-14.25,48.75
108819,1469,151,99,-14.25,49.75
109006,1470,151,286,-14.25,143.25
109319,1471,151,599,-14.25,-60.25
109320,1472,151,600,-14.25,-59.75
109322,1473,151,602,-14.25,-58.75
109323,1474,151,603,-14.25,-58.25
109324,1475,151,604,-14.25,-57.75
109325,1476,151,605,-14.25,-57.25
109326,1477,151,606,-14.25,-56.75
109327,1478,151,607,-14.25,-56.25
109328,1479,151,608,-14.25,-55.75
109329,1480,151,609,-14.25,-55.25
109330,1481,151,610,-14.25,-54.75
109331,1482,151,611,-14.25,-54.25
109332,1483,151,612,-14.25,-53.75
109333,1484,151,613,-14.25,-53.25
109334,1485,151,614,-14.25,-52.75
109335,1486,151,615,-14.25,-52.25
109338,1487,151,618,-14.25,-50.75
109339,1488,151,619,-14.25,-50.25
109340,1489,151,620,-14.25,-49.75
109341,1490,151,621,-14.25,-49.25
109342,1491,151,622,-14.25,-48.75
109343,1492,151,623,-14.25,-48.25
109344,1493,151,624,-14.25,-47.75
109345,1494,151,625,-14.25,-47.25
109346,1495,151,626,-14.25,-46.75
109347,1496,151,627,-14.25,-46.25
109520,1497,152,80,-13.75,40.25
109537,1498,152,97,-13.75,48.75
109538,1499,152,98,-13.75,49.25
109539,1500,152,99,-13.75,49.75
109724,1501,152,284,-13.75,142.25
109725,1502,152,285,-13.75,142.75
110039,1503,152,599,-13.75,-60.25
110040,1504,152,600,-13.75,-59.75
110043,1505,152,603,-13.75,-58.25
110044,1506,152,604,-13.75,-57.75
110045,1507,152,605,-13.75,-57.25
110046,1508,152,606,-13.75,-56.75
110047,1509,152,607,-13.75,-56.25
110048,1510,152,608,-13.75,-55.75
110049,1511,152,609,-13.75,-55.25
110050,1512,152,610,-13.75,-54.75
110051,1513,152,611,-13.75,-54.25
110053,1514,152,613,-13.75,-53.25
110054,1515,152,614,-13.75,-52.75
110055,1516,152,615,-13.75,-52.25
110058,1517,152,618,-13.75,-50.75
110059,1518,152,619,-13.75,-50.25
110060,1519,152,620,-13.75,-49.75
110061,1520,152,621,-13.75,-49.25
110062,1521,152,622,-13.75,-48.75
110063,1522,152,623,-13.75,-48.25
110064,1523,152,624,-13.75,-47.75
110065,1524,152,625,-13.75,-47.25
110066,1525,152,626,-13.75,-46.75
110067,1526,152,627,-13.75,-46.25
110189,1527,153,29,-13.25,14.75
110230,1528,153,70,-13.25,35.25
110235,1529,153,75,-13.25,37.75
110759,1530,153,599,-13.25,-60.25
110760,1531,153,600,-13.25,-59.75
110761,1532,153,601,-13.25,-59.25
110763,1533,153,603,-13.25,-58.25
110764,1534,153,604,-13.25,-57.75
110765,1535,153,605,-13.25,-57.25
110766,1536,153,606,-13.25,-56.75
110767,1537,153,607,-13.25,-56.25
110768,1538,153,608,-13.25,-55.75
110769,1539,153,609,-13.25,-55.25
110774,1540,153,614,-13.25,-52.75
110775,1541,153,615,-13.25,-52.25
110776,1542,153,616,-13.25,-51.75
110777,1543,153,617,-13.25,-51.25
110779,1544,153,619,-13.25,-50.25
110780,1545,153,620,-13.25,-49.75
110781,1546,153,621,-13.25,-49.25
110782,1547,153,622,-13.25,-48.75
110783,1548,153,623,-13.25,-48.25
110785,1549,153,625,-13.25,-47.25
110786,1550,153,626,-13.25,-46.75
110787,1551,153,627,-13.25,-46.25
110946,1552,154,66,-12.75,33.25
110949,1553,154,69,-12.75,34.75
110950,1554,154,70,-12.75,35.25
111479,1555,154,599,-12.75,-60.25
111483,1556,154,603,-12.75,-58.25
111484,1557,154,604,-12.75,-57.75
111485,1558,154,605,-12.75,-57.25
111486,1559,154,606,-12.75,-56.75
111487,1560,154,607,-12.75,-56.25
111488,1561,154,608,-12.75,-55.75
111489,1562,154,609,-12.75,-55.25
111494,1563,154,614,-12.75,-52.75
111495,1564,154,615,-12.75,-52.25
111496,1565,154,616,-12.75,-51.75
111497,1566,154,617,-12.75,-51.25
111498,1567,154,618,-12.75,-50.75
111499,1568,154,619,-12.75,-50.25
111666,1569,155,66,-12.25,33.25
111678,1570,155,78,-12.25,39.25
111680,1571,155,80,-12.25,40.25
112200,1572,155,600,-12.25,-59.75
112202,1573,155,602,-12.25,-58.75
112203,1574,155,603,-12.25,-58.25
112204,1575,155,604,-12.25,-57.75
112205,1576,155,605,-12.25,-57.25
112206,1577,155,606,-12.25,-56.75
112207,1578,155,607,-12.25,-56.25
112208,1579,155,608,-12.25,-55.75
112209,1580,155,609,-12.25,-55.25
112210,1581,155,610,-12.25,-54.75
112214,1582,155,614,-12.25,-52.75
112215,1583,155,615,-12.25,-52.25
112216,1584,155,616,-12.25,-51.75
112217,1585,155,617,-12.25,-51.25
112390,1586,156,70,-11.75,35.25
112392,1587,156,72,-11.75,36.25
112393,1588,156,73,-11.75,36.75
112394,1589,156,74,-11.75,37.25
112395,1590,156,75,-11.75,37.75
112396,1591,156,76,-11.75,38.25
112397,1592,156,77,-11.75,38.75
112399,1593,156,79,-11.75,39.75
112920,1594,156,600,-11.75,-59.75
112921,1595,156,601,-11.75,-59.25
112922,1596,156,602,-11.75,-58.75
112923,1597,156,603,-11.75,-58.25
112924,1598,156,604,-11.75,-57.75
112925,1599,156,605,-11.75,-57.25
112926,1600,156,606,-11.75,-56.75
112927,1601,156,607,-11.75,-56.25
112928,1602,156,608,-11.75,-55.75
112929,1603,156,609,-11.75,-55.25
112930,1604,156,610,-11.75,-54.75
112935,1605,156,615,-11.75,-52.25
112936,1606,156,616,-11.75,-51.75
112937,1607,156,617,-11.75,-51.25
112938,1608,156,618,-11.75,-50.75
113068,1609,157,28,-11.25,14.25
113084,1610,157,44,-11.25,22.25
113093,1611,157,53,-11.25,26.75
113109,1612,157,69,-11.25,34.75
113110,1613,157,70,-11.25,35.25
113112,1614,157,72,-11.25,36.25
113114,1615,157,74,-11.25,37.25
113115,1616,157,75,-11.25,37.75
113116,1617,157,76,-11.25,38.25
113117,1618,157,77,-11.25,38.75
113118,1619,157,78,-11.25,39.25
113119,1620,157,79,-11.25,39.75
113641,1621,157,601,-11.25,-59.25
113642,1622,157,602,-11.25,-58.75
113643,1623,157,603,-11.25,-58.25
113644,1624,157,604,-11.25,-57.75
113645,1625,157,605,-11.25,-57.25
113646,1626,157,606,-11.25,-56.75
113647,1627,157,607,-11.25,-56.25
113648,1628,157,608,-11.25,-55.75
113649,1629,157,609,-11.25,-55.25
113650,1630,157,610,-11.25,-54.75
113654,1631,157,614,-11.25,-52.75
113655,1632,157,615,-11.25,-52.25
113656,1633,157,616,-11.25,-51.75
113804,1634,158,44,-10.75,22.25
113805,1635,158,45,-10.75,22.75
113810,1636,158,50,-10.75,25.25
113817,1637,158,57,-10.75,28.75
113829,1638,158,69,-10.75,34.75
113830,1639,158,70,-10.75,35.25
113831,1640,158,71,-10.75,35.75
113832,1641,158,72,-10.75,36.25
113833,1642,158,73,-10.75,36.75
113834,1643,158,74,-10.75,37.25
113835,1644,158,75,-10.75,37.75
113836,1645,158,76,-10.75,38.25
113837,1646,158,77,-10.75,38.75
113838,1647,158,78,-10.75,39.25
113839,1648,158,79,-10.75,39.75
113840,1649,158,80,-10.75,40.25
114357,1650,158,597,-10.75,-61.25
114360,1651,158,600,-10.75,-59.75
114361,1652,158,601,-10.75,-59.25
114362,1653,158,602,-10.75,-58.75
114363,1654,158,603,-10.75,-58.25
114364,1655,158,604,-10.75,-57.75
114365,1656,158,605,-10.75,-57.25
114366,1657,158,606,-10.75,-56.75
114367,1658,158,607,-10.75,-56.25
114368,1659,158,608,-10.75,-55.75
114369,1660,158,609,-10.75,-55.25
114370,1661,158,610,-10.75,-54.75
114371,1662,158,611,-10.75,-54.25
114372,1663,158,612,-10.75,-53.75
114374,1664,158,614,-10.75,-52.75
114375,1665,158,615,-10.75,-52.25
114376,1666,158,616,-10.75,-51.75
114377,1667,158,617,-10.75,-51.25
114524,1668,159,44,-10.25,22.25
114525,1669,159,45,-10.25,22.75
114526,1670,159,46,-10.25,23.25
114533,1671,159,53,-10.25,26.75
114536,1672,159,56,-10.25,28.25
114548,1673,159,68,-10.25,34.25
114549,1674,159,69,-10.25,34.75
114550,1675,159,70,-10.25,35.25
114551,1676,159,71,-10.25,35.75
114552,1677,159,72,-10.25,36.25
114553,1678,159,73,-10.25,36.75
114554,1679,159,74,-10.25,37.25
114555,1680,159,75,-10.25,37.75
114556,1681,159,76,-10.25,38.25
114557,1682,159,77,-10.25,38.75
114558,1683,159,78,-10.25,39.25
115077,1684,159,597,-10.25,-61.25
115078,1685,159,598,-10.25,-60.75
115080,1686,159,600,-10.25,-59.75
115081,1687,159,601,-10.25,-59.25
115082,1688,159,602,-10.25,-58.75
115083,1689,159,603,-10.25,-58.25
115084,1690,159,604,-10.25,-57.75
115085,1691,159,605,-10.25,-57.25
115086,1692,159,606,-10.25,-56.75
115087,1693,159,607,-10.25,-56.25
115088,1694,159,608,-10.25,-55.75
115089,1695,159,609,-10.25,-55.25
115090,1696,159,610,-10.25,-54.75
115091,1697,159,611,-10.25,-54.25
115092,1698,159,612,-10.25,-53.75
115094,1699,159,614,-10.25,-52.75
115095,1700,159,615,-10.25,-52.25
115096,1701,159,616,-10.25,-51.75
115097,1702,159,617,-10.25,-51.25
115098,1703,159,618,-10.25,-50.75
115244,1704,160,44,-9.75,22.25
115245,1705,160,45,-9.75,22.75
115246,1706,160,46,-9.75,23.25
115247,1707,160,47,-9.75,23.75
115251,1708,160,51,-9.75,25.75
115252,1709,160,52,-9.75,26.25
115266,1710,160,66,-9.75,33.25
115267,1711,160,67,-9.75,33.75
115268,1712,160,68,-9.75,34.25
115269,1713,160,69,-9.75,34.75
115270,1714,160,70,-9.75,35.25
115271,1715,160,71,-9.75,35.75
115272,1716,160,72,-9.75,36.25
115273,1717,160,73,-9.75,36.75
115274,1718,160,74,-9.75,37.25
115275,1719,160,75,-9.75,37.75
115276,1720,160,76,-9.75,38.25
115277,1721,160,77,-9.75,38.75
115278,1722,160,78,-9.75,39.25
115448,1723,160,248,-9.75,124.25
115798,1724,160,598,-9.75,-60.75
115801,1725,160,601,-9.75,-59.25
115802,1726,160,602,-9.75,-58.75
115803,1727,160,603,-9.75,-58.25
115804,1728,160,604,-9.75,-57.75
115805,1729,160,605,-9.75,-57.25
115806,1730,160,606,-9.75,-56.75
115807,1731,160,607,-9.75,-56.25
115810,1732,160,610,-9.75,-54.75
115811,1733,160,611,-9.75,-54.25
115812,1734,160,612,-9.75,-53.75
115813,1735,160,613,-9.75,-53.25
115815,1736,160,615,-9.75,-52.25
115816,1737,160,616,-9.75,-51.75
115817,1738,160,617,-9.75,-51.25
115963,1739,161,43,-9.25,21.75
115965,1740,161,45,-9.25,22.75
115966,1741,161,46,-9.25,23.25
115967,1742,161,47,-9.25,23.75
115968,1743,161,48,-9.25,24.25
115969,1744,161,49,-9.25,24.75
115971,1745,161,51,-9.25,25.75
115972,1746,161,52,-9.25,26.25
115978,1747,161,58,-9.25,29.25
115983,1748,161,63,-9.25,31.75
115984,1749,161,64,-9.25,32.25
115985,1750,161,65,-9.25,32.75
115986,1751,161,66,-9.25,33.25
115987,1752,161,67,-9.25,33.75
115988,1753,161,68,-9.25,34.25
115989,1754,161,69,-9.25,34.75
115990,1755,161,70,-9.25,35.25
115991,1756,161,71,-9.25,35.75
115992,1757,161,72,-9.25,36.25
115993,1758,161,73,-9.25,36.75
115994,1759,161,74,-9.25,37.25
115995,1760,161,75,-9.25,37.75
115996,1761,161,76,-9.25,38.25
115997,1762,161,77,-9.25,38.75
115998,1763,161,78,-9.25,39.25
116518,1764,161,598,-9.25,-60.75
116521,1765,161,601,-9.25,-59.25
116522,1766,161,602,-9.25,-58.75
116523,1767,161,603,-9.25,-58.25
116525,1768,161,605,-9.25,-57.25
116683,1769,162,43,-8.75,21.75
116684,1770,162,44,-8.75,22.25
116685,1771,162,45,-8.75,22.75
116686,1772,162,46,-8.75,23.25
116687,1773,162,47,-8.75,23.75
116688,1774,162,48,-8.75,24.25
116689,1775,162,49,-8.75,24.75
116690,1776,162,50,-8.75,25.25
116691,1777,162,51,-8.75,25.75
116692,1778,162,52,-8.75,26.25
116693,1779,162,53,-8.75,26.75
116702,1780,162,62,-8.75,31.25
116703,1781,162,63,-8.75,31.75
116704,1782,162,64,-8.75,32.25
116705,1783,162,65,-8.75,32.75
116706,1784,162,66,-8.75,33.25
116707,1785,162,67,-8.75,33.75
116708,1786,162,68,-8.75,34.25
116709,1787,162,69,-8.75,34.75
116710,1788,162,70,-8.75,35.25
116711,1789,162,71,-8.75,35.75
116712,1790,162,72,-8.75,36.25
116713,1791,162,73,-8.75,36.75
116714,1792,162,74,-8.75,37.25
116715,1793,162,75,-8.75,37.75
116716,1794,162,76,-8.75,38.25
116717,1795,162,77,-8.75,38.75
116874,1796,162,234,-8.75,117.25
117244,1797,162,604,-8.75,-57.75
117394,1798,163,34,-8.25,17.25
117395,1799,163,35,-8.25,17.75
117396,1800,163,36,-8.25,18.25
117403,1801,163,43,-8.25,21.75
117404,1802,163,44,-8.25,22.25
117405,1803,163,45,-8.25,22.75
117406,1804,163,46,-8.25,23.25
117407,1805,163,47,-8.25,23.75
117408,1806,163,48,-8.25,24.25
117409,1807,163,49,-8.25,24.75
117410,1808,163,50,-8.25,25.25
117411,1809,163,51,-8.25,25.75
117412,1810,163,52,-8.25,26.25
117413,1811,163,53,-8.25,26.75
117414,1812,163,54,-8.25,27.25
117416,1813,163,56,-8.25,28.25
117418,1814,163,58,-8.25,29.25
117419,1815,163,59,-8.25,29.75
117420,1816,163,60,-8.25,30.25
117422,1817,163,62,-8.25,31.25
117423,1818,163,63,-8.25,31.75
117424,1819,163,64,-8.25,32.25
117425,1820,163,65,-8.25,32.75
117426,1821,163,66,-8.25,33.25
117427,1822,163,67,-8.25,33.75
117428,1823,163,68,-8.25,34.25
117429,1824,163,69,-8.25,34.75
117430,1825,163,70,-8.25,35.25
117431,1826,163,71,-8.25,35.75
117432,1827,163,72,-8.25,36.25
117433,1828,163,73,-8.25,36.75
117434,1829,163,74,-8.25,37.25
117435,1830,163,75,-8.25,37.75
117436,1831,163,76,-8.25,38.25
117437,1832,163,77,-8.25,38.75
118114,1833,164,34,-7.75,17.25
118115,1834,164,35,-7.75,17.75
118116,1835,164,36,-7.75,18.25
118118,1836,164,38,-7.75,19.25
118123,1837,164,43,-7.75,21.75
118124,1838,164,44,-7.75,22.25
118125,1839,164,45,-7.75,22.75
118126,1840,164,46,-7.75,23.25
118127,1841,164,47,-7.75,23.75
118128,1842,164,48,-7.75,24.25
118129,1843,164,49,-7.75,24.75
118130,1844,164,50,-7.75,25.25
118131,1845,164,51,-7.75,25.75
118132,1846,164,52,-7.75,26.25
118133,1847,164,53,-7.75,26.75
118134,1848,164,54,-7.75,27.25
118136,1849,164,56,-7.75,28.25
118139,1850,164,59,-7.75,29.75
118140,1851,164,60,-7.75,30.25
118141,1852,164,61,-7.75,30.75
118142,1853,164,62,-7.75,31.25
118143,1854,164,63,-7.75,31.75
118144,1855,164,64,-7.75,32.25
118145,1856,164,65,-7.75,32.75
118148,1857,164,68,-7.75,34.25
118149,1858,164,69,-7.75,34.75
118150,1859,164,70,-7.75,35.25
118151,1860,164,71,-7.75,35.75
118152,1861,164,72,-7.75,36.25
118153,1862,164,73,-7.75,36.75
118154,1863,164,74,-7.75,37.25
118155,1864,164,75,-7.75,37.75
118156,1865,164,76,-7.75,38.25
118157,1866,164,77,-7.75,38.75
118301,1867,164,221,-7.75,110.75
118302,1868,164,222,-7.75,111.25
118303,1869,164,223,-7.75,111.75
118304,1870,164,224,-7.75,112.25
118833,1871,165,33,-7.25,16.75
118834,1872,165,34,-7.25,17.25
118835,1873,165,35,-7.25,17.75
118836,1874,165,36,-7.25,18.25
118837,1875,165,37,-7.25,18.75
118838,1876,165,38,-7.25,19.25
118839,1877,165,39,-7.25,19.75
118840,1878,165,40,-7.25,20.25
118841,1879,165,41,-7.25,20.75
118842,1880,165,42,-7.25,21.25
118843,1881,165,43,-7.25,21.75
118844,1882,165,44,-7.25,22.25
118845,1883,165,45,-7.25,22.75
118846,1884,165,46,-7.25,23.25
118847,1885,165,47,-7.25,23.75
118848,1886,165,48,-7.25,24.25
118849,1887,165,49,-7.25,24.75
118850,1888,165,50,-7.25,25.25
118851,1889,165,51,-7.25,25.75
118852,1890,165,52,-7.25,26.25
118853,1891,165,53,-7.25,26.75
118854,1892,165,54,-7.25,27.25
118855,1893,165,55,-7.25,27.75
118856,1894,165,56,-7.25,28.25
118857,1895,165,57,-7.25,28.75
118858,1896,165,58,-7.25,29.25
118859,1897,165,59,-7.25,29.75
118861,1898,165,61,-7.25,30.75
118862,1899,165,62,-7.25,31.25
118864,1900,165,64,-7.25,32.25
118865,1901,165,65,-7.25,32.75
118867,1902,165,67,-7.25,33.75
118868,1903,165,68,-7.25,34.25
118869,1904,165,69,-7.25,34.75
118870,1905,165,70,-7.25,35.25
118871,1906,165,71,-7.25,35.75
118872,1907,165,72,-7.25,36.25
118873,1908,165,73,-7.25,36.75
118874,1909,165,74,-7.25,37.25
118875,1910,165,75,-7.25,37.75
118876,1911,165,76,-7.25,38.25
118877,1912,165,77,-7.25,38.75
119015,1913,165,215,-7.25,107.75
119016,1914,165,216,-7.25,108.25
119017,1915,165,217,-7.25,108.75
119018,1916,165,218,-7.25,109.25
119019,1917,165,219,-7.25,109.75
119020,1918,165,220,-7.25,110.25
119021,1919,165,221,-7.25,110.75
119022,1920,165,222,-7.25,111.25
119023,1921,165,223,-7.25,111.75
119024,1922,165,224,-7.25,112.25
119553,1923,166,33,-6.75,16.75
119554,1924,166,34,-6.75,17.25
119555,1925,166,35,-6.75,17.75
119556,1926,166,36,-6.75,18.25
119557,1927,166,37,-6.75,18.75
119558,1928,166,38,-6.75,19.25
119559,1929,166,39,-6.75,19.75
119560,1930,166,40,-6.75,20.25
119561,1931,166,41,-6.75,20.75
119562,1932,166,42,-6.75,21.25
119563,1933,166,43,-6.75,21.75
119564,1934,166,44,-6.75,22.25
119565,1935,166,45,-6.75,22.75
119566,1936,166,46,-6.75,23.25
119567,1937,166,47,-6.75,23.75
119568,1938,166,48,-6.75,24.25
119569,1939,166,49,-6.75,24.75
119570,1940,166,50,-6.75,25.25
119571,1941,166,51,-6.75,25.75
119572,1942,166,52,-6.75,26.25
119573,1943,166,53,-6.75,26.75
119574,1944,166,54,-6.75,27.25
119575,1945,166,55,-6.75,27.75
119577,1946,166,57,-6.75,28.75
119578,1947,166,58,-6.75,29.25
119579,1948,166,59,-6.75,29.75
119580,1949,166,60,-6.75,30.25
119581,1950,166,61,-6.75,30.75
119582,1951,166,62,-6.75,31.25
119584,1952,166,64,-6.75,32.25
119585,1953,166,65,-6.75,32.75
119586,1954,166,66,-6.75,33.25
119587,1955,166,67,-6.75,33.75
119588,1956,166,68,-6.75,34.25
119589,1957,166,69,-6.75,34.75
119590,1958,166,70,-6.75,35.25
119591,1959,166,71,-6.75,35.75
119592,1960,166,72,-6.75,36.25
119593,1961,166,73,-6.75,36.75
119594,1962,166,74,-6.75,37.25
119595,1963,166,75,-6.75,37.75
119596,1964,166,76,-6.75,38.25
119597,1965,166,77,-6.75,38.75
119733,1966,166,213,-6.75,106.75
119734,1967,166,214,-6.75,107.25
119735,1968,166,215,-6.75,107.75
119736,1969,166,216,-6.75,108.25
120273,1970,167,33,-6.25,16.75
120274,1971,167,34,-6.25,17.25
120275,1972,167,35,-6.25,17.75
120276,1973,167,36,-6.25,18.25
120277,1974,167,37,-6.25,18.75
120278,1975,167,38,-6.25,19.25
120279,1976,167,39,-6.25,19.75
120280,1977,167,40,-6.25,20.25
120281,1978,167,41,-6.25,20.75
120284,1979,167,44,-6.25,22.25
120285,1980,167,45,-6.25,22.75
120286,1981,167,46,-6.25,23.25
120287,1982,167,47,-6.25,23.75
120288,1983,167,48,-6.25,24.25
120289,1984,167,49,-6.25,24.75
120290,1985,167,50,-6.25,25.25
120291,1986,167,51,-6.25,25.75
120292,1987,167,52,-6.25,26.25
120293,1988,167,53,-6.25,26.75
120294,1989,167,54,-6.25,27.25
120295,1990,167,55,-6.25,27.75
120296,1991,167,56,-6.25,28.25
120298,1992,167,58,-6.25,29.25
120299,1993,167,59,-6.25,29.75
120300,1994,167,60,-6.25,30.25
120301,1995,167,61,-6.25,30.75
120302,1996,167,62,-6.25,31.25
120304,1997,167,64,-6.25,32.25
120305,1998,167,65,-6.25,32.75
120307,1999,167,67,-6.25,33.75
120308,2000,167,68,-6.25,34.25
120309,2001,167,69,-6.25,34.75
120310,2002,167,70,-6.25,35.25
120311,2003,167,71,-6.25,35.75
120312,2004,167,72,-6.25,36.25
120313,2005,167,73,-6.25,36.75
120314,2006,167,74,-6.25,37.25
120315,2007,167,75,-6.25,37.75
120316,2008,167,76,-6.25,38.25
120452,2009,167,212,-6.25,106.25
120987,2010,168,27,-5.75,13.75
120988,2011,168,28,-5.75,14.25
120989,2012,168,29,-5.75,14.75
120990,2013,168,30,-5.75,15.25
120991,2014,168,31,-5.75,15.75
120992,2015,168,32,-5.75,16.25
120993,2016,168,33,-5.75,16.75
120994,2017,168,34,-5.75,17.25
120995,2018,168,35,-5.75,17.75
120996,2019,168,36,-5.75,18.25
120997,2020,168,37,-5.75,18.75
120998,2021,168,38,-5.75,19.25
120999,2022,168,39,-5.75,19.75
121000,2023,168,40,-5.75,20.25
121001,2024,168,41,-5.75,20.75
121002,2025,168,42,-5.75,21.25
121003,2026,168,43,-5.75,21.75
121004,2027,168,44,-5.75,22.25
121005,2028,168,45,-5.75,22.75
121006,2029,168,46,-5.75,23.25
121007,2030,168,47,-5.75,23.75
121008,2031,168,48,-5.75,24.25
121009,2032,168,49,-5.75,24.75
121010,2033,168,50,-5.75,25.25
121011,2034,168,51,-5.75,25.75
121012,2035,168,52,-5.75,26.25
121013,2036,168,53,-5.75,26.75
121014,2037,168,54,-5.75,27.25
121015,2038,168,55,-5.75,27.75
121017,2039,168,57,-5.75,28.75
121018,2040,168,58,-5.75,29.25
121019,2041,168,59,-5.75,29.75
121020,2042,168,60,-5.75,30.25
121022,2043,168,62,-5.75,31.25
121023,2044,168,63,-5.75,31.75
121024,2045,168,64,-5.75,32.25
121025,2046,168,65,-5.75,32.75
121026,2047,168,66,-5.75,33.25
121027,2048,168,67,-5.75,33.75
121028,2049,168,68,-5.75,34.25
121029,2050,168,69,-5.75,34.75
121030,2051,168,70,-5.75,35.25
121031,2052,168,71,-5.75,35.75
121032,2053,168,72,-5.75,36.25
121033,2054,168,73,-5.75,36.75
121034,2055,168,74,-5.75,37.25
121035,2056,168,75,-5.75,37.75
121036,2057,168,76,-5.75,38.25
121705,2058,169,25,-5.25,12.75
121706,2059,169,26,-5.25,13.25
121707,2060,169,27,-5.25,13.75
121708,2061,169,28,-5.25,14.25
121709,2062,169,29,-5.25,14.75
121710,2063,169,30,-5.25,15.25
121711,2064,169,31,-5.25,15.75
121712,2065,169,32,-5.25,16.25
121713,2066,169,33,-5.25,16.75
121714,2067,169,34,-5.25,17.25
121715,2068,169,35,-5.25,17.75
121716,2069,169,36,-5.25,18.25
121717,2070,169,37,-5.25,18.75
121718,2071,169,38,-5.25,19.25
121719,2072,169,39,-5.25,19.75
121720,2073,169,40,-5.25,20.25
121721,2074,169,41,-5.25,20.75
121722,2075,169,42,-5.25,21.25
121723,2076,169,43,-5.25,21.75
121724,2077,169,44,-5.25,22.25
121725,2078,169,45,-5.25,22.75
121727,2079,169,47,-5.25,23.75
121728,2080,169,48,-5.25,24.25
121729,2081,169,49,-5.25,24.75
121730,2082,169,50,-5.25,25.25
121731,2083,169,51,-5.25,25.75
121732,2084,169,52,-5.25,26.25
121733,2085,169,53,-5.25,26.75
121734,2086,169,54,-5.25,27.25
121735,2087,169,55,-5.25,27.75
121736,2088,169,56,-5.25,28.25
121737,2089,169,57,-5.25,28.75
121739,2090,169,59,-5.25,29.75
121740,2091,169,60,-5.25,30.25
121741,2092,169,61,-5.25,30.75
121742,2093,169,62,-5.25,31.25
121743,2094,169,63,-5.25,31.75
121744,2095,169,64,-5.25,32.25
121745,2096,169,65,-5.25,32.75
121746,2097,169,66,-5.25,33.25
121747,2098,169,67,-5.25,33.75
121748,2099,169,68,-5.25,34.25
121749,2100,169,69,-5.25,34.75
121750,2101,169,70,-5.25,35.25
121751,2102,169,71,-5.25,35.75
121752,2103,169,72,-5.25,36.25
121753,2104,169,73,-5.25,36.75
121754,2105,169,74,-5.25,37.25
121755,2106,169,75,-5.25,37.75
121756,2107,169,76,-5.25,38.25
121757,2108,169,77,-5.25,38.75
121889,2109,169,209,-5.25,104.75
121919,2110,169,239,-5.25,119.75
122424,2111,170,24,-4.75,12.25
122425,2112,170,25,-4.75,12.75
122426,2113,170,26,-4.75,13.25
122427,2114,170,27,-4.75,13.75
122428,2115,170,28,-4.75,14.25
122429,2116,170,29,-4.75,14.75
122430,2117,170,30,-4.75,15.25
122431,2118,170,31,-4.75,15.75
122432,2119,170,32,-4.75,16.25
122433,2120,170,33,-4.75,16.75
122434,2121,170,34,-4.75,17.25
122435,2122,170,35,-4.75,17.75
122436,2123,170,36,-4.75,18.25
122437,2124,170,37,-4.75,18.75
122438,2125,170,38,-4.75,19.25
122439,2126,170,39,-4.75,19.75
122440,2127,170,40,-4.75,20.25
122441,2128,170,41,-4.75,20.75
122442,2129,170,42,-4.75,21.25
122443,2130,170,43,-4.75,21.75
122444,2131,170,44,-4.75,22.25
122445,2132,170,45,-4.75,22.75
122446,2133,170,46,-4.75,23.25
122448,2134,170,48,-4.75,24.25
122449,2135,170,49,-4.75,24.75
122450,2136,170,50,-4.75,25.25
122451,2137,170,51,-4.75,25.75
122452,2138,170,52,-4.75,26.25
122453,2139,170,53,-4.75,26.75
122454,2140,170,54,-4.75,27.25
122455,2141,170,55,-4.75,27.75
122456,2142,170,56,-4.75,28.25
122457,2143,170,57,-4.75,28.75
122458,2144,170,58,-4.75,29.25
122459,2145,170,59,-4.75,29.75
122460,2146,170,60,-4.75,30.25
122461,2147,170,61,-4.75,30.75
122462,2148,170,62,-4.75,31.25
122463,2149,170,63,-4.75,31.75
122464,2150,170,64,-4.75,32.25
122465,2151,170,65,-4.75,32.75
122466,2152,170,66,-4.75,33.25
122467,2153,170,67,-4.75,33.75
122468,2154,170,68,-4.75,34.25
122469,2155,170,69,-4.75,34.75
122470,2156,170,70,-4.75,35.25
122471,2157,170,71,-4.75,35.75
122472,2158,170,72,-4.75,36.25
122473,2159,170,73,-4.75,36.75
122474,2160,170,74,-4.75,37.25
122475,2161,170,75,-4.75,37.75
122476,2162,170,76,-4.75,38.25
122477,2163,170,77,-4.75,38.75
122608,2164,170,208,-4.75,104.25
122609,2165,170,209,-4.75,104.75
122610,2166,170,210,-4.75,105.25
123144,2167,171,24,-4.25,12.25
123145,2168,171,25,-4.25,12.75
123146,2169,171,26,-4.25,13.25
123147,2170,171,27,-4.25,13.75
123148,2171,171,28,-4.25,14.25
123149,2172,171,29,-4.25,14.75
123150,2173,171,30,-4.25,15.25
123151,2174,171,31,-4.25,15.75
123152,2175,171,32,-4.25,16.25
123153,2176,171,33,-4.25,16.75
123154,2177,171,34,-4.25,17.25
123155,2178,171,35,-4.25,17.75
123156,2179,171,36,-4.25,18.25
123157,2180,171,37,-4.25,18.75
123158,2181,171,38,-4.25,19.25
123159,2182,171,39,-4.25,19.75
123160,2183,171,40,-4.25,20.25
123161,2184,171,41,-4.25,20.75
123162,2185,171,42,-4.25,21.25
123163,2186,171,43,-4.25,21.75
123164,2187,171,44,-4.25,22.25
123166,2188,171,46,-4.25,23.25
123168,2189,171,48,-4.25,24.25
123169,2190,171,49,-4.25,24.75
123170,2191,171,50,-4.25,25.25
123171,2192,171,51,-4.25,25.75
123172,2193,171,52,-4.25,26.25
123173,2194,171,53,-4.25,26.75
123174,2195,171,54,-4.25,27.25
123175,2196,171,55,-4.25,27.75
123176,2197,171,56,-4.25,28.25
123177,2198,171,57,-4.25,28.75
123178,2199,171,58,-4.25,29.25
123179,2200,171,59,-4.25,29.75
123180,2201,171,60,-4.25,30.25
123181,2202,171,61,-4.25,30.75
123182,2203,171,62,-4.25,31.25
123183,2204,171,63,-4.25,31.75
123184,2205,171,64,-4.25,32.25
123185,2206,171,65,-4.25,32.75
123186,2207,171,66,-4.25,33.25
123187,2208,171,67,-4.25,33.75
123188,2209,171,68,-4.25,34.25
123189,2210,171,69,-4.25,34.75
123190,2211,171,70,-4.25,35.25
123191,2212,171,71,-4.25,35.75
123192,2213,171,72,-4.25,36.25
123193,2214,171,73,-4.25,36.75
123194,2215,171,74,-4.25,37.25
123195,2216,171,75,-4.25,37.75
123196,2217,171,76,-4.25,38.25
123197,2218,171,77,-4.25,38.75
123198,2219,171,78,-4.25,39.25
123326,2220,171,206,-4.25,103.25
123327,2221,171,207,-4.25,103.75
123328,2222,171,208,-4.25,104.25
123329,2223,171,209,-4.25,104.75
123330,2224,171,210,-4.25,105.25
123863,2225,172,23,-3.75,11.75
123864,2226,172,24,-3.75,12.25
123865,2227,172,25,-3.75,12.75
123867,2228,172,27,-3.75,13.75
123868,2229,172,28,-3.75,14.25
123869,2230,172,29,-3.75,14.75
123870,2231,172,30,-3.75,15.25
123871,2232,172,31,-3.75,15.75
123872,2233,172,32,-3.75,16.25
123873,2234,172,33,-3.75,16.75
123874,2235,172,34,-3.75,17.25
123875,2236,172,35,-3.75,17.75
123876,2237,172,36,-3.75,18.25
123877,2238,172,37,-3.75,18.75
123880,2239,172,40,-3.75,20.25
123882,2240,172,42,-3.75,21.25
123883,2241,172,43,-3.75,21.75
123884,2242,172,44,-3.75,22.25
123886,2243,172,46,-3.75,23.25
123887,2244,172,47,-3.75,23.75
123888,2245,172,48,-3.75,24.25
123889,2246,172,49,-3.75,24.75
123890,2247,172,50,-3.75,25.25
123891,2248,172,51,-3.75,25.75
123894,2249,172,54,-3.75,27.25
123895,2250,172,55,-3.75,27.75
123896,2251,172,56,-3.75,28.25
123897,2252,172,57,-3.75,28.75
123898,2253,172,58,-3.75,29.25
123899,2254,172,59,-3.75,29.75
123900,2255,172,60,-3.75,30.25
123901,2256,172,61,-3.75,30.75
123902,2257,172,62,-3.75,31.25
123903,2258,172,63,-3.75,31.75
123904,2259,172,64,-3.75,32.25
123905,2260,172,65,-3.75,32.75
123906,2261,172,66,-3.75,33.25
123907,2262,172,67,-3.75,33.75
123908,2263,172,68,-3.75,34.25
123909,2264,172,69,-3.75,34.75
123910,2265,172,70,-3.75,35.25
123911,2266,172,71,-3.75,35.75
123912,2267,172,72,-3.75,36.25
123913,2268,172,73,-3.75,36.75
123914,2269,172,74,-3.75,37.25
123915,2270,172,75,-3.75,37.75
123916,2271,172,76,-3.75,38.25
123917,2272,172,77,-3.75,38.75
123918,2273,172,78,-3.75,39.25
124045,2274,172,205,-3.75,102.75
124046,2275,172,206,-3.75,103.25
124047,2276,172,207,-3.75,103.75
124048,2277,172,208,-3.75,104.25
124049,2278,172,209,-3.75,104.75
124050,2279,172,210,-3.75,105.25
124083,2280,172,243,-3.75,121.75
124582,2281,173,22,-3.25,11.25
124583,2282,173,23,-3.25,11.75
124584,2283,173,24,-3.25,12.25
124585,2284,173,25,-3.25,12.75
124588,2285,173,28,-3.25,14.25
124589,2286,173,29,-3.25,14.75
124590,2287,173,30,-3.25,15.25
124591,2288,173,31,-3.25,15.75
124592,2289,173,32,-3.25,16.25
124593,2290,173,33,-3.25,16.75
124594,2291,173,34,-3.25,17.25
124595,2292,173,35,-3.25,17.75
124596,2293,173,36,-3.25,18.25
124597,2294,173,37,-3.25,18.75
124603,2295,173,43,-3.25,21.75
124607,2296,173,47,-3.25,23.75
124608,2297,173,48,-3.25,24.25
124609,2298,173,49,-3.25,24.75
124610,2299,173,50,-3.25,25.25
124611,2300,173,51,-3.25,25.75
124616,2301,173,56,-3.25,28.25
124617,2302,173,57,-3.25,28.75
124618,2303,173,58,-3.25,29.25
124619,2304,173,59,-3.25,29.75
124620,2305,173,60,-3.25,30.25
124621,2306,173,61,-3.25,30.75
124622,2307,173,62,-3.25,31.25
124623,2308,173,63,-3.25,31.75
124624,2309,173,64,-3.25,32.25
124625,2310,173,65,-3.25,32.75
124626,2311,173,66,-3.25,33.25
124627,2312,173,67,-3.25,33.75
124628,2313,173,68,-3.25,34.25
124629,2314,173,69,-3.25,34.75
124630,2315,173,70,-3.25,35.25
124631,2316,173,71,-3.25,35.75
124632,2317,173,72,-3.25,36.25
124633,2318,173,73,-3.25,36.75
124634,2319,173,74,-3.25,37.25
124635,2320,173,75,-3.25,37.75
124636,2321,173,76,-3.25,38.25
124637,2322,173,77,-3.25,38.75
124638,2323,173,78,-3.25,39.25
124765,2324,173,205,-3.25,102.75
124766,2325,173,206,-3.25,103.25
124767,2326,173,207,-3.25,103.75
124768,2327,173,208,-3.25,104.25
124769,2328,173,209,-3.25,104.75
124770,2329,173,210,-3.25,105.25
124789,2330,173,229,-3.25,114.75
124790,2331,173,230,-3.25,115.25
124791,2332,173,231,-3.25,115.75
124799,2333,173,239,-3.25,119.75
124803,2334,173,243,-3.25,121.75
124838,2335,173,278,-3.25,139.25
125301,2336,174,21,-2.75,10.75
125302,2337,174,22,-2.75,11.25
125303,2338,174,23,-2.75,11.75
125304,2339,174,24,-2.75,12.25
125307,2340,174,27,-2.75,13.75
125308,2341,174,28,-2.75,14.25
125309,2342,174,29,-2.75,14.75
125310,2343,174,30,-2.75,15.25
125311,2344,174,31,-2.75,15.75
125314,2345,174,34,-2.75,17.25
125315,2346,174,35,-2.75,17.75
125316,2347,174,36,-2.75,18.25
125318,2348,174,38,-2.75,19.25
125327,2349,174,47,-2.75,23.75
125328,2350,174,48,-2.75,24.25
125330,2351,174,50,-2.75,25.25
125331,2352,174,51,-2.75,25.75
125333,2353,174,53,-2.75,26.75
125336,2354,174,56,-2.75,28.25
125337,2355,174,57,-2.75,28.75
125338,2356,174,58,-2.75,29.25
125339,2357,174,59,-2.75,29.75
125340,2358,174,60,-2.75,30.25
125341,2359,174,61,-2.75,30.75
125342,2360,174,62,-2.75,31.25
125343,2361,174,63,-2.75,31.75
125344,2362,174,64,-2.75,32.25
125345,2363,174,65,-2.75,32.75
125346,2364,174,66,-2.75,33.25
125347,2365,174,67,-2.75,33.75
125348,2366,174,68,-2.75,34.25
125349,2367,174,69,-2.75,34.75
125350,2368,174,70,-2.75,35.25
125351,2369,174,71,-2.75,35.75
125352,2370,174,72,-2.75,36.25
125353,2371,174,73,-2.75,36.75
125354,2372,174,74,-2.75,37.25
125355,2373,174,75,-2.75,37.75
125356,2374,174,76,-2.75,38.25
125357,2375,174,77,-2.75,38.75
125358,2376,174,78,-2.75,39.25
125359,2377,174,79,-2.75,39.75
125484,2378,174,204,-2.75,102.25
125485,2379,174,205,-2.75,102.75
125486,2380,174,206,-2.75,103.25
125487,2381,174,207,-2.75,103.75
125488,2382,174,208,-2.75,104.25
125489,2383,174,209,-2.75,104.75
125490,2384,174,210,-2.75,105.25
125504,2385,174,224,-2.75,112.25
125505,2386,174,225,-2.75,112.75
125508,2387,174,228,-2.75,114.25
125509,2388,174,229,-2.75,114.75
125510,2389,174,230,-2.75,115.25
125511,2390,174,231,-2.75,115.75
125518,2391,174,238,-2.75,119.25
125519,2392,174,239,-2.75,119.75
125523,2393,174,243,-2.75,121.75
125560,2394,174,280,-2.75,140.25
126020,2395,175,20,-2.25,10.25
126021,2396,175,21,-2.25,10.75
126022,2397,175,22,-2.25,11.25
126023,2398,175,23,-2.25,11.75
126026,2399,175,26,-2.25,13.25
126027,2400,175,27,-2.25,13.75
126028,2401,175,28,-2.25,14.25
126029,2402,175,29,-2.25,14.75
126030,2403,175,30,-2.25,15.25
126031,2404,175,31,-2.25,15.75
126032,2405,175,32,-2.25,16.25
126033,2406,175,33,-2.25,16.75
126034,2407,175,34,-2.25,17.25
126035,2408,175,35,-2.25,17.75
126048,2409,175,48,-2.25,24.25
126056,2410,175,56,-2.25,28.25
126057,2411,175,57,-2.25,28.75
126058,2412,175,58,-2.25,29.25
126059,2413,175,59,-2.25,29.75
126060,2414,175,60,-2.25,30.25
126061,2415,175,61,-2.25,30.75
126062,2416,175,62,-2.25,31.25
126063,2417,175,63,-2.25,31.75
126064,2418,175,64,-2.25,32.25
126065,2419,175,65,-2.25,32.75
126066,2420,175,66,-2.25,33.25
126067,2421,175,67,-2.25,33.75
126068,2422,175,68,-2.25,34.25
126069,2423,175,69,-2.25,34.75
126070,2424,175,70,-2.25,35.25
126071,2425,175,71,-2.25,35.75
126072,2426,175,72,-2.25,36.25
126073,2427,175,73,-2.25,36.75
126074,2428,175,74,-2.25,37.25
126075,2429,175,75,-2.25,37.75
126076,2430,175,76,-2.25,38.25
126077,2431,175,77,-2.25,38.75
126078,2432,175,78,-2.25,39.25
126079,2433,175,79,-2.25,39.75
126080,2434,175,80,-2.25,40.25
126205,2435,175,205,-2.25,102.75
126206,2436,175,206,-2.25,103.25
126207,2437,175,207,-2.25,103.75
126208,2438,175,208,-2.25,104.25
126221,2439,175,221,-2.25,110.75
126222,2440,175,222,-2.25,111.25
126223,2441,175,223,-2.25,111.75
126224,2442,175,224,-2.25,112.25
126225,2443,175,225,-2.25,112.75
126226,2444,175,226,-2.25,113.25
126227,2445,175,227,-2.25,113.75
126228,2446,175,228,-2.25,114.25
126229,2447,175,229,-2.25,114.75
126230,2448,175,230,-2.25,115.25
126231,2449,175,231,-2.25,115.75
126239,2450,175,239,-2.25,119.75
126240,2451,175,240,-2.25,120.25
126241,2452,175,241,-2.25,120.75
126242,2453,175,242,-2.25,121.25
126740,2454,176,20,-1.75,10.25
126746,2455,176,26,-1.75,13.25
126747,2456,176,27,-1.75,13.75
126748,2457,176,28,-1.75,14.25
126749,2458,176,29,-1.75,14.75
126750,2459,176,30,-1.75,15.25
126752,2460,176,32,-1.75,16.25
126753,2461,176,33,-1.75,16.75
126755,2462,176,35,-1.75,17.75
126757,2463,176,37,-1.75,18.75
126777,2464,176,57,-1.75,28.75
126778,2465,176,58,-1.75,29.25
126779,2466,176,59,-1.75,29.75
126780,2467,176,60,-1.75,30.25
126781,2468,176,61,-1.75,30.75
126782,2469,176,62,-1.75,31.25
126783,2470,176,63,-1.75,31.75
126786,2471,176,66,-1.75,33.25
126787,2472,176,67,-1.75,33.75
126788,2473,176,68,-1.75,34.25
126789,2474,176,69,-1.75,34.75
126790,2475,176,70,-1.75,35.25
126791,2476,176,71,-1.75,35.75
126792,2477,176,72,-1.75,36.25
126793,2478,176,73,-1.75,36.75
126794,2479,176,74,-1.75,37.25
126795,2480,176,75,-1.75,37.75
126796,2481,176,76,-1.75,38.25
126797,2482,176,77,-1.75,38.75
126798,2483,176,78,-1.75,39.25
126799,2484,176,79,-1.75,39.75
126800,2485,176,80,-1.75,40.25
126801,2486,176,81,-1.75,40.75
126923,2487,176,203,-1.75,101.75
126924,2488,176,204,-1.75,102.25
126925,2489,176,205,-1.75,102.75
126926,2490,176,206,-1.75,103.25
126927,2491,176,207,-1.75,103.75
126941,2492,176,221,-1.75,110.75
126942,2493,176,222,-1.75,111.25
126943,2494,176,223,-1.75,111.75
126945,2495,176,225,-1.75,112.75
126946,2496,176,226,-1.75,113.25
126947,2497,176,227,-1.75,113.75
126949,2498,176,229,-1.75,114.75
126950,2499,176,230,-1.75,115.25
126951,2500,176,231,-1.75,115.75
126959,2501,176,239,-1.75,119.75
126960,2502,176,240,-1.75,120.25
126961,2503,176,241,-1.75,120.75
127466,2504,177,26,-1.25,13.25
127467,2505,177,27,-1.25,13.75
127468,2506,177,28,-1.25,14.25
127469,2507,177,29,-1.25,14.75
127470,2508,177,30,-1.25,15.25
127471,2509,177,31,-1.25,15.75
127473,2510,177,33,-1.25,16.75
127497,2511,177,57,-1.25,28.75
127498,2512,177,58,-1.25,29.25
127499,2513,177,59,-1.25,29.75
127500,2514,177,60,-1.25,30.25
127501,2515,177,61,-1.25,30.75
127502,2516,177,62,-1.25,31.25
127503,2517,177,63,-1.25,31.75
127507,2518,177,67,-1.25,33.75
127508,2519,177,68,-1.25,34.25
127509,2520,177,69,-1.25,34.75
127510,2521,177,70,-1.25,35.25
127511,2522,177,71,-1.25,35.75
127512,2523,177,72,-1.25,36.25
127513,2524,177,73,-1.25,36.75
127514,2525,177,74,-1.25,37.25
127515,2526,177,75,-1.25,37.75
127516,2527,177,76,-1.25,38.25
127517,2528,177,77,-1.25,38.75
127518,2529,177,78,-1.25,39.25
127519,2530,177,79,-1.25,39.75
127520,2531,177,80,-1.25,40.25
127521,2532,177,81,-1.25,40.75
127522,2533,177,82,-1.25,41.25
127642,2534,177,202,-1.25,101.25
127643,2535,177,203,-1.25,101.75
127644,2536,177,204,-1.25,102.25
127645,2537,177,205,-1.25,102.75
127647,2538,177,207,-1.25,103.75
127662,2539,177,222,-1.25,111.25
127666,2540,177,226,-1.25,113.25
127667,2541,177,227,-1.25,113.75
127668,2542,177,228,-1.25,114.25
127669,2543,177,229,-1.25,114.75
127670,2544,177,230,-1.25,115.25
127671,2545,177,231,-1.25,115.75
127672,2546,177,232,-1.25,116.25
127679,2547,177,239,-1.25,119.75
127680,2548,177,240,-1.25,120.25
127683,2549,177,243,-1.25,121.75
128180,2550,178,20,-0.75,10.25
128183,2551,178,23,-0.75,11.75
128188,2552,178,28,-0.75,14.25
128189,2553,178,29,-0.75,14.75
128190,2554,178,30,-0.75,15.25
128194,2555,178,34,-0.75,17.25
128204,2556,178,44,-0.75,22.25
128217,2557,178,57,-0.75,28.75
128218,2558,178,58,-0.75,29.25
128219,2559,178,59,-0.75,29.75
128220,2560,178,60,-0.75,30.25
128221,2561,178,61,-0.75,30.75
128222,2562,178,62,-0.75,31.25
128223,2563,178,63,-0.75,31.75
128228,2564,178,68,-0.75,34.25
128229,2565,178,69,-0.75,34.75
128230,2566,178,70,-0.75,35.25
128231,2567,178,71,-0.75,35.75
128232,2568,178,72,-0.75,36.25
128233,2569,178,73,-0.75,36.75
128234,2570,178,74,-0.75,37.25
128235,2571,178,75,-0.75,37.75
128236,2572,178,76,-0.75,38.25
128237,2573,178,77,-0.75,38.75
128238,2574,178,78,-0.75,39.25
128239,2575,178,79,-0.75,39.75
128240,2576,178,80,-0.75,40.25
128241,2577,178,81,-0.75,40.75
128242,2578,178,82,-0.75,41.25
128243,2579,178,83,-0.75,41.75
128361,2580,178,201,-0.75,100.75
128362,2581,178,202,-0.75,101.25
128363,2582,178,203,-0.75,101.75
128364,2583,178,204,-0.75,102.25
128365,2584,178,205,-0.75,102.75
128382,2585,178,222,-0.75,111.25
128383,2586,178,223,-0.75,111.75
128384,2587,178,224,-0.75,112.25
128387,2588,178,227,-0.75,113.75
128388,2589,178,228,-0.75,114.25
128389,2590,178,229,-0.75,114.75
128390,2591,178,230,-0.75,115.25
128391,2592,178,231,-0.75,115.75
128392,2593,178,232,-0.75,116.25
128393,2594,178,233,-0.75,116.75
128901,2595,179,21,-0.25,10.75
128902,2596,179,22,-0.25,11.25
128903,2597,179,23,-0.25,11.75
128908,2598,179,28,-0.25,14.25
128910,2599,179,30,-0.25,15.25
128911,2600,179,31,-0.25,15.75
128938,2601,179,58,-0.25,29.25
128939,2602,179,59,-0.25,29.75
128940,2603,179,60,-0.25,30.25
128941,2604,179,61,-0.25,30.75
128942,2605,179,62,-0.25,31.25
128943,2606,179,63,-0.25,31.75
128944,2607,179,64,-0.25,32.25
128948,2608,179,68,-0.25,34.25
128949,2609,179,69,-0.25,34.75
128950,2610,179,70,-0.25,35.25
128951,2611,179,71,-0.25,35.75
128952,2612,179,72,-0.25,36.25
128953,2613,179,73,-0.25,36.75
128954,2614,179,74,-0.25,37.25
128955,2615,179,75,-0.25,37.75
128956,2616,179,76,-0.25,38.25
128957,2617,179,77,-0.25,38.75
128958,2618,179,78,-0.25,39.25
128960,2619,179,80,-0.25,40.25
128961,2620,179,81,-0.25,40.75
128962,2621,179,82,-0.25,41.25
128963,2622,179,83,-0.25,41.75
128964,2623,179,84,-0.25,42.25
129080,2624,179,200,-0.25,100.25
129081,2625,179,201,-0.25,100.75
129082,2626,179,202,-0.25,101.25
129083,2627,179,203,-0.25,101.75
129084,2628,179,204,-0.25,102.25
129085,2629,179,205,-0.25,102.75
129099,2630,179,219,-0.25,109.75
129100,2631,179,220,-0.25,110.25
129101,2632,179,221,-0.25,110.75
129102,2633,179,222,-0.25,111.25
129103,2634,179,223,-0.25,111.75
129104,2635,179,224,-0.25,112.25
129105,2636,179,225,-0.25,112.75
129110,2637,179,230,-0.25,115.25
129111,2638,179,231,-0.25,115.75
129112,2639,179,232,-0.25,116.25
129113,2640,179,233,-0.25,116.75
129450,2641,179,570,-0.25,-74.75
129620,2642,180,20,0.25,10.25
129629,2643,180,29,0.25,14.75
129630,2644,180,30,0.25,15.25
129648,2645,180,48,0.25,24.25
129649,2646,180,49,0.25,24.75
129650,2647,180,50,0.25,25.25
129658,2648,180,58,0.25,29.25
129659,2649,180,59,0.25,29.75
129661,2650,180,61,0.25,30.75
129662,2651,180,62,0.25,31.25
129663,2652,180,63,0.25,31.75
129664,2653,180,64,0.25,32.25
129665,2654,180,65,0.25,32.75
129666,2655,180,66,0.25,33.25
129667,2656,180,67,0.25,33.75
129668,2657,180,68,0.25,34.25
129669,2658,180,69,0.25,34.75
129670,2659,180,70,0.25,35.25
129671,2660,180,71,0.25,35.75
129672,2661,180,72,0.25,36.25
129673,2662,180,73,0.25,36.75
129674,2663,180,74,0.25,37.25
129675,2664,180,75,0.25,37.75
129676,2665,180,76,0.25,38.25
129677,2666,180,77,0.25,38.75
129678,2667,180,78,0.25,39.25
129679,2668,180,79,0.25,39.75
129681,2669,180,81,0.25,40.75
129682,2670,180,82,0.25,41.25
129683,2671,180,83,0.25,41.75
129684,2672,180,84,0.25,42.25
129800,2673,180,200,0.25,100.25
129801,2674,180,201,0.25,100.75
129802,2675,180,202,0.25,101.25
129803,2676,180,203,0.25,101.75
129804,2677,180,204,0.25,102.25
129819,2678,180,219,0.25,109.75
129820,2679,180,220,0.25,110.25
129821,2680,180,221,0.25,110.75
129822,2681,180,222,0.25,111.25
129823,2682,180,223,0.25,111.75
129824,2683,180,224,0.25,112.25
129832,2684,180,232,0.25,116.25
129833,2685,180,233,0.25,116.75
129834,2686,180,234,0.25,117.25
130166,2687,180,566,0.25,-76.75
130170,2688,180,570,0.25,-74.75
130368,2689,181,48,0.75,24.25
130370,2690,181,50,0.75,25.25
130378,2691,181,58,0.75,29.25
130379,2692,181,59,0.75,29.75
130380,2693,181,60,0.75,30.25
130381,2694,181,61,0.75,30.75
130382,2695,181,62,0.75,31.25
130383,2696,181,63,0.75,31.75
130384,2697,181,64,0.75,32.25
130385,2698,181,65,0.75,32.75
130386,2699,181,66,0.75,33.25
130387,2700,181,67,0.75,33.75
130388,2701,181,68,0.75,34.25
130389,2702,181,69,0.75,34.75
130390,2703,181,70,0.75,35.25
130391,2704,181,71,0.75,35.75
130392,2705,181,72,0.75,36.25
130393,2706,181,73,0.75,36.75
130394,2707,181,74,0.75,37.25
130395,2708,181,75,0.75,37.75
130396,2709,181,76,0.75,38.25
130397,2710,181,77,0.75,38.75
130401,2711,181,81,0.75,40.75
130402,2712,181,82,0.75,41.25
130403,2713,181,83,0.75,41.75
130404,2714,181,84,0.75,42.25
130405,2715,181,85,0.75,42.75
130519,2716,181,199,0.75,99.75
130520,2717,181,200,0.75,100.25
130521,2718,181,201,0.75,100.75
130522,2719,181,202,0.75,101.25
130523,2720,181,203,0.75,101.75
130538,2721,181,218,0.75,109.25
130539,2722,181,219,0.75,109.75
130540,2723,181,220,0.75,110.25
130541,2724,181,221,0.75,110.75
130542,2725,181,222,0.75,111.25
130545,2726,181,225,0.75,112.75
130552,2727,181,232,0.75,116.25
130553,2728,181,233,0.75,116.75
130554,2729,181,234,0.75,117.25
130562,2730,181,242,0.75,121.25
130564,2731,181,244,0.75,122.25
130884,2732,181,564,0.75,-77.75
130885,2733,181,565,0.75,-77.25
130886,2734,181,566,0.75,-76.75
130888,2735,181,568,0.75,-75.75
130889,2736,181,569,0.75,-75.25
130890,2737,181,570,0.75,-74.75
130891,2738,181,571,0.75,-74.25
131076,2739,182,36,1.25,18.25
131087,2740,182,47,1.25,23.75
131099,2741,182,59,1.25,29.75
131100,2742,182,60,1.25,30.25
131101,2743,182,61,1.25,30.75
131102,2744,182,62,1.25,31.25
131103,2745,182,63,1.25,31.75
131104,2746,182,64,1.25,32.25
131105,2747,182,65,1.25,32.75
131106,2748,182,66,1.25,33.25
131107,2749,182,67,1.25,33.75
131108,2750,182,68,1.25,34.25
131109,2751,182,69,1.25,34.75
131110,2752,182,70,1.25,35.25
131111,2753,182,71,1.25,35.75
131112,2754,182,72,1.25,36.25
131113,2755,182,73,1.25,36.75
131114,2756,182,74,1.25,37.25
131115,2757,182,75,1.25,37.75
131117,2758,182,77,1.25,38.75
131118,2759,182,78,1.25,39.25
131120,2760,182,80,1.25,40.25
131121,2761,182,81,1.25,40.75
131122,2762,182,82,1.25,41.25
131123,2763,182,83,1.25,41.75
131124,2764,182,84,1.25,42.25
131125,2765,182,85,1.25,42.75
131126,2766,182,86,1.25,43.25
131127,2767,182,87,1.25,43.75
131238,2768,182,198,1.25,99.25
131239,2769,182,199,1.25,99.75
131240,2770,182,200,1.25,100.25
131241,2771,182,201,1.25,100.75
131242,2772,182,202,1.25,101.25
131243,2773,182,203,1.25,101.75
131259,2774,182,219,1.25,109.75
131264,2775,182,224,1.25,112.25
131273,2776,182,233,1.25,116.75
131275,2777,182,235,1.25,117.75
131603,2778,182,563,1.25,-78.25
131604,2779,182,564,1.25,-77.75
131605,2780,182,565,1.25,-77.25
131606,2781,182,566,1.25,-76.75
131607,2782,182,567,1.25,-76.25
131608,2783,182,568,1.25,-75.75
131609,2784,182,569,1.25,-75.25
131610,2785,182,570,1.25,-74.75
131611,2786,182,571,1.25,-74.25
131614,2787,182,574,1.25,-72.75
131615,2788,182,575,1.25,-72.25
131616,2789,182,576,1.25,-71.75
131782,2790,183,22,1.75,11.25
131793,2791,183,33,1.75,16.75
131803,2792,183,43,1.75,21.75
131805,2793,183,45,1.75,22.75
131819,2794,183,59,1.75,29.75
131820,2795,183,60,1.75,30.25
131821,2796,183,61,1.75,30.75
131822,2797,183,62,1.75,31.25
131823,2798,183,63,1.75,31.75
131824,2799,183,64,1.75,32.25
131825,2800,183,65,1.75,32.75
131826,2801,183,66,1.75,33.25
131827,2802,183,67,1.75,33.75
131828,2803,183,68,1.75,34.25
131829,2804,183,69,1.75,34.75
131830,2805,183,70,1.75,35.25
131831,2806,183,71,1.75,35.75
131832,2807,183,72,1.75,36.25
131833,2808,183,73,1.75,36.75
131834,2809,183,74,1.75,37.25
131835,2810,183,75,1.75,37.75
131840,2811,183,80,1.75,40.25
131843,2812,183,83,1.75,41.75
131844,2813,183,84,1.75,42.25
131845,2814,183,85,1.75,42.75
131846,2815,183,86,1.75,43.25
131847,2816,183,87,1.75,43.75
131848,2817,183,88,1.75,44.25
131958,2818,183,198,1.75,99.25
131959,2819,183,199,1.75,99.75
131960,2820,183,200,1.75,100.25
131961,2821,183,201,1.75,100.75
132323,2822,183,563,1.75,-78.25
132324,2823,183,564,1.75,-77.75
132325,2824,183,565,1.75,-77.25
132326,2825,183,566,1.75,-76.75
132327,2826,183,567,1.75,-76.25
132328,2827,183,568,1.75,-75.75
132329,2828,183,569,1.75,-75.25
132330,2829,183,570,1.75,-74.75
132331,2830,183,571,1.75,-74.25
132332,2831,183,572,1.75,-73.75
132334,2832,183,574,1.75,-72.75
132516,2833,184,36,2.25,18.25
132518,2834,184,38,2.25,19.25
132520,2835,184,40,2.25,20.25
132524,2836,184,44,2.25,22.25
132525,2837,184,45,2.25,22.75
132541,2838,184,61,2.25,30.75
132542,2839,184,62,2.25,31.25
132543,2840,184,63,2.25,31.75
132544,2841,184,64,2.25,32.25
132545,2842,184,65,2.25,32.75
132546,2843,184,66,2.25,33.25
132547,2844,184,67,2.25,33.75
132548,2845,184,68,2.25,34.25
132549,2846,184,69,2.25,34.75
132550,2847,184,70,2.25,35.25
132551,2848,184,71,2.25,35.75
132552,2849,184,72,2.25,36.25
132553,2850,184,73,2.25,36.75
132555,2851,184,75,2.25,37.75
132556,2852,184,76,2.25,38.25
132557,2853,184,77,2.25,38.75
132560,2854,184,80,2.25,40.25
132562,2855,184,82,2.25,41.25
132563,2856,184,83,2.25,41.75
132564,2857,184,84,2.25,42.25
132565,2858,184,85,2.25,42.75
132566,2859,184,86,2.25,43.25
132567,2860,184,87,2.25,43.75
132568,2861,184,88,2.25,44.25
132569,2862,184,89,2.25,44.75
132677,2863,184,197,2.25,98.75
132678,2864,184,198,2.25,99.25
132679,2865,184,199,2.25,99.75
132714,2866,184,234,2.25,117.25
133043,2867,184,563,2.25,-78.25
133044,2868,184,564,2.25,-77.75
133045,2869,184,565,2.25,-77.25
133046,2870,184,566,2.25,-76.75
133047,2871,184,567,2.25,-76.25
133048,2872,184,568,2.25,-75.75
133049,2873,184,569,2.25,-75.25
133050,2874,184,570,2.25,-74.75
133051,2875,184,571,2.25,-74.25
133052,2876,184,572,2.25,-73.75
133053,2877,184,573,2.25,-73.25
133054,2878,184,574,2.25,-72.75
133055,2879,184,575,2.25,-72.25
133237,2880,185,37,2.75,18.75
133238,2881,185,38,2.75,19.25
133239,2882,185,39,2.75,19.75
133240,2883,185,40,2.75,20.25
133241,2884,185,41,2.75,20.75
133244,2885,185,44,2.75,22.25
133245,2886,185,45,2.75,22.75
133247,2887,185,47,2.75,23.75
133249,2888,185,49,2.75,24.75
133255,2889,185,55,2.75,27.75
133260,2890,185,60,2.75,30.25
133261,2891,185,61,2.75,30.75
133262,2892,185,62,2.75,31.25
133263,2893,185,63,2.75,31.75
133264,2894,185,64,2.75,32.25
133265,2895,185,65,2.75,32.75
133266,2896,185,66,2.75,33.25
133267,2897,185,67,2.75,33.75
133268,2898,185,68,2.75,34.25
133269,2899,185,69,2.75,34.75
133270,2900,185,70,2.75,35.25
133273,2901,185,73,2.75,36.75
133276,2902,185,76,2.75,38.25
133277,2903,185,77,2.75,38.75
133278,2904,185,78,2.75,39.25
133285,2905,185,85,2.75,42.75
133286,2906,185,86,2.75,43.25
133287,2907,185,87,2.75,43.75
133288,2908,185,88,2.75,44.25
133289,2909,185,89,2.75,44.75
133290,2910,185,90,2.75,45.25
133291,2911,185,91,2.75,45.75
133396,2912,185,196,2.75,98.25
133397,2913,185,197,2.75,98.75
133398,2914,185,198,2.75,99.25
133399,2915,185,199,2.75,99.75
133765,2916,185,565,2.75,-77.25
133766,2917,185,566,2.75,-76.75
133767,2918,185,567,2.75,-76.25
133768,2919,185,568,2.75,-75.75
133769,2920,185,569,2.75,-75.25
133770,2921,185,570,2.75,-74.75
133771,2922,185,571,2.75,-74.25
133772,2923,185,572,2.75,-73.75
133773,2924,185,573,2.75,-73.25
133774,2925,185,574,2.75,-72.75
133775,2926,185,575,2.75,-72.25
133776,2927,185,576,2.75,-71.75
133940,2928,186,20,3.25,10.25
133942,2929,186,22,3.25,11.25
133952,2930,186,32,3.25,16.25
133957,2931,186,37,3.25,18.75
133958,2932,186,38,3.25,19.25
133959,2933,186,39,3.25,19.75
133960,2934,186,40,3.25,20.25
133961,2935,186,41,3.25,20.75
133980,2936,186,60,3.25,30.25
133981,2937,186,61,3.25,30.75
133982,2938,186,62,3.25,31.25
133983,2939,186,63,3.25,31.75
133984,2940,186,64,3.25,32.25
133985,2941,186,65,3.25,32.75
133986,2942,186,66,3.25,33.25
133987,2943,186,67,3.25,33.75
133988,2944,186,68,3.25,34.25
133989,2945,186,69,3.25,34.75
133995,2946,186,75,3.25,37.75
133996,2947,186,76,3.25,38.25
133997,2948,186,77,3.25,38.75
133998,2949,186,78,3.25,39.25
133999,2950,186,79,3.25,39.75
134000,2951,186,80,3.25,40.25
134002,2952,186,82,3.25,41.25
134003,2953,186,83,3.25,41.75
134006,2954,186,86,3.25,43.25
134007,2955,186,87,3.25,43.75
134008,2956,186,88,3.25,44.25
134009,2957,186,89,3.25,44.75
134010,2958,186,90,3.25,45.25
134011,2959,186,91,3.25,45.75
134012,2960,186,92,3.25,46.25
134115,2961,186,195,3.25,97.75
134116,2962,186,196,3.25,98.25
134117,2963,186,197,3.25,98.75
134486,2964,186,566,3.25,-76.75
134487,2965,186,567,3.25,-76.25
134488,2966,186,568,3.25,-75.75
134489,2967,186,569,3.25,-75.25
134490,2968,186,570,3.25,-74.75
134491,2969,186,571,3.25,-74.25
134492,2970,186,572,3.25,-73.75
134493,2971,186,573,3.25,-73.25
134494,2972,186,574,3.25,-72.75
134495,2973,186,575,3.25,-72.25
134496,2974,186,576,3.25,-71.75
134497,2975,186,577,3.25,-71.25
134503,2976,186,583,3.25,-68.25
134504,2977,186,584,3.25,-67.75
134660,2978,187,20,3.75,10.25
134661,2979,187,21,3.75,10.75
134662,2980,187,22,3.75,11.25
134663,2981,187,23,3.75,11.75
134664,2982,187,24,3.75,12.25
134666,2983,187,26,3.75,13.25
134672,2984,187,32,3.75,16.25
134677,2985,187,37,3.75,18.75
134678,2986,187,38,3.75,19.25
134679,2987,187,39,3.75,19.75
134680,2988,187,40,3.75,20.25
134681,2989,187,41,3.75,20.75
134684,2990,187,44,3.75,22.25
134685,2991,187,45,3.75,22.75
134692,2992,187,52,3.75,26.25
134693,2993,187,53,3.75,26.75
134694,2994,187,54,3.75,27.25
134695,2995,187,55,3.75,27.75
134698,2996,187,58,3.75,29.25
134702,2997,187,62,3.75,31.25
134703,2998,187,63,3.75,31.75
134705,2999,187,65,3.75,32.75
134706,3000,187,66,3.75,33.25
134707,3001,187,67,3.75,33.75
134708,3002,187,68,3.75,34.25
134709,3003,187,69,3.75,34.75
134717,3004,187,77,3.75,38.75
134730,3005,187,90,3.75,45.25
134731,3006,187,91,3.75,45.75
134732,3007,187,92,3.75,46.25
134733,3008,187,93,3.75,46.75
134834,3009,187,194,3.75,97.25
134835,3010,187,195,3.75,97.75
134836,3011,187,196,3.75,98.25
135206,3012,187,566,3.75,-76.75
135207,3013,187,567,3.75,-76.25
135208,3014,187,568,3.75,-75.75
135209,3015,187,569,3.75,-75.25
135210,3016,187,570,3.75,-74.75
135211,3017,187,571,3.75,-74.25
135212,3018,187,572,3.75,-73.75
135213,3019,187,573,3.75,-73.25
135214,3020,187,574,3.75,-72.75
135215,3021,187,575,3.75,-72.25
135216,3022,187,576,3.75,-71.75
135217,3023,187,577,3.75,-71.25
135222,3024,187,582,3.75,-68.75
135379,3025,188,19,4.25,9.75
135380,3026,188,20,4.25,10.25
135381,3027,188,21,4.25,10.75
135382,3028,188,22,4.25,11.25
135383,3029,188,23,4.25,11.75
135384,3030,188,24,4.25,12.25
135385,3031,188,25,4.25,12.75
135387,3032,188,27,4.25,13.75
135388,3033,188,28,4.25,14.25
135389,3034,188,29,4.25,14.75
135390,3035,188,30,4.25,15.25
135391,3036,188,31,4.25,15.75
135394,3037,188,34,4.25,17.25
135395,3038,188,35,4.25,17.75
135396,3039,188,36,4.25,18.25
135397,3040,188,37,4.25,18.75
135398,3041,188,38,4.25,19.25
135399,3042,188,39,4.25,19.75
135400,3043,188,40,4.25,20.25
135401,3044,188,41,4.25,20.75
135402,3045,188,42,4.25,21.25
135403,3046,188,43,4.25,21.75
135404,3047,188,44,4.25,22.25
135410,3048,188,50,4.25,25.25
135412,3049,188,52,4.25,26.25
135422,3050,188,62,4.25,31.25
135426,3051,188,66,4.25,33.25
135427,3052,188,67,4.25,33.75
135428,3053,188,68,4.25,34.25
135429,3054,188,69,4.25,34.75
135430,3055,188,70,4.25,35.25
135431,3056,188,71,4.25,35.75
135433,3057,188,73,4.25,36.75
135434,3058,188,74,4.25,37.25
135441,3059,188,81,4.25,40.75
135453,3060,188,93,4.25,46.75
135454,3061,188,94,4.25,47.25
135553,3062,188,193,4.25,96.75
135554,3063,188,194,4.25,97.25
135555,3064,188,195,4.25,97.75
135926,3065,188,566,4.25,-76.75
135927,3066,188,567,4.25,-76.25
135928,3067,188,568,4.25,-75.75
135929,3068,188,569,4.25,-75.25
135930,3069,188,570,4.25,-74.75
135931,3070,188,571,4.25,-74.25
135932,3071,188,572,4.25,-73.75
135933,3072,188,573,4.25,-73.25
135934,3073,188,574,4.25,-72.75
135935,3074,188,575,4.25,-72.25
135936,3075,188,576,4.25,-71.75
136092,3076,189,12,4.75,6.25
136098,3077,189,18,4.75,9.25
136099,3078,189,19,4.75,9.75
136101,3079,189,21,4.75,10.75
136102,3080,189,22,4.75,11.25
136103,3081,189,23,4.75,11.75
136104,3082,189,24,4.75,12.25
136105,3083,189,25,4.75,12.75
136106,3084,189,26,4.75,13.25
136107,3085,189,27,4.75,13.75
136108,3086,189,28,4.75,14.25
136109,3087,189,29,4.75,14.75
136111,3088,189,31,4.75,15.75
136113,3089,189,33,4.75,16.75
136117,3090,189,37,4.75,18.75
136118,3091,189,38,4.75,19.25
136119,3092,189,39,4.75,19.75
136120,3093,189,40,4.75,20.25
136121,3094,189,41,4.75,20.75
136122,3095,189,42,4.75,21.25
136123,3096,189,43,4.75,21.75
136132,3097,189,52,4.75,26.25
136133,3098,189,53,4.75,26.75
136143,3099,189,63,4.75,31.75
136144,3100,189,64,4.75,32.25
136145,3101,189,65,4.75,32.75
136146,3102,189,66,4.75,33.25
136147,3103,189,67,4.75,33.75
136148,3104,189,68,4.75,34.25
136149,3105,189,69,4.75,34.75
136150,3106,189,70,4.75,35.25
136175,3107,189,95,4.75,47.75
136273,3108,189,193,4.75,96.75
136274,3109,189,194,4.75,97.25
136646,3110,189,566,4.75,-76.75
136647,3111,189,567,4.75,-76.25
136648,3112,189,568,4.75,-75.75
136649,3113,189,569,4.75,-75.25
136650,3114,189,570,4.75,-74.75
136651,3115,189,571,4.75,-74.25
136652,3116,189,572,4.75,-73.75
136653,3117,189,573,4.75,-73.25
136654,3118,189,574,4.75,-72.75
136656,3119,189,576,4.75,-71.75
136676,3120,189,596,4.75,-61.75
136677,3121,189,597,4.75,-61.25
136678,3122,189,598,4.75,-60.75
136812,3123,190,12,5.25,6.25
136813,3124,190,13,5.25,6.75
136814,3125,190,14,5.25,7.25
136815,3126,190,15,5.25,7.75
136816,3127,190,16,5.25,8.25
136817,3128,190,17,5.25,8.75
136819,3129,190,19,5.25,9.75
136820,3130,190,20,5.25,10.25
136821,3131,190,21,5.25,10.75
136822,3132,190,22,5.25,11.25
136823,3133,190,23,5.25,11.75
136824,3134,190,24,5.25,12.25
136838,3135,190,38,5.25,19.25
136839,3136,190,39,5.25,19.75
136841,3137,190,41,5.25,20.75
136842,3138,190,42,5.25,21.25
136862,3139,190,62,5.25,31.25
136864,3140,190,64,5.25,32.25
136865,3141,190,65,5.25,32.75
136866,3142,190,66,5.25,33.25
136867,3143,190,67,5.25,33.75
136868,3144,190,68,5.25,34.25
136869,3145,190,69,5.25,34.75
136870,3146,190,70,5.25,35.25
137366,3147,190,566,5.25,-76.75
137367,3148,190,567,5.25,-76.25
137368,3149,190,568,5.25,-75.75
137369,3150,190,569,5.25,-75.25
137370,3151,190,570,5.25,-74.75
137371,3152,190,571,5.25,-74.25
137372,3153,190,572,5.25,-73.75
137373,3154,190,573,5.25,-73.25
137374,3155,190,574,5.25,-72.75
137375,3156,190,575,5.25,-72.25
137395,3157,190,595,5.25,-62.25
137396,3158,190,596,5.25,-61.75
137397,3159,190,597,5.25,-61.25
137398,3160,190,598,5.25,-60.75
137505,3161,190,705,5.25,-7.25
137506,3162,190,706,5.25,-6.75
137507,3163,190,707,5.25,-6.25
137515,3164,190,715,5.25,-2.25
137516,3165,190,716,5.25,-1.75
137531,3166,191,11,5.75,5.75
137532,3167,191,12,5.75,6.25
137533,3168,191,13,5.75,6.75
137534,3169,191,14,5.75,7.25
137535,3170,191,15,5.75,7.75
137536,3171,191,16,5.75,8.25
137537,3172,191,17,5.75,8.75
137538,3173,191,18,5.75,9.25
137539,3174,191,19,5.75,9.75
137540,3175,191,20,5.75,10.25
137541,3176,191,21,5.75,10.75
137542,3177,191,22,5.75,11.25
137548,3178,191,28,5.75,14.25
137560,3179,191,40,5.75,20.25
137584,3180,191,64,5.75,32.25
137585,3181,191,65,5.75,32.75
137586,3182,191,66,5.75,33.25
137587,3183,191,67,5.75,33.75
137588,3184,191,68,5.75,34.25
137589,3185,191,69,5.75,34.75
137590,3186,191,70,5.75,35.25
138086,3187,191,566,5.75,-76.75
138087,3188,191,567,5.75,-76.25
138088,3189,191,568,5.75,-75.75
138089,3190,191,569,5.75,-75.25
138090,3191,191,570,5.75,-74.75
138091,3192,191,571,5.75,-74.25
138092,3193,191,572,5.75,-73.75
138093,3194,191,573,5.75,-73.25
138094,3195,191,574,5.75,-72.75
138095,3196,191,575,5.75,-72.25
138096,3197,191,576,5.75,-71.75
138097,3198,191,577,5.75,-71.25
138100,3199,191,580,5.75,-69.75
138113,3200,191,593,5.75,-63.25
138114,3201,191,594,5.75,-62.75
138115,3202,191,595,5.75,-62.25
138116,3203,191,596,5.75,-61.75
138117,3204,191,597,5.75,-61.25
138224,3205,191,704,5.75,-7.75
138225,3206,191,705,5.75,-7.25
138226,3207,191,706,5.75,-6.75
138227,3208,191,707,5.75,-6.25
138228,3209,191,708,5.75,-5.75
138229,3210,191,709,5.75,-5.25
138230,3211,191,710,5.75,-4.75
138231,3212,191,711,5.75,-4.25
138232,3213,191,712,5.75,-3.75
138233,3214,191,713,5.75,-3.25
138234,3215,191,714,5.75,-2.75
138235,3216,191,715,5.75,-2.25
138236,3217,191,716,5.75,-1.75
138237,3218,191,717,5.75,-1.25
138238,3219,191,718,5.75,-0.75
138241,3220,192,1,6.25,0.75
138250,3221,192,10,6.25,5.25
138251,3222,192,11,6.25,5.75
138252,3223,192,12,6.25,6.25
138253,3224,192,13,6.25,6.75
138254,3225,192,14,6.25,7.25
138255,3226,192,15,6.25,7.75
138256,3227,192,16,6.25,8.25
138257,3228,192,17,6.25,8.75
138258,3229,192,18,6.25,9.25
138259,3230,192,19,6.25,9.75
138260,3231,192,20,6.25,10.25
138261,3232,192,21,6.25,10.75
138262,3233,192,22,6.25,11.25
138263,3234,192,23,6.25,11.75
138265,3235,192,25,6.25,12.75
138266,3236,192,26,6.25,13.25
138267,3237,192,27,6.25,13.75
138268,3238,192,28,6.25,14.25
138278,3239,192,38,6.25,19.25
138296,3240,192,56,6.25,28.25
138299,3241,192,59,6.25,29.75
138300,3242,192,60,6.25,30.25
138301,3243,192,61,6.25,30.75
138304,3244,192,64,6.25,32.25
138305,3245,192,65,6.25,32.75
138306,3246,192,66,6.25,33.25
138307,3247,192,67,6.25,33.75
138308,3248,192,68,6.25,34.25
138314,3249,192,74,6.25,37.25
138441,3250,192,201,6.25,100.75
138489,3251,192,249,6.25,124.75
138806,3252,192,566,6.25,-76.75
138807,3253,192,567,6.25,-76.25
138808,3254,192,568,6.25,-75.75
138809,3255,192,569,6.25,-75.25
138810,3256,192,570,6.25,-74.75
138811,3257,192,571,6.25,-74.25
138812,3258,192,572,6.25,-73.75
138813,3259,192,573,6.25,-73.25
138814,3260,192,574,6.25,-72.75
138815,3261,192,575,6.25,-72.25
138816,3262,192,576,6.25,-71.75
138817,3263,192,577,6.25,-71.25
138818,3264,192,578,6.25,-70.75
138819,3265,192,579,6.25,-70.25
138820,3266,192,580,6.25,-69.75
138821,3267,192,581,6.25,-69.25
138822,3268,192,582,6.25,-68.75
138824,3269,192,584,6.25,-67.75
138825,3270,192,585,6.25,-67.25
138827,3271,192,587,6.25,-66.25
138828,3272,192,588,6.25,-65.75
138832,3273,192,592,6.25,-63.75
138833,3274,192,593,6.25,-63.25
138834,3275,192,594,6.25,-62.75
138943,3276,192,703,6.25,-8.25
138944,3277,192,704,6.25,-7.75
138945,3278,192,705,6.25,-7.25
138946,3279,192,706,6.25,-6.75
138947,3280,192,707,6.25,-6.25
138948,3281,192,708,6.25,-5.75
138949,3282,192,709,6.25,-5.25
138950,3283,192,710,6.25,-4.75
138951,3284,192,711,6.25,-4.25
138952,3285,192,712,6.25,-3.75
138953,3286,192,713,6.25,-3.25
138954,3287,192,714,6.25,-2.75
138955,3288,192,715,6.25,-2.25
138956,3289,192,716,6.25,-1.75
138957,3290,192,717,6.25,-1.25
138958,3291,192,718,6.25,-0.75
138959,3292,192,719,6.25,-0.25
138960,3293,193,0,6.75,0.25
138961,3294,193,1,6.75,0.75
138962,3295,193,2,6.75,1.25
138963,3296,193,3,6.75,1.75
138964,3297,193,4,6.75,2.25
138965,3298,193,5,6.75,2.75
138968,3299,193,8,6.75,4.25
138969,3300,193,9,6.75,4.75
138970,3301,193,10,6.75,5.25
138971,3302,193,11,6.75,5.75
138972,3303,193,12,6.75,6.25
138973,3304,193,13,6.75,6.75
138974,3305,193,14,6.75,7.25
138975,3306,193,15,6.75,7.75
138976,3307,193,16,6.75,8.25
138977,3308,193,17,6.75,8.75
138978,3309,193,18,6.75,9.25
138979,3310,193,19,6.75,9.75
138980,3311,193,20,6.75,10.25
138981,3312,193,21,6.75,10.75
138982,3313,193,22,6.75,11.25
138983,3314,193,23,6.75,11.75
138984,3315,193,24,6.75,12.25
138985,3316,193,25,6.75,12.75
138986,3317,193,26,6.75,13.25
138987,3318,193,27,6.75,13.75
138988,3319,193,28,6.75,14.25
138989,3320,193,29,6.75,14.75
138990,3321,193,30,6.75,15.25
139014,3322,193,54,6.75,27.25
139025,3323,193,65,6.75,32.75
139026,3324,193,66,6.75,33.25
139036,3325,193,76,6.75,38.25
139160,3326,193,200,6.75,100.25
139209,3327,193,249,6.75,124.75
139527,3328,193,567,6.75,-76.25
139528,3329,193,568,6.75,-75.75
139529,3330,193,569,6.75,-75.25
139530,3331,193,570,6.75,-74.75
139531,3332,193,571,6.75,-74.25
139532,3333,193,572,6.75,-73.75
139533,3334,193,573,6.75,-73.25
139534,3335,193,574,6.75,-72.75
139535,3336,193,575,6.75,-72.25
139536,3337,193,576,6.75,-71.75
139537,3338,193,577,6.75,-71.25
139539,3339,193,579,6.75,-70.25
139540,3340,193,580,6.75,-69.75
139541,3341,193,581,6.75,-69.25
139542,3342,193,582,6.75,-68.75
139543,3343,193,583,6.75,-68.25
139544,3344,193,584,6.75,-67.75
139545,3345,193,585,6.75,-67.25
139546,3346,193,586,6.75,-66.75
139547,3347,193,587,6.75,-66.25
139548,3348,193,588,6.75,-65.75
139552,3349,193,592,6.75,-63.75
139553,3350,193,593,6.75,-63.25
139554,3351,193,594,6.75,-62.75
139555,3352,193,595,6.75,-62.25
139556,3353,193,596,6.75,-61.75
139663,3354,193,703,6.75,-8.25
139664,3355,193,704,6.75,-7.75
139665,3356,193,705,6.75,-7.25
139666,3357,193,706,6.75,-6.75
139667,3358,193,707,6.75,-6.25
139668,3359,193,708,6.75,-5.75
139669,3360,193,709,6.75,-5.25
139670,3361,193,710,6.75,-4.75
139671,3362,193,711,6.75,-4.25
139672,3363,193,712,6.75,-3.75
139673,3364,193,713,6.75,-3.25
139674,3365,193,714,6.75,-2.75
139675,3366,193,715,6.75,-2.25
139676,3367,193,716,6.75,-1.75
139677,3368,193,717,6.75,-1.25
139678,3369,193,718,6.75,-0.75
139679,3370,193,719,6.75,-0.25
139680,3371,194,0,7.25,0.25
139681,3372,194,1,7.25,0.75
139682,3373,194,2,7.25,1.25
139683,3374,194,3,7.25,1.75
139684,3375,194,4,7.25,2.25
139685,3376,194,5,7.25,2.75
139686,3377,194,6,7.25,3.25
139687,3378,194,7,7.25,3.75
139688,3379,194,8,7.25,4.25
139689,3380,194,9,7.25,4.75
139690,3381,194,10,7.25,5.25
139691,3382,194,11,7.25,5.75
139692,3383,194,12,7.25,6.25
139693,3384,194,13,7.25,6.75
139694,3385,194,14,7.25,7.25
139695,3386,194,15,7.25,7.75
139696,3387,194,16,7.25,8.25
139697,3388,194,17,7.25,8.75
139698,3389,194,18,7.25,9.25
139699,3390,194,19,7.25,9.75
139700,3391,194,20,7.25,10.25
139701,3392,194,21,7.25,10.75
139702,3393,194,22,7.25,11.25
139703,3394,194,23,7.25,11.75
139704,3395,194,24,7.25,12.25
139705,3396,194,25,7.25,12.75
139706,3397,194,26,7.25,13.25
139707,3398,194,27,7.25,13.75
139708,3399,194,28,7.25,14.25
139709,3400,194,29,7.25,14.75
139710,3401,194,30,7.25,15.25
139735,3402,194,55,7.25,27.75
139737,3403,194,57,7.25,28.75
139740,3404,194,60,7.25,30.25
139742,3405,194,62,7.25,31.25
139743,3406,194,63,7.25,31.75
139745,3407,194,65,7.25,32.75
139746,3408,194,66,7.25,33.25
139761,3409,194,81,7.25,40.75
139929,3410,194,249,7.25,124.75
139930,3411,194,250,7.25,125.25
140245,3412,194,565,7.25,-77.25
140246,3413,194,566,7.25,-76.75
140247,3414,194,567,7.25,-76.25
140248,3415,194,568,7.25,-75.75
140249,3416,194,569,7.25,-75.25
140250,3417,194,570,7.25,-74.75
140251,3418,194,571,7.25,-74.25
140252,3419,194,572,7.25,-73.75
140253,3420,194,573,7.25,-73.25
140254,3421,194,574,7.25,-72.75
140255,3422,194,575,7.25,-72.25
140256,3423,194,576,7.25,-71.75
140257,3424,194,577,7.25,-71.25
140258,3425,194,578,7.25,-70.75
140259,3426,194,579,7.25,-70.25
140260,3427,194,580,7.25,-69.75
140261,3428,194,581,7.25,-69.25
140262,3429,194,582,7.25,-68.75
140263,3430,194,583,7.25,-68.25
140264,3431,194,584,7.25,-67.75
140265,3432,194,585,7.25,-67.25
140266,3433,194,586,7.25,-66.75
140267,3434,194,587,7.25,-66.25
140268,3435,194,588,7.25,-65.75
140269,3436,194,589,7.25,-65.25
140270,3437,194,590,7.25,-64.75
140271,3438,194,591,7.25,-64.25
140272,3439,194,592,7.25,-63.75
140273,3440,194,593,7.25,-63.25
140274,3441,194,594,7.25,-62.75
140275,3442,194,595,7.25,-62.25
140276,3443,194,596,7.25,-61.75
140377,3444,194,697,7.25,-11.25
140383,3445,194,703,7.25,-8.25
140384,3446,194,704,7.25,-7.75
140385,3447,194,705,7.25,-7.25
140386,3448,194,706,7.25,-6.75
140387,3449,194,707,7.25,-6.25
140388,3450,194,708,7.25,-5.75
140389,3451,194,709,7.25,-5.25
140390,3452,194,710,7.25,-4.75
140391,3453,194,711,7.25,-4.25
140392,3454,194,712,7.25,-3.75
140393,3455,194,713,7.25,-3.25
140394,3456,194,714,7.25,-2.75
140395,3457,194,715,7.25,-2.25
140396,3458,194,716,7.25,-1.75
140397,3459,194,717,7.25,-1.25
140398,3460,194,718,7.25,-0.75
140399,3461,194,719,7.25,-0.25
140400,3462,195,0,7.75,0.25
140401,3463,195,1,7.75,0.75
140402,3464,195,2,7.75,1.25
140403,3465,195,3,7.75,1.75
140404,3466,195,4,7.75,2.25
140405,3467,195,5,7.75,2.75
140406,3468,195,6,7.75,3.25
140407,3469,195,7,7.75,3.75
140408,3470,195,8,7.75,4.25
140409,3471,195,9,7.75,4.75
140410,3472,195,10,7.75,5.25
140411,3473,195,11,7.75,5.75
140412,3474,195,12,7.75,6.25
140413,3475,195,13,7.75,6.75
140414,3476,195,14,7.75,7.25
140415,3477,195,15,7.75,7.75
140416,3478,195,16,7.75,8.25
140417,3479,195,17,7.75,8.75
140418,3480,195,18,7.75,9.25
140419,3481,195,19,7.75,9.75
140420,3482,195,20,7.75,10.25
140421,3483,195,21,7.75,10.75
140422,3484,195,22,7.75,11.25
140423,3485,195,23,7.75,11.75
140424,3486,195,24,7.75,12.25
140425,3487,195,25,7.75,12.75
140426,3488,195,26,7.75,13.25
140427,3489,195,27,7.75,13.75
140428,3490,195,28,7.75,14.25
140429,3491,195,29,7.75,14.75
140430,3492,195,30,7.75,15.25
140431,3493,195,31,7.75,15.75
140432,3494,195,32,7.75,16.25
140433,3495,195,33,7.75,16.75
140434,3496,195,34,7.75,17.25
140451,3497,195,51,7.75,25.75
140452,3498,195,52,7.75,26.25
140453,3499,195,53,7.75,26.75
140455,3500,195,55,7.75,27.75
140458,3501,195,58,7.75,29.25
140459,3502,195,59,7.75,29.75
140463,3503,195,63,7.75,31.75
140464,3504,195,64,7.75,32.25
140465,3505,195,65,7.75,32.75
140466,3506,195,66,7.75,33.25
140467,3507,195,67,7.75,33.75
140648,3508,195,248,7.75,124.25
140649,3509,195,249,7.75,124.75
140650,3510,195,250,7.75,125.25
140651,3511,195,251,7.75,125.75
140965,3512,195,565,7.75,-77.25
140967,3513,195,567,7.75,-76.25
140968,3514,195,568,7.75,-75.75
140969,3515,195,569,7.75,-75.25
140970,3516,195,570,7.75,-74.75
140971,3517,195,571,7.75,-74.25
140972,3518,195,572,7.75,-73.75
140973,3519,195,573,7.75,-73.25
140974,3520,195,574,7.75,-72.75
140975,3521,195,575,7.75,-72.25
140976,3522,195,576,7.75,-71.75
140977,3523,195,577,7.75,-71.25
140978,3524,195,578,7.75,-70.75
140979,3525,195,579,7.75,-70.25
140980,3526,195,580,7.75,-69.75
140981,3527,195,581,7.75,-69.25
140982,3528,195,582,7.75,-68.75
140983,3529,195,583,7.75,-68.25
140984,3530,195,584,7.75,-67.75
140985,3531,195,585,7.75,-67.25
140986,3532,195,586,7.75,-66.75
140987,3533,195,587,7.75,-66.25
140988,3534,195,588,7.75,-65.75
140989,3535,195,589,7.75,-65.25
140990,3536,195,590,7.75,-64.75
140991,3537,195,591,7.75,-64.25
140992,3538,195,592,7.75,-63.75
140993,3539,195,593,7.75,-63.25
140994,3540,195,594,7.75,-62.75
140995,3541,195,595,7.75,-62.25
140996,3542,195,596,7.75,-61.75
141096,3543,195,696,7.75,-11.75
141097,3544,195,697,7.75,-11.25
141101,3545,195,701,7.75,-9.25
141102,3546,195,702,7.75,-8.75
141103,3547,195,703,7.75,-8.25
141104,3548,195,704,7.75,-7.75
141105,3549,195,705,7.75,-7.25
141106,3550,195,706,7.75,-6.75
141107,3551,195,707,7.75,-6.25
141108,3552,195,708,7.75,-5.75
141109,3553,195,709,7.75,-5.25
141110,3554,195,710,7.75,-4.75
141111,3555,195,711,7.75,-4.25
141112,3556,195,712,7.75,-3.75
141113,3557,195,713,7.75,-3.25
141114,3558,195,714,7.75,-2.75
141115,3559,195,715,7.75,-2.25
141116,3560,195,716,7.75,-1.75
141117,3561,195,717,7.75,-1.25
141118,3562,195,718,7.75,-0.75
141119,3563,195,719,7.75,-0.25
141120,3564,196,0,8.25,0.25
141121,3565,196,1,8.25,0.75
141122,3566,196,2,8.25,1.25
141123,3567,196,3,8.25,1.75
141124,3568,196,4,8.25,2.25
141125,3569,196,5,8.25,2.75
141126,3570,196,6,8.25,3.25
141127,3571,196,7,8.25,3.75
141128,3572,196,8,8.25,4.25
141129,3573,196,9,8.25,4.75
141130,3574,196,10,8.25,5.25
141131,3575,196,11,8.25,5.75
141132,3576,196,12,8.25,6.25
141133,3577,196,13,8.25,6.75
141134,3578,196,14,8.25,7.25
141135,3579,196,15,8.25,7.75
141136,3580,196,16,8.25,8.25
141137,3581,196,17,8.25,8.75
141138,3582,196,18,8.25,9.25
141139,3583,196,19,8.25,9.75
141140,3584,196,20,8.25,10.25
141141,3585,196,21,8.25,10.75
141142,3586,196,22,8.25,11.25
141143,3587,196,23,8.25,11.75
141144,3588,196,24,8.25,12.25
141145,3589,196,25,8.25,12.75
141146,3590,196,26,8.25,13.25
141147,3591,196,27,8.25,13.75
141148,3592,196,28,8.25,14.25
141149,3593,196,29,8.25,14.75
141150,3594,196,30,8.25,15.25
141151,3595,196,31,8.25,15.75
141152,3596,196,32,8.25,16.25
141153,3597,196,33,8.25,16.75
141154,3598,196,34,8.25,17.25
141155,3599,196,35,8.25,17.75
141157,3600,196,37,8.25,18.75
141169,3601,196,49,8.25,24.75
141178,3602,196,58,8.25,29.25
141180,3603,196,60,8.25,30.25
141183,3604,196,63,8.25,31.75
141184,3605,196,64,8.25,32.25
141185,3606,196,65,8.25,32.75
141186,3607,196,66,8.25,33.25
141187,3608,196,67,8.25,33.75
141188,3609,196,68,8.25,34.25
141196,3610,196,76,8.25,38.25
141201,3611,196,81,8.25,40.75
141202,3612,196,82,8.25,41.25
141280,3613,196,160,8.25,80.25
141366,3614,196,246,8.25,123.25
141369,3615,196,249,8.25,124.75
141370,3616,196,250,8.25,125.25
141371,3617,196,251,8.25,125.75
141677,3618,196,557,8.25,-81.25
141678,3619,196,558,8.25,-80.75
141684,3620,196,564,8.25,-77.75
141687,3621,196,567,8.25,-76.25
141688,3622,196,568,8.25,-75.75
141689,3623,196,569,8.25,-75.25
141690,3624,196,570,8.25,-74.75
141691,3625,196,571,8.25,-74.25
141692,3626,196,572,8.25,-73.75
141693,3627,196,573,8.25,-73.25
141694,3628,196,574,8.25,-72.75
141695,3629,196,575,8.25,-72.25
141696,3630,196,576,8.25,-71.75
141697,3631,196,577,8.25,-71.25
141698,3632,196,578,8.25,-70.75
141699,3633,196,579,8.25,-70.25
141700,3634,196,580,8.25,-69.75
141701,3635,196,581,8.25,-69.25
141702,3636,196,582,8.25,-68.75
141703,3637,196,583,8.25,-68.25
141704,3638,196,584,8.25,-67.75
141705,3639,196,585,8.25,-67.25
141706,3640,196,586,8.25,-66.75
141707,3641,196,587,8.25,-66.25
141708,3642,196,588,8.25,-65.75
141709,3643,196,589,8.25,-65.25
141710,3644,196,590,8.25,-64.75
141711,3645,196,591,8.25,-64.25
141712,3646,196,592,8.25,-63.75
141713,3647,196,593,8.25,-63.25
141714,3648,196,594,8.25,-62.75
141715,3649,196,595,8.25,-62.25
141716,3650,196,596,8.25,-61.75
141815,3651,196,695,8.25,-12.25
141816,3652,196,696,8.25,-11.75
141817,3653,196,697,8.25,-11.25
141818,3654,196,698,8.25,-10.75
141819,3655,196,699,8.25,-10.25
141821,3656,196,701,8.25,-9.25
141822,3657,196,702,8.25,-8.75
141823,3658,196,703,8.25,-8.25
141824,3659,196,704,8.25,-7.75
141825,3660,196,705,8.25,-7.25
141826,3661,196,706,8.25,-6.75
141827,3662,196,707,8.25,-6.25
141828,3663,196,708,8.25,-5.75
141829,3664,196,709,8.25,-5.25
141830,3665,196,710,8.25,-4.75
141831,3666,196,711,8.25,-4.25
141832,3667,196,712,8.25,-3.75
141833,3668,196,713,8.25,-3.25
141834,3669,196,714,8.25,-2.75
141835,3670,196,715,8.25,-2.25
141836,3671,196,716,8.25,-1.75
141837,3672,196,717,8.25,-1.25
141838,3673,196,718,8.25,-0.75
141839,3674,196,719,8.25,-0.25
141840,3675,197,0,8.75,0.25
141841,3676,197,1,8.75,0.75
141842,3677,197,2,8.75,1.25
141843,3678,197,3,8.75,1.75
141844,3679,197,4,8.75,2.25
141845,3680,197,5,8.75,2.75
141846,3681,197,6,8.75,3.25
141847,3682,197,7,8.75,3.75
141848,3683,197,8,8.75,4.25
141849,3684,197,9,8.75,4.75
141850,3685,197,10,8.75,5.25
141851,3686,197,11,8.75,5.75
141852,3687,197,12,8.75,6.25
141853,3688,197,13,8.75,6.75
141854,3689,197,14,8.75,7.25
141855,3690,197,15,8.75,7.75
141856,3691,197,16,8.75,8.25
141857,3692,197,17,8.75,8.75
141858,3693,197,18,8.75,9.25
141859,3694,197,19,8.75,9.75
141860,3695,197,20,8.75,10.25
141861,3696,197,21,8.75,10.75
141862,3697,197,22,8.75,11.25
141863,3698,197,23,8.75,11.75
141864,3699,197,24,8.75,12.25
141865,3700,197,25,8.75,12.75
141866,3701,197,26,8.75,13.25
141867,3702,197,27,8.75,13.75
141868,3703,197,28,8.75,14.25
141869,3704,197,29,8.75,14.75
141870,3705,197,30,8.75,15.25
141871,3706,197,31,8.75,15.75
141872,3707,197,32,8.75,16.25
141873,3708,197,33,8.75,16.75
141874,3709,197,34,8.75,17.25
141875,3710,197,35,8.75,17.75
141876,3711,197,36,8.75,18.25
141877,3712,197,37,8.75,18.75
141888,3713,197,48,8.75,24.25
141895,3714,197,55,8.75,27.75
141896,3715,197,56,8.75,28.25
141899,3716,197,59,8.75,29.75
141904,3717,197,64,8.75,32.25
141905,3718,197,65,8.75,32.75
141906,3719,197,66,8.75,33.25
141907,3720,197,67,8.75,33.75
141920,3721,197,80,8.75,40.25
141921,3722,197,81,8.75,40.75
141924,3723,197,84,8.75,42.25
142091,3724,197,251,8.75,125.75
142394,3725,197,554,8.75,-82.75
142399,3726,197,559,8.75,-80.25
142403,3727,197,563,8.75,-78.25
142408,3728,197,568,8.75,-75.75
142409,3729,197,569,8.75,-75.25
142410,3730,197,570,8.75,-74.75
142411,3731,197,571,8.75,-74.25
142412,3732,197,572,8.75,-73.75
142413,3733,197,573,8.75,-73.25
142414,3734,197,574,8.75,-72.75
142415,3735,197,575,8.75,-72.25
142416,3736,197,576,8.75,-71.75
142417,3737,197,577,8.75,-71.25
142418,3738,197,578,8.75,-70.75
142419,3739,197,579,8.75,-70.25
142420,3740,197,580,8.75,-69.75
142421,3741,197,581,8.75,-69.25
142422,3742,197,582,8.75,-68.75
142423,3743,197,583,8.75,-68.25
142424,3744,197,584,8.75,-67.75
142425,3745,197,585,8.75,-67.25
142426,3746,197,586,8.75,-66.75
142427,3747,197,587,8.75,-66.25
142428,3748,197,588,8.75,-65.75
142429,3749,197,589,8.75,-65.25
142430,3750,197,590,8.75,-64.75
142431,3751,197,591,8.75,-64.25
142432,3752,197,592,8.75,-63.75
142433,3753,197,593,8.75,-63.25
142434,3754,197,594,8.75,-62.75
142435,3755,197,595,8.75,-62.25
142436,3756,197,596,8.75,-61.75
142534,3757,197,694,8.75,-12.75
142535,3758,197,695,8.75,-12.25
142536,3759,197,696,8.75,-11.75
142537,3760,197,697,8.75,-11.25
142538,3761,197,698,8.75,-10.75
142539,3762,197,699,8.75,-10.25
142540,3763,197,700,8.75,-9.75
142541,3764,197,701,8.75,-9.25
142542,3765,197,702,8.75,-8.75
142543,3766,197,703,8.75,-8.25
142544,3767,197,704,8.75,-7.75
142545,3768,197,705,8.75,-7.25
142546,3769,197,706,8.75,-6.75
142547,3770,197,707,8.75,-6.25
142548,3771,197,708,8.75,-5.75
142549,3772,197,709,8.75,-5.25
142550,3773,197,710,8.75,-4.75
142551,3774,197,711,8.75,-4.25
142552,3775,197,712,8.75,-3.75
142553,3776,197,713,8.75,-3.25
142554,3777,197,714,8.75,-2.75
142556,3778,197,716,8.75,-1.75
142557,3779,197,717,8.75,-1.25
142558,3780,197,718,8.75,-0.75
142559,3781,197,719,8.75,-0.25
142560,3782,198,0,9.25,0.25
142561,3783,198,1,9.25,0.75
142562,3784,198,2,9.25,1.25
142563,3785,198,3,9.25,1.75
142564,3786,198,4,9.25,2.25
142565,3787,198,5,9.25,2.75
142566,3788,198,6,9.25,3.25
142567,3789,198,7,9.25,3.75
142568,3790,198,8,9.25,4.25
142569,3791,198,9,9.25,4.75
142570,3792,198,10,9.25,5.25
142571,3793,198,11,9.25,5.75
142572,3794,198,12,9.25,6.25
142573,3795,198,13,9.25,6.75
142574,3796,198,14,9.25,7.25
142575,3797,198,15,9.25,7.75
142576,3798,198,16,9.25,8.25
142577,3799,198,17,9.25,8.75
142578,3800,198,18,9.25,9.25
142579,3801,198,19,9.25,9.75
142580,3802,198,20,9.25,10.25
142581,3803,198,21,9.25,10.75
142582,3804,198,22,9.25,11.25
142583,3805,198,23,9.25,11.75
142584,3806,198,24,9.25,12.25
142585,3807,198,25,9.25,12.75
142586,3808,198,26,9.25,13.25
142587,3809,198,27,9.25,13.75
142588,3810,198,28,9.25,14.25
142589,3811,198,29,9.25,14.75
142590,3812,198,30,9.25,15.25
142591,3813,198,31,9.25,15.75
142592,3814,198,32,9.25,16.25
142593,3815,198,33,9.25,16.75
142594,3816,198,34,9.25,17.25
142595,3817,198,35,9.25,17.75
142596,3818,198,36,9.25,18.25
142597,3819,198,37,9.25,18.75
142598,3820,198,38,9.25,19.25
142615,3821,198,55,9.25,27.75
142616,3822,198,56,9.25,28.25
142618,3823,198,58,9.25,29.25
142619,3824,198,59,9.25,29.75
142621,3825,198,61,9.25,30.75
142622,3826,198,62,9.25,31.25
142623,3827,198,63,9.25,31.75
142624,3828,198,64,9.25,32.25
142625,3829,198,65,9.25,32.75
142626,3830,198,66,9.25,33.25
142627,3831,198,67,9.25,33.75
142628,3832,198,68,9.25,34.25
142646,3833,198,86,9.25,43.25
142811,3834,198,251,9.25,125.75
143113,3835,198,553,9.25,-83.25
143129,3836,198,569,9.25,-75.25
143130,3837,198,570,9.25,-74.75
143131,3838,198,571,9.25,-74.25
143132,3839,198,572,9.25,-73.75
143133,3840,198,573,9.25,-73.25
143134,3841,198,574,9.25,-72.75
143135,3842,198,575,9.25,-72.25
143138,3843,198,578,9.25,-70.75
143139,3844,198,579,9.25,-70.25
143140,3845,198,580,9.25,-69.75
143141,3846,198,581,9.25,-69.25
143142,3847,198,582,9.25,-68.75
143143,3848,198,583,9.25,-68.25
143144,3849,198,584,9.25,-67.75
143145,3850,198,585,9.25,-67.25
143146,3851,198,586,9.25,-66.75
143147,3852,198,587,9.25,-66.25
143148,3853,198,588,9.25,-65.75
143149,3854,198,589,9.25,-65.25
143150,3855,198,590,9.25,-64.75
143151,3856,198,591,9.25,-64.25
143152,3857,198,592,9.25,-63.75
143153,3858,198,593,9.25,-63.25
143154,3859,198,594,9.25,-62.75
143156,3860,198,596,9.25,-61.75
143254,3861,198,694,9.25,-12.75
143255,3862,198,695,9.25,-12.25
143256,3863,198,696,9.25,-11.75
143257,3864,198,697,9.25,-11.25
143259,3865,198,699,9.25,-10.25
143260,3866,198,700,9.25,-9.75
143261,3867,198,701,9.25,-9.25
143262,3868,198,702,9.25,-8.75
143263,3869,198,703,9.25,-8.25
143264,3870,198,704,9.25,-7.75
143265,3871,198,705,9.25,-7.25
143266,3872,198,706,9.25,-6.75
143267,3873,198,707,9.25,-6.25
143268,3874,198,708,9.25,-5.75
143269,3875,198,709,9.25,-5.25
143270,3876,198,710,9.25,-4.75
143271,3877,198,711,9.25,-4.25
143272,3878,198,712,9.25,-3.75
143273,3879,198,713,9.25,-3.25
143274,3880,198,714,9.25,-2.75
143276,3881,198,716,9.25,-1.75
143277,3882,198,717,9.25,-1.25
143278,3883,198,718,9.25,-0.75
143279,3884,198,719,9.25,-0.25
143280,3885,199,0,9.75,0.25
143281,3886,199,1,9.75,0.75
143282,3887,199,2,9.75,1.25
143283,3888,199,3,9.75,1.75
143284,3889,199,4,9.75,2.25
143285,3890,199,5,9.75,2.75
143286,3891,199,6,9.75,3.25
143287,3892,199,7,9.75,3.75
143288,3893,199,8,9.75,4.25
143289,3894,199,9,9.75,4.75
143290,3895,199,10,9.75,5.25
143291,3896,199,11,9.75,5.75
143292,3897,199,12,9.75,6.25
143293,3898,199,13,9.75,6.75
143294,3899,199,14,9.75,7.25
143295,3900,199,15,9.75,7.75
143296,3901,199,16,9.75,8.25
143297,3902,199,17,9.75,8.75
143298,3903,199,18,9.75,9.25
143299,3904,199,19,9.75,9.75
143300,3905,199,20,9.75,10.25
143301,3906,199,21,9.75,10.75
143302,3907,199,22,9.75,11.25
143303,3908,199,23,9.75,11.75
143304,3909,199,24,9.75,12.25
143305,3910,199,25,9.75,12.75
143306,3911,199,26,9.75,13.25
143307,3912,199,27,9.75,13.75
143308,3913,199,28,9.75,14.25
143309,3914,199,29,9.75,14.75
143310,3915,199,30,9.75,15.25
143311,3916,199,31,9.75,15.75
143312,3917,199,32,9.75,16.25
143313,3918,199,33,9.75,16.75
143315,3919,199,35,9.75,17.75
143317,3920,199,37,9.75,18.75
143318,3921,199,38,9.75,19.25
143321,3922,199,41,9.75,20.75
143330,3923,199,50,9.75,25.25
143331,3924,199,51,9.75,25.75
143339,3925,199,59,9.75,29.75
143340,3926,199,60,9.75,30.25
143342,3927,199,62,9.75,31.25
143343,3928,199,63,9.75,31.75
143344,3929,199,64,9.75,32.25
143345,3930,199,65,9.75,32.75
143347,3931,199,67,9.75,33.75
143348,3932,199,68,9.75,34.25
143366,3933,199,86,9.75,43.25
143369,3934,199,89,9.75,44.75
143525,3935,199,245,9.75,122.75
143831,3936,199,551,9.75,-84.25
143832,3937,199,552,9.75,-83.75
143849,3938,199,569,9.75,-75.25
143850,3939,199,570,9.75,-74.75
143851,3940,199,571,9.75,-74.25
143852,3941,199,572,9.75,-73.75
143853,3942,199,573,9.75,-73.25
143854,3943,199,574,9.75,-72.75
143858,3944,199,578,9.75,-70.75
143859,3945,199,579,9.75,-70.25
143860,3946,199,580,9.75,-69.75
143861,3947,199,581,9.75,-69.25
143862,3948,199,582,9.75,-68.75
143863,3949,199,583,9.75,-68.25
143864,3950,199,584,9.75,-67.75
143865,3951,199,585,9.75,-67.25
143866,3952,199,586,9.75,-66.75
143867,3953,199,587,9.75,-66.25
143868,3954,199,588,9.75,-65.75
143869,3955,199,589,9.75,-65.25
143870,3956,199,590,9.75,-64.75
143871,3957,199,591,9.75,-64.25
143872,3958,199,592,9.75,-63.75
143873,3959,199,593,9.75,-63.25
143874,3960,199,594,9.75,-62.75
143973,3961,199,693,9.75,-13.25
143974,3962,199,694,9.75,-12.75
143975,3963,199,695,9.75,-12.25
143976,3964,199,696,9.75,-11.75
143977,3965,199,697,9.75,-11.25
143979,3966,199,699,9.75,-10.25
143980,3967,199,700,9.75,-9.75
143981,3968,199,701,9.75,-9.25
143982,3969,199,702,9.75,-8.75
143984,3970,199,704,9.75,-7.75
143985,3971,199,705,9.75,-7.25
143986,3972,199,706,9.75,-6.75
143987,3973,199,707,9.75,-6.25
143988,3974,199,708,9.75,-5.75
143989,3975,199,709,9.75,-5.25
143990,3976,199,710,9.75,-4.75
143991,3977,199,711,9.75,-4.25
143992,3978,199,712,9.75,-3.75
143993,3979,199,713,9.75,-3.25
143994,3980,199,714,9.75,-2.75
143995,3981,199,715,9.75,-2.25
143996,3982,199,716,9.75,-1.75
143997,3983,199,717,9.75,-1.25
143998,3984,199,718,9.75,-0.75
143999,3985,199,719,9.75,-0.25
144000,3986,200,0,10.25,0.25
144001,3987,200,1,10.25,0.75
144002,3988,200,2,10.25,1.25
144003,3989,200,3,10.25,1.75
144004,3990,200,4,10.25,2.25
144005,3991,200,5,10.25,2.75
144006,3992,200,6,10.25,3.25
144007,3993,200,7,10.25,3.75
144008,3994,200,8,10.25,4.25
144009,3995,200,9,10.25,4.75
144010,3996,200,10,10.25,5.25
144011,3997,200,11,10.25,5.75
144012,3998,200,12,10.25,6.25
144013,3999,200,13,10.25,6.75
144014,4000,200,14,10.25,7.25
144015,4001,200,15,10.25,7.75
144016,4002,200,16,10.25,8.25
144017,4003,200,17,10.25,8.75
144018,4004,200,18,10.25,9.25
144019,4005,200,19,10.25,9.75
144020,4006,200,20,10.25,10.25
144021,4007,200,21,10.25,10.75
144022,4008,200,22,10.25,11.25
144023,4009,200,23,10.25,11.75
144024,4010,200,24,10.25,12.25
144025,4011,200,25,10.25,12.75
144026,4012,200,26,10.25,13.25
144027,4013,200,27,10.25,13.75
144028,4014,200,28,10.25,14.25
144029,4015,200,29,10.25,14.75
144030,4016,200,30,10.25,15.25
144031,4017,200,31,10.25,15.75
144032,4018,200,32,10.25,16.25
144033,4019,200,33,10.25,16.75
144034,4020,200,34,10.25,17.25
144050,4021,200,50,10.25,25.25
144051,4022,200,51,10.25,25.75
144063,4023,200,63,10.25,31.75
144064,4024,200,64,10.25,32.25
144065,4025,200,65,10.25,32.75
144066,4026,200,66,10.25,33.25
144067,4027,200,67,10.25,33.75
144068,4028,200,68,10.25,34.25
144073,4029,200,73,10.25,36.75
144074,4030,200,74,10.25,37.25
144085,4031,200,85,10.25,42.75
144551,4032,200,551,10.25,-84.25
144552,4033,200,552,10.25,-83.75
144569,4034,200,569,10.25,-75.25
144570,4035,200,570,10.25,-74.75
144571,4036,200,571,10.25,-74.25
144572,4037,200,572,10.25,-73.75
144573,4038,200,573,10.25,-73.25
144574,4039,200,574,10.25,-72.75
144575,4040,200,575,10.25,-72.25
144578,4041,200,578,10.25,-70.75
144579,4042,200,579,10.25,-70.25
144580,4043,200,580,10.25,-69.75
144581,4044,200,581,10.25,-69.25
144582,4045,200,582,10.25,-68.75
144583,4046,200,583,10.25,-68.25
144584,4047,200,584,10.25,-67.75
144585,4048,200,585,10.25,-67.25
144586,4049,200,586,10.25,-66.75
144692,4050,200,692,10.25,-13.75
144693,4051,200,693,10.25,-13.25
144695,4052,200,695,10.25,-12.25
144696,4053,200,696,10.25,-11.75
144697,4054,200,697,10.25,-11.25
144702,4055,200,702,10.25,-8.75
144703,4056,200,703,10.25,-8.25
144704,4057,200,704,10.25,-7.75
144705,4058,200,705,10.25,-7.25
144706,4059,200,706,10.25,-6.75
144707,4060,200,707,10.25,-6.25
144708,4061,200,708,10.25,-5.75
144709,4062,200,709,10.25,-5.25
144710,4063,200,710,10.25,-4.75
144711,4064,200,711,10.25,-4.25
144712,4065,200,712,10.25,-3.75
144713,4066,200,713,10.25,-3.25
144714,4067,200,714,10.25,-2.75
144715,4068,200,715,10.25,-2.25
144716,4069,200,716,10.25,-1.75
144717,4070,200,717,10.25,-1.25
144718,4071,200,718,10.25,-0.75
144719,4072,200,719,10.25,-0.25
144720,4073,201,0,10.75,0.25
144721,4074,201,1,10.75,0.75
144722,4075,201,2,10.75,1.25
144723,4076,201,3,10.75,1.75
144724,4077,201,4,10.75,2.25
144725,4078,201,5,10.75,2.75
144726,4079,201,6,10.75,3.25
144727,4080,201,7,10.75,3.75
144728,4081,201,8,10.75,4.25
144729,4082,201,9,10.75,4.75
144730,4083,201,10,10.75,5.25
144731,4084,201,11,10.75,5.75
144732,4085,201,12,10.75,6.25
144733,4086,201,13,10.75,6.75
144734,4087,201,14,10.75,7.25
144735,4088,201,15,10.75,7.75
144736,4089,201,16,10.75,8.25
144737,4090,201,17,10.75,8.75
144738,4091,201,18,10.75,9.25
144739,4092,201,19,10.75,9.75
144740,4093,201,20,10.75,10.25
144741,4094,201,21,10.75,10.75
144742,4095,201,22,10.75,11.25
144743,4096,201,23,10.75,11.75
144744,4097,201,24,10.75,12.25
144745,4098,201,25,10.75,12.75
144746,4099,201,26,10.75,13.25
144747,4100,201,27,10.75,13.75
144748,4101,201,28,10.75,14.25
144749,4102,201,29,10.75,14.75
144750,4103,201,30,10.75,15.25
144751,4104,201,31,10.75,15.75
144752,4105,201,32,10.75,16.25
144753,4106,201,33,10.75,16.75
144754,4107,201,34,10.75,17.25
144755,4108,201,35,10.75,17.75
144756,4109,201,36,10.75,18.25
144757,4110,201,37,10.75,18.75
144758,4111,201,38,10.75,19.25
144759,4112,201,39,10.75,19.75
144760,4113,201,40,10.75,20.25
144762,4114,201,42,10.75,21.25
144763,4115,201,43,10.75,21.75
144764,4116,201,44,10.75,22.25
144784,4117,201,64,10.75,32.25
144785,4118,201,65,10.75,32.75
144786,4119,201,66,10.75,33.25
144796,4120,201,76,10.75,38.25
144814,4121,201,94,10.75,47.25
144817,4122,201,97,10.75,48.75
144929,4123,201,209,10.75,104.75
145269,4124,201,549,10.75,-85.25
145270,4125,201,550,10.75,-84.75
145271,4126,201,551,10.75,-84.25
145290,4127,201,570,10.75,-74.75
145291,4128,201,571,10.75,-74.25
145292,4129,201,572,10.75,-73.75
145293,4130,201,573,10.75,-73.25
145294,4131,201,574,10.75,-72.75
145295,4132,201,575,10.75,-72.25
145298,4133,201,578,10.75,-70.75
145299,4134,201,579,10.75,-70.25
145300,4135,201,580,10.75,-69.75
145301,4136,201,581,10.75,-69.25
145302,4137,201,582,10.75,-68.75
145411,4138,201,691,10.75,-14.25
145412,4139,201,692,10.75,-13.75
145413,4140,201,693,10.75,-13.25
145414,4141,201,694,10.75,-12.75
145415,4142,201,695,10.75,-12.25
145416,4143,201,696,10.75,-11.75
145417,4144,201,697,10.75,-11.25
145418,4145,201,698,10.75,-10.75
145419,4146,201,699,10.75,-10.25
145420,4147,201,700,10.75,-9.75
145421,4148,201,701,10.75,-9.25
145422,4149,201,702,10.75,-8.75
145423,4150,201,703,10.75,-8.25
145424,4151,201,704,10.75,-7.75
145425,4152,201,705,10.75,-7.25
145426,4153,201,706,10.75,-6.75
145427,4154,201,707,10.75,-6.25
145428,4155,201,708,10.75,-5.75
145429,4156,201,709,10.75,-5.25
145430,4157,201,710,10.75,-4.75
145431,4158,201,711,10.75,-4.25
145432,4159,201,712,10.75,-3.75
145433,4160,201,713,10.75,-3.25
145434,4161,201,714,10.75,-2.75
145435,4162,201,715,10.75,-2.25
145436,4163,201,716,10.75,-1.75
145437,4164,201,717,10.75,-1.25
145438,4165,201,718,10.75,-0.75
145439,4166,201,719,10.75,-0.25
145440,4167,202,0,11.25,0.25
145441,4168,202,1,11.25,0.75
145442,4169,202,2,11.25,1.25
145443,4170,202,3,11.25,1.75
145444,4171,202,4,11.25,2.25
145445,4172,202,5,11.25,2.75
145446,4173,202,6,11.25,3.25
145447,4174,202,7,11.25,3.75
145448,4175,202,8,11.25,4.25
145449,4176,202,9,11.25,4.75
145450,4177,202,10,11.25,5.25
145451,4178,202,11,11.25,5.75
145452,4179,202,12,11.25,6.25
145453,4180,202,13,11.25,6.75
145454,4181,202,14,11.25,7.25
145455,4182,202,15,11.25,7.75
145456,4183,202,16,11.25,8.25
145457,4184,202,17,11.25,8.75
145458,4185,202,18,11.25,9.25
145459,4186,202,19,11.25,9.75
145460,4187,202,20,11.25,10.25
145461,4188,202,21,11.25,10.75
145462,4189,202,22,11.25,11.25
145463,4190,202,23,11.25,11.75
145464,4191,202,24,11.25,12.25
145465,4192,202,25,11.25,12.75
145466,4193,202,26,11.25,13.25
145467,4194,202,27,11.25,13.75
145468,4195,202,28,11.25,14.25
145469,4196,202,29,11.25,14.75
145470,4197,202,30,11.25,15.25
145471,4198,202,31,11.25,15.75
145472,4199,202,32,11.25,16.25
145473,4200,202,33,11.25,16.75
145474,4201,202,34,11.25,17.25
145475,4202,202,35,11.25,17.75
145476,4203,202,36,11.25,18.25
145477,4204,202,37,11.25,18.75
145478,4205,202,38,11.25,19.25
145479,4206,202,39,11.25,19.75
145480,4207,202,40,11.25,20.25
145481,4208,202,41,11.25,20.75
145482,4209,202,42,11.25,21.25
145483,4210,202,43,11.25,21.75
145484,4211,202,44,11.25,22.25
145504,4212,202,64,11.25,32.25
145505,4213,202,65,11.25,32.75
145516,4214,202,76,11.25,38.25
145648,4215,202,208,11.25,104.25
145649,4216,202,209,11.25,104.75
145650,4217,202,210,11.25,105.25
145651,4218,202,211,11.25,105.75
145989,4219,202,549,11.25,-85.25
145990,4220,202,550,11.25,-84.75
145991,4221,202,551,11.25,-84.25
146014,4222,202,574,11.25,-72.75
146015,4223,202,575,11.25,-72.25
146130,4224,202,690,11.25,-14.75
146132,4225,202,692,11.25,-13.75
146133,4226,202,693,11.25,-13.25
146134,4227,202,694,11.25,-12.75
146135,4228,202,695,11.25,-12.25
146136,4229,202,696,11.25,-11.75
146137,4230,202,697,11.25,-11.25
146138,4231,202,698,11.25,-10.75
146140,4232,202,700,11.25,-9.75
146141,4233,202,701,11.25,-9.25
146142,4234,202,702,11.25,-8.75
146143,4235,202,703,11.25,-8.25
146144,4236,202,704,11.25,-7.75
146145,4237,202,705,11.25,-7.25
146146,4238,202,706,11.25,-6.75
146147,4239,202,707,11.25,-6.25
146148,4240,202,708,11.25,-5.75
146149,4241,202,709,11.25,-5.25
146150,4242,202,710,11.25,-4.75
146151,4243,202,711,11.25,-4.25
146152,4244,202,712,11.25,-3.75
146153,4245,202,713,11.25,-3.25
146154,4246,202,714,11.25,-2.75
146155,4247,202,715,11.25,-2.25
146156,4248,202,716,11.25,-1.75
146157,4249,202,717,11.25,-1.25
146158,4250,202,718,11.25,-0.75
146159,4251,202,719,11.25,-0.25
146160,4252,203,0,11.75,0.25
146161,4253,203,1,11.75,0.75
146162,4254,203,2,11.75,1.25
146163,4255,203,3,11.75,1.75
146164,4256,203,4,11.75,2.25
146165,4257,203,5,11.75,2.75
146166,4258,203,6,11.75,3.25
146167,4259,203,7,11.75,3.75
146168,4260,203,8,11.75,4.25
146169,4261,203,9,11.75,4.75
146170,4262,203,10,11.75,5.25
146171,4263,203,11,11.75,5.75
146172,4264,203,12,11.75,6.25
146173,4265,203,13,11.75,6.75
146174,4266,203,14,11.75,7.25
146175,4267,203,15,11.75,7.75
146176,4268,203,16,11.75,8.25
146177,4269,203,17,11.75,8.75
146178,4270,203,18,11.75,9.25
146179,4271,203,19,11.75,9.75
146180,4272,203,20,11.75,10.25
146181,4273,203,21,11.75,10.75
146182,4274,203,22,11.75,11.25
146183,4275,203,23,11.75,11.75
146184,4276,203,24,11.75,12.25
146185,4277,203,25,11.75,12.75
146186,4278,203,26,11.75,13.25
146187,4279,203,27,11.75,13.75
146188,4280,203,28,11.75,14.25
146189,4281,203,29,11.75,14.75
146190,4282,203,30,11.75,15.25
146191,4283,203,31,11.75,15.75
146192,4284,203,32,11.75,16.25
146193,4285,203,33,11.75,16.75
146194,4286,203,34,11.75,17.25
146195,4287,203,35,11.75,17.75
146196,4288,203,36,11.75,18.25
146197,4289,203,37,11.75,18.75
146198,4290,203,38,11.75,19.25
146199,4291,203,39,11.75,19.75
146200,4292,203,40,11.75,20.25
146201,4293,203,41,11.75,20.75
146203,4294,203,43,11.75,21.75
146204,4295,203,44,11.75,22.25
146224,4296,203,64,11.75,32.25
146225,4297,203,65,11.75,32.75
146230,4298,203,70,11.75,35.25
146366,4299,203,206,11.75,103.25
146367,4300,203,207,11.75,103.75
146368,4301,203,208,11.75,104.25
146369,4302,203,209,11.75,104.75
146370,4303,203,210,11.75,105.25
146371,4304,203,211,11.75,105.75
146372,4305,203,212,11.75,106.25
146708,4306,203,548,11.75,-85.75
146709,4307,203,549,11.75,-85.25
146710,4308,203,550,11.75,-84.75
146711,4309,203,551,11.75,-84.25
146850,4310,203,690,11.75,-14.75
146851,4311,203,691,11.75,-14.25
146852,4312,203,692,11.75,-13.75
146853,4313,203,693,11.75,-13.25
146854,4314,203,694,11.75,-12.75
146855,4315,203,695,11.75,-12.25
146856,4316,203,696,11.75,-11.75
146857,4317,203,697,11.75,-11.25
146858,4318,203,698,11.75,-10.75
146860,4319,203,700,11.75,-9.75
146861,4320,203,701,11.75,-9.25
146862,4321,203,702,11.75,-8.75
146863,4322,203,703,11.75,-8.25
146864,4323,203,704,11.75,-7.75
146865,4324,203,705,11.75,-7.25
146866,4325,203,706,11.75,-6.75
146867,4326,203,707,11.75,-6.25
146868,4327,203,708,11.75,-5.75
146869,4328,203,709,11.75,-5.25
146870,4329,203,710,11.75,-4.75
146871,4330,203,711,11.75,-4.25
146872,4331,203,712,11.75,-3.75
146873,4332,203,713,11.75,-3.25
146874,4333,203,714,11.75,-2.75
146875,4334,203,715,11.75,-2.25
146876,4335,203,716,11.75,-1.75
146877,4336,203,717,11.75,-1.25
146878,4337,203,718,11.75,-0.75
146879,4338,203,719,11.75,-0.25
146880,4339,204,0,12.25,0.25
146881,4340,204,1,12.25,0.75
146882,4341,204,2,12.25,1.25
146883,4342,204,3,12.25,1.75
146884,4343,204,4,12.25,2.25
146885,4344,204,5,12.25,2.75
146886,4345,204,6,12.25,3.25
146887,4346,204,7,12.25,3.75
146888,4347,204,8,12.25,4.25
146889,4348,204,9,12.25,4.75
146890,4349,204,10,12.25,5.25
146891,4350,204,11,12.25,5.75
146892,4351,204,12,12.25,6.25
146893,4352,204,13,12.25,6.75
146894,4353,204,14,12.25,7.25
146895,4354,204,15,12.25,7.75
146896,4355,204,16,12.25,8.25
146897,4356,204,17,12.25,8.75
146898,4357,204,18,12.25,9.25
146899,4358,204,19,12.25,9.75
146900,4359,204,20,12.25,10.25
146901,4360,204,21,12.25,10.75
146902,4361,204,22,12.25,11.25
146903,4362,204,23,12.25,11.75
146904,4363,204,24,12.25,12.25
146905,4364,204,25,12.25,12.75
146906,4365,204,26,12.25,13.25
146907,4366,204,27,12.25,13.75
146908,4367,204,28,12.25,14.25
146909,4368,204,29,12.25,14.75
146910,4369,204,30,12.25,15.25
146911,4370,204,31,12.25,15.75
146912,4371,204,32,12.25,16.25
146913,4372,204,33,12.25,16.75
146914,4373,204,34,12.25,17.25
146915,4374,204,35,12.25,17.75
146916,4375,204,36,12.25,18.25
146917,4376,204,37,12.25,18.75
146918,4377,204,38,12.25,19.25
146919,4378,204,39,12.25,19.75
146923,4379,204,43,12.25,21.75
146924,4380,204,44,12.25,22.25
146945,4381,204,65,12.25,32.75
146950,4382,204,70,12.25,35.25
146951,4383,204,71,12.25,35.75
146952,4384,204,72,12.25,36.25
146953,4385,204,73,12.25,36.75
147086,4386,204,206,12.25,103.25
147087,4387,204,207,12.25,103.75
147088,4388,204,208,12.25,104.25
147089,4389,204,209,12.25,104.75
147090,4390,204,210,12.25,105.25
147091,4391,204,211,12.25,105.75
147092,4392,204,212,12.25,106.25
147093,4393,204,213,12.25,106.75
147427,4394,204,547,12.25,-86.25
147428,4395,204,548,12.25,-85.75
147429,4396,204,549,12.25,-85.25
147430,4397,204,550,12.25,-84.75
147431,4398,204,551,12.25,-84.25
147568,4399,204,688,12.25,-15.75
147569,4400,204,689,12.25,-15.25
147570,4401,204,690,12.25,-14.75
147571,4402,204,691,12.25,-14.25
147572,4403,204,692,12.25,-13.75
147573,4404,204,693,12.25,-13.25
147574,4405,204,694,12.25,-12.75
147575,4406,204,695,12.25,-12.25
147577,4407,204,697,12.25,-11.25
147578,4408,204,698,12.25,-10.75
147581,4409,204,701,12.25,-9.25
147582,4410,204,702,12.25,-8.75
147583,4411,204,703,12.25,-8.25
147584,4412,204,704,12.25,-7.75
147585,4413,204,705,12.25,-7.25
147586,4414,204,706,12.25,-6.75
147587,4415,204,707,12.25,-6.25
147588,4416,204,708,12.25,-5.75
147589,4417,204,709,12.25,-5.25
147590,4418,204,710,12.25,-4.75
147591,4419,204,711,12.25,-4.25
147592,4420,204,712,12.25,-3.75
147593,4421,204,713,12.25,-3.25
147594,4422,204,714,12.25,-2.75
147595,4423,204,715,12.25,-2.25
147596,4424,204,716,12.25,-1.75
147597,4425,204,717,12.25,-1.25
147598,4426,204,718,12.25,-0.75
147599,4427,204,719,12.25,-0.25
147600,4428,205,0,12.75,0.25
147601,4429,205,1,12.75,0.75
147602,4430,205,2,12.75,1.25
147603,4431,205,3,12.75,1.75
147604,4432,205,4,12.75,2.25
147607,4433,205,7,12.75,3.75
147608,4434,205,8,12.75,4.25
147609,4435,205,9,12.75,4.75
147610,4436,205,10,12.75,5.25
147611,4437,205,11,12.75,5.75
147612,4438,205,12,12.75,6.25
147613,4439,205,13,12.75,6.75
147614,4440,205,14,12.75,7.25
147615,4441,205,15,12.75,7.75
147616,4442,205,16,12.75,8.25
147617,4443,205,17,12.75,8.75
147618,4444,205,18,12.75,9.25
147619,4445,205,19,12.75,9.75
147620,4446,205,20,12.75,10.25
147621,4447,205,21,12.75,10.75
147622,4448,205,22,12.75,11.25
147623,4449,205,23,12.75,11.75
147624,4450,205,24,12.75,12.25
147625,4451,205,25,12.75,12.75
147626,4452,205,26,12.75,13.25
147627,4453,205,27,12.75,13.75
147628,4454,205,28,12.75,14.25
147629,4455,205,29,12.75,14.75
147630,4456,205,30,12.75,15.25
147631,4457,205,31,12.75,15.75
147632,4458,205,32,12.75,16.25
147633,4459,205,33,12.75,16.75
147634,4460,205,34,12.75,17.25
147635,4461,205,35,12.75,17.75
147636,4462,205,36,12.75,18.25
147637,4463,205,37,12.75,18.75
147638,4464,205,38,12.75,19.25
147639,4465,205,39,12.75,19.75
147640,4466,205,40,12.75,20.25
147643,4467,205,43,12.75,21.75
147644,4468,205,44,12.75,22.25
147671,4469,205,71,12.75,35.75
147672,4470,205,72,12.75,36.25
147673,4471,205,73,12.75,36.75
147804,4472,205,204,12.75,102.25
147805,4473,205,205,12.75,102.75
147806,4474,205,206,12.75,103.25
147807,4475,205,207,12.75,103.75
147808,4476,205,208,12.75,104.25
147809,4477,205,209,12.75,104.75
147810,4478,205,210,12.75,105.25
147811,4479,205,211,12.75,105.75
147812,4480,205,212,12.75,106.25
147814,4481,205,214,12.75,107.25
147842,4482,205,242,12.75,121.25
148146,4483,205,546,12.75,-86.75
148147,4484,205,547,12.75,-86.25
148148,4485,205,548,12.75,-85.75
148149,4486,205,549,12.75,-85.25
148150,4487,205,550,12.75,-84.75
148151,4488,205,551,12.75,-84.25
148287,4489,205,687,12.75,-16.25
148289,4490,205,689,12.75,-15.25
148290,4491,205,690,12.75,-14.75
148291,4492,205,691,12.75,-14.25
148292,4493,205,692,12.75,-13.75
148293,4494,205,693,12.75,-13.25
148294,4495,205,694,12.75,-12.75
148297,4496,205,697,12.75,-11.25
148298,4497,205,698,12.75,-10.75
148299,4498,205,699,12.75,-10.25
148300,4499,205,700,12.75,-9.75
148301,4500,205,701,12.75,-9.25
148302,4501,205,702,12.75,-8.75
148303,4502,205,703,12.75,-8.25
148304,4503,205,704,12.75,-7.75
148305,4504,205,705,12.75,-7.25
148306,4505,205,706,12.75,-6.75
148307,4506,205,707,12.75,-6.25
148308,4507,205,708,12.75,-5.75
148309,4508,205,709,12.75,-5.25
148310,4509,205,710,12.75,-4.75
148311,4510,205,711,12.75,-4.25
148312,4511,205,712,12.75,-3.75
148313,4512,205,713,12.75,-3.25
148314,4513,205,714,12.75,-2.75
148315,4514,205,715,12.75,-2.25
148316,4515,205,716,12.75,-1.75
148317,4516,205,717,12.75,-1.25
148318,4517,205,718,12.75,-0.75
148319,4518,205,719,12.75,-0.25
148320,4519,206,0,13.25,0.25
148321,4520,206,1,13.25,0.75
148322,4521,206,2,13.25,1.25
148328,4522,206,8,13.25,4.25
148329,4523,206,9,13.25,4.75
148330,4524,206,10,13.25,5.25
148331,4525,206,11,13.25,5.75
148332,4526,206,12,13.25,6.25
148333,4527,206,13,13.25,6.75
148334,4528,206,14,13.25,7.25
148335,4529,206,15,13.25,7.75
148336,4530,206,16,13.25,8.25
148339,4531,206,19,13.25,9.75
148340,4532,206,20,13.25,10.25
148341,4533,206,21,13.25,10.75
148342,4534,206,22,13.25,11.25
148343,4535,206,23,13.25,11.75
148344,4536,206,24,13.25,12.25
148345,4537,206,25,13.25,12.75
148346,4538,206,26,13.25,13.25
148347,4539,206,27,13.25,13.75
148348,4540,206,28,13.25,14.25
148349,4541,206,29,13.25,14.75
148350,4542,206,30,13.25,15.25
148351,4543,206,31,13.25,15.75
148352,4544,206,32,13.25,16.25
148353,4545,206,33,13.25,16.75
148354,4546,206,34,13.25,17.25
148355,4547,206,35,13.25,17.75
148356,4548,206,36,13.25,18.25
148357,4549,206,37,13.25,18.75
148358,4550,206,38,13.25,19.25
148359,4551,206,39,13.25,19.75
148360,4552,206,40,13.25,20.25
148363,4553,206,43,13.25,21.75
148364,4554,206,44,13.25,22.25
148392,4555,206,72,13.25,36.25
148393,4556,206,73,13.25,36.75
148403,4557,206,83,13.25,41.75
148522,4558,206,202,13.25,101.25
148523,4559,206,203,13.25,101.75
148524,4560,206,204,13.25,102.25
148525,4561,206,205,13.25,102.75
148526,4562,206,206,13.25,103.25
148527,4563,206,207,13.25,103.75
148528,4564,206,208,13.25,104.25
148529,4565,206,209,13.25,104.75
148530,4566,206,210,13.25,105.25
148531,4567,206,211,13.25,105.75
148532,4568,206,212,13.25,106.25
148866,4569,206,546,13.25,-86.75
148867,4570,206,547,13.25,-86.25
148868,4571,206,548,13.25,-85.75
148869,4572,206,549,13.25,-85.25
148870,4573,206,550,13.25,-84.75
148871,4574,206,551,13.25,-84.25
149010,4575,206,690,13.25,-14.75
149011,4576,206,691,13.25,-14.25
149012,4577,206,692,13.25,-13.75
149013,4578,206,693,13.25,-13.25
149014,4579,206,694,13.25,-12.75
149015,4580,206,695,13.25,-12.25
149016,4581,206,696,13.25,-11.75
149017,4582,206,697,13.25,-11.25
149018,4583,206,698,13.25,-10.75
149019,4584,206,699,13.25,-10.25
149020,4585,206,700,13.25,-9.75
149021,4586,206,701,13.25,-9.25
149022,4587,206,702,13.25,-8.75
149023,4588,206,703,13.25,-8.25
149024,4589,206,704,13.25,-7.75
149025,4590,206,705,13.25,-7.25
149026,4591,206,706,13.25,-6.75
149027,4592,206,707,13.25,-6.25
149028,4593,206,708,13.25,-5.75
149029,4594,206,709,13.25,-5.25
149030,4595,206,710,13.25,-4.75
149031,4596,206,711,13.25,-4.25
149032,4597,206,712,13.25,-3.75
149033,4598,206,713,13.25,-3.25
149034,4599,206,714,13.25,-2.75
149035,4600,206,715,13.25,-2.25
149036,4601,206,716,13.25,-1.75
149037,4602,206,717,13.25,-1.25
149038,4603,206,718,13.25,-0.75
149039,4604,206,719,13.25,-0.25
149040,4605,207,0,13.75,0.25
149041,4606,207,1,13.75,0.75
149048,4607,207,8,13.75,4.25
149049,4608,207,9,13.75,4.75
149050,4609,207,10,13.75,5.25
149051,4610,207,11,13.75,5.75
149052,4611,207,12,13.75,6.25
149066,4612,207,26,13.75,13.25
149068,4613,207,28,13.75,14.25
149069,4614,207,29,13.75,14.75
149070,4615,207,30,13.75,15.25
149071,4616,207,31,13.75,15.75
149072,4617,207,32,13.75,16.25
149073,4618,207,33,13.75,16.75
149074,4619,207,34,13.75,17.25
149075,4620,207,35,13.75,17.75
149076,4621,207,36,13.75,18.25
149077,4622,207,37,13.75,18.75
149078,4623,207,38,13.75,19.25
149079,4624,207,39,13.75,19.75
149080,4625,207,40,13.75,20.25
149083,4626,207,43,13.75,21.75
149084,4627,207,44,13.75,22.25
149112,4628,207,72,13.75,36.25
149113,4629,207,73,13.75,36.75
149115,4630,207,75,13.75,37.75
149239,4631,207,199,13.75,99.75
149240,4632,207,200,13.75,100.25
149241,4633,207,201,13.75,100.75
149242,4634,207,202,13.75,101.25
149243,4635,207,203,13.75,101.75
149244,4636,207,204,13.75,102.25
149245,4637,207,205,13.75,102.75
149246,4638,207,206,13.75,103.25
149247,4639,207,207,13.75,103.75
149249,4640,207,209,13.75,104.75
149250,4641,207,210,13.75,105.25
149251,4642,207,211,13.75,105.75
149253,4643,207,213,13.75,106.75
149581,4644,207,541,13.75,-89.25
149582,4645,207,542,13.75,-88.75
149583,4646,207,543,13.75,-88.25
149584,4647,207,544,13.75,-87.75
149586,4648,207,546,13.75,-86.75
149587,4649,207,547,13.75,-86.25
149588,4650,207,548,13.75,-85.75
149589,4651,207,549,13.75,-85.25
149590,4652,207,550,13.75,-84.75
149591,4653,207,551,13.75,-84.25
149592,4654,207,552,13.75,-83.75
149727,4655,207,687,13.75,-16.25
149728,4656,207,688,13.75,-15.75
149729,4657,207,689,13.75,-15.25
149730,4658,207,690,13.75,-14.75
149731,4659,207,691,13.75,-14.25
149732,4660,207,692,13.75,-13.75
149733,4661,207,693,13.75,-13.25
149734,4662,207,694,13.75,-12.75
149735,4663,207,695,13.75,-12.25
149736,4664,207,696,13.75,-11.75
149737,4665,207,697,13.75,-11.25
149738,4666,207,698,13.75,-10.75
149739,4667,207,699,13.75,-10.25
149740,4668,207,700,13.75,-9.75
149741,4669,207,701,13.75,-9.25
149742,4670,207,702,13.75,-8.75
149743,4671,207,703,13.75,-8.25
149744,4672,207,704,13.75,-7.75
149745,4673,207,705,13.75,-7.25
149746,4674,207,706,13.75,-6.75
149747,4675,207,707,13.75,-6.25
149748,4676,207,708,13.75,-5.75
149749,4677,207,709,13.75,-5.25
149750,4678,207,710,13.75,-4.75
149751,4679,207,711,13.75,-4.25
149752,4680,207,712,13.75,-3.75
149753,4681,207,713,13.75,-3.25
149754,4682,207,714,13.75,-2.75
149755,4683,207,715,13.75,-2.25
149756,4684,207,716,13.75,-1.75
149757,4685,207,717,13.75,-1.25
149758,4686,207,718,13.75,-0.75
149759,4687,207,719,13.75,-0.25
149760,4688,208,0,14.25,0.25
149788,4689,208,28,14.25,14.25
149789,4690,208,29,14.25,14.75
149790,4691,208,30,14.25,15.25
149791,4692,208,31,14.25,15.75
149793,4693,208,33,14.25,16.75
149794,4694,208,34,14.25,17.25
149795,4695,208,35,14.25,17.75
149796,4696,208,36,14.25,18.25
149797,4697,208,37,14.25,18.75
149801,4698,208,41,14.25,20.75
149802,4699,208,42,14.25,21.25
149803,4700,208,43,14.25,21.75
149804,4701,208,44,14.25,22.25
149833,4702,208,73,14.25,36.75
149834,4703,208,74,14.25,37.25
149835,4704,208,75,14.25,37.75
149836,4705,208,76,14.25,38.25
149837,4706,208,77,14.25,38.75
149838,4707,208,78,14.25,39.25
149957,4708,208,197,14.25,98.75
149958,4709,208,198,14.25,99.25
149959,4710,208,199,14.25,99.75
149960,4711,208,200,14.25,100.25
149961,4712,208,201,14.25,100.75
149962,4713,208,202,14.25,101.25
149963,4714,208,203,14.25,101.75
149964,4715,208,204,14.25,102.25
149965,4716,208,205,14.25,102.75
149966,4717,208,206,14.25,103.25
149967,4718,208,207,14.25,103.75
149968,4719,208,208,14.25,104.25
149969,4720,208,209,14.25,104.75
149970,4721,208,210,14.25,105.25
149972,4722,208,212,14.25,106.25
150002,4723,208,242,14.25,121.25
150297,4724,208,537,14.25,-91.25
150298,4725,208,538,14.25,-90.75
150299,4726,208,539,14.25,-90.25
150300,4727,208,540,14.25,-89.75
150301,4728,208,541,14.25,-89.25
150311,4729,208,551,14.25,-84.25
150312,4730,208,552,14.25,-83.75
150447,4731,208,687,14.25,-16.25
150448,4732,208,688,14.25,-15.75
150449,4733,208,689,14.25,-15.25
150450,4734,208,690,14.25,-14.75
150451,4735,208,691,14.25,-14.25
150452,4736,208,692,14.25,-13.75
150453,4737,208,693,14.25,-13.25
150454,4738,208,694,14.25,-12.75
150455,4739,208,695,14.25,-12.25
150456,4740,208,696,14.25,-11.75
150457,4741,208,697,14.25,-11.25
150458,4742,208,698,14.25,-10.75
150459,4743,208,699,14.25,-10.25
150460,4744,208,700,14.25,-9.75
150461,4745,208,701,14.25,-9.25
150462,4746,208,702,14.25,-8.75
150463,4747,208,703,14.25,-8.25
150464,4748,208,704,14.25,-7.75
150465,4749,208,705,14.25,-7.25
150466,4750,208,706,14.25,-6.75
150467,4751,208,707,14.25,-6.25
150468,4752,208,708,14.25,-5.75
150469,4753,208,709,14.25,-5.25
150470,4754,208,710,14.25,-4.75
150471,4755,208,711,14.25,-4.25
150472,4756,208,712,14.25,-3.75
150473,4757,208,713,14.25,-3.25
150475,4758,208,715,14.25,-2.25
150476,4759,208,716,14.25,-1.75
150477,4760,208,717,14.25,-1.25
150478,4761,208,718,14.25,-0.75
150479,4762,208,719,14.25,-0.25
150480,4763,209,0,14.75,0.25
150481,4764,209,1,14.75,0.75
150521,4765,209,41,14.75,20.75
150522,4766,209,42,14.75,21.25
150523,4767,209,43,14.75,21.75
150524,4768,209,44,14.75,22.25
150525,4769,209,45,14.75,22.75
150553,4770,209,73,14.75,36.75
150554,4771,209,74,14.75,37.25
150555,4772,209,75,14.75,37.75
150556,4773,209,76,14.75,38.25
150557,4774,209,77,14.75,38.75
150558,4775,209,78,14.75,39.25
150559,4776,209,79,14.75,39.75
150676,4777,209,196,14.75,98.25
150677,4778,209,197,14.75,98.75
150678,4779,209,198,14.75,99.25
150679,4780,209,199,14.75,99.75
150680,4781,209,200,14.75,100.25
150681,4782,209,201,14.75,100.75
150682,4783,209,202,14.75,101.25
150683,4784,209,203,14.75,101.75
150684,4785,209,204,14.75,102.25
150685,4786,209,205,14.75,102.75
150686,4787,209,206,14.75,103.25
150687,4788,209,207,14.75,103.75
150688,4789,209,208,14.75,104.25
150689,4790,209,209,14.75,104.75
150690,4791,209,210,14.75,105.25
150722,4792,209,242,14.75,121.25
151016,4793,209,536,14.75,-91.75
151017,4794,209,537,14.75,-91.25
151018,4795,209,538,14.75,-90.75
151019,4796,209,539,14.75,-90.25
151020,4797,209,540,14.75,-89.75
151021,4798,209,541,14.75,-89.25
151031,4799,209,551,14.75,-84.25
151032,4800,209,552,14.75,-83.75
151166,4801,209,686,14.75,-16.75
151167,4802,209,687,14.75,-16.25
151168,4803,209,688,14.75,-15.75
151169,4804,209,689,14.75,-15.25
151170,4805,209,690,14.75,-14.75
151171,4806,209,691,14.75,-14.25
151172,4807,209,692,14.75,-13.75
151173,4808,209,693,14.75,-13.25
151174,4809,209,694,14.75,-12.75
151175,4810,209,695,14.75,-12.25
151176,4811,209,696,14.75,-11.75
151177,4812,209,697,14.75,-11.25
151178,4813,209,698,14.75,-10.75
151179,4814,209,699,14.75,-10.25
151180,4815,209,700,14.75,-9.75
151181,4816,209,701,14.75,-9.25
151182,4817,209,702,14.75,-8.75
151191,4818,209,711,14.75,-4.25
151192,4819,209,712,14.75,-3.75
151193,4820,209,713,14.75,-3.25
151196,4821,209,716,14.75,-1.75
151197,4822,209,717,14.75,-1.25
151198,4823,209,718,14.75,-0.75
151199,4824,209,719,14.75,-0.25
151200,4825,210,0,15.25,0.25
151201,4826,210,1,15.25,0.75
151202,4827,210,2,15.25,1.25
151206,4828,210,6,15.25,3.25
151243,4829,210,43,15.25,21.75
151272,4830,210,72,15.25,36.25
151273,4831,210,73,15.25,36.75
151274,4832,210,74,15.25,37.25
151275,4833,210,75,15.25,37.75
151276,4834,210,76,15.25,38.25
151277,4835,210,77,15.25,38.75
151278,4836,210,78,15.25,39.25
151397,4837,210,197,15.25,98.75
151398,4838,210,198,15.25,99.25
151399,4839,210,199,15.25,99.75
151400,4840,210,200,15.25,100.25
151401,4841,210,201,15.25,100.75
151402,4842,210,202,15.25,101.25
151403,4843,210,203,15.25,101.75
151404,4844,210,204,15.25,102.25
151405,4845,210,205,15.25,102.75
151406,4846,210,206,15.25,103.25
151407,4847,210,207,15.25,103.75
151408,4848,210,208,15.25,104.25
151409,4849,210,209,15.25,104.75
151410,4850,210,210,15.25,105.25
151441,4851,210,241,15.25,120.75
151735,4852,210,535,15.25,-92.25
151736,4853,210,536,15.25,-91.75
151737,4854,210,537,15.25,-91.25
151738,4855,210,538,15.25,-90.75
151739,4856,210,539,15.25,-90.25
151741,4857,210,541,15.25,-89.25
151742,4858,210,542,15.25,-88.75
151891,4859,210,691,15.25,-14.25
151892,4860,210,692,15.25,-13.75
151893,4861,210,693,15.25,-13.25
151894,4862,210,694,15.25,-12.75
151895,4863,210,695,15.25,-12.25
151896,4864,210,696,15.25,-11.75
151897,4865,210,697,15.25,-11.25
151898,4866,210,698,15.25,-10.75
151899,4867,210,699,15.25,-10.25
151900,4868,210,700,15.25,-9.75
151901,4869,210,701,15.25,-9.25
151911,4870,210,711,15.25,-4.25
151912,4871,210,712,15.25,-3.75
151918,4872,210,718,15.25,-0.75
151919,4873,210,719,15.25,-0.25
151920,4874,211,0,15.75,0.25
151926,4875,211,6,15.75,3.25
151927,4876,211,7,15.75,3.75
151996,4877,211,76,15.75,38.25
151997,4878,211,77,15.75,38.75
152117,4879,211,197,15.75,98.75
152118,4880,211,198,15.75,99.25
152119,4881,211,199,15.75,99.75
152120,4882,211,200,15.75,100.25
152121,4883,211,201,15.75,100.75
152122,4884,211,202,15.75,101.25
152123,4885,211,203,15.75,101.75
152124,4886,211,204,15.75,102.25
152125,4887,211,205,15.75,102.75
152126,4888,211,206,15.75,103.25
152127,4889,211,207,15.75,103.75
152128,4890,211,208,15.75,104.25
152129,4891,211,209,15.75,104.75
152130,4892,211,210,15.75,105.25
152160,4893,211,240,15.75,120.25
152161,4894,211,241,15.75,120.75
152162,4895,211,242,15.75,121.25
152454,4896,211,534,15.75,-92.75
152455,4897,211,535,15.75,-92.25
152456,4898,211,536,15.75,-91.75
152457,4899,211,537,15.75,-91.25
152458,4900,211,538,15.75,-90.75
152459,4901,211,539,15.75,-90.25
152607,4902,211,687,15.75,-16.25
152608,4903,211,688,15.75,-15.75
152609,4904,211,689,15.75,-15.25
152610,4905,211,690,15.75,-14.75
152611,4906,211,691,15.75,-14.25
152612,4907,211,692,15.75,-13.75
152613,4908,211,693,15.75,-13.25
152614,4909,211,694,15.75,-12.75
152615,4910,211,695,15.75,-12.25
152616,4911,211,696,15.75,-11.75
152617,4912,211,697,15.75,-11.25
152618,4913,211,698,15.75,-10.75
152619,4914,211,699,15.75,-10.25
152620,4915,211,700,15.75,-9.75
152621,4916,211,701,15.75,-9.25
152622,4917,211,702,15.75,-8.75
152623,4918,211,703,15.75,-8.25
152624,4919,211,704,15.75,-7.75
152628,4920,211,708,15.75,-5.75
152716,4921,212,76,16.25,38.25
152838,4922,212,198,16.25,99.25
152839,4923,212,199,16.25,99.75
152840,4924,212,200,16.25,100.25
152841,4925,212,201,16.25,100.75
152842,4926,212,202,16.25,101.25
152843,4927,212,203,16.25,101.75
152844,4928,212,204,16.25,102.25
152845,4929,212,205,16.25,102.75
152846,4930,212,206,16.25,103.25
152847,4931,212,207,16.25,103.75
152848,4932,212,208,16.25,104.25
152849,4933,212,209,16.25,104.75
152881,4934,212,241,16.25,120.75
152882,4935,212,242,16.25,121.25
153165,4936,212,525,16.25,-97.25
153166,4937,212,526,16.25,-96.75
153167,4938,212,527,16.25,-96.25
153168,4939,212,528,16.25,-95.75
153173,4940,212,533,16.25,-93.25
153174,4941,212,534,16.25,-92.75
153175,4942,212,535,16.25,-92.25
153176,4943,212,536,16.25,-91.75
153177,4944,212,537,16.25,-91.25
153178,4945,212,538,16.25,-90.75
153179,4946,212,539,16.25,-90.25
153181,4947,212,541,16.25,-89.25
153327,4948,212,687,16.25,-16.25
153328,4949,212,688,16.25,-15.75
153329,4950,212,689,16.25,-15.25
153330,4951,212,690,16.25,-14.75
153331,4952,212,691,16.25,-14.25
153332,4953,212,692,16.25,-13.75
153333,4954,212,693,16.25,-13.25
153334,4955,212,694,16.25,-12.75
153336,4956,212,696,16.25,-11.75
153337,4957,212,697,16.25,-11.25
153338,4958,212,698,16.25,-10.75
153339,4959,212,699,16.25,-10.25
153340,4960,212,700,16.25,-9.75
153341,4961,212,701,16.25,-9.25
153342,4962,212,702,16.25,-8.75
153436,4963,213,76,16.75,38.25
153446,4964,213,86,16.75,43.25
153549,4965,213,189,16.75,94.75
153550,4966,213,190,16.75,95.25
153551,4967,213,191,16.75,95.75
153556,4968,213,196,16.75,98.25
153557,4969,213,197,16.75,98.75
153558,4970,213,198,16.75,99.25
153559,4971,213,199,16.75,99.75
153560,4972,213,200,16.75,100.25
153561,4973,213,201,16.75,100.75
153562,4974,213,202,16.75,101.25
153563,4975,213,203,16.75,101.75
153564,4976,213,204,16.75,102.25
153565,4977,213,205,16.75,102.75
153566,4978,213,206,16.75,103.25
153567,4979,213,207,16.75,103.75
153568,4980,213,208,16.75,104.25
153569,4981,213,209,16.75,104.75
153601,4982,213,241,16.75,120.75
153602,4983,213,242,16.75,121.25
153603,4984,213,243,16.75,121.75
153883,4985,213,523,16.75,-98.25
153884,4986,213,524,16.75,-97.75
153885,4987,213,525,16.75,-97.25
153886,4988,213,526,16.75,-96.75
153887,4989,213,527,16.75,-96.25
153888,4990,213,528,16.75,-95.75
153889,4991,213,529,16.75,-95.25
153890,4992,213,530,16.75,-94.75
153891,4993,213,531,16.75,-94.25
153892,4994,213,532,16.75,-93.75
153893,4995,213,533,16.75,-93.25
153894,4996,213,534,16.75,-92.75
153895,4997,213,535,16.75,-92.25
153896,4998,213,536,16.75,-91.75
153897,4999,213,537,16.75,-91.25
153901,5000,213,541,16.75,-89.25
154048,5001,213,688,16.75,-15.75
154049,5002,213,689,16.75,-15.25
154050,5003,213,690,16.75,-14.75
154051,5004,213,691,16.75,-14.25
154053,5005,213,693,16.75,-13.25
154054,5006,213,694,16.75,-12.75
154056,5007,213,696,16.75,-11.75
154057,5008,213,697,16.75,-11.25
154165,5009,214,85,17.25,42.75
154270,5010,214,190,17.25,95.25
154271,5011,214,191,17.25,95.75
154272,5012,214,192,17.25,96.25
154277,5013,214,197,17.25,98.75
154278,5014,214,198,17.25,99.25
154279,5015,214,199,17.25,99.75
154280,5016,214,200,17.25,100.25
154281,5017,214,201,17.25,100.75
154282,5018,214,202,17.25,101.25
154283,5019,214,203,17.25,101.75
154284,5020,214,204,17.25,102.25
154285,5021,214,205,17.25,102.75
154286,5022,214,206,17.25,103.25
154287,5023,214,207,17.25,103.75
154288,5024,214,208,17.25,104.25
154289,5025,214,209,17.25,104.75
154321,5026,214,241,17.25,120.75
154322,5027,214,242,17.25,121.25
154323,5028,214,243,17.25,121.75
154600,5029,214,520,17.25,-99.75
154601,5030,214,521,17.25,-99.25
154602,5031,214,522,17.25,-98.75
154603,5032,214,523,17.25,-98.25
154604,5033,214,524,17.25,-97.75
154605,5034,214,525,17.25,-97.25
154606,5035,214,526,17.25,-96.75
154607,5036,214,527,17.25,-96.25
154608,5037,214,528,17.25,-95.75
154609,5038,214,529,17.25,-95.25
154610,5039,214,530,17.25,-94.75
154611,5040,214,531,17.25,-94.25
154612,5041,214,532,17.25,-93.75
154613,5042,214,533,17.25,-93.25
154614,5043,214,534,17.25,-92.75
154615,5044,214,535,17.25,-92.25
154616,5045,214,536,17.25,-91.75
154621,5046,214,541,17.25,-89.25
154771,5047,214,691,17.25,-14.25
154990,5048,215,190,17.75,95.25
154991,5049,215,191,17.75,95.75
154992,5050,215,192,17.75,96.25
154993,5051,215,193,17.75,96.75
154995,5052,215,195,17.75,97.75
154996,5053,215,196,17.75,98.25
154997,5054,215,197,17.75,98.75
154998,5055,215,198,17.75,99.25
154999,5056,215,199,17.75,99.75
155000,5057,215,200,17.75,100.25
155001,5058,215,201,17.75,100.75
155002,5059,215,202,17.75,101.25
155003,5060,215,203,17.75,101.75
155004,5061,215,204,17.75,102.25
155006,5062,215,206,17.75,103.25
155007,5063,215,207,17.75,103.75
155008,5064,215,208,17.75,104.25
155041,5065,215,241,17.75,120.75
155042,5066,215,242,17.75,121.25
155043,5067,215,243,17.75,121.75
155318,5068,215,518,17.75,-100.75
155319,5069,215,519,17.75,-100.25
155320,5070,215,520,17.75,-99.75
155321,5071,215,521,17.75,-99.25
155322,5072,215,522,17.75,-98.75
155323,5073,215,523,17.75,-98.25
155324,5074,215,524,17.75,-97.75
155325,5075,215,525,17.75,-97.25
155326,5076,215,526,17.75,-96.75
155327,5077,215,527,17.75,-96.25
155328,5078,215,528,17.75,-95.75
155329,5079,215,529,17.75,-95.25
155330,5080,215,530,17.75,-94.75
155331,5081,215,531,17.75,-94.25
155332,5082,215,532,17.75,-93.75
155333,5083,215,533,17.75,-93.25
155334,5084,215,534,17.75,-92.75
155335,5085,215,535,17.75,-92.25
155336,5086,215,536,17.75,-91.75
155337,5087,215,537,17.75,-91.25
155338,5088,215,538,17.75,-90.75
155339,5089,215,539,17.75,-90.25
155341,5090,215,541,17.75,-89.25
155342,5091,215,542,17.75,-88.75
155604,5092,216,84,18.25,42.25
155710,5093,216,190,18.25,95.25
155711,5094,216,191,18.25,95.75
155712,5095,216,192,18.25,96.25
155713,5096,216,193,18.25,96.75
155715,5097,216,195,18.25,97.75
155716,5098,216,196,18.25,98.25
155717,5099,216,197,18.25,98.75
155718,5100,216,198,18.25,99.25
155719,5101,216,199,18.25,99.75
155720,5102,216,200,18.25,100.25
155721,5103,216,201,18.25,100.75
155722,5104,216,202,18.25,101.25
155723,5105,216,203,18.25,101.75
155724,5106,216,204,18.25,102.25
155726,5107,216,206,18.25,103.25
155727,5108,216,207,18.25,103.75
156035,5109,216,515,18.25,-102.25
156036,5110,216,516,18.25,-101.75
156037,5111,216,517,18.25,-101.25
156038,5112,216,518,18.25,-100.75
156039,5113,216,519,18.25,-100.25
156040,5114,216,520,18.25,-99.75
156041,5115,216,521,18.25,-99.25
156042,5116,216,522,18.25,-98.75
156043,5117,216,523,18.25,-98.25
156044,5118,216,524,18.25,-97.75
156045,5119,216,525,18.25,-97.25
156046,5120,216,526,18.25,-96.75
156047,5121,216,527,18.25,-96.25
156048,5122,216,528,18.25,-95.75
156049,5123,216,529,18.25,-95.25
156055,5124,216,535,18.25,-92.25
156057,5125,216,537,18.25,-91.25
156058,5126,216,538,18.25,-90.75
156059,5127,216,539,18.25,-90.25
156060,5128,216,540,18.25,-89.75
156061,5129,216,541,18.25,-89.25
156324,5130,217,84,18.75,42.25
156429,5131,217,189,18.75,94.75
156430,5132,217,190,18.75,95.25
156432,5133,217,192,18.75,96.25
156433,5134,217,193,18.75,96.75
156434,5135,217,194,18.75,97.25
156436,5136,217,196,18.75,98.25
156437,5137,217,197,18.75,98.75
156438,5138,217,198,18.75,99.25
156439,5139,217,199,18.75,99.75
156440,5140,217,200,18.75,100.25
156441,5141,217,201,18.75,100.75
156442,5142,217,202,18.75,101.25
156753,5143,217,513,18.75,-103.25
156754,5144,217,514,18.75,-102.75
156755,5145,217,515,18.75,-102.25
156756,5146,217,516,18.75,-101.75
156757,5147,217,517,18.75,-101.25
156758,5148,217,518,18.75,-100.75
156759,5149,217,519,18.75,-100.25
156760,5150,217,520,18.75,-99.75
156761,5151,217,521,18.75,-99.25
156762,5152,217,522,18.75,-98.75
156763,5153,217,523,18.75,-98.25
156764,5154,217,524,18.75,-97.75
156765,5155,217,525,18.75,-97.25
156766,5156,217,526,18.75,-96.75
156767,5157,217,527,18.75,-96.25
156778,5158,217,538,18.75,-90.75
156779,5159,217,539,18.75,-90.25
156780,5160,217,540,18.75,-89.75
156781,5161,217,541,18.75,-89.25
156782,5162,217,542,18.75,-88.75
156816,5163,217,576,18.75,-71.75
156817,5164,217,577,18.75,-71.25
156818,5165,217,578,18.75,-70.75
156819,5166,217,579,18.75,-70.25
156820,5167,217,580,18.75,-69.75
156821,5168,217,581,18.75,-69.25
157043,5169,218,83,19.25,41.75
157149,5170,218,189,19.25,94.75
157150,5171,218,190,19.25,95.25
157151,5172,218,191,19.25,95.75
157152,5173,218,192,19.25,96.25
157153,5174,218,193,19.25,96.75
157154,5175,218,194,19.25,97.25
157157,5176,218,197,19.25,98.75
157158,5177,218,198,19.25,99.25
157159,5178,218,199,19.25,99.75
157160,5179,218,200,19.25,100.25
157161,5180,218,201,19.25,100.75
157162,5181,218,202,19.25,101.25
157472,5182,218,512,19.25,-103.75
157473,5183,218,513,19.25,-103.25
157474,5184,218,514,19.25,-102.75
157475,5185,218,515,19.25,-102.25
157476,5186,218,516,19.25,-101.75
157477,5187,218,517,19.25,-101.25
157478,5188,218,518,19.25,-100.75
157479,5189,218,519,19.25,-100.25
157480,5190,218,520,19.25,-99.75
157481,5191,218,521,19.25,-99.25
157482,5192,218,522,19.25,-98.75
157483,5193,218,523,19.25,-98.25
157484,5194,218,524,19.25,-97.75
157485,5195,218,525,19.25,-97.25
157486,5196,218,526,19.25,-96.75
157499,5197,218,539,19.25,-90.25
157500,5198,218,540,19.25,-89.75
157501,5199,218,541,19.25,-89.25
157502,5200,218,542,19.25,-88.75
157503,5201,218,543,19.25,-88.25
157535,5202,218,575,19.25,-72.25
157536,5203,218,576,19.25,-71.75
157537,5204,218,577,19.25,-71.25
157538,5205,218,578,19.25,-70.75
157539,5206,218,579,19.25,-70.25
157763,5207,219,83,19.75,41.75
157847,5208,219,167,19.75,83.75
157848,5209,219,168,19.75,84.25
157868,5210,219,188,19.75,94.25
157869,5211,219,189,19.75,94.75
157870,5212,219,190,19.75,95.25
157871,5213,219,191,19.75,95.75
157872,5214,219,192,19.75,96.25
157873,5215,219,193,19.75,96.75
157874,5216,219,194,19.75,97.25
157875,5217,219,195,19.75,97.75
157879,5218,219,199,19.75,99.75
157880,5219,219,200,19.75,100.25
158190,5220,219,510,19.75,-104.75
158191,5221,219,511,19.75,-104.25
158192,5222,219,512,19.75,-103.75
158193,5223,219,513,19.75,-103.25
158194,5224,219,514,19.75,-102.75
158195,5225,219,515,19.75,-102.25
158196,5226,219,516,19.75,-101.75
158197,5227,219,517,19.75,-101.25
158198,5228,219,518,19.75,-100.75
158199,5229,219,519,19.75,-100.25
158200,5230,219,520,19.75,-99.75
158201,5231,219,521,19.75,-99.25
158202,5232,219,522,19.75,-98.75
158203,5233,219,523,19.75,-98.25
158204,5234,219,524,19.75,-97.75
158205,5235,219,525,19.75,-97.25
158206,5236,219,526,19.75,-96.75
158220,5237,219,540,19.75,-89.75
158221,5238,219,541,19.75,-89.25
158222,5239,219,542,19.75,-88.75
158223,5240,219,543,19.75,-88.25
158482,5241,220,82,20.25,41.25
158567,5242,220,167,20.25,83.75
158568,5243,220,168,20.25,84.25
158588,5244,220,188,20.25,94.25
158589,5245,220,189,20.25,94.75
158590,5246,220,190,20.25,95.25
158591,5247,220,191,20.25,95.75
158592,5248,220,192,20.25,96.25
158594,5249,220,194,20.25,97.25
158595,5250,220,195,20.25,97.75
158598,5251,220,198,20.25,99.25
158599,5252,220,199,20.25,99.75
158909,5253,220,509,20.25,-105.25
158910,5254,220,510,20.25,-104.75
158911,5255,220,511,20.25,-104.25
158912,5256,220,512,20.25,-103.75
158915,5257,220,515,20.25,-102.25
158916,5258,220,516,20.25,-101.75
158917,5259,220,517,20.25,-101.25
158918,5260,220,518,20.25,-100.75
158919,5261,220,519,20.25,-100.25
158920,5262,220,520,20.25,-99.75
158921,5263,220,521,20.25,-99.25
158922,5264,220,522,20.25,-98.75
158923,5265,220,523,20.25,-98.25
158924,5266,220,524,20.25,-97.75
158925,5267,220,525,20.25,-97.25
158940,5268,220,540,20.25,-89.75
158941,5269,220,541,20.25,-89.25
158942,5270,220,542,20.25,-88.75
158943,5271,220,543,20.25,-88.25
158966,5272,220,566,20.25,-76.75
158967,5273,220,567,20.25,-76.25
158968,5274,220,568,20.25,-75.75
158969,5275,220,569,20.25,-75.25
159200,5276,221,80,20.75,40.25
159201,5277,221,81,20.75,40.75
159287,5278,221,167,20.75,83.75
159288,5279,221,168,20.75,84.25
159292,5280,221,172,20.75,86.25
159306,5281,221,186,20.75,93.25
159307,5282,221,187,20.75,93.75
159308,5283,221,188,20.75,94.25
159309,5284,221,189,20.75,94.75
159310,5285,221,190,20.75,95.25
159311,5286,221,191,20.75,95.75
159312,5287,221,192,20.75,96.25
159313,5288,221,193,20.75,96.75
159314,5289,221,194,20.75,97.25
159315,5290,221,195,20.75,97.75
159316,5291,221,196,20.75,98.25
159319,5292,221,199,20.75,99.75
159320,5293,221,200,20.75,100.25
159630,5294,221,510,20.75,-104.75
159631,5295,221,511,20.75,-104.25
159632,5296,221,512,20.75,-103.75
159633,5297,221,513,20.75,-103.25
159634,5298,221,514,20.75,-102.75
159635,5299,221,515,20.75,-102.25
159636,5300,221,516,20.75,-101.75
159637,5301,221,517,20.75,-101.25
159638,5302,221,518,20.75,-100.75
159639,5303,221,519,20.75,-100.25
159640,5304,221,520,20.75,-99.75
159641,5305,221,521,20.75,-99.25
159642,5306,221,522,20.75,-98.75
159643,5307,221,523,20.75,-98.25
159644,5308,221,524,20.75,-97.75
159660,5309,221,540,20.75,-89.75
159661,5310,221,541,20.75,-89.25
159662,5311,221,542,20.75,-88.75
159663,5312,221,543,20.75,-88.25
159664,5313,221,544,20.75,-87.75
159686,5314,221,566,20.75,-76.75
159687,5315,221,567,20.75,-76.25
159920,5316,222,80,21.25,40.25
160010,5317,222,170,21.25,85.25
160011,5318,222,171,21.25,85.75
160012,5319,222,172,21.25,86.25
160025,5320,222,185,21.25,92.75
160026,5321,222,186,21.25,93.25
160027,5322,222,187,21.25,93.75
160028,5323,222,188,21.25,94.25
160029,5324,222,189,21.25,94.75
160030,5325,222,190,21.25,95.25
160031,5326,222,191,21.25,95.75
160032,5327,222,192,21.25,96.25
160033,5328,222,193,21.25,96.75
160034,5329,222,194,21.25,97.25
160035,5330,222,195,21.25,97.75
160038,5331,222,198,21.25,99.25
160039,5332,222,199,21.25,99.75
160042,5333,222,202,21.25,101.25
160043,5334,222,203,21.25,101.75
160350,5335,222,510,21.25,-104.75
160351,5336,222,511,21.25,-104.25
160352,5337,222,512,21.25,-103.75
160353,5338,222,513,21.25,-103.25
160354,5339,222,514,21.25,-102.75
160355,5340,222,515,21.25,-102.25
160356,5341,222,516,21.25,-101.75
160357,5342,222,517,21.25,-101.25
160358,5343,222,518,21.25,-100.75
160359,5344,222,519,21.25,-100.25
160360,5345,222,520,21.25,-99.75
160361,5346,222,521,21.25,-99.25
160362,5347,222,522,21.25,-98.75
160363,5348,222,523,21.25,-98.25
160364,5349,222,524,21.25,-97.75
160383,5350,222,543,21.25,-88.25
160384,5351,222,544,21.25,-87.75
160403,5352,222,563,21.25,-78.25
160404,5353,222,564,21.25,-77.75
160405,5354,222,565,21.25,-77.25
160730,5355,223,170,21.75,85.25
160731,5356,223,171,21.75,85.75
160745,5357,223,185,21.75,92.75
160746,5358,223,186,21.75,93.25
160748,5359,223,188,21.75,94.25
160749,5360,223,189,21.75,94.75
160750,5361,223,190,21.75,95.25
160751,5362,223,191,21.75,95.75
160752,5363,223,192,21.75,96.25
160754,5364,223,194,21.75,97.25
160756,5365,223,196,21.75,98.25
160757,5366,223,197,21.75,98.75
160758,5367,223,198,21.75,99.25
160761,5368,223,201,21.75,100.75
160773,5369,223,213,21.75,106.75
160780,5370,223,220,21.75,110.25
161070,5371,223,510,21.75,-104.75
161071,5372,223,511,21.75,-104.25
161072,5373,223,512,21.75,-103.75
161073,5374,223,513,21.75,-103.25
161074,5375,223,514,21.75,-102.75
161075,5376,223,515,21.75,-102.25
161076,5377,223,516,21.75,-101.75
161077,5378,223,517,21.75,-101.25
161078,5379,223,518,21.75,-100.75
161079,5380,223,519,21.75,-100.25
161080,5381,223,520,21.75,-99.75
161081,5382,223,521,21.75,-99.25
161082,5383,223,522,21.75,-98.75
161083,5384,223,523,21.75,-98.25
161123,5385,223,563,21.75,-78.25
161427,5386,224,147,22.25,73.75
161468,5387,224,188,22.25,94.25
161469,5388,224,189,22.25,94.75
161470,5389,224,190,22.25,95.25
161471,5390,224,191,22.25,95.75
161472,5391,224,192,22.25,96.25
161473,5392,224,193,22.25,96.75
161475,5393,224,195,22.25,97.75
161476,5394,224,196,22.25,98.25
161477,5395,224,197,22.25,98.75
161478,5396,224,198,22.25,99.25
161479,5397,224,199,22.25,99.75
161480,5398,224,200,22.25,100.25
161481,5399,224,201,22.25,100.75
161482,5400,224,202,22.25,101.25
161483,5401,224,203,22.25,101.75
161485,5402,224,205,22.25,102.75
161493,5403,224,213,22.25,106.75
161494,5404,224,214,22.25,107.25
161495,5405,224,215,22.25,107.75
161496,5406,224,216,22.25,108.25
161497,5407,224,217,22.25,108.75
161498,5408,224,218,22.25,109.25
161499,5409,224,219,22.25,109.75
161500,5410,224,220,22.25,110.25
161501,5411,224,221,22.25,110.75
161789,5412,224,509,22.25,-105.25
161790,5413,224,510,22.25,-104.75
161791,5414,224,511,22.25,-104.25
161792,5415,224,512,22.25,-103.75
161793,5416,224,513,22.25,-103.25
161794,5417,224,514,22.25,-102.75
161795,5418,224,515,22.25,-102.25
161796,5419,224,516,22.25,-101.75
161797,5420,224,517,22.25,-101.25
161798,5421,224,518,22.25,-100.75
161799,5422,224,519,22.25,-100.25
161800,5423,224,520,22.25,-99.75
161801,5424,224,521,22.25,-99.25
161802,5425,224,522,22.25,-98.75
161803,5426,224,523,22.25,-98.25
161840,5427,224,560,22.25,-79.75
162147,5428,225,147,22.75,73.75
162148,5429,225,148,22.75,74.25
162187,5430,225,187,22.75,93.75
162188,5431,225,188,22.75,94.25
162190,5432,225,190,22.75,95.25
162191,5433,225,191,22.75,95.75
162193,5434,225,193,22.75,96.75
162194,5435,225,194,22.75,97.25
162195,5436,225,195,22.75,97.75
162196,5437,225,196,22.75,98.25
162197,5438,225,197,22.75,98.75
162199,5439,225,199,22.75,99.75
162200,5440,225,200,22.75,100.25
162201,5441,225,201,22.75,100.75
162202,5442,225,202,22.75,101.25
162203,5443,225,203,22.75,101.75
162204,5444,225,204,22.75,102.25
162205,5445,225,205,22.75,102.75
162206,5446,225,206,22.75,103.25
162208,5447,225,208,22.75,104.25
162209,5448,225,209,22.75,104.75
162211,5449,225,211,22.75,105.75
162212,5450,225,212,22.75,106.25
162213,5451,225,213,22.75,106.75
162214,5452,225,214,22.75,107.25
162215,5453,225,215,22.75,107.75
162216,5454,225,216,22.75,108.25
162217,5455,225,217,22.75,108.75
162218,5456,225,218,22.75,109.25
162219,5457,225,219,22.75,109.75
162220,5458,225,220,22.75,110.25
162221,5459,225,221,22.75,110.75
162222,5460,225,222,22.75,111.25
162509,5461,225,509,22.75,-105.25
162510,5462,225,510,22.75,-104.75
162511,5463,225,511,22.75,-104.25
162512,5464,225,512,22.75,-103.75
162513,5465,225,513,22.75,-103.25
162514,5466,225,514,22.75,-102.75
162515,5467,225,515,22.75,-102.25
162516,5468,225,516,22.75,-101.75
162517,5469,225,517,22.75,-101.25
162518,5470,225,518,22.75,-100.75
162519,5471,225,519,22.75,-100.25
162520,5472,225,520,22.75,-99.75
162521,5473,225,521,22.75,-99.25
162522,5474,225,522,22.75,-98.75
162523,5475,225,523,22.75,-98.25
162557,5476,225,557,22.75,-81.25
162558,5477,225,558,22.75,-80.75
162867,5478,226,147,23.25,73.75
162868,5479,226,148,23.25,74.25
162907,5480,226,187,23.25,93.75
162908,5481,226,188,23.25,94.25
162911,5482,226,191,23.25,95.75
162913,5483,226,193,23.25,96.75
162914,5484,226,194,23.25,97.25
162915,5485,226,195,23.25,97.75
162916,5486,226,196,23.25,98.25
162917,5487,226,197,23.25,98.75
162918,5488,226,198,23.25,99.25
162919,5489,226,199,23.25,99.75
162920,5490,226,200,23.25,100.25
162921,5491,226,201,23.25,100.75
162922,5492,226,202,23.25,101.25
162923,5493,226,203,23.25,101.75
162924,5494,226,204,23.25,102.25
162925,5495,226,205,23.25,102.75
162926,5496,226,206,23.25,103.25
162927,5497,226,207,23.25,103.75
162928,5498,226,208,23.25,104.25
162929,5499,226,209,23.25,104.75
162930,5500,226,210,23.25,105.25
162931,5501,226,211,23.25,105.75
162932,5502,226,212,23.25,106.25
162933,5503,226,213,23.25,106.75
162934,5504,226,214,23.25,107.25
162935,5505,226,215,23.25,107.75
162936,5506,226,216,23.25,108.25
162937,5507,226,217,23.25,108.75
162938,5508,226,218,23.25,109.25
162939,5509,226,219,23.25,109.75
162940,5510,226,220,23.25,110.25
162941,5511,226,221,23.25,110.75
162942,5512,226,222,23.25,111.25
163228,5513,226,508,23.25,-105.75
163229,5514,226,509,23.25,-105.25
163230,5515,226,510,23.25,-104.75
163231,5516,226,511,23.25,-104.25
163232,5517,226,512,23.25,-103.75
163233,5518,226,513,23.25,-103.25
163234,5519,226,514,23.25,-102.75
163235,5520,226,515,23.25,-102.25
163236,5521,226,516,23.25,-101.75
163237,5522,226,517,23.25,-101.25
163238,5523,226,518,23.25,-100.75
163239,5524,226,519,23.25,-100.25
163240,5525,226,520,23.25,-99.75
163241,5526,226,521,23.25,-99.25
163242,5527,226,522,23.25,-98.75
163243,5528,226,523,23.25,-98.25
163626,5529,227,186,23.75,93.25
163628,5530,227,188,23.75,94.25
163631,5531,227,191,23.75,95.75
163632,5532,227,192,23.75,96.25
163635,5533,227,195,23.75,97.75
163636,5534,227,196,23.75,98.25
163638,5535,227,198,23.75,99.25
163639,5536,227,199,23.75,99.75
163640,5537,227,200,23.75,100.25
163641,5538,227,201,23.75,100.75
163642,5539,227,202,23.75,101.25
163643,5540,227,203,23.75,101.75
163644,5541,227,204,23.75,102.25
163645,5542,227,205,23.75,102.75
163646,5543,227,206,23.75,103.25
163647,5544,227,207,23.75,103.75
163648,5545,227,208,23.75,104.25
163649,5546,227,209,23.75,104.75
163650,5547,227,210,23.75,105.25
163651,5548,227,211,23.75,105.75
163652,5549,227,212,23.75,106.25
163653,5550,227,213,23.75,106.75
163654,5551,227,214,23.75,107.25
163655,5552,227,215,23.75,107.75
163656,5553,227,216,23.75,108.25
163657,5554,227,217,23.75,108.75
163658,5555,227,218,23.75,109.25
163659,5556,227,219,23.75,109.75
163660,5557,227,220,23.75,110.25
163661,5558,227,221,23.75,110.75
163662,5559,227,222,23.75,111.25
163663,5560,227,223,23.75,111.75
163947,5561,227,507,23.75,-106.25
163949,5562,227,509,23.75,-105.25
163950,5563,227,510,23.75,-104.75
163951,5564,227,511,23.75,-104.25
163952,5565,227,512,23.75,-103.75
163953,5566,227,513,23.75,-103.25
163954,5567,227,514,23.75,-102.75
163955,5568,227,515,23.75,-102.25
163956,5569,227,516,23.75,-101.75
163957,5570,227,517,23.75,-101.25
163958,5571,227,518,23.75,-100.75
163959,5572,227,519,23.75,-100.25
163960,5573,227,520,23.75,-99.75
163961,5574,227,521,23.75,-99.25
163962,5575,227,522,23.75,-98.75
163963,5576,227,523,23.75,-98.25
164225,5577,228,65,24.25,32.75
164226,5578,228,66,24.25,33.25
164295,5579,228,135,24.25,67.75
164296,5580,228,136,24.25,68.25
164299,5581,228,139,24.25,69.75
164352,5582,228,192,24.25,96.25
164353,5583,228,193,24.25,96.75
164354,5584,228,194,24.25,97.25
164355,5585,228,195,24.25,97.75
164356,5586,228,196,24.25,98.25
164358,5587,228,198,24.25,99.25
164359,5588,228,199,24.25,99.75
164360,5589,228,200,24.25,100.25
164361,5590,228,201,24.25,100.75
164362,5591,228,202,24.25,101.25
164363,5592,228,203,24.25,101.75
164364,5593,228,204,24.25,102.25
164365,5594,228,205,24.25,102.75
164366,5595,228,206,24.25,103.25
164367,5596,228,207,24.25,103.75
164368,5597,228,208,24.25,104.25
164369,5598,228,209,24.25,104.75
164370,5599,228,210,24.25,105.25
164371,5600,228,211,24.25,105.75
164372,5601,228,212,24.25,106.25
164373,5602,228,213,24.25,106.75
164374,5603,228,214,24.25,107.25
164375,5604,228,215,24.25,107.75
164376,5605,228,216,24.25,108.25
164377,5606,228,217,24.25,108.75
164378,5607,228,218,24.25,109.25
164379,5608,228,219,24.25,109.75
164380,5609,228,220,24.25,110.25
164381,5610,228,221,24.25,110.75
164382,5611,228,222,24.25,111.25
164383,5612,228,223,24.25,111.75
164666,5613,228,506,24.25,-106.75
164667,5614,228,507,24.25,-106.25
164668,5615,228,508,24.25,-105.75
164669,5616,228,509,24.25,-105.25
164670,5617,228,510,24.25,-104.75
164671,5618,228,511,24.25,-104.25
164672,5619,228,512,24.25,-103.75
164673,5620,228,513,24.25,-103.25
164674,5621,228,514,24.25,-102.75
164675,5622,228,515,24.25,-102.25
164676,5623,228,516,24.25,-101.75
164677,5624,228,517,24.25,-101.25
164678,5625,228,518,24.25,-100.75
164679,5626,228,519,24.25,-100.25
164680,5627,228,520,24.25,-99.75
164681,5628,228,521,24.25,-99.25
164682,5629,228,522,24.25,-98.75
164683,5630,228,523,24.25,-98.25
164945,5631,229,65,24.75,32.75
165015,5632,229,135,24.75,67.75
165016,5633,229,136,24.75,68.25
165017,5634,229,137,24.75,68.75
165018,5635,229,138,24.75,69.25
165019,5636,229,139,24.75,69.75
165020,5637,229,140,24.75,70.25
165021,5638,229,141,24.75,70.75
165072,5639,229,192,24.75,96.25
165073,5640,229,193,24.75,96.75
165074,5641,229,194,24.75,97.25
165076,5642,229,196,24.75,98.25
165077,5643,229,197,24.75,98.75
165078,5644,229,198,24.75,99.25
165079,5645,229,199,24.75,99.75
165080,5646,229,200,24.75,100.25
165081,5647,229,201,24.75,100.75
165082,5648,229,202,24.75,101.25
165083,5649,229,203,24.75,101.75
165084,5650,229,204,24.75,102.25
165085,5651,229,205,24.75,102.75
165086,5652,229,206,24.75,103.25
165087,5653,229,207,24.75,103.75
165088,5654,229,208,24.75,104.25
165089,5655,229,209,24.75,104.75
165090,5656,229,210,24.75,105.25
165091,5657,229,211,24.75,105.75
165092,5658,229,212,24.75,106.25
165093,5659,229,213,24.75,106.75
165094,5660,229,214,24.75,107.25
165095,5661,229,215,24.75,107.75
165096,5662,229,216,24.75,108.25
165097,5663,229,217,24.75,108.75
165098,5664,229,218,24.75,109.25
165099,5665,229,219,24.75,109.75
165100,5666,229,220,24.75,110.25
165101,5667,229,221,24.75,110.75
165102,5668,229,222,24.75,111.25
165103,5669,229,223,24.75,111.75
165385,5670,229,505,24.75,-107.25
165386,5671,229,506,24.75,-106.75
165387,5672,229,507,24.75,-106.25
165388,5673,229,508,24.75,-105.75
165389,5674,229,509,24.75,-105.25
165390,5675,229,510,24.75,-104.75
165391,5676,229,511,24.75,-104.25
165392,5677,229,512,24.75,-103.75
165395,5678,229,515,24.75,-102.25
165396,5679,229,516,24.75,-101.75
165397,5680,229,517,24.75,-101.25
165398,5681,229,518,24.75,-100.75
165399,5682,229,519,24.75,-100.25
165400,5683,229,520,24.75,-99.75
165401,5684,229,521,24.75,-99.25
165402,5685,229,522,24.75,-98.75
165403,5686,229,523,24.75,-98.25
165665,5687,230,65,25.25,32.75
165734,5688,230,134,25.25,67.25
165736,5689,230,136,25.25,68.25
165737,5690,230,137,25.25,68.75
165738,5691,230,138,25.25,69.25
165739,5692,230,139,25.25,69.75
165740,5693,230,140,25.25,70.25
165741,5694,230,141,25.25,70.75
165789,5695,230,189,25.25,94.75
165790,5696,230,190,25.25,95.25
165793,5697,230,193,25.25,96.75
165794,5698,230,194,25.25,97.25
165796,5699,230,196,25.25,98.25
165797,5700,230,197,25.25,98.75
165798,5701,230,198,25.25,99.25
165799,5702,230,199,25.25,99.75
165800,5703,230,200,25.25,100.25
165801,5704,230,201,25.25,100.75
165802,5705,230,202,25.25,101.25
165803,5706,230,203,25.25,101.75
165804,5707,230,204,25.25,102.25
165805,5708,230,205,25.25,102.75
165806,5709,230,206,25.25,103.25
165807,5710,230,207,25.25,103.75
165808,5711,230,208,25.25,104.25
165809,5712,230,209,25.25,104.75
165810,5713,230,210,25.25,105.25
165811,5714,230,211,25.25,105.75
165812,5715,230,212,25.25,106.25
165813,5716,230,213,25.25,106.75
165814,5717,230,214,25.25,107.25
165815,5718,230,215,25.25,107.75
165816,5719,230,216,25.25,108.25
165818,5720,230,218,25.25,109.25
165819,5721,230,219,25.25,109.75
165820,5722,230,220,25.25,110.25
165821,5723,230,221,25.25,110.75
165822,5724,230,222,25.25,111.25
166096,5725,230,496,25.25,-111.75
166097,5726,230,497,25.25,-111.25
166104,5727,230,504,25.25,-107.75
166106,5728,230,506,25.25,-106.75
166107,5729,230,507,25.25,-106.25
166108,5730,230,508,25.25,-105.75
166109,5731,230,509,25.25,-105.25
166110,5732,230,510,25.25,-104.75
166111,5733,230,511,25.25,-104.25
166112,5734,230,512,25.25,-103.75
166113,5735,230,513,25.25,-103.25
166115,5736,230,515,25.25,-102.25
166116,5737,230,516,25.25,-101.75
166117,5738,230,517,25.25,-101.25
166118,5739,230,518,25.25,-100.75
166119,5740,230,519,25.25,-100.25
166120,5741,230,520,25.25,-99.75
166121,5742,230,521,25.25,-99.25
166122,5743,230,522,25.25,-98.75
166123,5744,230,523,25.25,-98.25
166384,5745,231,64,25.75,32.25
166385,5746,231,65,25.75,32.75
166456,5747,231,136,25.75,68.25
166457,5748,231,137,25.75,68.75
166458,5749,231,138,25.75,69.25
166512,5750,231,192,25.75,96.25
166513,5751,231,193,25.75,96.75
166517,5752,231,197,25.75,98.75
166518,5753,231,198,25.75,99.25
166519,5754,231,199,25.75,99.75
166520,5755,231,200,25.75,100.25
166521,5756,231,201,25.75,100.75
166522,5757,231,202,25.75,101.25
166523,5758,231,203,25.75,101.75
166524,5759,231,204,25.75,102.25
166525,5760,231,205,25.75,102.75
166526,5761,231,206,25.75,103.25
166527,5762,231,207,25.75,103.75
166528,5763,231,208,25.75,104.25
166529,5764,231,209,25.75,104.75
166530,5765,231,210,25.75,105.25
166531,5766,231,211,25.75,105.75
166532,5767,231,212,25.75,106.25
166533,5768,231,213,25.75,106.75
166534,5769,231,214,25.75,107.25
166535,5770,231,215,25.75,107.75
166536,5771,231,216,25.75,108.25
166537,5772,231,217,25.75,108.75
166538,5773,231,218,25.75,109.25
166539,5774,231,219,25.75,109.75
166540,5775,231,220,25.75,110.25
166541,5776,231,221,25.75,110.75
166542,5777,231,222,25.75,111.25
166816,5778,231,496,25.75,-111.75
166823,5779,231,503,25.75,-108.25
166824,5780,231,504,25.75,-107.75
166828,5781,231,508,25.75,-105.75
166829,5782,231,509,25.75,-105.25
166830,5783,231,510,25.75,-104.75
166838,5784,231,518,25.75,-100.75
166839,5785,231,519,25.75,-100.25
166840,5786,231,520,25.75,-99.75
166841,5787,231,521,25.75,-99.25
166842,5788,231,522,25.75,-98.75
166843,5789,231,523,25.75,-98.25
166878,5790,231,558,25.75,-80.75
167103,5791,232,63,26.25,31.75
167104,5792,232,64,26.25,32.25
167105,5793,232,65,26.25,32.75
167126,5794,232,86,26.25,43.25
167127,5795,232,87,26.25,43.75
167175,5796,232,135,26.25,67.75
167176,5797,232,136,26.25,68.25
167177,5798,232,137,26.25,68.75
167213,5799,232,173,26.25,86.75
167214,5800,232,174,26.25,87.25
167215,5801,232,175,26.25,87.75
167233,5802,232,193,26.25,96.75
167238,5803,232,198,26.25,99.25
167239,5804,232,199,26.25,99.75
167240,5805,232,200,26.25,100.25
167241,5806,232,201,26.25,100.75
167242,5807,232,202,26.25,101.25
167243,5808,232,203,26.25,101.75
167244,5809,232,204,26.25,102.25
167245,5810,232,205,26.25,102.75
167246,5811,232,206,26.25,103.25
167247,5812,232,207,26.25,103.75
167248,5813,232,208,26.25,104.25
167249,5814,232,209,26.25,104.75
167250,5815,232,210,26.25,105.25
167251,5816,232,211,26.25,105.75
167252,5817,232,212,26.25,106.25
167253,5818,232,213,26.25,106.75
167254,5819,232,214,26.25,107.25
167255,5820,232,215,26.25,107.75
167256,5821,232,216,26.25,108.25
167257,5822,232,217,26.25,108.75
167258,5823,232,218,26.25,109.25
167261,5824,232,221,26.25,110.75
167262,5825,232,222,26.25,111.25
167536,5826,232,496,26.25,-111.75
167542,5827,232,502,26.25,-108.75
167543,5828,232,503,26.25,-108.25
167544,5829,232,504,26.25,-107.75
167545,5830,232,505,26.25,-107.25
167548,5831,232,508,26.25,-105.75
167549,5832,232,509,26.25,-105.25
167550,5833,232,510,26.25,-104.75
167557,5834,232,517,26.25,-101.25
167558,5835,232,518,26.25,-100.75
167559,5836,232,519,26.25,-100.25
167560,5837,232,520,26.25,-99.75
167561,5838,232,521,26.25,-99.25
167562,5839,232,522,26.25,-98.75
167563,5840,232,523,26.25,-98.25
167564,5841,232,524,26.25,-97.75
167822,5842,233,62,26.75,31.25
167823,5843,233,63,26.75,31.75
167895,5844,233,135,26.75,67.75
167896,5845,233,136,26.75,68.25
167897,5846,233,137,26.75,68.75
167929,5847,233,169,26.75,84.75
167930,5848,233,170,26.75,85.25
167931,5849,233,171,26.75,85.75
167932,5850,233,172,26.75,86.25
167933,5851,233,173,26.75,86.75
167934,5852,233,174,26.75,87.25
167935,5853,233,175,26.75,87.75
167936,5854,233,176,26.75,88.25
167957,5855,233,197,26.75,98.75
167958,5856,233,198,26.75,99.25
167959,5857,233,199,26.75,99.75
167960,5858,233,200,26.75,100.25
167961,5859,233,201,26.75,100.75
167962,5860,233,202,26.75,101.25
167963,5861,233,203,26.75,101.75
167964,5862,233,204,26.75,102.25
167965,5863,233,205,26.75,102.75
167966,5864,233,206,26.75,103.25
167967,5865,233,207,26.75,103.75
167968,5866,233,208,26.75,104.25
167969,5867,233,209,26.75,104.75
167970,5868,233,210,26.75,105.25
167971,5869,233,211,26.75,105.75
167972,5870,233,212,26.75,106.25
167973,5871,233,213,26.75,106.75
167974,5872,233,214,26.75,107.25
167975,5873,233,215,26.75,107.75
167976,5874,233,216,26.75,108.25
167977,5875,233,217,26.75,108.75
167978,5876,233,218,26.75,109.25
168262,5877,233,502,26.75,-108.75
168263,5878,233,503,26.75,-108.25
168264,5879,233,504,26.75,-107.75
168266,5880,233,506,26.75,-106.75
168267,5881,233,507,26.75,-106.25
168268,5882,233,508,26.75,-105.75
168269,5883,233,509,26.75,-105.25
168276,5884,233,516,26.75,-101.75
168277,5885,233,517,26.75,-101.25
168283,5886,233,523,26.75,-98.25
168541,5887,234,61,27.25,30.75
168542,5888,234,62,27.25,31.25
168565,5889,234,85,27.25,42.75
168594,5890,234,114,27.25,57.25
168614,5891,234,134,27.25,67.25
168615,5892,234,135,27.25,67.75
168616,5893,234,136,27.25,68.25
168617,5894,234,137,27.25,68.75
168618,5895,234,138,27.25,69.25
168646,5896,234,166,27.25,83.25
168647,5897,234,167,27.25,83.75
168648,5898,234,168,27.25,84.25
168649,5899,234,169,27.25,84.75
168650,5900,234,170,27.25,85.25
168651,5901,234,171,27.25,85.75
168652,5902,234,172,27.25,86.25
168653,5903,234,173,27.25,86.75
168654,5904,234,174,27.25,87.25
168655,5905,234,175,27.25,87.75
168677,5906,234,197,27.25,98.75
168678,5907,234,198,27.25,99.25
168679,5908,234,199,27.25,99.75
168680,5909,234,200,27.25,100.25
168681,5910,234,201,27.25,100.75
168682,5911,234,202,27.25,101.25
168683,5912,234,203,27.25,101.75
168684,5913,234,204,27.25,102.25
168685,5914,234,205,27.25,102.75
168686,5915,234,206,27.25,103.25
168687,5916,234,207,27.25,103.75
168688,5917,234,208,27.25,104.25
168689,5918,234,209,27.25,104.75
168690,5919,234,210,27.25,105.25
168691,5920,234,211,27.25,105.75
168692,5921,234,212,27.25,106.25
168693,5922,234,213,27.25,106.75
168694,5923,234,214,27.25,107.25
168695,5924,234,215,27.25,107.75
168696,5925,234,216,27.25,108.25
168697,5926,234,217,27.25,108.75
168698,5927,234,218,27.25,109.25
168981,5928,234,501,27.25,-109.25
168982,5929,234,502,27.25,-108.75
168983,5930,234,503,27.25,-108.25
168984,5931,234,504,27.25,-107.75
168985,5932,234,505,27.25,-107.25
168986,5933,234,506,27.25,-106.75
168987,5934,234,507,27.25,-106.25
168988,5935,234,508,27.25,-105.75
168989,5936,234,509,27.25,-105.25
168990,5937,234,510,27.25,-104.75
168991,5938,234,511,27.25,-104.25
168995,5939,234,515,27.25,-102.25
168996,5940,234,516,27.25,-101.75
168997,5941,234,517,27.25,-101.25
169003,5942,234,523,27.25,-98.25
169004,5943,234,524,27.25,-97.75
169261,5944,235,61,27.75,30.75
169334,5945,235,134,27.75,67.25
169335,5946,235,135,27.75,67.75
169336,5947,235,136,27.75,68.25
169337,5948,235,137,27.75,68.75
169338,5949,235,138,27.75,69.25
169339,5950,235,139,27.75,69.75
169363,5951,235,163,27.75,81.75
169364,5952,235,164,27.75,82.25
169365,5953,235,165,27.75,82.75
169366,5954,235,166,27.75,83.25
169367,5955,235,167,27.75,83.75
169368,5956,235,168,27.75,84.25
169369,5957,235,169,27.75,84.75
169370,5958,235,170,27.75,85.25
169371,5959,235,171,27.75,85.75
169372,5960,235,172,27.75,86.25
169374,5961,235,174,27.75,87.25
169397,5962,235,197,27.75,98.75
169398,5963,235,198,27.75,99.25
169399,5964,235,199,27.75,99.75
169400,5965,235,200,27.75,100.25
169401,5966,235,201,27.75,100.75
169402,5967,235,202,27.75,101.25
169403,5968,235,203,27.75,101.75
169404,5969,235,204,27.75,102.25
169405,5970,235,205,27.75,102.75
169406,5971,235,206,27.75,103.25
169407,5972,235,207,27.75,103.75
169408,5973,235,208,27.75,104.25
169409,5974,235,209,27.75,104.75
169410,5975,235,210,27.75,105.25
169411,5976,235,211,27.75,105.75
169412,5977,235,212,27.75,106.25
169413,5978,235,213,27.75,106.75
169414,5979,235,214,27.75,107.25
169415,5980,235,215,27.75,107.75
169416,5981,235,216,27.75,108.25
169417,5982,235,217,27.75,108.75
169418,5983,235,218,27.75,109.25
169699,5984,235,499,27.75,-110.25
169700,5985,235,500,27.75,-109.75
169702,5986,235,502,27.75,-108.75
169703,5987,235,503,27.75,-108.25
169704,5988,235,504,27.75,-107.75
169705,5989,235,505,27.75,-107.25
169706,5990,235,506,27.75,-106.75
169707,5991,235,507,27.75,-106.25
169708,5992,235,508,27.75,-105.75
169709,5993,235,509,27.75,-105.25
169717,5994,235,517,27.75,-101.25
169718,5995,235,518,27.75,-100.75
169720,5996,235,520,27.75,-99.75
169721,5997,235,521,27.75,-99.25
169722,5998,235,522,27.75,-98.75
169723,5999,235,523,27.75,-98.25
169724,6000,235,524,27.75,-97.75
169981,6001,236,61,28.25,30.75
170025,6002,236,105,28.25,52.75
170026,6003,236,106,28.25,53.25
170030,6004,236,110,28.25,55.25
170032,6005,236,112,28.25,56.25
170033,6006,236,113,28.25,56.75
170034,6007,236,114,28.25,57.25
170052,6008,236,132,28.25,66.25
170055,6009,236,135,28.25,67.75
170056,6010,236,136,28.25,68.25
170057,6011,236,137,28.25,68.75
170058,6012,236,138,28.25,69.25
170059,6013,236,139,28.25,69.75
170061,6014,236,141,28.25,70.75
170081,6015,236,161,28.25,80.75
170082,6016,236,162,28.25,81.25
170083,6017,236,163,28.25,81.75
170084,6018,236,164,28.25,82.25
170085,6019,236,165,28.25,82.75
170086,6020,236,166,28.25,83.25
170087,6021,236,167,28.25,83.75
170088,6022,236,168,28.25,84.25
170089,6023,236,169,28.25,84.75
170117,6024,236,197,28.25,98.75
170118,6025,236,198,28.25,99.25
170119,6026,236,199,28.25,99.75
170121,6027,236,201,28.25,100.75
170122,6028,236,202,28.25,101.25
170123,6029,236,203,28.25,101.75
170124,6030,236,204,28.25,102.25
170125,6031,236,205,28.25,102.75
170126,6032,236,206,28.25,103.25
170127,6033,236,207,28.25,103.75
170128,6034,236,208,28.25,104.25
170129,6035,236,209,28.25,104.75
170130,6036,236,210,28.25,105.25
170131,6037,236,211,28.25,105.75
170132,6038,236,212,28.25,106.25
170133,6039,236,213,28.25,106.75
170134,6040,236,214,28.25,107.25
170135,6041,236,215,28.25,107.75
170136,6042,236,216,28.25,108.25
170137,6043,236,217,28.25,108.75
170138,6044,236,218,28.25,109.25
170418,6045,236,498,28.25,-110.75
170419,6046,236,499,28.25,-110.25
170420,6047,236,500,28.25,-109.75
170422,6048,236,502,28.25,-108.75
170424,6049,236,504,28.25,-107.75
170425,6050,236,505,28.25,-107.25
170426,6051,236,506,28.25,-106.75
170427,6052,236,507,28.25,-106.25
170428,6053,236,508,28.25,-105.75
170429,6054,236,509,28.25,-105.25
170434,6055,236,514,28.25,-102.75
170437,6056,236,517,28.25,-101.25
170438,6057,236,518,28.25,-100.75
170440,6058,236,520,28.25,-99.75
170441,6059,236,521,28.25,-99.25
170442,6060,236,522,28.25,-98.75
170443,6061,236,523,28.25,-98.25
170444,6062,236,524,28.25,-97.75
170445,6063,236,525,28.25,-97.25
170701,6064,237,61,28.75,30.75
170743,6065,237,103,28.75,51.75
170744,6066,237,104,28.75,52.25
170745,6067,237,105,28.75,52.75
170746,6068,237,106,28.75,53.25
170747,6069,237,107,28.75,53.75
170748,6070,237,108,28.75,54.25
170749,6071,237,109,28.75,54.75
170755,6072,237,115,28.75,57.75
170756,6073,237,116,28.75,58.25
170776,6074,237,136,28.75,68.25
170779,6075,237,139,28.75,69.75
170780,6076,237,140,28.75,70.25
170781,6077,237,141,28.75,70.75
170782,6078,237,142,28.75,71.25
170800,6079,237,160,28.75,80.25
170801,6080,237,161,28.75,80.75
170802,6081,237,162,28.75,81.25
170803,6082,237,163,28.75,81.75
170804,6083,237,164,28.75,82.25
170805,6084,237,165,28.75,82.75
170806,6085,237,166,28.75,83.25
170807,6086,237,167,28.75,83.75
170838,6087,237,198,28.75,99.25
170839,6088,237,199,28.75,99.75
170840,6089,237,200,28.75,100.25
170843,6090,237,203,28.75,101.75
170844,6091,237,204,28.75,102.25
170845,6092,237,205,28.75,102.75
170846,6093,237,206,28.75,103.25
170847,6094,237,207,28.75,103.75
170848,6095,237,208,28.75,104.25
170849,6096,237,209,28.75,104.75
170850,6097,237,210,28.75,105.25
170851,6098,237,211,28.75,105.75
170852,6099,237,212,28.75,106.25
170853,6100,237,213,28.75,106.75
170854,6101,237,214,28.75,107.25
170855,6102,237,215,28.75,107.75
170856,6103,237,216,28.75,108.25
170857,6104,237,217,28.75,108.75
170858,6105,237,218,28.75,109.25
171137,6106,237,497,28.75,-111.25
171138,6107,237,498,28.75,-110.75
171139,6108,237,499,28.75,-110.25
171141,6109,237,501,28.75,-109.25
171142,6110,237,502,28.75,-108.75
171143,6111,237,503,28.75,-108.25
171144,6112,237,504,28.75,-107.75
171145,6113,237,505,28.75,-107.25
171146,6114,237,506,28.75,-106.75
171147,6115,237,507,28.75,-106.25
171148,6116,237,508,28.75,-105.75
171150,6117,237,510,28.75,-104.75
171157,6118,237,517,28.75,-101.25
171158,6119,237,518,28.75,-100.75
171159,6120,237,519,28.75,-100.25
171160,6121,237,520,28.75,-99.75
171161,6122,237,521,28.75,-99.25
171162,6123,237,522,28.75,-98.75
171163,6124,237,523,28.75,-98.25
171164,6125,237,524,28.75,-97.75
171165,6126,237,525,28.75,-97.25
171195,6127,237,555,28.75,-82.25
171196,6128,237,556,28.75,-81.75
171421,6129,238,61,29.25,30.75
171422,6130,238,62,29.25,31.25
171462,6131,238,102,29.25,51.25
171463,6132,238,103,29.25,51.75
171464,6133,238,104,29.25,52.25
171465,6134,238,105,29.25,52.75
171466,6135,238,106,29.25,53.25
171467,6136,238,107,29.25,53.75
171468,6137,238,108,29.25,54.25
171471,6138,238,111,29.25,55.75
171473,6139,238,113,29.25,56.75
171500,6140,238,140,29.25,70.25
171501,6141,238,141,29.25,70.75
171502,6142,238,142,29.25,71.25
171503,6143,238,143,29.25,71.75
171505,6144,238,145,29.25,72.75
171506,6145,238,146,29.25,73.25
171520,6146,238,160,29.25,80.25
171521,6147,238,161,29.25,80.75
171522,6148,238,162,29.25,81.25
171523,6149,238,163,29.25,81.75
171524,6150,238,164,29.25,82.25
171525,6151,238,165,29.25,82.75
171558,6152,238,198,29.25,99.25
171561,6153,238,201,29.25,100.75
171562,6154,238,202,29.25,101.25
171564,6155,238,204,29.25,102.25
171565,6156,238,205,29.25,102.75
171566,6157,238,206,29.25,103.25
171567,6158,238,207,29.25,103.75
171568,6159,238,208,29.25,104.25
171569,6160,238,209,29.25,104.75
171570,6161,238,210,29.25,105.25
171571,6162,238,211,29.25,105.75
171572,6163,238,212,29.25,106.25
171573,6164,238,213,29.25,106.75
171574,6165,238,214,29.25,107.25
171575,6166,238,215,29.25,107.75
171576,6167,238,216,29.25,108.25
171577,6168,238,217,29.25,108.75
171578,6169,238,218,29.25,109.25
171858,6170,238,498,29.25,-110.75
171859,6171,238,499,29.25,-110.25
171860,6172,238,500,29.25,-109.75
171861,6173,238,501,29.25,-109.25
171862,6174,238,502,29.25,-108.75
171863,6175,238,503,29.25,-108.25
171864,6176,238,504,29.25,-107.75
171865,6177,238,505,29.25,-107.25
171866,6178,238,506,29.25,-106.75
171870,6179,238,510,29.25,-104.75
171875,6180,238,515,29.25,-102.25
171877,6181,238,517,29.25,-101.25
171880,6182,238,520,29.25,-99.75
171881,6183,238,521,29.25,-99.25
171882,6184,238,522,29.25,-98.75
171883,6185,238,523,29.25,-98.25
171884,6186,238,524,29.25,-97.75
171885,6187,238,525,29.25,-97.25
171886,6188,238,526,29.25,-96.75
171887,6189,238,527,29.25,-96.25
171888,6190,238,528,29.25,-95.75
171915,6191,238,555,29.25,-82.25
172142,6192,239,62,29.75,31.25
172181,6193,239,101,29.75,50.75
172183,6194,239,103,29.75,51.75
172184,6195,239,104,29.75,52.25
172185,6196,239,105,29.75,52.75
172186,6197,239,106,29.75,53.25
172187,6198,239,107,29.75,53.75
172188,6199,239,108,29.75,54.25
172192,6200,239,112,29.75,56.25
172193,6201,239,113,29.75,56.75
172216,6202,239,136,29.75,68.25
172218,6203,239,138,29.75,69.25
172219,6204,239,139,29.75,69.75
172220,6205,239,140,29.75,70.25
172221,6206,239,141,29.75,70.75
172222,6207,239,142,29.75,71.25
172223,6208,239,143,29.75,71.75
172224,6209,239,144,29.75,72.25
172225,6210,239,145,29.75,72.75
172226,6211,239,146,29.75,73.25
172240,6212,239,160,29.75,80.25
172241,6213,239,161,29.75,80.75
172242,6214,239,162,29.75,81.25
172243,6215,239,163,29.75,81.75
172282,6216,239,202,29.75,101.25
172283,6217,239,203,29.75,101.75
172284,6218,239,204,29.75,102.25
172285,6219,239,205,29.75,102.75
172286,6220,239,206,29.75,103.25
172287,6221,239,207,29.75,103.75
172288,6222,239,208,29.75,104.25
172289,6223,239,209,29.75,104.75
172290,6224,239,210,29.75,105.25
172291,6225,239,211,29.75,105.75
172292,6226,239,212,29.75,106.25
172293,6227,239,213,29.75,106.75
172294,6228,239,214,29.75,107.25
172295,6229,239,215,29.75,107.75
172296,6230,239,216,29.75,108.25
172297,6231,239,217,29.75,108.75
172312,6232,239,232,29.75,116.25
172313,6233,239,233,29.75,116.75
172314,6234,239,234,29.75,117.25
172315,6235,239,235,29.75,117.75
172316,6236,239,236,29.75,118.25
172317,6237,239,237,29.75,118.75
172577,6238,239,497,29.75,-111.25
172578,6239,239,498,29.75,-110.75
172579,6240,239,499,29.75,-110.25
172580,6241,239,500,29.75,-109.75
172581,6242,239,501,29.75,-109.25
172583,6243,239,503,29.75,-108.25
172584,6244,239,504,29.75,-107.75
172585,6245,239,505,29.75,-107.25
172586,6246,239,506,29.75,-106.75
172602,6247,239,522,29.75,-98.75
172603,6248,239,523,29.75,-98.25
172604,6249,239,524,29.75,-97.75
172605,6250,239,525,29.75,-97.25
172606,6251,239,526,29.75,-96.75
172607,6252,239,527,29.75,-96.25
172608,6253,239,528,29.75,-95.75
172609,6254,239,529,29.75,-95.25
172634,6255,239,554,29.75,-82.75
172635,6256,239,555,29.75,-82.25
172636,6257,239,556,29.75,-81.75
172861,6258,240,61,30.25,30.75
172862,6259,240,62,30.25,31.25
172863,6260,240,63,30.25,31.75
172864,6261,240,64,30.25,32.25
172901,6262,240,101,30.25,50.75
172902,6263,240,102,30.25,51.25
172903,6264,240,103,30.25,51.75
172904,6265,240,104,30.25,52.25
172905,6266,240,105,30.25,52.75
172906,6267,240,106,30.25,53.25
172907,6268,240,107,30.25,53.75
172908,6269,240,108,30.25,54.25
172911,6270,240,111,30.25,55.75
172913,6271,240,113,30.25,56.75
172934,6272,240,134,30.25,67.25
172935,6273,240,135,30.25,67.75
172938,6274,240,138,30.25,69.25
172939,6275,240,139,30.25,69.75
172940,6276,240,140,30.25,70.25
172941,6277,240,141,30.25,70.75
172942,6278,240,142,30.25,71.25
172943,6279,240,143,30.25,71.75
172944,6280,240,144,30.25,72.25
172945,6281,240,145,30.25,72.75
172946,6282,240,146,30.25,73.25
172954,6283,240,154,30.25,77.25
172955,6284,240,155,30.25,77.75
172962,6285,240,162,30.25,81.25
173001,6286,240,201,30.25,100.75
173002,6287,240,202,30.25,101.25
173003,6288,240,203,30.25,101.75
173004,6289,240,204,30.25,102.25
173005,6290,240,205,30.25,102.75
173006,6291,240,206,30.25,103.25
173007,6292,240,207,30.25,103.75
173008,6293,240,208,30.25,104.25
173009,6294,240,209,30.25,104.75
173010,6295,240,210,30.25,105.25
173011,6296,240,211,30.25,105.75
173012,6297,240,212,30.25,106.25
173013,6298,240,213,30.25,106.75
173014,6299,240,214,30.25,107.25
173015,6300,240,215,30.25,107.75
173016,6301,240,216,30.25,108.25
173032,6302,240,232,30.25,116.25
173033,6303,240,233,30.25,116.75
173034,6304,240,234,30.25,117.25
173035,6305,240,235,30.25,117.75
173036,6306,240,236,30.25,118.25
173037,6307,240,237,30.25,118.75
173038,6308,240,238,30.25,119.25
173299,6309,240,499,30.25,-110.25
173300,6310,240,500,30.25,-109.75
173301,6311,240,501,30.25,-109.25
173302,6312,240,502,30.25,-108.75
173303,6313,240,503,30.25,-108.25
173304,6314,240,504,30.25,-107.75
173305,6315,240,505,30.25,-107.25
173306,6316,240,506,30.25,-106.75
173321,6317,240,521,30.25,-99.25
173322,6318,240,522,30.25,-98.75
173323,6319,240,523,30.25,-98.25
173324,6320,240,524,30.25,-97.75
173325,6321,240,525,30.25,-97.25
173326,6322,240,526,30.25,-96.75
173327,6323,240,527,30.25,-96.25
173328,6324,240,528,30.25,-95.75
173329,6325,240,529,30.25,-95.25
173330,6326,240,530,30.25,-94.75
173332,6327,240,532,30.25,-93.75
173333,6328,240,533,30.25,-93.25
173334,6329,240,534,30.25,-92.75
173335,6330,240,535,30.25,-92.25
173336,6331,240,536,30.25,-91.75
173337,6332,240,537,30.25,-91.25
173338,6333,240,538,30.25,-90.75
173349,6334,240,549,30.25,-85.25
173350,6335,240,550,30.25,-84.75
173353,6336,240,553,30.25,-83.25
173354,6337,240,554,30.25,-82.75
173356,6338,240,556,30.25,-81.75
173501,6339,240,701,30.25,-9.25
173579,6340,241,59,30.75,29.75
173580,6341,241,60,30.75,30.25
173581,6342,241,61,30.75,30.75
173582,6343,241,62,30.75,31.25
173583,6344,241,63,30.75,31.75
173584,6345,241,64,30.75,32.25
173612,6346,241,92,30.75,46.25
173613,6347,241,93,30.75,46.75
173614,6348,241,94,30.75,47.25
173615,6349,241,95,30.75,47.75
173617,6350,241,97,30.75,48.75
173618,6351,241,98,30.75,49.25
173619,6352,241,99,30.75,49.75
173620,6353,241,100,30.75,50.25
173621,6354,241,101,30.75,50.75
173622,6355,241,102,30.75,51.25
173623,6356,241,103,30.75,51.75
173624,6357,241,104,30.75,52.25
173625,6358,241,105,30.75,52.75
173626,6359,241,106,30.75,53.25
173632,6360,241,112,30.75,56.25
173660,6361,241,140,30.75,70.25
173661,6362,241,141,30.75,70.75
173662,6363,241,142,30.75,71.25
173663,6364,241,143,30.75,71.75
173664,6365,241,144,30.75,72.25
173665,6366,241,145,30.75,72.75
173666,6367,241,146,30.75,73.25
173667,6368,241,147,30.75,73.75
173673,6369,241,153,30.75,76.75
173674,6370,241,154,30.75,77.25
173675,6371,241,155,30.75,77.75
173722,6372,241,202,30.75,101.25
173723,6373,241,203,30.75,101.75
173724,6374,241,204,30.75,102.25
173725,6375,241,205,30.75,102.75
173726,6376,241,206,30.75,103.25
173727,6377,241,207,30.75,103.75
173728,6378,241,208,30.75,104.25
173729,6379,241,209,30.75,104.75
173730,6380,241,210,30.75,105.25
173731,6381,241,211,30.75,105.75
173732,6382,241,212,30.75,106.25
173733,6383,241,213,30.75,106.75
173734,6384,241,214,30.75,107.25
173735,6385,241,215,30.75,107.75
173736,6386,241,216,30.75,108.25
173737,6387,241,217,30.75,108.75
173738,6388,241,218,30.75,109.25
173739,6389,241,219,30.75,109.75
173751,6390,241,231,30.75,115.75
173752,6391,241,232,30.75,116.25
173753,6392,241,233,30.75,116.75
173754,6393,241,234,30.75,117.25
173755,6394,241,235,30.75,117.75
173756,6395,241,236,30.75,118.25
173757,6396,241,237,30.75,118.75
173758,6397,241,238,30.75,119.25
174022,6398,241,502,30.75,-108.75
174023,6399,241,503,30.75,-108.25
174041,6400,241,521,30.75,-99.25
174044,6401,241,524,30.75,-97.75
174045,6402,241,525,30.75,-97.25
174046,6403,241,526,30.75,-96.75
174047,6404,241,527,30.75,-96.25
174048,6405,241,528,30.75,-95.75
174049,6406,241,529,30.75,-95.25
174052,6407,241,532,30.75,-93.75
174053,6408,241,533,30.75,-93.25
174054,6409,241,534,30.75,-92.75
174055,6410,241,535,30.75,-92.25
174056,6411,241,536,30.75,-91.75
174057,6412,241,537,30.75,-91.25
174058,6413,241,538,30.75,-90.75
174059,6414,241,539,30.75,-90.25
174060,6415,241,540,30.75,-89.75
174062,6416,241,542,30.75,-88.75
174065,6417,241,545,30.75,-87.25
174066,6418,241,546,30.75,-86.75
174067,6419,241,547,30.75,-86.25
174068,6420,241,548,30.75,-85.75
174069,6421,241,549,30.75,-85.25
174070,6422,241,550,30.75,-84.75
174071,6423,241,551,30.75,-84.25
174072,6424,241,552,30.75,-83.75
174073,6425,241,553,30.75,-83.25
174076,6426,241,556,30.75,-81.75
174221,6427,241,701,30.75,-9.25
174302,6428,242,62,31.25,31.25
174330,6429,242,90,31.25,45.25
174331,6430,242,91,31.25,45.75
174332,6431,242,92,31.25,46.25
174333,6432,242,93,31.25,46.75
174334,6433,242,94,31.25,47.25
174335,6434,242,95,31.25,47.75
174336,6435,242,96,31.25,48.25
174337,6436,242,97,31.25,48.75
174338,6437,242,98,31.25,49.25
174339,6438,242,99,31.25,49.75
174341,6439,242,101,31.25,50.75
174342,6440,242,102,31.25,51.25
174343,6441,242,103,31.25,51.75
174380,6442,242,140,31.25,70.25
174381,6443,242,141,31.25,70.75
174382,6444,242,142,31.25,71.25
174383,6445,242,143,31.25,71.75
174384,6446,242,144,31.25,72.25
174385,6447,242,145,31.25,72.75
174386,6448,242,146,31.25,73.25
174387,6449,242,147,31.25,73.75
174388,6450,242,148,31.25,74.25
174389,6451,242,149,31.25,74.75
174392,6452,242,152,31.25,76.25
174393,6453,242,153,31.25,76.75
174394,6454,242,154,31.25,77.25
174442,6455,242,202,31.25,101.25
174443,6456,242,203,31.25,101.75
174444,6457,242,204,31.25,102.25
174445,6458,242,205,31.25,102.75
174446,6459,242,206,31.25,103.25
174447,6460,242,207,31.25,103.75
174448,6461,242,208,31.25,104.25
174449,6462,242,209,31.25,104.75
174450,6463,242,210,31.25,105.25
174451,6464,242,211,31.25,105.75
174452,6465,242,212,31.25,106.25
174453,6466,242,213,31.25,106.75
174454,6467,242,214,31.25,107.25
174455,6468,242,215,31.25,107.75
174456,6469,242,216,31.25,108.25
174457,6470,242,217,31.25,108.75
174458,6471,242,218,31.25,109.25
174459,6472,242,219,31.25,109.75
174460,6473,242,220,31.25,110.25
174470,6474,242,230,31.25,115.25
174471,6475,242,231,31.25,115.75
174472,6476,242,232,31.25,116.25
174473,6477,242,233,31.25,116.75
174474,6478,242,234,31.25,117.25
174475,6479,242,235,31.25,117.75
174476,6480,242,236,31.25,118.25
174477,6481,242,237,31.25,118.75
174478,6482,242,238,31.25,119.25
174479,6483,242,239,31.25,119.75
174481,6484,242,241,31.25,120.75
174738,6485,242,498,31.25,-110.75
174739,6486,242,499,31.25,-110.25
174743,6487,242,503,31.25,-108.25
174747,6488,242,507,31.25,-106.25
174748,6489,242,508,31.25,-105.75
174758,6490,242,518,31.25,-100.75
174759,6491,242,519,31.25,-100.25
174761,6492,242,521,31.25,-99.25
174762,6493,242,522,31.25,-98.75
174763,6494,242,523,31.25,-98.25
174764,6495,242,524,31.25,-97.75
174765,6496,242,525,31.25,-97.25
174766,6497,242,526,31.25,-96.75
174767,6498,242,527,31.25,-96.25
174768,6499,242,528,31.25,-95.75
174769,6500,242,529,31.25,-95.25
174773,6501,242,533,31.25,-93.25
174774,6502,242,534,31.25,-92.75
174775,6503,242,535,31.25,-92.25
174776,6504,242,536,31.25,-91.75
174777,6505,242,537,31.25,-91.25
174778,6506,242,538,31.25,-90.75
174779,6507,242,539,31.25,-90.25
174780,6508,242,540,31.25,-89.75
174782,6509,242,542,31.25,-88.75
174783,6510,242,543,31.25,-88.25
174784,6511,242,544,31.25,-87.75
174785,6512,242,545,31.25,-87.25
174786,6513,242,546,31.25,-86.75
174787,6514,242,547,31.25,-86.25
174788,6515,242,548,31.25,-85.75
174789,6516,242,549,31.25,-85.25
174790,6517,242,550,31.25,-84.75
174791,6518,242,551,31.25,-84.25
174792,6519,242,552,31.25,-83.75
174793,6520,242,553,31.25,-83.25
174794,6521,242,554,31.25,-82.75
174795,6522,242,555,31.25,-82.25
174941,6523,242,701,31.25,-9.25
175048,6524,243,88,31.75,44.25
175049,6525,243,89,31.75,44.75
175050,6526,243,90,31.75,45.25
175051,6527,243,91,31.75,45.75
175052,6528,243,92,31.75,46.25
175053,6529,243,93,31.75,46.75
175054,6530,243,94,31.75,47.25
175056,6531,243,96,31.75,48.25
175057,6532,243,97,31.75,48.75
175059,6533,243,99,31.75,49.75
175060,6534,243,100,31.75,50.25
175061,6535,243,101,31.75,50.75
175062,6536,243,102,31.75,51.25
175063,6537,243,103,31.75,51.75
175100,6538,243,140,31.75,70.25
175101,6539,243,141,31.75,70.75
175102,6540,243,142,31.75,71.25
175103,6541,243,143,31.75,71.75
175104,6542,243,144,31.75,72.25
175105,6543,243,145,31.75,72.75
175106,6544,243,146,31.75,73.25
175107,6545,243,147,31.75,73.75
175108,6546,243,148,31.75,74.25
175111,6547,243,151,31.75,75.75
175112,6548,243,152,31.75,76.25
175113,6549,243,153,31.75,76.75
175114,6550,243,154,31.75,77.25
175115,6551,243,155,31.75,77.75
175163,6552,243,203,31.75,101.75
175164,6553,243,204,31.75,102.25
175165,6554,243,205,31.75,102.75
175166,6555,243,206,31.75,103.25
175167,6556,243,207,31.75,103.75
175168,6557,243,208,31.75,104.25
175169,6558,243,209,31.75,104.75
175170,6559,243,210,31.75,105.25
175171,6560,243,211,31.75,105.75
175172,6561,243,212,31.75,106.25
175173,6562,243,213,31.75,106.75
175174,6563,243,214,31.75,107.25
175175,6564,243,215,31.75,107.75
175176,6565,243,216,31.75,108.25
175177,6566,243,217,31.75,108.75
175178,6567,243,218,31.75,109.25
175179,6568,243,219,31.75,109.75
175187,6569,243,227,31.75,113.75
175188,6570,243,228,31.75,114.25
175189,6571,243,229,31.75,114.75
175190,6572,243,230,31.75,115.25
175191,6573,243,231,31.75,115.75
175192,6574,243,232,31.75,116.25
175193,6575,243,233,31.75,116.75
175194,6576,243,234,31.75,117.25
175195,6577,243,235,31.75,117.75
175196,6578,243,236,31.75,118.25
175197,6579,243,237,31.75,118.75
175198,6580,243,238,31.75,119.25
175199,6581,243,239,31.75,119.75
175459,6582,243,499,31.75,-110.25
175460,6583,243,500,31.75,-109.75
175462,6584,243,502,31.75,-108.75
175464,6585,243,504,31.75,-107.75
175466,6586,243,506,31.75,-106.75
175467,6587,243,507,31.75,-106.25
175479,6588,243,519,31.75,-100.25
175481,6589,243,521,31.75,-99.25
175482,6590,243,522,31.75,-98.75
175483,6591,243,523,31.75,-98.25
175484,6592,243,524,31.75,-97.75
175485,6593,243,525,31.75,-97.25
175486,6594,243,526,31.75,-96.75
175487,6595,243,527,31.75,-96.25
175488,6596,243,528,31.75,-95.75
175489,6597,243,529,31.75,-95.25
175492,6598,243,532,31.75,-93.75
175493,6599,243,533,31.75,-93.25
175494,6600,243,534,31.75,-92.75
175495,6601,243,535,31.75,-92.25
175496,6602,243,536,31.75,-91.75
175497,6603,243,537,31.75,-91.25
175498,6604,243,538,31.75,-90.75
175499,6605,243,539,31.75,-90.25
175500,6606,243,540,31.75,-89.75
175501,6607,243,541,31.75,-89.25
175502,6608,243,542,31.75,-88.75
175503,6609,243,543,31.75,-88.25
175505,6610,243,545,31.75,-87.25
175507,6611,243,547,31.75,-86.25
175508,6612,243,548,31.75,-85.75
175509,6613,243,549,31.75,-85.25
175510,6614,243,550,31.75,-84.75
175511,6615,243,551,31.75,-84.25
175512,6616,243,552,31.75,-83.75
175513,6617,243,553,31.75,-83.25
175514,6618,243,554,31.75,-82.75
175515,6619,243,555,31.75,-82.25
175516,6620,243,556,31.75,-81.75
175662,6621,243,702,31.75,-8.75
175663,6622,243,703,31.75,-8.25
175664,6623,243,704,31.75,-7.75
175665,6624,243,705,31.75,-7.25
175768,6625,244,88,32.25,44.25
175769,6626,244,89,32.25,44.75
175770,6627,244,90,32.25,45.25
175771,6628,244,91,32.25,45.75
175772,6629,244,92,32.25,46.25
175773,6630,244,93,32.25,46.75
175776,6631,244,96,32.25,48.25
175777,6632,244,97,32.25,48.75
175779,6633,244,99,32.25,49.75
175781,6634,244,101,32.25,50.75
175782,6635,244,102,32.25,51.25
175783,6636,244,103,32.25,51.75
175820,6637,244,140,32.25,70.25
175821,6638,244,141,32.25,70.75
175822,6639,244,142,32.25,71.25
175823,6640,244,143,32.25,71.75
175824,6641,244,144,32.25,72.25
175825,6642,244,145,32.25,72.75
175826,6643,244,146,32.25,73.25
175827,6644,244,147,32.25,73.75
175828,6645,244,148,32.25,74.25
175829,6646,244,149,32.25,74.75
175830,6647,244,150,32.25,75.25
175831,6648,244,151,32.25,75.75
175832,6649,244,152,32.25,76.25
175833,6650,244,153,32.25,76.75
175834,6651,244,154,32.25,77.25
175883,6652,244,203,32.25,101.75
175885,6653,244,205,32.25,102.75
175886,6654,244,206,32.25,103.25
175887,6655,244,207,32.25,103.75
175888,6656,244,208,32.25,104.25
175889,6657,244,209,32.25,104.75
175890,6658,244,210,32.25,105.25
175891,6659,244,211,32.25,105.75
175892,6660,244,212,32.25,106.25
175893,6661,244,213,32.25,106.75
175894,6662,244,214,32.25,107.25
175895,6663,244,215,32.25,107.75
175896,6664,244,216,32.25,108.25
175904,6665,244,224,32.25,112.25
175905,6666,244,225,32.25,112.75
175906,6667,244,226,32.25,113.25
175907,6668,244,227,32.25,113.75
175908,6669,244,228,32.25,114.25
175909,6670,244,229,32.25,114.75
175910,6671,244,230,32.25,115.25
175911,6672,244,231,32.25,115.75
175912,6673,244,232,32.25,116.25
175913,6674,244,233,32.25,116.75
175914,6675,244,234,32.25,117.25
175915,6676,244,235,32.25,117.75
175916,6677,244,236,32.25,118.25
175917,6678,244,237,32.25,118.75
175918,6679,244,238,32.25,119.25
175919,6680,244,239,32.25,119.75
176170,6681,244,490,32.25,-114.75
176179,6682,244,499,32.25,-110.25
176186,6683,244,506,32.25,-106.75
176201,6684,244,521,32.25,-99.25
176202,6685,244,522,32.25,-98.75
176204,6686,244,524,32.25,-97.75
176205,6687,244,525,32.25,-97.25
176206,6688,244,526,32.25,-96.75
176207,6689,244,527,32.25,-96.25
176209,6690,244,529,32.25,-95.25
176211,6691,244,531,32.25,-94.25
176212,6692,244,532,32.25,-93.75
176213,6693,244,533,32.25,-93.25
176215,6694,244,535,32.25,-92.25
176216,6695,244,536,32.25,-91.75
176217,6696,244,537,32.25,-91.25
176218,6697,244,538,32.25,-90.75
176219,6698,244,539,32.25,-90.25
176220,6699,244,540,32.25,-89.75
176221,6700,244,541,32.25,-89.25
176222,6701,244,542,32.25,-88.75
176223,6702,244,543,32.25,-88.25
176224,6703,244,544,32.25,-87.75
176225,6704,244,545,32.25,-87.25
176226,6705,244,546,32.25,-86.75
176227,6706,244,547,32.25,-86.25
176228,6707,244,548,32.25,-85.75
176229,6708,244,549,32.25,-85.25
176230,6709,244,550,32.25,-84.75
176231,6710,244,551,32.25,-84.25
176232,6711,244,552,32.25,-83.75
176233,6712,244,553,32.25,-83.25
176234,6713,244,554,32.25,-82.75
176235,6714,244,555,32.25,-82.25
176236,6715,244,556,32.25,-81.75
176237,6716,244,557,32.25,-81.25
176382,6717,244,702,32.25,-8.75
176383,6718,244,703,32.25,-8.25
176384,6719,244,704,32.25,-7.75
176385,6720,244,705,32.25,-7.25
176386,6721,244,706,32.25,-6.75
176387,6722,244,707,32.25,-6.25
176388,6723,244,708,32.25,-5.75
176471,6724,245,71,32.75,35.75
176472,6725,245,72,32.75,36.25
176473,6726,245,73,32.75,36.75
176488,6727,245,88,32.75,44.25
176489,6728,245,89,32.75,44.75
176490,6729,245,90,32.75,45.25
176496,6730,245,96,32.75,48.25
176497,6731,245,97,32.75,48.75
176498,6732,245,98,32.75,49.25
176499,6733,245,99,32.75,49.75
176500,6734,245,100,32.75,50.25
176501,6735,245,101,32.75,50.75
176502,6736,245,102,32.75,51.25
176503,6737,245,103,32.75,51.75
176539,6738,245,139,32.75,69.75
176540,6739,245,140,32.75,70.25
176541,6740,245,141,32.75,70.75
176542,6741,245,142,32.75,71.25
176543,6742,245,143,32.75,71.75
176544,6743,245,144,32.75,72.25
176545,6744,245,145,32.75,72.75
176546,6745,245,146,32.75,73.25
176547,6746,245,147,32.75,73.75
176549,6747,245,149,32.75,74.75
176607,6748,245,207,32.75,103.75
176608,6749,245,208,32.75,104.25
176610,6750,245,210,32.75,105.25
176611,6751,245,211,32.75,105.75
176612,6752,245,212,32.75,106.25
176613,6753,245,213,32.75,106.75
176622,6754,245,222,32.75,111.25
176623,6755,245,223,32.75,111.75
176624,6756,245,224,32.75,112.25
176625,6757,245,225,32.75,112.75
176626,6758,245,226,32.75,113.25
176627,6759,245,227,32.75,113.75
176628,6760,245,228,32.75,114.25
176629,6761,245,229,32.75,114.75
176630,6762,245,230,32.75,115.25
176631,6763,245,231,32.75,115.75
176632,6764,245,232,32.75,116.25
176633,6765,245,233,32.75,116.75
176634,6766,245,234,32.75,117.25
176635,6767,245,235,32.75,117.75
176636,6768,245,236,32.75,118.25
176637,6769,245,237,32.75,118.75
176638,6770,245,238,32.75,119.25
176639,6771,245,239,32.75,119.75
176640,6772,245,240,32.75,120.25
176888,6773,245,488,32.75,-115.75
176889,6774,245,489,32.75,-115.25
176890,6775,245,490,32.75,-114.75
176891,6776,245,491,32.75,-114.25
176892,6777,245,492,32.75,-113.75
176893,6778,245,493,32.75,-113.25
176894,6779,245,494,32.75,-112.75
176895,6780,245,495,32.75,-112.25
176896,6781,245,496,32.75,-111.75
176899,6782,245,499,32.75,-110.25
176900,6783,245,500,32.75,-109.75
176913,6784,245,513,32.75,-103.25
176914,6785,245,514,32.75,-102.75
176915,6786,245,515,32.75,-102.25
176924,6787,245,524,32.75,-97.75
176925,6788,245,525,32.75,-97.25
176926,6789,245,526,32.75,-96.75
176927,6790,245,527,32.75,-96.25
176928,6791,245,528,32.75,-95.75
176932,6792,245,532,32.75,-93.75
176935,6793,245,535,32.75,-92.25
176936,6794,245,536,32.75,-91.75
176937,6795,245,537,32.75,-91.25
176938,6796,245,538,32.75,-90.75
176939,6797,245,539,32.75,-90.25
176940,6798,245,540,32.75,-89.75
176941,6799,245,541,32.75,-89.25
176942,6800,245,542,32.75,-88.75
176943,6801,245,543,32.75,-88.25
176944,6802,245,544,32.75,-87.75
176945,6803,245,545,32.75,-87.25
176946,6804,245,546,32.75,-86.75
176947,6805,245,547,32.75,-86.25
176949,6806,245,549,32.75,-85.25
176950,6807,245,550,32.75,-84.75
176951,6808,245,551,32.75,-84.25
176952,6809,245,552,32.75,-83.75
176953,6810,245,553,32.75,-83.25
176954,6811,245,554,32.75,-82.75
176955,6812,245,555,32.75,-82.25
176956,6813,245,556,32.75,-81.75
176957,6814,245,557,32.75,-81.25
176958,6815,245,558,32.75,-80.75
177103,6816,245,703,32.75,-8.25
177104,6817,245,704,32.75,-7.75
177105,6818,245,705,32.75,-7.25
177106,6819,245,706,32.75,-6.75
177107,6820,245,707,32.75,-6.25
177108,6821,245,708,32.75,-5.75
177109,6822,245,709,32.75,-5.25
177191,6823,246,71,33.25,35.75
177192,6824,246,72,33.25,36.25
177206,6825,246,86,33.25,43.25
177207,6826,246,87,33.25,43.75
177208,6827,246,88,33.25,44.25
177209,6828,246,89,33.25,44.75
177210,6829,246,90,33.25,45.25
177211,6830,246,91,33.25,45.75
177213,6831,246,93,33.25,46.75
177214,6832,246,94,33.25,47.25
177215,6833,246,95,33.25,47.75
177216,6834,246,96,33.25,48.25
177217,6835,246,97,33.25,48.75
177218,6836,246,98,33.25,49.25
177219,6837,246,99,33.25,49.75
177220,6838,246,100,33.25,50.25
177260,6839,246,140,33.25,70.25
177261,6840,246,141,33.25,70.75
177262,6841,246,142,33.25,71.25
177263,6842,246,143,33.25,71.75
177264,6843,246,144,33.25,72.25
177265,6844,246,145,33.25,72.75
177266,6845,246,146,33.25,73.25
177268,6846,246,148,33.25,74.25
177327,6847,246,207,33.25,103.75
177328,6848,246,208,33.25,104.25
177342,6849,246,222,33.25,111.25
177343,6850,246,223,33.25,111.75
177344,6851,246,224,33.25,112.25
177345,6852,246,225,33.25,112.75
177346,6853,246,226,33.25,113.25
177347,6854,246,227,33.25,113.75
177348,6855,246,228,33.25,114.25
177349,6856,246,229,33.25,114.75
177350,6857,246,230,33.25,115.25
177351,6858,246,231,33.25,115.75
177352,6859,246,232,33.25,116.25
177353,6860,246,233,33.25,116.75
177354,6861,246,234,33.25,117.25
177355,6862,246,235,33.25,117.75
177356,6863,246,236,33.25,118.25
177357,6864,246,237,33.25,118.75
177358,6865,246,238,33.25,119.25
177359,6866,246,239,33.25,119.75
177360,6867,246,240,33.25,120.25
177608,6868,246,488,33.25,-115.75
177609,6869,246,489,33.25,-115.25
177610,6870,246,490,33.25,-114.75
177613,6871,246,493,33.25,-113.25
177614,6872,246,494,33.25,-112.75
177615,6873,246,495,33.25,-112.25
177616,6874,246,496,33.25,-111.75
177619,6875,246,499,33.25,-110.25
177633,6876,246,513,33.25,-103.25
177634,6877,246,514,33.25,-102.75
177635,6878,246,515,33.25,-102.25
177636,6879,246,516,33.25,-101.75
177644,6880,246,524,33.25,-97.75
177645,6881,246,525,33.25,-97.25
177646,6882,246,526,33.25,-96.75
177647,6883,246,527,33.25,-96.25
177648,6884,246,528,33.25,-95.75
177649,6885,246,529,33.25,-95.25
177650,6886,246,530,33.25,-94.75
177651,6887,246,531,33.25,-94.25
177652,6888,246,532,33.25,-93.75
177655,6889,246,535,33.25,-92.25
177656,6890,246,536,33.25,-91.75
177657,6891,246,537,33.25,-91.25
177658,6892,246,538,33.25,-90.75
177659,6893,246,539,33.25,-90.25
177660,6894,246,540,33.25,-89.75
177661,6895,246,541,33.25,-89.25
177662,6896,246,542,33.25,-88.75
177663,6897,246,543,33.25,-88.25
177664,6898,246,544,33.25,-87.75
177665,6899,246,545,33.25,-87.25
177666,6900,246,546,33.25,-86.75
177667,6901,246,547,33.25,-86.25
177668,6902,246,548,33.25,-85.75
177669,6903,246,549,33.25,-85.25
177670,6904,246,550,33.25,-84.75
177671,6905,246,551,33.25,-84.25
177674,6906,246,554,33.25,-82.75
177675,6907,246,555,33.25,-82.25
177676,6908,246,556,33.25,-81.75
177677,6909,246,557,33.25,-81.25
177678,6910,246,558,33.25,-80.75
177679,6911,246,559,33.25,-80.25
177680,6912,246,560,33.25,-79.75
177824,6913,246,704,33.25,-7.75
177825,6914,246,705,33.25,-7.25
177826,6915,246,706,33.25,-6.75
177827,6916,246,707,33.25,-6.25
177828,6917,246,708,33.25,-5.75
177829,6918,246,709,33.25,-5.25
177912,6919,247,72,33.75,36.25
177928,6920,247,88,33.75,44.25
177929,6921,247,89,33.75,44.75
177930,6922,247,90,33.75,45.25
177931,6923,247,91,33.75,45.75
177932,6924,247,92,33.75,46.25
177933,6925,247,93,33.75,46.75
177934,6926,247,94,33.75,47.25
177935,6927,247,95,33.75,47.75
177936,6928,247,96,33.75,48.25
177937,6929,247,97,33.75,48.75
177938,6930,247,98,33.75,49.25
177939,6931,247,99,33.75,49.75
177940,6932,247,100,33.75,50.25
177942,6933,247,102,33.75,51.25
177980,6934,247,140,33.75,70.25
177981,6935,247,141,33.75,70.75
177982,6936,247,142,33.75,71.25
177983,6937,247,143,33.75,71.75
177984,6938,247,144,33.75,72.25
177985,6939,247,145,33.75,72.75
177986,6940,247,146,33.75,73.25
177988,6941,247,148,33.75,74.25
178061,6942,247,221,33.75,110.75
178062,6943,247,222,33.75,111.25
178063,6944,247,223,33.75,111.75
178064,6945,247,224,33.75,112.25
178065,6946,247,225,33.75,112.75
178066,6947,247,226,33.75,113.25
178067,6948,247,227,33.75,113.75
178068,6949,247,228,33.75,114.25
178069,6950,247,229,33.75,114.75
178070,6951,247,230,33.75,115.25
178071,6952,247,231,33.75,115.75
178072,6953,247,232,33.75,116.25
178073,6954,247,233,33.75,116.75
178074,6955,247,234,33.75,117.25
178075,6956,247,235,33.75,117.75
178076,6957,247,236,33.75,118.25
178077,6958,247,237,33.75,118.75
178078,6959,247,238,33.75,119.25
178079,6960,247,239,33.75,119.75
178325,6961,247,485,33.75,-117.25
178326,6962,247,486,33.75,-116.75
178330,6963,247,490,33.75,-114.75
178331,6964,247,491,33.75,-114.25
178335,6965,247,495,33.75,-112.25
178353,6966,247,513,33.75,-103.25
178354,6967,247,514,33.75,-102.75
178355,6968,247,515,33.75,-102.25
178356,6969,247,516,33.75,-101.75
178357,6970,247,517,33.75,-101.25
178361,6971,247,521,33.75,-99.25
178362,6972,247,522,33.75,-98.75
178363,6973,247,523,33.75,-98.25
178365,6974,247,525,33.75,-97.25
178366,6975,247,526,33.75,-96.75
178367,6976,247,527,33.75,-96.25
178368,6977,247,528,33.75,-95.75
178369,6978,247,529,33.75,-95.25
178370,6979,247,530,33.75,-94.75
178371,6980,247,531,33.75,-94.25
178372,6981,247,532,33.75,-93.75
178373,6982,247,533,33.75,-93.25
178376,6983,247,536,33.75,-91.75
178377,6984,247,537,33.75,-91.25
178378,6985,247,538,33.75,-90.75
178379,6986,247,539,33.75,-90.25
178380,6987,247,540,33.75,-89.75
178381,6988,247,541,33.75,-89.25
178382,6989,247,542,33.75,-88.75
178383,6990,247,543,33.75,-88.25
178384,6991,247,544,33.75,-87.75
178385,6992,247,545,33.75,-87.25
178386,6993,247,546,33.75,-86.75
178387,6994,247,547,33.75,-86.25
178388,6995,247,548,33.75,-85.75
178389,6996,247,549,33.75,-85.25
178390,6997,247,550,33.75,-84.75
178392,6998,247,552,33.75,-83.75
178394,6999,247,554,33.75,-82.75
178396,7000,247,556,33.75,-81.75
178397,7001,247,557,33.75,-81.25
178398,7002,247,558,33.75,-80.75
178399,7003,247,559,33.75,-80.25
178400,7004,247,560,33.75,-79.75
178401,7005,247,561,33.75,-79.25
178547,7006,247,707,33.75,-6.25
178548,7007,247,708,33.75,-5.75
178549,7008,247,709,33.75,-5.25
178550,7009,247,710,33.75,-4.75
178551,7010,247,711,33.75,-4.25
178633,7011,248,73,34.25,36.75
178647,7012,248,87,34.25,43.75
178648,7013,248,88,34.25,44.25
178649,7014,248,89,34.25,44.75
178652,7015,248,92,34.25,46.25
178653,7016,248,93,34.25,46.75
178654,7017,248,94,34.25,47.25
178655,7018,248,95,34.25,47.75
178656,7019,248,96,34.25,48.25
178657,7020,248,97,34.25,48.75
178658,7021,248,98,34.25,49.25
178659,7022,248,99,34.25,49.75
178677,7023,248,117,34.25,58.75
178702,7024,248,142,34.25,71.25
178703,7025,248,143,34.25,71.75
178704,7026,248,144,34.25,72.25
178705,7027,248,145,34.25,72.75
178706,7028,248,146,34.25,73.25
178707,7029,248,147,34.25,73.75
178780,7030,248,220,34.25,110.25
178781,7031,248,221,34.25,110.75
178782,7032,248,222,34.25,111.25
178783,7033,248,223,34.25,111.75
178784,7034,248,224,34.25,112.25
178785,7035,248,225,34.25,112.75
178786,7036,248,226,34.25,113.25
178787,7037,248,227,34.25,113.75
178788,7038,248,228,34.25,114.25
178789,7039,248,229,34.25,114.75
178790,7040,248,230,34.25,115.25
178791,7041,248,231,34.25,115.75
178792,7042,248,232,34.25,116.25
178793,7043,248,233,34.25,116.75
178794,7044,248,234,34.25,117.25
178795,7045,248,235,34.25,117.75
178796,7046,248,236,34.25,118.25
178797,7047,248,237,34.25,118.75
178798,7048,248,238,34.25,119.25
178799,7049,248,239,34.25,119.75
179066,7050,248,506,34.25,-106.75
179072,7051,248,512,34.25,-103.75
179073,7052,248,513,34.25,-103.25
179074,7053,248,514,34.25,-102.75
179075,7054,248,515,34.25,-102.25
179076,7055,248,516,34.25,-101.75
179077,7056,248,517,34.25,-101.25
179081,7057,248,521,34.25,-99.25
179082,7058,248,522,34.25,-98.75
179083,7059,248,523,34.25,-98.25
179084,7060,248,524,34.25,-97.75
179087,7061,248,527,34.25,-96.25
179088,7062,248,528,34.25,-95.75
179089,7063,248,529,34.25,-95.25
179090,7064,248,530,34.25,-94.75
179093,7065,248,533,34.25,-93.25
179095,7066,248,535,34.25,-92.25
179096,7067,248,536,34.25,-91.75
179097,7068,248,537,34.25,-91.25
179098,7069,248,538,34.25,-90.75
179099,7070,248,539,34.25,-90.25
179100,7071,248,540,34.25,-89.75
179101,7072,248,541,34.25,-89.25
179102,7073,248,542,34.25,-88.75
179103,7074,248,543,34.25,-88.25
179104,7075,248,544,34.25,-87.75
179105,7076,248,545,34.25,-87.25
179106,7077,248,546,34.25,-86.75
179107,7078,248,547,34.25,-86.25
179108,7079,248,548,34.25,-85.75
179109,7080,248,549,34.25,-85.25
179110,7081,248,550,34.25,-84.75
179111,7082,248,551,34.25,-84.25
179112,7083,248,552,34.25,-83.75
179113,7084,248,553,34.25,-83.25
179114,7085,248,554,34.25,-82.75
179115,7086,248,555,34.25,-82.25
179116,7087,248,556,34.25,-81.75
179117,7088,248,557,34.25,-81.25
179118,7089,248,558,34.25,-80.75
179119,7090,248,559,34.25,-80.25
179120,7091,248,560,34.25,-79.75
179121,7092,248,561,34.25,-79.25
179122,7093,248,562,34.25,-78.75
179123,7094,248,563,34.25,-78.25
179267,7095,248,707,34.25,-6.25
179268,7096,248,708,34.25,-5.75
179269,7097,248,709,34.25,-5.25
179270,7098,248,710,34.25,-4.75
179271,7099,248,711,34.25,-4.25
179272,7100,248,712,34.25,-3.75
179352,7101,249,72,34.75,36.25
179353,7102,249,73,34.75,36.75
179354,7103,249,74,34.75,37.25
179361,7104,249,81,34.75,40.75
179366,7105,249,86,34.75,43.25
179367,7106,249,87,34.75,43.75
179368,7107,249,88,34.75,44.25
179369,7108,249,89,34.75,44.75
179372,7109,249,92,34.75,46.25
179373,7110,249,93,34.75,46.75
179374,7111,249,94,34.75,47.25
179375,7112,249,95,34.75,47.75
179376,7113,249,96,34.75,48.25
179377,7114,249,97,34.75,48.75
179380,7115,249,100,34.75,50.25
179381,7116,249,101,34.75,50.75
179382,7117,249,102,34.75,51.25
179397,7118,249,117,34.75,58.75
179398,7119,249,118,34.75,59.25
179399,7120,249,119,34.75,59.75
179401,7121,249,121,34.75,60.75
179422,7122,249,142,34.75,71.25
179423,7123,249,143,34.75,71.75
179424,7124,249,144,34.75,72.25
179425,7125,249,145,34.75,72.75
179426,7126,249,146,34.75,73.25
179427,7127,249,147,34.75,73.75
179428,7128,249,148,34.75,74.25
179429,7129,249,149,34.75,74.75
179430,7130,249,150,34.75,75.25
179500,7131,249,220,34.75,110.25
179501,7132,249,221,34.75,110.75
179502,7133,249,222,34.75,111.25
179503,7134,249,223,34.75,111.75
179504,7135,249,224,34.75,112.25
179505,7136,249,225,34.75,112.75
179506,7137,249,226,34.75,113.25
179507,7138,249,227,34.75,113.75
179508,7139,249,228,34.75,114.25
179509,7140,249,229,34.75,114.75
179510,7141,249,230,34.75,115.25
179511,7142,249,231,34.75,115.75
179512,7143,249,232,34.75,116.25
179513,7144,249,233,34.75,116.75
179514,7145,249,234,34.75,117.25
179515,7146,249,235,34.75,117.75
179516,7147,249,236,34.75,118.25
179517,7148,249,237,34.75,118.75
179761,7149,249,481,34.75,-119.25
179762,7150,249,482,34.75,-118.75
179787,7151,249,507,34.75,-106.25
179788,7152,249,508,34.75,-105.75
179793,7153,249,513,34.75,-103.25
179794,7154,249,514,34.75,-102.75
179795,7155,249,515,34.75,-102.25
179796,7156,249,516,34.75,-101.75
179797,7157,249,517,34.75,-101.25
179800,7158,249,520,34.75,-99.75
179802,7159,249,522,34.75,-98.75
179803,7160,249,523,34.75,-98.25
179804,7161,249,524,34.75,-97.75
179805,7162,249,525,34.75,-97.25
179806,7163,249,526,34.75,-96.75
179807,7164,249,527,34.75,-96.25
179808,7165,249,528,34.75,-95.75
179809,7166,249,529,34.75,-95.25
179810,7167,249,530,34.75,-94.75
179811,7168,249,531,34.75,-94.25
179813,7169,249,533,34.75,-93.25
179814,7170,249,534,34.75,-92.75
179815,7171,249,535,34.75,-92.25
179816,7172,249,536,34.75,-91.75
179817,7173,249,537,34.75,-91.25
179818,7174,249,538,34.75,-90.75
179819,7175,249,539,34.75,-90.25
179820,7176,249,540,34.75,-89.75
179821,7177,249,541,34.75,-89.25
179822,7178,249,542,34.75,-88.75
179823,7179,249,543,34.75,-88.25
179824,7180,249,544,34.75,-87.75
179825,7181,249,545,34.75,-87.25
179826,7182,249,546,34.75,-86.75
179827,7183,249,547,34.75,-86.25
179828,7184,249,548,34.75,-85.75
179829,7185,249,549,34.75,-85.25
179830,7186,249,550,34.75,-84.75
179831,7187,249,551,34.75,-84.25
179832,7188,249,552,34.75,-83.75
179833,7189,249,553,34.75,-83.25
179834,7190,249,554,34.75,-82.75
179835,7191,249,555,34.75,-82.25
179836,7192,249,556,34.75,-81.75
179837,7193,249,557,34.75,-81.25
179838,7194,249,558,34.75,-80.75
179839,7195,249,559,34.75,-80.25
179840,7196,249,560,34.75,-79.75
179841,7197,249,561,34.75,-79.25
179842,7198,249,562,34.75,-78.75
179843,7199,249,563,34.75,-78.25
179844,7200,249,564,34.75,-77.75
179988,7201,249,708,34.75,-5.75
179989,7202,249,709,34.75,-5.25
179990,7203,249,710,34.75,-4.75
179991,7204,249,711,34.75,-4.25
180072,7205,250,72,35.25,36.25
180073,7206,250,73,35.25,36.75
180074,7207,250,74,35.25,37.25
180080,7208,250,80,35.25,40.25
180081,7209,250,81,35.25,40.75
180086,7210,250,86,35.25,43.25
180087,7211,250,87,35.25,43.75
180088,7212,250,88,35.25,44.25
180089,7213,250,89,35.25,44.75
180090,7214,250,90,35.25,45.25
180091,7215,250,91,35.25,45.75
180092,7216,250,92,35.25,46.25
180094,7217,250,94,35.25,47.25
180095,7218,250,95,35.25,47.75
180097,7219,250,97,35.25,48.75
180098,7220,250,98,35.25,49.25
180099,7221,250,99,35.25,49.75
180100,7222,250,100,35.25,50.25
180102,7223,250,102,35.25,51.25
180103,7224,250,103,35.25,51.75
180115,7225,250,115,35.25,57.75
180116,7226,250,116,35.25,58.25
180118,7227,250,118,35.25,59.25
180120,7228,250,120,35.25,60.25
180121,7229,250,121,35.25,60.75
180125,7230,250,125,35.25,62.75
180143,7231,250,143,35.25,71.75
180144,7232,250,144,35.25,72.25
180145,7233,250,145,35.25,72.75
180146,7234,250,146,35.25,73.25
180148,7235,250,148,35.25,74.25
180150,7236,250,150,35.25,75.25
180220,7237,250,220,35.25,110.25
180221,7238,250,221,35.25,110.75
180222,7239,250,222,35.25,111.25
180223,7240,250,223,35.25,111.75
180224,7241,250,224,35.25,112.25
180225,7242,250,225,35.25,112.75
180226,7243,250,226,35.25,113.25
180227,7244,250,227,35.25,113.75
180228,7245,250,228,35.25,114.25
180229,7246,250,229,35.25,114.75
180230,7247,250,230,35.25,115.25
180231,7248,250,231,35.25,115.75
180232,7249,250,232,35.25,116.25
180233,7250,250,233,35.25,116.75
180234,7251,250,234,35.25,117.25
180235,7252,250,235,35.25,117.75
180236,7253,250,236,35.25,118.25
180237,7254,250,237,35.25,118.75
180253,7255,250,253,35.25,126.75
180254,7256,250,254,35.25,127.25
180255,7257,250,255,35.25,127.75
180256,7258,250,256,35.25,128.25
180480,7259,250,480,35.25,-119.75
180481,7260,250,481,35.25,-119.25
180482,7261,250,482,35.25,-118.75
180512,7262,250,512,35.25,-103.75
180513,7263,250,513,35.25,-103.25
180514,7264,250,514,35.25,-102.75
180515,7265,250,515,35.25,-102.25
180516,7266,250,516,35.25,-101.75
180517,7267,250,517,35.25,-101.25
180518,7268,250,518,35.25,-100.75
180519,7269,250,519,35.25,-100.25
180520,7270,250,520,35.25,-99.75
180521,7271,250,521,35.25,-99.25
180522,7272,250,522,35.25,-98.75
180523,7273,250,523,35.25,-98.25
180524,7274,250,524,35.25,-97.75
180525,7275,250,525,35.25,-97.25
180526,7276,250,526,35.25,-96.75
180527,7277,250,527,35.25,-96.25
180528,7278,250,528,35.25,-95.75
180529,7279,250,529,35.25,-95.25
180530,7280,250,530,35.25,-94.75
180531,7281,250,531,35.25,-94.25
180532,7282,250,532,35.25,-93.75
180533,7283,250,533,35.25,-93.25
180534,7284,250,534,35.25,-92.75
180535,7285,250,535,35.25,-92.25
180536,7286,250,536,35.25,-91.75
180537,7287,250,537,35.25,-91.25
180538,7288,250,538,35.25,-90.75
180539,7289,250,539,35.25,-90.25
180540,7290,250,540,35.25,-89.75
180541,7291,250,541,35.25,-89.25
180542,7292,250,542,35.25,-88.75
180543,7293,250,543,35.25,-88.25
180544,7294,250,544,35.25,-87.75
180545,7295,250,545,35.25,-87.25
180546,7296,250,546,35.25,-86.75
180547,7297,250,547,35.25,-86.25
180548,7298,250,548,35.25,-85.75
180549,7299,250,549,35.25,-85.25
180550,7300,250,550,35.25,-84.75
180551,7301,250,551,35.25,-84.25
180552,7302,250,552,35.25,-83.75
180553,7303,250,553,35.25,-83.25
180554,7304,250,554,35.25,-82.75
180555,7305,250,555,35.25,-82.25
180556,7306,250,556,35.25,-81.75
180557,7307,250,557,35.25,-81.25
180558,7308,250,558,35.25,-80.75
180559,7309,250,559,35.25,-80.25
180560,7310,250,560,35.25,-79.75
180561,7311,250,561,35.25,-79.25
180562,7312,250,562,35.25,-78.75
180563,7313,250,563,35.25,-78.25
180564,7314,250,564,35.25,-77.75
180565,7315,250,565,35.25,-77.25
180708,7316,250,708,35.25,-5.75
180792,7317,251,72,35.75,36.25
180793,7318,251,73,35.75,36.75
180794,7319,251,74,35.75,37.25
180795,7320,251,75,35.75,37.75
180796,7321,251,76,35.75,38.25
180797,7322,251,77,35.75,38.75
180798,7323,251,78,35.75,39.25
180799,7324,251,79,35.75,39.75
180801,7325,251,81,35.75,40.75
180806,7326,251,86,35.75,43.25
180807,7327,251,87,35.75,43.75
180808,7328,251,88,35.75,44.25
180809,7329,251,89,35.75,44.75
180810,7330,251,90,35.75,45.25
180811,7331,251,91,35.75,45.75
180812,7332,251,92,35.75,46.25
180814,7333,251,94,35.75,47.25
180817,7334,251,97,35.75,48.75
180818,7335,251,98,35.75,49.25
180819,7336,251,99,35.75,49.75
180820,7337,251,100,35.75,50.25
180821,7338,251,101,35.75,50.75
180822,7339,251,102,35.75,51.25
180824,7340,251,104,35.75,52.25
180825,7341,251,105,35.75,52.75
180826,7342,251,106,35.75,53.25
180837,7343,251,117,35.75,58.75
180838,7344,251,118,35.75,59.25
180839,7345,251,119,35.75,59.75
180840,7346,251,120,35.75,60.25
180841,7347,251,121,35.75,60.75
180843,7348,251,123,35.75,61.75
180844,7349,251,124,35.75,62.25
180845,7350,251,125,35.75,62.75
180846,7351,251,126,35.75,63.25
180863,7352,251,143,35.75,71.75
180865,7353,251,145,35.75,72.75
180866,7354,251,146,35.75,73.25
180867,7355,251,147,35.75,73.75
180868,7356,251,148,35.75,74.25
180869,7357,251,149,35.75,74.75
180941,7358,251,221,35.75,110.75
180942,7359,251,222,35.75,111.25
180943,7360,251,223,35.75,111.75
180944,7361,251,224,35.75,112.25
180945,7362,251,225,35.75,112.75
180946,7363,251,226,35.75,113.25
180947,7364,251,227,35.75,113.75
180948,7365,251,228,35.75,114.25
180949,7366,251,229,35.75,114.75
180950,7367,251,230,35.75,115.25
180951,7368,251,231,35.75,115.75
180952,7369,251,232,35.75,116.25
180953,7370,251,233,35.75,116.75
180954,7371,251,234,35.75,117.25
180955,7372,251,235,35.75,117.75
180956,7373,251,236,35.75,118.25
180957,7374,251,237,35.75,118.75
180958,7375,251,238,35.75,119.25
180974,7376,251,254,35.75,127.25
180975,7377,251,255,35.75,127.75
180976,7378,251,256,35.75,128.25
180977,7379,251,257,35.75,128.75
180978,7380,251,258,35.75,129.25
181198,7381,251,478,35.75,-120.75
181199,7382,251,479,35.75,-120.25
181200,7383,251,480,35.75,-119.75
181201,7384,251,481,35.75,-119.25
181202,7385,251,482,35.75,-118.75
181203,7386,251,483,35.75,-118.25
181233,7387,251,513,35.75,-103.25
181234,7388,251,514,35.75,-102.75
181235,7389,251,515,35.75,-102.25
181236,7390,251,516,35.75,-101.75
181237,7391,251,517,35.75,-101.25
181241,7392,251,521,35.75,-99.25
181242,7393,251,522,35.75,-98.75
181243,7394,251,523,35.75,-98.25
181244,7395,251,524,35.75,-97.75
181245,7396,251,525,35.75,-97.25
181246,7397,251,526,35.75,-96.75
181247,7398,251,527,35.75,-96.25
181248,7399,251,528,35.75,-95.75
181249,7400,251,529,35.75,-95.25
181250,7401,251,530,35.75,-94.75
181251,7402,251,531,35.75,-94.25
181256,7403,251,536,35.75,-91.75
181257,7404,251,537,35.75,-91.25
181258,7405,251,538,35.75,-90.75
181259,7406,251,539,35.75,-90.25
181260,7407,251,540,35.75,-89.75
181261,7408,251,541,35.75,-89.25
181262,7409,251,542,35.75,-88.75
181263,7410,251,543,35.75,-88.25
181264,7411,251,544,35.75,-87.75
181265,7412,251,545,35.75,-87.25
181266,7413,251,546,35.75,-86.75
181267,7414,251,547,35.75,-86.25
181268,7415,251,548,35.75,-85.75
181269,7416,251,549,35.75,-85.25
181270,7417,251,550,35.75,-84.75
181271,7418,251,551,35.75,-84.25
181272,7419,251,552,35.75,-83.75
181273,7420,251,553,35.75,-83.25
181274,7421,251,554,35.75,-82.75
181275,7422,251,555,35.75,-82.25
181276,7423,251,556,35.75,-81.75
181277,7424,251,557,35.75,-81.25
181278,7425,251,558,35.75,-80.75
181279,7426,251,559,35.75,-80.25
181280,7427,251,560,35.75,-79.75
181281,7428,251,561,35.75,-79.25
181282,7429,251,562,35.75,-78.75
181283,7430,251,563,35.75,-78.25
181284,7431,251,564,35.75,-77.75
181285,7432,251,565,35.75,-77.25
181512,7433,252,72,36.25,36.25
181513,7434,252,73,36.25,36.75
181514,7435,252,74,36.25,37.25
181515,7436,252,75,36.25,37.75
181516,7437,252,76,36.25,38.25
181517,7438,252,77,36.25,38.75
181518,7439,252,78,36.25,39.25
181520,7440,252,80,36.25,40.25
181521,7441,252,81,36.25,40.75
181523,7442,252,83,36.25,41.75
181524,7443,252,84,36.25,42.25
181525,7444,252,85,36.25,42.75
181526,7445,252,86,36.25,43.25
181527,7446,252,87,36.25,43.75
181528,7447,252,88,36.25,44.25
181529,7448,252,89,36.25,44.75
181530,7449,252,90,36.25,45.25
181531,7450,252,91,36.25,45.75
181532,7451,252,92,36.25,46.25
181533,7452,252,93,36.25,46.75
181534,7453,252,94,36.25,47.25
181535,7454,252,95,36.25,47.75
181536,7455,252,96,36.25,48.25
181537,7456,252,97,36.25,48.75
181538,7457,252,98,36.25,49.25
181539,7458,252,99,36.25,49.75
181540,7459,252,100,36.25,50.25
181541,7460,252,101,36.25,50.75
181542,7461,252,102,36.25,51.25
181543,7462,252,103,36.25,51.75
181544,7463,252,104,36.25,52.25
181545,7464,252,105,36.25,52.75
181546,7465,252,106,36.25,53.25
181547,7466,252,107,36.25,53.75
181551,7467,252,111,36.25,55.75
181553,7468,252,113,36.25,56.75
181556,7469,252,116,36.25,58.25
181557,7470,252,117,36.25,58.75
181558,7471,252,118,36.25,59.25
181559,7472,252,119,36.25,59.75
181562,7473,252,122,36.25,61.25
181565,7474,252,125,36.25,62.75
181567,7475,252,127,36.25,63.75
181660,7476,252,220,36.25,110.25
181661,7477,252,221,36.25,110.75
181662,7478,252,222,36.25,111.25
181663,7479,252,223,36.25,111.75
181664,7480,252,224,36.25,112.25
181665,7481,252,225,36.25,112.75
181666,7482,252,226,36.25,113.25
181667,7483,252,227,36.25,113.75
181668,7484,252,228,36.25,114.25
181669,7485,252,229,36.25,114.75
181670,7486,252,230,36.25,115.25
181671,7487,252,231,36.25,115.75
181672,7488,252,232,36.25,116.25
181673,7489,252,233,36.25,116.75
181674,7490,252,234,36.25,117.25
181675,7491,252,235,36.25,117.75
181676,7492,252,236,36.25,118.25
181677,7493,252,237,36.25,118.75
181678,7494,252,238,36.25,119.25
181679,7495,252,239,36.25,119.75
181694,7496,252,254,36.25,127.25
181695,7497,252,255,36.25,127.75
181696,7498,252,256,36.25,128.25
181697,7499,252,257,36.25,128.75
181918,7500,252,478,36.25,-120.75
181919,7501,252,479,36.25,-120.25
181920,7502,252,480,36.25,-119.75
181921,7503,252,481,36.25,-119.25
181922,7504,252,482,36.25,-118.75
181923,7505,252,483,36.25,-118.25
181952,7506,252,512,36.25,-103.75
181953,7507,252,513,36.25,-103.25
181954,7508,252,514,36.25,-102.75
181955,7509,252,515,36.25,-102.25
181956,7510,252,516,36.25,-101.75
181957,7511,252,517,36.25,-101.25
181958,7512,252,518,36.25,-100.75
181959,7513,252,519,36.25,-100.25
181962,7514,252,522,36.25,-98.75
181963,7515,252,523,36.25,-98.25
181964,7516,252,524,36.25,-97.75
181965,7517,252,525,36.25,-97.25
181966,7518,252,526,36.25,-96.75
181967,7519,252,527,36.25,-96.25
181968,7520,252,528,36.25,-95.75
181969,7521,252,529,36.25,-95.25
181970,7522,252,530,36.25,-94.75
181977,7523,252,537,36.25,-91.25
181978,7524,252,538,36.25,-90.75
181979,7525,252,539,36.25,-90.25
181980,7526,252,540,36.25,-89.75
181981,7527,252,541,36.25,-89.25
181982,7528,252,542,36.25,-88.75
181983,7529,252,543,36.25,-88.25
181984,7530,252,544,36.25,-87.75
181985,7531,252,545,36.25,-87.25
181986,7532,252,546,36.25,-86.75
181987,7533,252,547,36.25,-86.25
181988,7534,252,548,36.25,-85.75
181989,7535,252,549,36.25,-85.25
181990,7536,252,550,36.25,-84.75
181991,7537,252,551,36.25,-84.25
181992,7538,252,552,36.25,-83.75
181993,7539,252,553,36.25,-83.25
181994,7540,252,554,36.25,-82.75
181995,7541,252,555,36.25,-82.25
181996,7542,252,556,36.25,-81.75
181997,7543,252,557,36.25,-81.25
181998,7544,252,558,36.25,-80.75
181999,7545,252,559,36.25,-80.25
182000,7546,252,560,36.25,-79.75
182001,7547,252,561,36.25,-79.25
182002,7548,252,562,36.25,-78.75
182003,7549,252,563,36.25,-78.25
182004,7550,252,564,36.25,-77.75
182005,7551,252,565,36.25,-77.25
182219,7552,253,59,36.75,29.75
182220,7553,253,60,36.75,30.25
182224,7554,253,64,36.75,32.25
182225,7555,253,65,36.75,32.75
182226,7556,253,66,36.75,33.25
182227,7557,253,67,36.75,33.75
182233,7558,253,73,36.75,36.75
182234,7559,253,74,36.75,37.25
182235,7560,253,75,36.75,37.75
182236,7561,253,76,36.75,38.25
182238,7562,253,78,36.75,39.25
182239,7563,253,79,36.75,39.75
182240,7564,253,80,36.75,40.25
182241,7565,253,81,36.75,40.75
182242,7566,253,82,36.75,41.25
182243,7567,253,83,36.75,41.75
182244,7568,253,84,36.75,42.25
182245,7569,253,85,36.75,42.75
182246,7570,253,86,36.75,43.25
182247,7571,253,87,36.75,43.75
182248,7572,253,88,36.75,44.25
182249,7573,253,89,36.75,44.75
182250,7574,253,90,36.75,45.25
182251,7575,253,91,36.75,45.75
182252,7576,253,92,36.75,46.25
182253,7577,253,93,36.75,46.75
182254,7578,253,94,36.75,47.25
182255,7579,253,95,36.75,47.75
182256,7580,253,96,36.75,48.25
182257,7581,253,97,36.75,48.75
182258,7582,253,98,36.75,49.25
182259,7583,253,99,36.75,49.75
182260,7584,253,100,36.75,50.25
182269,7585,253,109,36.75,54.75
182270,7586,253,110,36.75,55.25
182273,7587,253,113,36.75,56.75
182274,7588,253,114,36.75,57.25
182275,7589,253,115,36.75,57.75
182276,7590,253,116,36.75,58.25
182277,7591,253,117,36.75,58.75
182278,7592,253,118,36.75,59.25
182280,7593,253,120,36.75,60.25
182281,7594,253,121,36.75,60.75
182282,7595,253,122,36.75,61.25
182380,7596,253,220,36.75,110.25
182381,7597,253,221,36.75,110.75
182382,7598,253,222,36.75,111.25
182383,7599,253,223,36.75,111.75
182384,7600,253,224,36.75,112.25
182385,7601,253,225,36.75,112.75
182386,7602,253,226,36.75,113.25
182387,7603,253,227,36.75,113.75
182388,7604,253,228,36.75,114.25
182389,7605,253,229,36.75,114.75
182390,7606,253,230,36.75,115.25
182391,7607,253,231,36.75,115.75
182392,7608,253,232,36.75,116.25
182393,7609,253,233,36.75,116.75
182394,7610,253,234,36.75,117.25
182395,7611,253,235,36.75,117.75
182396,7612,253,236,36.75,118.25
182397,7613,253,237,36.75,118.75
182398,7614,253,238,36.75,119.25
182399,7615,253,239,36.75,119.75
182400,7616,253,240,36.75,120.25
182414,7617,253,254,36.75,127.25
182415,7618,253,255,36.75,127.75
182416,7619,253,256,36.75,128.25
182417,7620,253,257,36.75,128.75
182637,7621,253,477,36.75,-121.25
182638,7622,253,478,36.75,-120.75
182639,7623,253,479,36.75,-120.25
182640,7624,253,480,36.75,-119.75
182641,7625,253,481,36.75,-119.25
182672,7626,253,512,36.75,-103.75
182674,7627,253,514,36.75,-102.75
182675,7628,253,515,36.75,-102.25
182676,7629,253,516,36.75,-101.75
182677,7630,253,517,36.75,-101.25
182678,7631,253,518,36.75,-100.75
182679,7632,253,519,36.75,-100.25
182680,7633,253,520,36.75,-99.75
182682,7634,253,522,36.75,-98.75
182683,7635,253,523,36.75,-98.25
182684,7636,253,524,36.75,-97.75
182685,7637,253,525,36.75,-97.25
182687,7638,253,527,36.75,-96.25
182688,7639,253,528,36.75,-95.75
182689,7640,253,529,36.75,-95.25
182690,7641,253,530,36.75,-94.75
182691,7642,253,531,36.75,-94.25
182692,7643,253,532,36.75,-93.75
182693,7644,253,533,36.75,-93.25
182696,7645,253,536,36.75,-91.75
182697,7646,253,537,36.75,-91.25
182698,7647,253,538,36.75,-90.75
182699,7648,253,539,36.75,-90.25
182700,7649,253,540,36.75,-89.75
182701,7650,253,541,36.75,-89.25
182702,7651,253,542,36.75,-88.75
182703,7652,253,543,36.75,-88.25
182704,7653,253,544,36.75,-87.75
182705,7654,253,545,36.75,-87.25
182706,7655,253,546,36.75,-86.75
182707,7656,253,547,36.75,-86.25
182708,7657,253,548,36.75,-85.75
182709,7658,253,549,36.75,-85.25
182710,7659,253,550,36.75,-84.75
182711,7660,253,551,36.75,-84.25
182712,7661,253,552,36.75,-83.75
182713,7662,253,553,36.75,-83.25
182714,7663,253,554,36.75,-82.75
182715,7664,253,555,36.75,-82.25
182716,7665,253,556,36.75,-81.75
182717,7666,253,557,36.75,-81.25
182718,7667,253,558,36.75,-80.75
182719,7668,253,559,36.75,-80.25
182720,7669,253,560,36.75,-79.75
182721,7670,253,561,36.75,-79.25
182722,7671,253,562,36.75,-78.75
182723,7672,253,563,36.75,-78.25
182724,7673,253,564,36.75,-77.75
182725,7674,253,565,36.75,-77.25
182726,7675,253,566,36.75,-76.75
182868,7676,253,708,36.75,-5.75
182869,7677,253,709,36.75,-5.25
182937,7678,254,57,37.25,28.75
182938,7679,254,58,37.25,29.25
182939,7680,254,59,37.25,29.75
182940,7681,254,60,37.25,30.25
182941,7682,254,61,37.25,30.75
182942,7683,254,62,37.25,31.25
182943,7684,254,63,37.25,31.75
182944,7685,254,64,37.25,32.25
182945,7686,254,65,37.25,32.75
182946,7687,254,66,37.25,33.25
182947,7688,254,67,37.25,33.75
182948,7689,254,68,37.25,34.25
182949,7690,254,69,37.25,34.75
182950,7691,254,70,37.25,35.25
182951,7692,254,71,37.25,35.75
182952,7693,254,72,37.25,36.25
182953,7694,254,73,37.25,36.75
182954,7695,254,74,37.25,37.25
182955,7696,254,75,37.25,37.75
182956,7697,254,76,37.25,38.25
182957,7698,254,77,37.25,38.75
182958,7699,254,78,37.25,39.25
182959,7700,254,79,37.25,39.75
182960,7701,254,80,37.25,40.25
182961,7702,254,81,37.25,40.75
182962,7703,254,82,37.25,41.25
182963,7704,254,83,37.25,41.75
182964,7705,254,84,37.25,42.25
182965,7706,254,85,37.25,42.75
182966,7707,254,86,37.25,43.25
182967,7708,254,87,37.25,43.75
182969,7709,254,89,37.25,44.75
182970,7710,254,90,37.25,45.25
182971,7711,254,91,37.25,45.75
182972,7712,254,92,37.25,46.25
182973,7713,254,93,37.25,46.75
182974,7714,254,94,37.25,47.25
182975,7715,254,95,37.25,47.75
182976,7716,254,96,37.25,48.25
182977,7717,254,97,37.25,48.75
182978,7718,254,98,37.25,49.25
182988,7719,254,108,37.25,54.25
182989,7720,254,109,37.25,54.75
182990,7721,254,110,37.25,55.25
182991,7722,254,111,37.25,55.75
182993,7723,254,113,37.25,56.75
182994,7724,254,114,37.25,57.25
182995,7725,254,115,37.25,57.75
182996,7726,254,116,37.25,58.25
182997,7727,254,117,37.25,58.75
182998,7728,254,118,37.25,59.25
183000,7729,254,120,37.25,60.25
183001,7730,254,121,37.25,60.75
183002,7731,254,122,37.25,61.25
183003,7732,254,123,37.25,61.75
183004,7733,254,124,37.25,62.25
183010,7734,254,130,37.25,65.25
183012,7735,254,132,37.25,66.25
183013,7736,254,133,37.25,66.75
183014,7737,254,134,37.25,67.25
183101,7738,254,221,37.25,110.75
183102,7739,254,222,37.25,111.25
183103,7740,254,223,37.25,111.75
183104,7741,254,224,37.25,112.25
183105,7742,254,225,37.25,112.75
183106,7743,254,226,37.25,113.25
183107,7744,254,227,37.25,113.75
183108,7745,254,228,37.25,114.25
183109,7746,254,229,37.25,114.75
183110,7747,254,230,37.25,115.25
183111,7748,254,231,37.25,115.75
183112,7749,254,232,37.25,116.25
183113,7750,254,233,37.25,116.75
183114,7751,254,234,37.25,117.25
183115,7752,254,235,37.25,117.75
183116,7753,254,236,37.25,118.25
183121,7754,254,241,37.25,120.75
183122,7755,254,242,37.25,121.25
183134,7756,254,254,37.25,127.25
183135,7757,254,255,37.25,127.75
183136,7758,254,256,37.25,128.25
183356,7759,254,476,37.25,-121.75
183357,7760,254,477,37.25,-121.25
183358,7761,254,478,37.25,-120.75
183359,7762,254,479,37.25,-120.25
183360,7763,254,480,37.25,-119.75
183361,7764,254,481,37.25,-119.25
183383,7765,254,503,37.25,-108.25
183384,7766,254,504,37.25,-107.75
183394,7767,254,514,37.25,-102.75
183395,7768,254,515,37.25,-102.25
183396,7769,254,516,37.25,-101.75
183397,7770,254,517,37.25,-101.25
183398,7771,254,518,37.25,-100.75
183399,7772,254,519,37.25,-100.25
183400,7773,254,520,37.25,-99.75
183401,7774,254,521,37.25,-99.25
183402,7775,254,522,37.25,-98.75
183403,7776,254,523,37.25,-98.25
183404,7777,254,524,37.25,-97.75
183405,7778,254,525,37.25,-97.25
183406,7779,254,526,37.25,-96.75
183407,7780,254,527,37.25,-96.25
183408,7781,254,528,37.25,-95.75
183409,7782,254,529,37.25,-95.25
183410,7783,254,530,37.25,-94.75
183411,7784,254,531,37.25,-94.25
183412,7785,254,532,37.25,-93.75
183413,7786,254,533,37.25,-93.25
183414,7787,254,534,37.25,-92.75
183415,7788,254,535,37.25,-92.25
183416,7789,254,536,37.25,-91.75
183418,7790,254,538,37.25,-90.75
183419,7791,254,539,37.25,-90.25
183420,7792,254,540,37.25,-89.75
183421,7793,254,541,37.25,-89.25
183422,7794,254,542,37.25,-88.75
183423,7795,254,543,37.25,-88.25
183424,7796,254,544,37.25,-87.75
183425,7797,254,545,37.25,-87.25
183426,7798,254,546,37.25,-86.75
183427,7799,254,547,37.25,-86.25
183428,7800,254,548,37.25,-85.75
183429,7801,254,549,37.25,-85.25
183430,7802,254,550,37.25,-84.75
183431,7803,254,551,37.25,-84.25
183432,7804,254,552,37.25,-83.75
183433,7805,254,553,37.25,-83.25
183434,7806,254,554,37.25,-82.75
183435,7807,254,555,37.25,-82.25
183436,7808,254,556,37.25,-81.75
183437,7809,254,557,37.25,-81.25
183438,7810,254,558,37.25,-80.75
183439,7811,254,559,37.25,-80.25
183440,7812,254,560,37.25,-79.75
183441,7813,254,561,37.25,-79.25
183442,7814,254,562,37.25,-78.75
183443,7815,254,563,37.25,-78.25
183444,7816,254,564,37.25,-77.75
183445,7817,254,565,37.25,-77.25
183587,7818,254,707,37.25,-6.25
183588,7819,254,708,37.25,-5.75
183589,7820,254,709,37.25,-5.25
183590,7821,254,710,37.25,-4.75
183591,7822,254,711,37.25,-4.25
183592,7823,254,712,37.25,-3.75
183593,7824,254,713,37.25,-3.25
183594,7825,254,714,37.25,-2.75
183595,7826,254,715,37.25,-2.25
183655,7827,255,55,37.75,27.75
183656,7828,255,56,37.75,28.25
183657,7829,255,57,37.75,28.75
183658,7830,255,58,37.75,29.25
183659,7831,255,59,37.75,29.75
183660,7832,255,60,37.75,30.25
183661,7833,255,61,37.75,30.75
183662,7834,255,62,37.75,31.25
183663,7835,255,63,37.75,31.75
183664,7836,255,64,37.75,32.25
183665,7837,255,65,37.75,32.75
183666,7838,255,66,37.75,33.25
183667,7839,255,67,37.75,33.75
183668,7840,255,68,37.75,34.25
183669,7841,255,69,37.75,34.75
183670,7842,255,70,37.75,35.25
183671,7843,255,71,37.75,35.75
183672,7844,255,72,37.75,36.25
183673,7845,255,73,37.75,36.75
183674,7846,255,74,37.75,37.25
183675,7847,255,75,37.75,37.75
183676,7848,255,76,37.75,38.25
183677,7849,255,77,37.75,38.75
183678,7850,255,78,37.75,39.25
183679,7851,255,79,37.75,39.75
183680,7852,255,80,37.75,40.25
183681,7853,255,81,37.75,40.75
183682,7854,255,82,37.75,41.25
183683,7855,255,83,37.75,41.75
183689,7856,255,89,37.75,44.75
183690,7857,255,90,37.75,45.25
183691,7858,255,91,37.75,45.75
183692,7859,255,92,37.75,46.25
183693,7860,255,93,37.75,46.75
183694,7861,255,94,37.75,47.25
183695,7862,255,95,37.75,47.75
183696,7863,255,96,37.75,48.25
183709,7864,255,109,37.75,54.75
183710,7865,255,110,37.75,55.25
183711,7866,255,111,37.75,55.75
183712,7867,255,112,37.75,56.25
183713,7868,255,113,37.75,56.75
183714,7869,255,114,37.75,57.25
183716,7870,255,116,37.75,58.25
183717,7871,255,117,37.75,58.75
183719,7872,255,119,37.75,59.75
183720,7873,255,120,37.75,60.25
183721,7874,255,121,37.75,60.75
183722,7875,255,122,37.75,61.25
183723,7876,255,123,37.75,61.75
183724,7877,255,124,37.75,62.25
183729,7878,255,129,37.75,64.75
183730,7879,255,130,37.75,65.25
183731,7880,255,131,37.75,65.75
183733,7881,255,133,37.75,66.75
183734,7882,255,134,37.75,67.25
183735,7883,255,135,37.75,67.75
183736,7884,255,136,37.75,68.25
183810,7885,255,210,37.75,105.25
183816,7886,255,216,37.75,108.25
183817,7887,255,217,37.75,108.75
183821,7888,255,221,37.75,110.75
183822,7889,255,222,37.75,111.25
183823,7890,255,223,37.75,111.75
183824,7891,255,224,37.75,112.25
183825,7892,255,225,37.75,112.75
183826,7893,255,226,37.75,113.25
183827,7894,255,227,37.75,113.75
183828,7895,255,228,37.75,114.25
183829,7896,255,229,37.75,114.75
183830,7897,255,230,37.75,115.25
183831,7898,255,231,37.75,115.75
183832,7899,255,232,37.75,116.25
183833,7900,255,233,37.75,116.75
183834,7901,255,234,37.75,117.25
183835,7902,255,235,37.75,117.75
183854,7903,255,254,37.75,127.25
183855,7904,255,255,37.75,127.75
183856,7905,255,256,37.75,128.25
184076,7906,255,476,37.75,-121.75
184077,7907,255,477,37.75,-121.25
184078,7908,255,478,37.75,-120.75
184112,7909,255,512,37.75,-103.75
184113,7910,255,513,37.75,-103.25
184114,7911,255,514,37.75,-102.75
184115,7912,255,515,37.75,-102.25
184116,7913,255,516,37.75,-101.75
184117,7914,255,517,37.75,-101.25
184118,7915,255,518,37.75,-100.75
184119,7916,255,519,37.75,-100.25
184120,7917,255,520,37.75,-99.75
184121,7918,255,521,37.75,-99.25
184122,7919,255,522,37.75,-98.75
184123,7920,255,523,37.75,-98.25
184124,7921,255,524,37.75,-97.75
184125,7922,255,525,37.75,-97.25
184127,7923,255,527,37.75,-96.25
184128,7924,255,528,37.75,-95.75
184129,7925,255,529,37.75,-95.25
184130,7926,255,530,37.75,-94.75
184131,7927,255,531,37.75,-94.25
184132,7928,255,532,37.75,-93.75
184133,7929,255,533,37.75,-93.25
184134,7930,255,534,37.75,-92.75
184135,7931,255,535,37.75,-92.25
184136,7932,255,536,37.75,-91.75
184137,7933,255,537,37.75,-91.25
184138,7934,255,538,37.75,-90.75
184139,7935,255,539,37.75,-90.25
184140,7936,255,540,37.75,-89.75
184141,7937,255,541,37.75,-89.25
184142,7938,255,542,37.75,-88.75
184143,7939,255,543,37.75,-88.25
184144,7940,255,544,37.75,-87.75
184145,7941,255,545,37.75,-87.25
184146,7942,255,546,37.75,-86.75
184147,7943,255,547,37.75,-86.25
184148,7944,255,548,37.75,-85.75
184149,7945,255,549,37.75,-85.25
184150,7946,255,550,37.75,-84.75
184151,7947,255,551,37.75,-84.25
184152,7948,255,552,37.75,-83.75
184153,7949,255,553,37.75,-83.25
184154,7950,255,554,37.75,-82.75
184158,7951,255,558,37.75,-80.75
184159,7952,255,559,37.75,-80.25
184160,7953,255,560,37.75,-79.75
184161,7954,255,561,37.75,-79.25
184162,7955,255,562,37.75,-78.75
184163,7956,255,563,37.75,-78.25
184164,7957,255,564,37.75,-77.75
184165,7958,255,565,37.75,-77.25
184305,7959,255,705,37.75,-7.25
184306,7960,255,706,37.75,-6.75
184307,7961,255,707,37.75,-6.25
184308,7962,255,708,37.75,-5.75
184309,7963,255,709,37.75,-5.25
184310,7964,255,710,37.75,-4.75
184311,7965,255,711,37.75,-4.25
184312,7966,255,712,37.75,-3.75
184313,7967,255,713,37.75,-3.25
184314,7968,255,714,37.75,-2.75
184315,7969,255,715,37.75,-2.25
184316,7970,255,716,37.75,-1.75
184375,7971,256,55,38.25,27.75
184376,7972,256,56,38.25,28.25
184377,7973,256,57,38.25,28.75
184378,7974,256,58,38.25,29.25
184379,7975,256,59,38.25,29.75
184380,7976,256,60,38.25,30.25
184381,7977,256,61,38.25,30.75
184382,7978,256,62,38.25,31.25
184383,7979,256,63,38.25,31.75
184384,7980,256,64,38.25,32.25
184385,7981,256,65,38.25,32.75
184386,7982,256,66,38.25,33.25
184387,7983,256,67,38.25,33.75
184388,7984,256,68,38.25,34.25
184390,7985,256,70,38.25,35.25
184391,7986,256,71,38.25,35.75
184392,7987,256,72,38.25,36.25
184393,7988,256,73,38.25,36.75
184394,7989,256,74,38.25,37.25
184395,7990,256,75,38.25,37.75
184396,7991,256,76,38.25,38.25
184397,7992,256,77,38.25,38.75
184398,7993,256,78,38.25,39.25
184399,7994,256,79,38.25,39.75
184409,7995,256,89,38.25,44.75
184410,7996,256,90,38.25,45.25
184411,7997,256,91,38.25,45.75
184412,7998,256,92,38.25,46.25
184413,7999,256,93,38.25,46.75
184414,8000,256,94,38.25,47.25
184415,8001,256,95,38.25,47.75
184416,8002,256,96,38.25,48.25
184432,8003,256,112,38.25,56.25
184434,8004,256,114,38.25,57.25
184435,8005,256,115,38.25,57.75
184436,8006,256,116,38.25,58.25
184440,8007,256,120,38.25,60.25
184442,8008,256,122,38.25,61.25
184448,8009,256,128,38.25,64.25
184449,8010,256,129,38.25,64.75
184450,8011,256,130,38.25,65.25
184451,8012,256,131,38.25,65.75
184453,8013,256,133,38.25,66.75
184454,8014,256,134,38.25,67.25
184455,8015,256,135,38.25,67.75
184456,8016,256,136,38.25,68.25
184531,8017,256,211,38.25,105.75
184534,8018,256,214,38.25,107.25
184541,8019,256,221,38.25,110.75
184542,8020,256,222,38.25,111.25
184543,8021,256,223,38.25,111.75
184544,8022,256,224,38.25,112.25
184545,8023,256,225,38.25,112.75
184546,8024,256,226,38.25,113.25
184547,8025,256,227,38.25,113.75
184548,8026,256,228,38.25,114.25
184549,8027,256,229,38.25,114.75
184550,8028,256,230,38.25,115.25
184551,8029,256,231,38.25,115.75
184552,8030,256,232,38.25,116.25
184553,8031,256,233,38.25,116.75
184554,8032,256,234,38.25,117.25
184571,8033,256,251,38.25,125.75
184572,8034,256,252,38.25,126.25
184573,8035,256,253,38.25,126.75
184574,8036,256,254,38.25,127.25
184575,8037,256,255,38.25,127.75
184576,8038,256,256,38.25,128.25
184796,8039,256,476,38.25,-121.75
184797,8040,256,477,38.25,-121.25
184798,8041,256,478,38.25,-120.75
184821,8042,256,501,38.25,-109.25
184822,8043,256,502,38.25,-108.75
184823,8044,256,503,38.25,-108.25
184824,8045,256,504,38.25,-107.75
184829,8046,256,509,38.25,-105.25
184830,8047,256,510,38.25,-104.75
184831,8048,256,511,38.25,-104.25
184832,8049,256,512,38.25,-103.75
184833,8050,256,513,38.25,-103.25
184834,8051,256,514,38.25,-102.75
184835,8052,256,515,38.25,-102.25
184836,8053,256,516,38.25,-101.75
184837,8054,256,517,38.25,-101.25
184838,8055,256,518,38.25,-100.75
184839,8056,256,519,38.25,-100.25
184840,8057,256,520,38.25,-99.75
184841,8058,256,521,38.25,-99.25
184842,8059,256,522,38.25,-98.75
184843,8060,256,523,38.25,-98.25
184844,8061,256,524,38.25,-97.75
184845,8062,256,525,38.25,-97.25
184847,8063,256,527,38.25,-96.25
184848,8064,256,528,38.25,-95.75
184849,8065,256,529,38.25,-95.25
184850,8066,256,530,38.25,-94.75
184851,8067,256,531,38.25,-94.25
184852,8068,256,532,38.25,-93.75
184853,8069,256,533,38.25,-93.25
184854,8070,256,534,38.25,-92.75
184855,8071,256,535,38.25,-92.25
184856,8072,256,536,38.25,-91.75
184857,8073,256,537,38.25,-91.25
184858,8074,256,538,38.25,-90.75
184859,8075,256,539,38.25,-90.25
184860,8076,256,540,38.25,-89.75
184861,8077,256,541,38.25,-89.25
184862,8078,256,542,38.25,-88.75
184863,8079,256,543,38.25,-88.25
184864,8080,256,544,38.25,-87.75
184865,8081,256,545,38.25,-87.25
184866,8082,256,546,38.25,-86.75
184867,8083,256,547,38.25,-86.25
184868,8084,256,548,38.25,-85.75
184869,8085,256,549,38.25,-85.25
184870,8086,256,550,38.25,-84.75
184871,8087,256,551,38.25,-84.25
184872,8088,256,552,38.25,-83.75
184873,8089,256,553,38.25,-83.25
184874,8090,256,554,38.25,-82.75
184875,8091,256,555,38.25,-82.25
184876,8092,256,556,38.25,-81.75
184877,8093,256,557,38.25,-81.25
184879,8094,256,559,38.25,-80.25
184880,8095,256,560,38.25,-79.75
184881,8096,256,561,38.25,-79.25
184882,8097,256,562,38.25,-78.75
184883,8098,256,563,38.25,-78.25
184884,8099,256,564,38.25,-77.75
185025,8100,256,705,38.25,-7.25
185027,8101,256,707,38.25,-6.25
185028,8102,256,708,38.25,-5.75
185029,8103,256,709,38.25,-5.25
185030,8104,256,710,38.25,-4.75
185031,8105,256,711,38.25,-4.25
185032,8106,256,712,38.25,-3.75
185033,8107,256,713,38.25,-3.25
185034,8108,256,714,38.25,-2.75
185035,8109,256,715,38.25,-2.25
185036,8110,256,716,38.25,-1.75
185037,8111,256,717,38.25,-1.25
185095,8112,257,55,38.75,27.75
185096,8113,257,56,38.75,28.25
185097,8114,257,57,38.75,28.75
185098,8115,257,58,38.75,29.25
185099,8116,257,59,38.75,29.75
185100,8117,257,60,38.75,30.25
185101,8118,257,61,38.75,30.75
185102,8119,257,62,38.75,31.25
185103,8120,257,63,38.75,31.75
185104,8121,257,64,38.75,32.25
185105,8122,257,65,38.75,32.75
185106,8123,257,66,38.75,33.25
185107,8124,257,67,38.75,33.75
185108,8125,257,68,38.75,34.25
185110,8126,257,70,38.75,35.25
185111,8127,257,71,38.75,35.75
185112,8128,257,72,38.75,36.25
185116,8129,257,76,38.75,38.25
185117,8130,257,77,38.75,38.75
185118,8131,257,78,38.75,39.25
185119,8132,257,79,38.75,39.75
185123,8133,257,83,38.75,41.75
185124,8134,257,84,38.75,42.25
185128,8135,257,88,38.75,44.25
185129,8136,257,89,38.75,44.75
185130,8137,257,90,38.75,45.25
185134,8138,257,94,38.75,47.25
185135,8139,257,95,38.75,47.75
185136,8140,257,96,38.75,48.25
185152,8141,257,112,38.75,56.25
185153,8142,257,113,38.75,56.75
185154,8143,257,114,38.75,57.25
185167,8144,257,127,38.75,63.75
185168,8145,257,128,38.75,64.25
185170,8146,257,130,38.75,65.25
185171,8147,257,131,38.75,65.75
185172,8148,257,132,38.75,66.25
185173,8149,257,133,38.75,66.75
185174,8150,257,134,38.75,67.25
185254,8151,257,214,38.75,107.25
185261,8152,257,221,38.75,110.75
185262,8153,257,222,38.75,111.25
185263,8154,257,223,38.75,111.75
185264,8155,257,224,38.75,112.25
185265,8156,257,225,38.75,112.75
185266,8157,257,226,38.75,113.25
185267,8158,257,227,38.75,113.75
185268,8159,257,228,38.75,114.25
185269,8160,257,229,38.75,114.75
185270,8161,257,230,38.75,115.25
185271,8162,257,231,38.75,115.75
185272,8163,257,232,38.75,116.25
185273,8164,257,233,38.75,116.75
185274,8165,257,234,38.75,117.25
185292,8166,257,252,38.75,126.25
185293,8167,257,253,38.75,126.75
185294,8168,257,254,38.75,127.25
185515,8169,257,475,38.75,-122.25
185516,8170,257,476,38.75,-121.75
185534,8171,257,494,38.75,-112.75
185535,8172,257,495,38.75,-112.25
185536,8173,257,496,38.75,-111.75
185537,8174,257,497,38.75,-111.25
185541,8175,257,501,38.75,-109.25
185542,8176,257,502,38.75,-108.75
185543,8177,257,503,38.75,-108.25
185544,8178,257,504,38.75,-107.75
185552,8179,257,512,38.75,-103.75
185554,8180,257,514,38.75,-102.75
185555,8181,257,515,38.75,-102.25
185556,8182,257,516,38.75,-101.75
185557,8183,257,517,38.75,-101.25
185558,8184,257,518,38.75,-100.75
185559,8185,257,519,38.75,-100.25
185560,8186,257,520,38.75,-99.75
185561,8187,257,521,38.75,-99.25
185562,8188,257,522,38.75,-98.75
185563,8189,257,523,38.75,-98.25
185564,8190,257,524,38.75,-97.75
185565,8191,257,525,38.75,-97.25
185566,8192,257,526,38.75,-96.75
185567,8193,257,527,38.75,-96.25
185568,8194,257,528,38.75,-95.75
185569,8195,257,529,38.75,-95.25
185570,8196,257,530,38.75,-94.75
185571,8197,257,531,38.75,-94.25
185572,8198,257,532,38.75,-93.75
185573,8199,257,533,38.75,-93.25
185574,8200,257,534,38.75,-92.75
185575,8201,257,535,38.75,-92.25
185576,8202,257,536,38.75,-91.75
185577,8203,257,537,38.75,-91.25
185578,8204,257,538,38.75,-90.75
185579,8205,257,539,38.75,-90.25
185580,8206,257,540,38.75,-89.75
185581,8207,257,541,38.75,-89.25
185582,8208,257,542,38.75,-88.75
185583,8209,257,543,38.75,-88.25
185584,8210,257,544,38.75,-87.75
185585,8211,257,545,38.75,-87.25
185586,8212,257,546,38.75,-86.75
185587,8213,257,547,38.75,-86.25
185588,8214,257,548,38.75,-85.75
185589,8215,257,549,38.75,-85.25
185590,8216,257,550,38.75,-84.75
185591,8217,257,551,38.75,-84.25
185592,8218,257,552,38.75,-83.75
185593,8219,257,553,38.75,-83.25
185594,8220,257,554,38.75,-82.75
185595,8221,257,555,38.75,-82.25
185596,8222,257,556,38.75,-81.75
185597,8223,257,557,38.75,-81.25
185599,8224,257,559,38.75,-80.25
185600,8225,257,560,38.75,-79.75
185601,8226,257,561,38.75,-79.25
185602,8227,257,562,38.75,-78.75
185603,8228,257,563,38.75,-78.25
185604,8229,257,564,38.75,-77.75
185606,8230,257,566,38.75,-76.75
185608,8231,257,568,38.75,-75.75
185745,8232,257,705,38.75,-7.25
185746,8233,257,706,38.75,-6.75
185747,8234,257,707,38.75,-6.25
185748,8235,257,708,38.75,-5.75
185749,8236,257,709,38.75,-5.25
185750,8237,257,710,38.75,-4.75
185751,8238,257,711,38.75,-4.25
185752,8239,257,712,38.75,-3.75
185753,8240,257,713,38.75,-3.25
185754,8241,257,714,38.75,-2.75
185755,8242,257,715,38.75,-2.25
185756,8243,257,716,38.75,-1.75
185757,8244,257,717,38.75,-1.25
185758,8245,257,718,38.75,-0.75
185793,8246,258,33,39.25,16.75
185814,8247,258,54,39.25,27.25
185815,8248,258,55,39.25,27.75
185816,8249,258,56,39.25,28.25
185817,8250,258,57,39.25,28.75
185818,8251,258,58,39.25,29.25
185819,8252,258,59,39.25,29.75
185820,8253,258,60,39.25,30.25
185821,8254,258,61,39.25,30.75
185822,8255,258,62,39.25,31.25
185823,8256,258,63,39.25,31.75
185825,8257,258,65,39.25,32.75
185826,8258,258,66,39.25,33.25
185843,8259,258,83,39.25,41.75
185844,8260,258,84,39.25,42.25
185849,8261,258,89,39.25,44.75
185850,8262,258,90,39.25,45.25
185853,8263,258,93,39.25,46.75
185855,8264,258,95,39.25,47.75
185872,8265,258,112,39.25,56.25
185886,8266,258,126,39.25,63.25
185887,8267,258,127,39.25,63.75
185889,8268,258,129,39.25,64.75
185890,8269,258,130,39.25,65.25
185891,8270,258,131,39.25,65.75
185892,8271,258,132,39.25,66.25
185893,8272,258,133,39.25,66.75
185894,8273,258,134,39.25,67.25
185903,8274,258,143,39.25,71.75
185971,8275,258,211,39.25,105.75
185973,8276,258,213,39.25,106.75
185974,8277,258,214,39.25,107.25
185979,8278,258,219,39.25,109.75
185981,8279,258,221,39.25,110.75
185982,8280,258,222,39.25,111.25
185983,8281,258,223,39.25,111.75
185984,8282,258,224,39.25,112.25
185985,8283,258,225,39.25,112.75
185986,8284,258,226,39.25,113.25
185987,8285,258,227,39.25,113.75
185988,8286,258,228,39.25,114.25
185989,8287,258,229,39.25,114.75
185990,8288,258,230,39.25,115.25
185991,8289,258,231,39.25,115.75
185992,8290,258,232,39.25,116.25
185993,8291,258,233,39.25,116.75
185994,8292,258,234,39.25,117.25
186011,8293,258,251,39.25,125.75
186012,8294,258,252,39.25,126.25
186013,8295,258,253,39.25,126.75
186234,8296,258,474,39.25,-122.75
186235,8297,258,475,39.25,-122.25
186236,8298,258,476,39.25,-121.75
186237,8299,258,477,39.25,-121.25
186254,8300,258,494,39.25,-112.75
186255,8301,258,495,39.25,-112.25
186256,8302,258,496,39.25,-111.75
186257,8303,258,497,39.25,-111.25
186262,8304,258,502,39.25,-108.75
186263,8305,258,503,39.25,-108.25
186264,8306,258,504,39.25,-107.75
186272,8307,258,512,39.25,-103.75
186273,8308,258,513,39.25,-103.25
186274,8309,258,514,39.25,-102.75
186275,8310,258,515,39.25,-102.25
186276,8311,258,516,39.25,-101.75
186277,8312,258,517,39.25,-101.25
186278,8313,258,518,39.25,-100.75
186279,8314,258,519,39.25,-100.25
186280,8315,258,520,39.25,-99.75
186281,8316,258,521,39.25,-99.25
186282,8317,258,522,39.25,-98.75
186283,8318,258,523,39.25,-98.25
186284,8319,258,524,39.25,-97.75
186285,8320,258,525,39.25,-97.25
186286,8321,258,526,39.25,-96.75
186287,8322,258,527,39.25,-96.25
186288,8323,258,528,39.25,-95.75
186289,8324,258,529,39.25,-95.25
186290,8325,258,530,39.25,-94.75
186291,8326,258,531,39.25,-94.25
186292,8327,258,532,39.25,-93.75
186293,8328,258,533,39.25,-93.25
186294,8329,258,534,39.25,-92.75
186295,8330,258,535,39.25,-92.25
186296,8331,258,536,39.25,-91.75
186297,8332,258,537,39.25,-91.25
186298,8333,258,538,39.25,-90.75
186299,8334,258,539,39.25,-90.25
186300,8335,258,540,39.25,-89.75
186301,8336,258,541,39.25,-89.25
186302,8337,258,542,39.25,-88.75
186303,8338,258,543,39.25,-88.25
186304,8339,258,544,39.25,-87.75
186305,8340,258,545,39.25,-87.25
186306,8341,258,546,39.25,-86.75
186307,8342,258,547,39.25,-86.25
186308,8343,258,548,39.25,-85.75
186309,8344,258,549,39.25,-85.25
186310,8345,258,550,39.25,-84.75
186311,8346,258,551,39.25,-84.25
186312,8347,258,552,39.25,-83.75
186313,8348,258,553,39.25,-83.25
186314,8349,258,554,39.25,-82.75
186315,8350,258,555,39.25,-82.25
186316,8351,258,556,39.25,-81.75
186317,8352,258,557,39.25,-81.25
186318,8353,258,558,39.25,-80.75
186320,8354,258,560,39.25,-79.75
186321,8355,258,561,39.25,-79.25
186322,8356,258,562,39.25,-78.75
186323,8357,258,563,39.25,-78.25
186324,8358,258,564,39.25,-77.75
186325,8359,258,565,39.25,-77.25
186326,8360,258,566,39.25,-76.75
186465,8361,258,705,39.25,-7.25
186467,8362,258,707,39.25,-6.25
186468,8363,258,708,39.25,-5.75
186469,8364,258,709,39.25,-5.25
186470,8365,258,710,39.25,-4.75
186471,8366,258,711,39.25,-4.25
186472,8367,258,712,39.25,-3.75
186473,8368,258,713,39.25,-3.25
186474,8369,258,714,39.25,-2.75
186475,8370,258,715,39.25,-2.25
186476,8371,258,716,39.25,-1.75
186477,8372,258,717,39.25,-1.25
186478,8373,258,718,39.25,-0.75
186498,8374,259,18,39.75,9.25
186512,8375,259,32,39.75,16.25
186534,8376,259,54,39.75,27.25
186535,8377,259,55,39.75,27.75
186536,8378,259,56,39.75,28.25
186537,8379,259,57,39.75,28.75
186538,8380,259,58,39.75,29.25
186539,8381,259,59,39.75,29.75
186540,8382,259,60,39.75,30.25
186541,8383,259,61,39.75,30.75
186542,8384,259,62,39.75,31.25
186543,8385,259,63,39.75,31.75
186552,8386,259,72,39.75,36.25
186558,8387,259,78,39.75,39.25
186559,8388,259,79,39.75,39.75
186563,8389,259,83,39.75,41.75
186564,8390,259,84,39.75,42.25
186607,8391,259,127,39.75,63.75
186608,8392,259,128,39.75,64.25
186609,8393,259,129,39.75,64.75
186610,8394,259,130,39.75,65.25
186611,8395,259,131,39.75,65.75
186612,8396,259,132,39.75,66.25
186613,8397,259,133,39.75,66.75
186614,8398,259,134,39.75,67.25
186615,8399,259,135,39.75,67.75
186616,8400,259,136,39.75,68.25
186617,8401,259,137,39.75,68.75
186618,8402,259,138,39.75,69.25
186619,8403,259,139,39.75,69.75
186621,8404,259,141,39.75,70.75
186622,8405,259,142,39.75,71.25
186623,8406,259,143,39.75,71.75
186624,8407,259,144,39.75,72.25
186625,8408,259,145,39.75,72.75
186626,8409,259,146,39.75,73.25
186627,8410,259,147,39.75,73.75
186700,8411,259,220,39.75,110.25
186702,8412,259,222,39.75,111.25
186703,8413,259,223,39.75,111.75
186704,8414,259,224,39.75,112.25
186705,8415,259,225,39.75,112.75
186706,8416,259,226,39.75,113.25
186707,8417,259,227,39.75,113.75
186708,8418,259,228,39.75,114.25
186709,8419,259,229,39.75,114.75
186710,8420,259,230,39.75,115.25
186711,8421,259,231,39.75,115.75
186712,8422,259,232,39.75,116.25
186713,8423,259,233,39.75,116.75
186714,8424,259,234,39.75,117.25
186715,8425,259,235,39.75,117.75
186716,8426,259,236,39.75,118.25
186717,8427,259,237,39.75,118.75
186724,8428,259,244,39.75,122.25
186731,8429,259,251,39.75,125.75
186732,8430,259,252,39.75,126.25
186733,8431,259,253,39.75,126.75
186734,8432,259,254,39.75,127.25
186954,8433,259,474,39.75,-122.75
186955,8434,259,475,39.75,-122.25
186956,8435,259,476,39.75,-121.75
186975,8436,259,495,39.75,-112.25
186976,8437,259,496,39.75,-111.75
186977,8438,259,497,39.75,-111.25
186989,8439,259,509,39.75,-105.25
186990,8440,259,510,39.75,-104.75
186991,8441,259,511,39.75,-104.25
186992,8442,259,512,39.75,-103.75
186993,8443,259,513,39.75,-103.25
186994,8444,259,514,39.75,-102.75
186995,8445,259,515,39.75,-102.25
186996,8446,259,516,39.75,-101.75
186997,8447,259,517,39.75,-101.25
186998,8448,259,518,39.75,-100.75
186999,8449,259,519,39.75,-100.25
187000,8450,259,520,39.75,-99.75
187001,8451,259,521,39.75,-99.25
187002,8452,259,522,39.75,-98.75
187003,8453,259,523,39.75,-98.25
187004,8454,259,524,39.75,-97.75
187005,8455,259,525,39.75,-97.25
187006,8456,259,526,39.75,-96.75
187007,8457,259,527,39.75,-96.25
187008,8458,259,528,39.75,-95.75
187009,8459,259,529,39.75,-95.25
187010,8460,259,530,39.75,-94.75
187011,8461,259,531,39.75,-94.25
187012,8462,259,532,39.75,-93.75
187013,8463,259,533,39.75,-93.25
187014,8464,259,534,39.75,-92.75
187015,8465,259,535,39.75,-92.25
187016,8466,259,536,39.75,-91.75
187017,8467,259,537,39.75,-91.25
187018,8468,259,538,39.75,-90.75
187019,8469,259,539,39.75,-90.25
187020,8470,259,540,39.75,-89.75
187021,8471,259,541,39.75,-89.25
187022,8472,259,542,39.75,-88.75
187023,8473,259,543,39.75,-88.25
187024,8474,259,544,39.75,-87.75
187025,8475,259,545,39.75,-87.25
187026,8476,259,546,39.75,-86.75
187027,8477,259,547,39.75,-86.25
187028,8478,259,548,39.75,-85.75
187029,8479,259,549,39.75,-85.25
187030,8480,259,550,39.75,-84.75
187031,8481,259,551,39.75,-84.25
187032,8482,259,552,39.75,-83.75
187033,8483,259,553,39.75,-83.25
187034,8484,259,554,39.75,-82.75
187035,8485,259,555,39.75,-82.25
187036,8486,259,556,39.75,-81.75
187037,8487,259,557,39.75,-81.25
187038,8488,259,558,39.75,-80.75
187039,8489,259,559,39.75,-80.25
187040,8490,259,560,39.75,-79.75
187041,8491,259,561,39.75,-79.25
187042,8492,259,562,39.75,-78.75
187043,8493,259,563,39.75,-78.25
187044,8494,259,564,39.75,-77.75
187045,8495,259,565,39.75,-77.25
187046,8496,259,566,39.75,-76.75
187047,8497,259,567,39.75,-76.25
187049,8498,259,569,39.75,-75.25
187050,8499,259,570,39.75,-74.75
187185,8500,259,705,39.75,-7.25
187186,8501,259,706,39.75,-6.75
187187,8502,259,707,39.75,-6.25
187188,8503,259,708,39.75,-5.75
187189,8504,259,709,39.75,-5.25
187190,8505,259,710,39.75,-4.75
187191,8506,259,711,39.75,-4.25
187192,8507,259,712,39.75,-3.75
187193,8508,259,713,39.75,-3.25
187194,8509,259,714,39.75,-2.75
187195,8510,259,715,39.75,-2.25
187196,8511,259,716,39.75,-1.75
187197,8512,259,717,39.75,-1.25
187198,8513,259,718,39.75,-0.75
187217,8514,260,17,40.25,8.75
187218,8515,260,18,40.25,9.25
187232,8516,260,32,40.25,16.25
187240,8517,260,40,40.25,20.25
187241,8518,260,41,40.25,20.75
187259,8519,260,59,40.25,29.75
187260,8520,260,60,40.25,30.25
187261,8521,260,61,40.25,30.75
187262,8522,260,62,40.25,31.25
187263,8523,260,63,40.25,31.75
187264,8524,260,64,40.25,32.25
187270,8525,260,70,40.25,35.25
187271,8526,260,71,40.25,35.75
187272,8527,260,72,40.25,36.25
187273,8528,260,73,40.25,36.75
187274,8529,260,74,40.25,37.25
187275,8530,260,75,40.25,37.75
187276,8531,260,76,40.25,38.25
187277,8532,260,77,40.25,38.75
187278,8533,260,78,40.25,39.25
187279,8534,260,79,40.25,39.75
187282,8535,260,82,40.25,41.25
187283,8536,260,83,40.25,41.75
187284,8537,260,84,40.25,42.25
187324,8538,260,124,40.25,62.25
187326,8539,260,126,40.25,63.25
187327,8540,260,127,40.25,63.75
187328,8541,260,128,40.25,64.25
187329,8542,260,129,40.25,64.75
187330,8543,260,130,40.25,65.25
187331,8544,260,131,40.25,65.75
187332,8545,260,132,40.25,66.25
187333,8546,260,133,40.25,66.75
187334,8547,260,134,40.25,67.25
187335,8548,260,135,40.25,67.75
187336,8549,260,136,40.25,68.25
187337,8550,260,137,40.25,68.75
187338,8551,260,138,40.25,69.25
187340,8552,260,140,40.25,70.25
187341,8553,260,141,40.25,70.75
187342,8554,260,142,40.25,71.25
187343,8555,260,143,40.25,71.75
187344,8556,260,144,40.25,72.25
187345,8557,260,145,40.25,72.75
187346,8558,260,146,40.25,73.25
187347,8559,260,147,40.25,73.75
187348,8560,260,148,40.25,74.25
187413,8561,260,213,40.25,106.75
187414,8562,260,214,40.25,107.25
187417,8563,260,217,40.25,108.75
187418,8564,260,218,40.25,109.25
187419,8565,260,219,40.25,109.75
187420,8566,260,220,40.25,110.25
187421,8567,260,221,40.25,110.75
187422,8568,260,222,40.25,111.25
187423,8569,260,223,40.25,111.75
187424,8570,260,224,40.25,112.25
187425,8571,260,225,40.25,112.75
187426,8572,260,226,40.25,113.25
187427,8573,260,227,40.25,113.75
187428,8574,260,228,40.25,114.25
187429,8575,260,229,40.25,114.75
187430,8576,260,230,40.25,115.25
187431,8577,260,231,40.25,115.75
187432,8578,260,232,40.25,116.25
187433,8579,260,233,40.25,116.75
187434,8580,260,234,40.25,117.25
187435,8581,260,235,40.25,117.75
187436,8582,260,236,40.25,118.25
187437,8583,260,237,40.25,118.75
187438,8584,260,238,40.25,119.25
187445,8585,260,245,40.25,122.75
187446,8586,260,246,40.25,123.25
187447,8587,260,247,40.25,123.75
187450,8588,260,250,40.25,125.25
187451,8589,260,251,40.25,125.75
187452,8590,260,252,40.25,126.25
187453,8591,260,253,40.25,126.75
187454,8592,260,254,40.25,127.25
187455,8593,260,255,40.25,127.75
187674,8594,260,474,40.25,-122.75
187675,8595,260,475,40.25,-122.25
187695,8596,260,495,40.25,-112.25
187696,8597,260,496,40.25,-111.75
187697,8598,260,497,40.25,-111.25
187698,8599,260,498,40.25,-110.75
187699,8600,260,499,40.25,-110.25
187700,8601,260,500,40.25,-109.75
187701,8602,260,501,40.25,-109.25
187709,8603,260,509,40.25,-105.25
187710,8604,260,510,40.25,-104.75
187711,8605,260,511,40.25,-104.25
187712,8606,260,512,40.25,-103.75
187713,8607,260,513,40.25,-103.25
187714,8608,260,514,40.25,-102.75
187715,8609,260,515,40.25,-102.25
187716,8610,260,516,40.25,-101.75
187717,8611,260,517,40.25,-101.25
187718,8612,260,518,40.25,-100.75
187719,8613,260,519,40.25,-100.25
187720,8614,260,520,40.25,-99.75
187721,8615,260,521,40.25,-99.25
187722,8616,260,522,40.25,-98.75
187723,8617,260,523,40.25,-98.25
187724,8618,260,524,40.25,-97.75
187725,8619,260,525,40.25,-97.25
187726,8620,260,526,40.25,-96.75
187727,8621,260,527,40.25,-96.25
187728,8622,260,528,40.25,-95.75
187729,8623,260,529,40.25,-95.25
187730,8624,260,530,40.25,-94.75
187731,8625,260,531,40.25,-94.25
187732,8626,260,532,40.25,-93.75
187733,8627,260,533,40.25,-93.25
187734,8628,260,534,40.25,-92.75
187735,8629,260,535,40.25,-92.25
187736,8630,260,536,40.25,-91.75
187737,8631,260,537,40.25,-91.25
187738,8632,260,538,40.25,-90.75
187739,8633,260,539,40.25,-90.25
187740,8634,260,540,40.25,-89.75
187741,8635,260,541,40.25,-89.25
187742,8636,260,542,40.25,-88.75
187743,8637,260,543,40.25,-88.25
187744,8638,260,544,40.25,-87.75
187745,8639,260,545,40.25,-87.25
187746,8640,260,546,40.25,-86.75
187747,8641,260,547,40.25,-86.25
187748,8642,260,548,40.25,-85.75
187749,8643,260,549,40.25,-85.25
187750,8644,260,550,40.25,-84.75
187751,8645,260,551,40.25,-84.25
187752,8646,260,552,40.25,-83.75
187753,8647,260,553,40.25,-83.25
187754,8648,260,554,40.25,-82.75
187755,8649,260,555,40.25,-82.25
187756,8650,260,556,40.25,-81.75
187757,8651,260,557,40.25,-81.25
187758,8652,260,558,40.25,-80.75
187759,8653,260,559,40.25,-80.25
187760,8654,260,560,40.25,-79.75
187761,8655,260,561,40.25,-79.25
187762,8656,260,562,40.25,-78.75
187763,8657,260,563,40.25,-78.25
187764,8658,260,564,40.25,-77.75
187765,8659,260,565,40.25,-77.25
187766,8660,260,566,40.25,-76.75
187767,8661,260,567,40.25,-76.25
187768,8662,260,568,40.25,-75.75
187769,8663,260,569,40.25,-75.25
187770,8664,260,570,40.25,-74.75
187771,8665,260,571,40.25,-74.25
187906,8666,260,706,40.25,-6.75
187907,8667,260,707,40.25,-6.25
187908,8668,260,708,40.25,-5.75
187909,8669,260,709,40.25,-5.25
187910,8670,260,710,40.25,-4.75
187911,8671,260,711,40.25,-4.25
187912,8672,260,712,40.25,-3.75
187913,8673,260,713,40.25,-3.25
187914,8674,260,714,40.25,-2.75
187915,8675,260,715,40.25,-2.25
187916,8676,260,716,40.25,-1.75
187917,8677,260,717,40.25,-1.25
187918,8678,260,718,40.25,-0.75
187919,8679,260,719,40.25,-0.25
187920,8680,261,0,40.75,0.25
187938,8681,261,18,40.75,9.25
187950,8682,261,30,40.75,15.25
187951,8683,261,31,40.75,15.75
187952,8684,261,32,40.75,16.25
187953,8685,261,33,40.75,16.75
187959,8686,261,39,40.75,19.75
187960,8687,261,40,40.75,20.25
187961,8688,261,41,40.75,20.75
187980,8689,261,60,40.75,30.25
187981,8690,261,61,40.75,30.75
187982,8691,261,62,40.75,31.25
187983,8692,261,63,40.75,31.75
187984,8693,261,64,40.75,32.25
187986,8694,261,66,40.75,33.25
187987,8695,261,67,40.75,33.75
187988,8696,261,68,40.75,34.25
187990,8697,261,70,40.75,35.25
187991,8698,261,71,40.75,35.75
187992,8699,261,72,40.75,36.25
187993,8700,261,73,40.75,36.75
187994,8701,261,74,40.75,37.25
187995,8702,261,75,40.75,37.75
187998,8703,261,78,40.75,39.25
188001,8704,261,81,40.75,40.75
188002,8705,261,82,40.75,41.25
188003,8706,261,83,40.75,41.75
188004,8707,261,84,40.75,42.25
188043,8708,261,123,40.75,61.75
188053,8709,261,133,40.75,66.75
188055,8710,261,135,40.75,67.75
188056,8711,261,136,40.75,68.25
188057,8712,261,137,40.75,68.75
188058,8713,261,138,40.75,69.25
188059,8714,261,139,40.75,69.75
188060,8715,261,140,40.75,70.25
188061,8716,261,141,40.75,70.75
188062,8717,261,142,40.75,71.25
188063,8718,261,143,40.75,71.75
188064,8719,261,144,40.75,72.25
188065,8720,261,145,40.75,72.75
188066,8721,261,146,40.75,73.25
188067,8722,261,147,40.75,73.75
188068,8723,261,148,40.75,74.25
188069,8724,261,149,40.75,74.75
188070,8725,261,150,40.75,75.25
188071,8726,261,151,40.75,75.75
188133,8727,261,213,40.75,106.75
188134,8728,261,214,40.75,107.25
188135,8729,261,215,40.75,107.75
188136,8730,261,216,40.75,108.25
188137,8731,261,217,40.75,108.75
188138,8732,261,218,40.75,109.25
188139,8733,261,219,40.75,109.75
188141,8734,261,221,40.75,110.75
188142,8735,261,222,40.75,111.25
188143,8736,261,223,40.75,111.75
188144,8737,261,224,40.75,112.25
188145,8738,261,225,40.75,112.75
188146,8739,261,226,40.75,113.25
188147,8740,261,227,40.75,113.75
188148,8741,261,228,40.75,114.25
188149,8742,261,229,40.75,114.75
188150,8743,261,230,40.75,115.25
188151,8744,261,231,40.75,115.75
188152,8745,261,232,40.75,116.25
188153,8746,261,233,40.75,116.75
188154,8747,261,234,40.75,117.25
188155,8748,261,235,40.75,117.75
188156,8749,261,236,40.75,118.25
188157,8750,261,237,40.75,118.75
188158,8751,261,238,40.75,119.25
188159,8752,261,239,40.75,119.75
188160,8753,261,240,40.75,120.25
188165,8754,261,245,40.75,122.75
188166,8755,261,246,40.75,123.25
188167,8756,261,247,40.75,123.75
188168,8757,261,248,40.75,124.25
188169,8758,261,249,40.75,124.75
188170,8759,261,250,40.75,125.25
188172,8760,261,252,40.75,126.25
188173,8761,261,253,40.75,126.75
188174,8762,261,254,40.75,127.25
188175,8763,261,255,40.75,127.75
188176,8764,261,256,40.75,128.25
188177,8765,261,257,40.75,128.75
188415,8766,261,495,40.75,-112.25
188416,8767,261,496,40.75,-111.75
188420,8768,261,500,40.75,-109.75
188428,8769,261,508,40.75,-105.75
188429,8770,261,509,40.75,-105.25
188430,8771,261,510,40.75,-104.75
188431,8772,261,511,40.75,-104.25
188433,8773,261,513,40.75,-103.25
188434,8774,261,514,40.75,-102.75
188435,8775,261,515,40.75,-102.25
188436,8776,261,516,40.75,-101.75
188437,8777,261,517,40.75,-101.25
188438,8778,261,518,40.75,-100.75
188439,8779,261,519,40.75,-100.25
188440,8780,261,520,40.75,-99.75
188441,8781,261,521,40.75,-99.25
188442,8782,261,522,40.75,-98.75
188443,8783,261,523,40.75,-98.25
188444,8784,261,524,40.75,-97.75
188445,8785,261,525,40.75,-97.25
188446,8786,261,526,40.75,-96.75
188447,8787,261,527,40.75,-96.25
188448,8788,261,528,40.75,-95.75
188449,8789,261,529,40.75,-95.25
188450,8790,261,530,40.75,-94.75
188451,8791,261,531,40.75,-94.25
188452,8792,261,532,40.75,-93.75
188453,8793,261,533,40.75,-93.25
188454,8794,261,534,40.75,-92.75
188455,8795,261,535,40.75,-92.25
188456,8796,261,536,40.75,-91.75
188457,8797,261,537,40.75,-91.25
188458,8798,261,538,40.75,-90.75
188459,8799,261,539,40.75,-90.25
188460,8800,261,540,40.75,-89.75
188461,8801,261,541,40.75,-89.25
188462,8802,261,542,40.75,-88.75
188463,8803,261,543,40.75,-88.25
188464,8804,261,544,40.75,-87.75
188465,8805,261,545,40.75,-87.25
188466,8806,261,546,40.75,-86.75
188467,8807,261,547,40.75,-86.25
188468,8808,261,548,40.75,-85.75
188469,8809,261,549,40.75,-85.25
188470,8810,261,550,40.75,-84.75
188471,8811,261,551,40.75,-84.25
188472,8812,261,552,40.75,-83.75
188473,8813,261,553,40.75,-83.25
188474,8814,261,554,40.75,-82.75
188475,8815,261,555,40.75,-82.25
188476,8816,261,556,40.75,-81.75
188477,8817,261,557,40.75,-81.25
188478,8818,261,558,40.75,-80.75
188479,8819,261,559,40.75,-80.25
188480,8820,261,560,40.75,-79.75
188481,8821,261,561,40.75,-79.25
188482,8822,261,562,40.75,-78.75
188483,8823,261,563,40.75,-78.25
188484,8824,261,564,40.75,-77.75
188485,8825,261,565,40.75,-77.25
188486,8826,261,566,40.75,-76.75
188487,8827,261,567,40.75,-76.25
188488,8828,261,568,40.75,-75.75
188489,8829,261,569,40.75,-75.25
188490,8830,261,570,40.75,-74.75
188626,8831,261,706,40.75,-6.75
188627,8832,261,707,40.75,-6.25
188628,8833,261,708,40.75,-5.75
188629,8834,261,709,40.75,-5.25
188630,8835,261,710,40.75,-4.75
188631,8836,261,711,40.75,-4.25
188632,8837,261,712,40.75,-3.75
188633,8838,261,713,40.75,-3.25
188634,8839,261,714,40.75,-2.75
188635,8840,261,715,40.75,-2.25
188636,8841,261,716,40.75,-1.75
188637,8842,261,717,40.75,-1.25
188638,8843,261,718,40.75,-0.75
188639,8844,261,719,40.75,-0.25
188640,8845,262,0,41.25,0.25
188641,8846,262,1,41.25,0.75
188668,8847,262,28,41.25,14.25
188669,8848,262,29,41.25,14.75
188670,8849,262,30,41.25,15.25
188671,8850,262,31,41.25,15.75
188679,8851,262,39,41.25,19.75
188680,8852,262,40,41.25,20.25
188681,8853,262,41,41.25,20.75
188684,8854,262,44,41.25,22.25
188685,8855,262,45,41.25,22.75
188686,8856,262,46,41.25,23.25
188687,8857,262,47,41.25,23.75
188689,8858,262,49,41.25,24.75
188690,8859,262,50,41.25,25.25
188691,8860,262,51,41.25,25.75
188692,8861,262,52,41.25,26.25
188694,8862,262,54,41.25,27.25
188695,8863,262,55,41.25,27.75
188704,8864,262,64,41.25,32.25
188705,8865,262,65,41.25,32.75
188706,8866,262,66,41.25,33.25
188707,8867,262,67,41.25,33.75
188708,8868,262,68,41.25,34.25
188709,8869,262,69,41.25,34.75
188710,8870,262,70,41.25,35.25
188711,8871,262,71,41.25,35.75
188723,8872,262,83,41.25,41.75
188724,8873,262,84,41.25,42.25
188725,8874,262,85,41.25,42.75
188726,8875,262,86,41.25,43.25
188727,8876,262,87,41.25,43.75
188728,8877,262,88,41.25,44.25
188729,8878,262,89,41.25,44.75
188730,8879,262,90,41.25,45.25
188731,8880,262,91,41.25,45.75
188732,8881,262,92,41.25,46.25
188733,8882,262,93,41.25,46.75
188760,8883,262,120,41.25,60.25
188761,8884,262,121,41.25,60.75
188762,8885,262,122,41.25,61.25
188777,8886,262,137,41.25,68.75
188778,8887,262,138,41.25,69.25
188779,8888,262,139,41.25,69.75
188780,8889,262,140,41.25,70.25
188782,8890,262,142,41.25,71.25
188783,8891,262,143,41.25,71.75
188784,8892,262,144,41.25,72.25
188785,8893,262,145,41.25,72.75
188786,8894,262,146,41.25,73.25
188787,8895,262,147,41.25,73.75
188788,8896,262,148,41.25,74.25
188789,8897,262,149,41.25,74.75
188790,8898,262,150,41.25,75.25
188791,8899,262,151,41.25,75.75
188792,8900,262,152,41.25,76.25
188793,8901,262,153,41.25,76.75
188854,8902,262,214,41.25,107.25
188855,8903,262,215,41.25,107.75
188856,8904,262,216,41.25,108.25
188857,8905,262,217,41.25,108.75
188861,8906,262,221,41.25,110.75
188863,8907,262,223,41.25,111.75
188864,8908,262,224,41.25,112.25
188866,8909,262,226,41.25,113.25
188867,8910,262,227,41.25,113.75
188868,8911,262,228,41.25,114.25
188869,8912,262,229,41.25,114.75
188870,8913,262,230,41.25,115.25
188871,8914,262,231,41.25,115.75
188872,8915,262,232,41.25,116.25
188873,8916,262,233,41.25,116.75
188874,8917,262,234,41.25,117.25
188875,8918,262,235,41.25,117.75
188876,8919,262,236,41.25,118.25
188877,8920,262,237,41.25,118.75
188878,8921,262,238,41.25,119.25
188879,8922,262,239,41.25,119.75
188880,8923,262,240,41.25,120.25
188881,8924,262,241,41.25,120.75
188882,8925,262,242,41.25,121.25
188884,8926,262,244,41.25,122.25
188885,8927,262,245,41.25,122.75
188886,8928,262,246,41.25,123.25
188887,8929,262,247,41.25,123.75
188888,8930,262,248,41.25,124.25
188889,8931,262,249,41.25,124.75
188890,8932,262,250,41.25,125.25
188891,8933,262,251,41.25,125.75
188892,8934,262,252,41.25,126.25
188893,8935,262,253,41.25,126.75
188894,8936,262,254,41.25,127.25
188896,8937,262,256,41.25,128.25
188897,8938,262,257,41.25,128.75
188898,8939,262,258,41.25,129.25
189135,8940,262,495,41.25,-112.25
189136,8941,262,496,41.25,-111.75
189151,8942,262,511,41.25,-104.25
189152,8943,262,512,41.25,-103.75
189153,8944,262,513,41.25,-103.25
189154,8945,262,514,41.25,-102.75
189155,8946,262,515,41.25,-102.25
189156,8947,262,516,41.25,-101.75
189157,8948,262,517,41.25,-101.25
189158,8949,262,518,41.25,-100.75
189159,8950,262,519,41.25,-100.25
189160,8951,262,520,41.25,-99.75
189161,8952,262,521,41.25,-99.25
189162,8953,262,522,41.25,-98.75
189163,8954,262,523,41.25,-98.25
189164,8955,262,524,41.25,-97.75
189165,8956,262,525,41.25,-97.25
189166,8957,262,526,41.25,-96.75
189167,8958,262,527,41.25,-96.25
189168,8959,262,528,41.25,-95.75
189169,8960,262,529,41.25,-95.25
189170,8961,262,530,41.25,-94.75
189171,8962,262,531,41.25,-94.25
189172,8963,262,532,41.25,-93.75
189173,8964,262,533,41.25,-93.25
189174,8965,262,534,41.25,-92.75
189175,8966,262,535,41.25,-92.25
189176,8967,262,536,41.25,-91.75
189177,8968,262,537,41.25,-91.25
189178,8969,262,538,41.25,-90.75
189179,8970,262,539,41.25,-90.25
189180,8971,262,540,41.25,-89.75
189181,8972,262,541,41.25,-89.25
189182,8973,262,542,41.25,-88.75
189183,8974,262,543,41.25,-88.25
189184,8975,262,544,41.25,-87.75
189185,8976,262,545,41.25,-87.25
189186,8977,262,546,41.25,-86.75
189187,8978,262,547,41.25,-86.25
189188,8979,262,548,41.25,-85.75
189189,8980,262,549,41.25,-85.25
189190,8981,262,550,41.25,-84.75
189191,8982,262,551,41.25,-84.25
189192,8983,262,552,41.25,-83.75
189193,8984,262,553,41.25,-83.25
189194,8985,262,554,41.25,-82.75
189196,8986,262,556,41.25,-81.75
189197,8987,262,557,41.25,-81.25
189198,8988,262,558,41.25,-80.75
189199,8989,262,559,41.25,-80.25
189200,8990,262,560,41.25,-79.75
189201,8991,262,561,41.25,-79.25
189202,8992,262,562,41.25,-78.75
189203,8993,262,563,41.25,-78.25
189205,8994,262,565,41.25,-77.25
189206,8995,262,566,41.25,-76.75
189207,8996,262,567,41.25,-76.25
189208,8997,262,568,41.25,-75.75
189209,8998,262,569,41.25,-75.25
189210,8999,262,570,41.25,-74.75
189211,9000,262,571,41.25,-74.25
189212,9001,262,572,41.25,-73.75
189348,9002,262,708,41.25,-5.75
189349,9003,262,709,41.25,-5.25
189350,9004,262,710,41.25,-4.75
189351,9005,262,711,41.25,-4.25
189352,9006,262,712,41.25,-3.75
189353,9007,262,713,41.25,-3.25
189354,9008,262,714,41.25,-2.75
189355,9009,262,715,41.25,-2.25
189356,9010,262,716,41.25,-1.75
189357,9011,262,717,41.25,-1.25
189358,9012,262,718,41.25,-0.75
189359,9013,262,719,41.25,-0.25
189360,9014,263,0,41.75,0.25
189361,9015,263,1,41.75,0.75
189362,9016,263,2,41.75,1.25
189363,9017,263,3,41.75,1.75
189364,9018,263,4,41.75,2.25
189386,9019,263,26,41.75,13.25
189387,9020,263,27,41.75,13.75
189388,9021,263,28,41.75,14.25
189389,9022,263,29,41.75,14.75
189400,9023,263,40,41.75,20.25
189401,9024,263,41,41.75,20.75
189404,9025,263,44,41.75,22.25
189405,9026,263,45,41.75,22.75
189406,9027,263,46,41.75,23.25
189407,9028,263,47,41.75,23.75
189408,9029,263,48,41.75,24.25
189409,9030,263,49,41.75,24.75
189410,9031,263,50,41.75,25.25
189411,9032,263,51,41.75,25.75
189412,9033,263,52,41.75,26.25
189414,9034,263,54,41.75,27.25
189415,9035,263,55,41.75,27.75
189427,9036,263,67,41.75,33.75
189444,9037,263,84,41.75,42.25
189445,9038,263,85,41.75,42.75
189446,9039,263,86,41.75,43.25
189447,9040,263,87,41.75,43.75
189448,9041,263,88,41.75,44.25
189449,9042,263,89,41.75,44.75
189450,9043,263,90,41.75,45.25
189451,9044,263,91,41.75,45.75
189452,9045,263,92,41.75,46.25
189477,9046,263,117,41.75,58.75
189478,9047,263,118,41.75,59.25
189479,9048,263,119,41.75,59.75
189480,9049,263,120,41.75,60.25
189481,9050,263,121,41.75,60.75
189482,9051,263,122,41.75,61.25
189499,9052,263,139,41.75,69.75
189500,9053,263,140,41.75,70.25
189501,9054,263,141,41.75,70.75
189502,9055,263,142,41.75,71.25
189503,9056,263,143,41.75,71.75
189504,9057,263,144,41.75,72.25
189505,9058,263,145,41.75,72.75
189506,9059,263,146,41.75,73.25
189507,9060,263,147,41.75,73.75
189508,9061,263,148,41.75,74.25
189509,9062,263,149,41.75,74.75
189510,9063,263,150,41.75,75.25
189511,9064,263,151,41.75,75.75
189512,9065,263,152,41.75,76.25
189513,9066,263,153,41.75,76.75
189514,9067,263,154,41.75,77.25
189585,9068,263,225,41.75,112.75
189587,9069,263,227,41.75,113.75
189588,9070,263,228,41.75,114.25
189590,9071,263,230,41.75,115.25
189591,9072,263,231,41.75,115.75
189592,9073,263,232,41.75,116.25
189593,9074,263,233,41.75,116.75
189594,9075,263,234,41.75,117.25
189595,9076,263,235,41.75,117.75
189596,9077,263,236,41.75,118.25
189597,9078,263,237,41.75,118.75
189598,9079,263,238,41.75,119.25
189599,9080,263,239,41.75,119.75
189600,9081,263,240,41.75,120.25
189601,9082,263,241,41.75,120.75
189602,9083,263,242,41.75,121.25
189603,9084,263,243,41.75,121.75
189604,9085,263,244,41.75,122.25
189605,9086,263,245,41.75,122.75
189606,9087,263,246,41.75,123.25
189607,9088,263,247,41.75,123.75
189608,9089,263,248,41.75,124.25
189609,9090,263,249,41.75,124.75
189610,9091,263,250,41.75,125.25
189611,9092,263,251,41.75,125.75
189612,9093,263,252,41.75,126.25
189613,9094,263,253,41.75,126.75
189614,9095,263,254,41.75,127.25
189615,9096,263,255,41.75,127.75
189616,9097,263,256,41.75,128.25
189617,9098,263,257,41.75,128.75
189618,9099,263,258,41.75,129.25
189852,9100,263,492,41.75,-113.75
189853,9101,263,493,41.75,-113.25
189854,9102,263,494,41.75,-112.75
189855,9103,263,495,41.75,-112.25
189856,9104,263,496,41.75,-111.75
189869,9105,263,509,41.75,-105.25
189870,9106,263,510,41.75,-104.75
189871,9107,263,511,41.75,-104.25
189872,9108,263,512,41.75,-103.75
189873,9109,263,513,41.75,-103.25
189874,9110,263,514,41.75,-102.75
189875,9111,263,515,41.75,-102.25
189879,9112,263,519,41.75,-100.25
189880,9113,263,520,41.75,-99.75
189881,9114,263,521,41.75,-99.25
189882,9115,263,522,41.75,-98.75
189883,9116,263,523,41.75,-98.25
189884,9117,263,524,41.75,-97.75
189885,9118,263,525,41.75,-97.25
189886,9119,263,526,41.75,-96.75
189887,9120,263,527,41.75,-96.25
189888,9121,263,528,41.75,-95.75
189889,9122,263,529,41.75,-95.25
189890,9123,263,530,41.75,-94.75
189891,9124,263,531,41.75,-94.25
189892,9125,263,532,41.75,-93.75
189893,9126,263,533,41.75,-93.25
189894,9127,263,534,41.75,-92.75
189895,9128,263,535,41.75,-92.25
189896,9129,263,536,41.75,-91.75
189897,9130,263,537,41.75,-91.25
189898,9131,263,538,41.75,-90.75
189899,9132,263,539,41.75,-90.25
189900,9133,263,540,41.75,-89.75
189901,9134,263,541,41.75,-89.25
189902,9135,263,542,41.75,-88.75
189903,9136,263,543,41.75,-88.25
189907,9137,263,547,41.75,-86.25
189908,9138,263,548,41.75,-85.75
189909,9139,263,549,41.75,-85.25
189910,9140,263,550,41.75,-84.75
189911,9141,263,551,41.75,-84.25
189912,9142,263,552,41.75,-83.75
189919,9143,263,559,41.75,-80.25
189920,9144,263,560,41.75,-79.75
189921,9145,263,561,41.75,-79.25
189922,9146,263,562,41.75,-78.75
189923,9147,263,563,41.75,-78.25
189924,9148,263,564,41.75,-77.75
189925,9149,263,565,41.75,-77.25
189926,9150,263,566,41.75,-76.75
189927,9151,263,567,41.75,-76.25
189928,9152,263,568,41.75,-75.75
189929,9153,263,569,41.75,-75.25
189930,9154,263,570,41.75,-74.75
189931,9155,263,571,41.75,-74.25
189932,9156,263,572,41.75,-73.75
190063,9157,263,703,41.75,-8.25
190064,9158,263,704,41.75,-7.75
190065,9159,263,705,41.75,-7.25
190066,9160,263,706,41.75,-6.75
190068,9161,263,708,41.75,-5.75
190069,9162,263,709,41.75,-5.25
190070,9163,263,710,41.75,-4.75
190071,9164,263,711,41.75,-4.25
190072,9165,263,712,41.75,-3.75
190073,9166,263,713,41.75,-3.25
190074,9167,263,714,41.75,-2.75
190075,9168,263,715,41.75,-2.25
190076,9169,263,716,41.75,-1.75
190077,9170,263,717,41.75,-1.25
190078,9171,263,718,41.75,-0.75
190079,9172,263,719,41.75,-0.25
190080,9173,264,0,42.25,0.25
190081,9174,264,1,42.25,0.75
190082,9175,264,2,42.25,1.25
190083,9176,264,3,42.25,1.75
190084,9177,264,4,42.25,2.25
190085,9178,264,5,42.25,2.75
190098,9179,264,18,42.25,9.25
190104,9180,264,24,42.25,12.25
190105,9181,264,25,42.25,12.75
190106,9182,264,26,42.25,13.25
190107,9183,264,27,42.25,13.75
190119,9184,264,39,42.25,19.75
190120,9185,264,40,42.25,20.25
190121,9186,264,41,42.25,20.75
190124,9187,264,44,42.25,22.25
190125,9188,264,45,42.25,22.75
190126,9189,264,46,42.25,23.25
190127,9190,264,47,42.25,23.75
190128,9191,264,48,42.25,24.25
190129,9192,264,49,42.25,24.75
190130,9193,264,50,42.25,25.25
190131,9194,264,51,42.25,25.75
190132,9195,264,52,42.25,26.25
190133,9196,264,53,42.25,26.75
190134,9197,264,54,42.25,27.25
190164,9198,264,84,42.25,42.25
190165,9199,264,85,42.25,42.75
190166,9200,264,86,42.25,43.25
190167,9201,264,87,42.25,43.75
190168,9202,264,88,42.25,44.25
190169,9203,264,89,42.25,44.75
190170,9204,264,90,42.25,45.25
190171,9205,264,91,42.25,45.75
190196,9206,264,116,42.25,58.25
190197,9207,264,117,42.25,58.75
190198,9208,264,118,42.25,59.25
190199,9209,264,119,42.25,59.75
190200,9210,264,120,42.25,60.25
190222,9211,264,142,42.25,71.25
190223,9212,264,143,42.25,71.75
190224,9213,264,144,42.25,72.25
190225,9214,264,145,42.25,72.75
190226,9215,264,146,42.25,73.25
190227,9216,264,147,42.25,73.75
190228,9217,264,148,42.25,74.25
190229,9218,264,149,42.25,74.75
190230,9219,264,150,42.25,75.25
190231,9220,264,151,42.25,75.75
190232,9221,264,152,42.25,76.25
190233,9222,264,153,42.25,76.75
190235,9223,264,155,42.25,77.75
190236,9224,264,156,42.25,78.25
190237,9225,264,157,42.25,78.75
190238,9226,264,158,42.25,79.25
190312,9227,264,232,42.25,116.25
190313,9228,264,233,42.25,116.75
190314,9229,264,234,42.25,117.25
190315,9230,264,235,42.25,117.75
190316,9231,264,236,42.25,118.25
190317,9232,264,237,42.25,118.75
190318,9233,264,238,42.25,119.25
190319,9234,264,239,42.25,119.75
190320,9235,264,240,42.25,120.25
190321,9236,264,241,42.25,120.75
190322,9237,264,242,42.25,121.25
190323,9238,264,243,42.25,121.75
190324,9239,264,244,42.25,122.25
190325,9240,264,245,42.25,122.75
190326,9241,264,246,42.25,123.25
190327,9242,264,247,42.25,123.75
190328,9243,264,248,42.25,124.25
190329,9244,264,249,42.25,124.75
190330,9245,264,250,42.25,125.25
190331,9246,264,251,42.25,125.75
190332,9247,264,252,42.25,126.25
190333,9248,264,253,42.25,126.75
190334,9249,264,254,42.25,127.25
190336,9250,264,256,42.25,128.25
190567,9251,264,487,42.25,-116.25
190568,9252,264,488,42.25,-115.75
190570,9253,264,490,42.25,-114.75
190571,9254,264,491,42.25,-114.25
190572,9255,264,492,42.25,-113.75
190574,9256,264,494,42.25,-112.75
190575,9257,264,495,42.25,-112.25
190576,9258,264,496,42.25,-111.75
190589,9259,264,509,42.25,-105.25
190591,9260,264,511,42.25,-104.25
190592,9261,264,512,42.25,-103.75
190593,9262,264,513,42.25,-103.25
190594,9263,264,514,42.25,-102.75
190595,9264,264,515,42.25,-102.25
190596,9265,264,516,42.25,-101.75
190597,9266,264,517,42.25,-101.25
190598,9267,264,518,42.25,-100.75
190599,9268,264,519,42.25,-100.25
190600,9269,264,520,42.25,-99.75
190601,9270,264,521,42.25,-99.25
190602,9271,264,522,42.25,-98.75
190603,9272,264,523,42.25,-98.25
190604,9273,264,524,42.25,-97.75
190605,9274,264,525,42.25,-97.25
190606,9275,264,526,42.25,-96.75
190607,9276,264,527,42.25,-96.25
190608,9277,264,528,42.25,-95.75
190609,9278,264,529,42.25,-95.25
190610,9279,264,530,42.25,-94.75
190611,9280,264,531,42.25,-94.25
190612,9281,264,532,42.25,-93.75
190613,9282,264,533,42.25,-93.25
190614,9283,264,534,42.25,-92.75
190615,9284,264,535,42.25,-92.25
190616,9285,264,536,42.25,-91.75
190617,9286,264,537,42.25,-91.25
190618,9287,264,538,42.25,-90.75
190619,9288,264,539,42.25,-90.25
190620,9289,264,540,42.25,-89.75
190621,9290,264,541,42.25,-89.25
190622,9291,264,542,42.25,-88.75
190623,9292,264,543,42.25,-88.25
190628,9293,264,548,42.25,-85.75
190629,9294,264,549,42.25,-85.25
190630,9295,264,550,42.25,-84.75
190631,9296,264,551,42.25,-84.25
190632,9297,264,552,42.25,-83.75
190642,9298,264,562,42.25,-78.75
190643,9299,264,563,42.25,-78.25
190644,9300,264,564,42.25,-77.75
190645,9301,264,565,42.25,-77.25
190646,9302,264,566,42.25,-76.75
190647,9303,264,567,42.25,-76.25
190648,9304,264,568,42.25,-75.75
190649,9305,264,569,42.25,-75.25
190650,9306,264,570,42.25,-74.75
190651,9307,264,571,42.25,-74.25
190652,9308,264,572,42.25,-73.75
190783,9309,264,703,42.25,-8.25
190784,9310,264,704,42.25,-7.75
190785,9311,264,705,42.25,-7.25
190786,9312,264,706,42.25,-6.75
190787,9313,264,707,42.25,-6.25
190788,9314,264,708,42.25,-5.75
190789,9315,264,709,42.25,-5.25
190790,9316,264,710,42.25,-4.75
190791,9317,264,711,42.25,-4.25
190792,9318,264,712,42.25,-3.75
190793,9319,264,713,42.25,-3.25
190794,9320,264,714,42.25,-2.75
190795,9321,264,715,42.25,-2.25
190796,9322,264,716,42.25,-1.75
190797,9323,264,717,42.25,-1.25
190798,9324,264,718,42.25,-0.75
190799,9325,264,719,42.25,-0.25
190800,9326,265,0,42.75,0.25
190801,9327,265,1,42.75,0.75
190802,9328,265,2,42.75,1.25
190803,9329,265,3,42.75,1.75
190804,9330,265,4,42.75,2.25
190805,9331,265,5,42.75,2.75
190823,9332,265,23,42.75,11.75
190824,9333,265,24,42.75,12.25
190825,9334,265,25,42.75,12.75
190826,9335,265,26,42.75,13.25
190837,9336,265,37,42.75,18.75
190838,9337,265,38,42.75,19.25
190839,9338,265,39,42.75,19.75
190840,9339,265,40,42.75,20.25
190841,9340,265,41,42.75,20.75
190842,9341,265,42,42.75,21.25
190843,9342,265,43,42.75,21.75
190844,9343,265,44,42.75,22.25
190845,9344,265,45,42.75,22.75
190846,9345,265,46,42.75,23.25
190847,9346,265,47,42.75,23.75
190848,9347,265,48,42.75,24.25
190849,9348,265,49,42.75,24.75
190850,9349,265,50,42.75,25.25
190851,9350,265,51,42.75,25.75
190852,9351,265,52,42.75,26.25
190853,9352,265,53,42.75,26.75
190854,9353,265,54,42.75,27.25
190883,9354,265,83,42.75,41.75
190884,9355,265,84,42.75,42.25
190885,9356,265,85,42.75,42.75
190886,9357,265,86,42.75,43.25
190888,9358,265,88,42.75,44.25
190889,9359,265,89,42.75,44.75
190890,9360,265,90,42.75,45.25
190916,9361,265,116,42.75,58.25
190917,9362,265,117,42.75,58.75
190918,9363,265,118,42.75,59.25
190919,9364,265,119,42.75,59.75
190920,9365,265,120,42.75,60.25
190942,9366,265,142,42.75,71.25
190943,9367,265,143,42.75,71.75
190944,9368,265,144,42.75,72.25
190946,9369,265,146,42.75,73.25
190947,9370,265,147,42.75,73.75
190948,9371,265,148,42.75,74.25
190949,9372,265,149,42.75,74.75
190950,9373,265,150,42.75,75.25
190951,9374,265,151,42.75,75.75
190952,9375,265,152,42.75,76.25
190953,9376,265,153,42.75,76.75
190954,9377,265,154,42.75,77.25
190955,9378,265,155,42.75,77.75
190956,9379,265,156,42.75,78.25
190957,9380,265,157,42.75,78.75
190958,9381,265,158,42.75,79.25
191034,9382,265,234,42.75,117.25
191035,9383,265,235,42.75,117.75
191036,9384,265,236,42.75,118.25
191037,9385,265,237,42.75,118.75
191038,9386,265,238,42.75,119.25
191039,9387,265,239,42.75,119.75
191040,9388,265,240,42.75,120.25
191041,9389,265,241,42.75,120.75
191042,9390,265,242,42.75,121.25
191043,9391,265,243,42.75,121.75
191044,9392,265,244,42.75,122.25
191045,9393,265,245,42.75,122.75
191046,9394,265,246,42.75,123.25
191047,9395,265,247,42.75,123.75
191048,9396,265,248,42.75,124.25
191049,9397,265,249,42.75,124.75
191050,9398,265,250,42.75,125.25
191051,9399,265,251,42.75,125.75
191052,9400,265,252,42.75,126.25
191053,9401,265,253,42.75,126.75
191054,9402,265,254,42.75,127.25
191055,9403,265,255,42.75,127.75
191056,9404,265,256,42.75,128.25
191057,9405,265,257,42.75,128.75
191058,9406,265,258,42.75,129.25
191059,9407,265,259,42.75,129.75
191287,9408,265,487,42.75,-116.25
191288,9409,265,488,42.75,-115.75
191289,9410,265,489,42.75,-115.25
191290,9411,265,490,42.75,-114.75
191291,9412,265,491,42.75,-114.25
191292,9413,265,492,42.75,-113.75
191293,9414,265,493,42.75,-113.25
191294,9415,265,494,42.75,-112.75
191309,9416,265,509,42.75,-105.25
191312,9417,265,512,42.75,-103.75
191313,9418,265,513,42.75,-103.25
191314,9419,265,514,42.75,-102.75
191315,9420,265,515,42.75,-102.25
191316,9421,265,516,42.75,-101.75
191317,9422,265,517,42.75,-101.25
191318,9423,265,518,42.75,-100.75
191319,9424,265,519,42.75,-100.25
191320,9425,265,520,42.75,-99.75
191321,9426,265,521,42.75,-99.25
191322,9427,265,522,42.75,-98.75
191323,9428,265,523,42.75,-98.25
191324,9429,265,524,42.75,-97.75
191325,9430,265,525,42.75,-97.25
191326,9431,265,526,42.75,-96.75
191327,9432,265,527,42.75,-96.25
191328,9433,265,528,42.75,-95.75
191329,9434,265,529,42.75,-95.25
191330,9435,265,530,42.75,-94.75
191331,9436,265,531,42.75,-94.25
191332,9437,265,532,42.75,-93.75
191333,9438,265,533,42.75,-93.25
191334,9439,265,534,42.75,-92.75
191335,9440,265,535,42.75,-92.25
191336,9441,265,536,42.75,-91.75
191337,9442,265,537,42.75,-91.25
191338,9443,265,538,42.75,-90.75
191339,9444,265,539,42.75,-90.25
191340,9445,265,540,42.75,-89.75
191341,9446,265,541,42.75,-89.25
191342,9447,265,542,42.75,-88.75
191343,9448,265,543,42.75,-88.25
191348,9449,265,548,42.75,-85.75
191349,9450,265,549,42.75,-85.25
191350,9451,265,550,42.75,-84.75
191351,9452,265,551,42.75,-84.25
191352,9453,265,552,42.75,-83.75
191353,9454,265,553,42.75,-83.25
191355,9455,265,555,42.75,-82.25
191363,9456,265,563,42.75,-78.25
191364,9457,265,564,42.75,-77.75
191365,9458,265,565,42.75,-77.25
191366,9459,265,566,42.75,-76.75
191367,9460,265,567,42.75,-76.25
191368,9461,265,568,42.75,-75.75
191369,9462,265,569,42.75,-75.25
191370,9463,265,570,42.75,-74.75
191371,9464,265,571,42.75,-74.25
191372,9465,265,572,42.75,-73.75
191373,9466,265,573,42.75,-73.25
191503,9467,265,703,42.75,-8.25
191504,9468,265,704,42.75,-7.75
191505,9469,265,705,42.75,-7.25
191506,9470,265,706,42.75,-6.75
191507,9471,265,707,42.75,-6.25
191508,9472,265,708,42.75,-5.75
191509,9473,265,709,42.75,-5.25
191510,9474,265,710,42.75,-4.75
191511,9475,265,711,42.75,-4.25
191512,9476,265,712,42.75,-3.75
191513,9477,265,713,42.75,-3.25
191514,9478,265,714,42.75,-2.75
191515,9479,265,715,42.75,-2.25
191516,9480,265,716,42.75,-1.75
191517,9481,265,717,42.75,-1.25
191518,9482,265,718,42.75,-0.75
191519,9483,265,719,42.75,-0.25
191520,9484,266,0,43.25,0.25
191521,9485,266,1,43.25,0.75
191522,9486,266,2,43.25,1.25
191523,9487,266,3,43.25,1.75
191524,9488,266,4,43.25,2.25
191525,9489,266,5,43.25,2.75
191542,9490,266,22,43.25,11.25
191543,9491,266,23,43.25,11.75
191544,9492,266,24,43.25,12.25
191545,9493,266,25,43.25,12.75
191546,9494,266,26,43.25,13.25
191557,9495,266,37,43.25,18.75
191558,9496,266,38,43.25,19.25
191559,9497,266,39,43.25,19.75
191560,9498,266,40,43.25,20.25
191561,9499,266,41,43.25,20.75
191562,9500,266,42,43.25,21.25
191563,9501,266,43,43.25,21.75
191564,9502,266,44,43.25,22.25
191565,9503,266,45,43.25,22.75
191566,9504,266,46,43.25,23.25
191567,9505,266,47,43.25,23.75
191568,9506,266,48,43.25,24.25
191569,9507,266,49,43.25,24.75
191570,9508,266,50,43.25,25.25
191571,9509,266,51,43.25,25.75
191572,9510,266,52,43.25,26.25
191573,9511,266,53,43.25,26.75
191574,9512,266,54,43.25,27.25
191602,9513,266,82,43.25,41.25
191603,9514,266,83,43.25,41.75
191604,9515,266,84,43.25,42.25
191637,9516,266,117,43.25,58.75
191638,9517,266,118,43.25,59.25
191639,9518,266,119,43.25,59.75
191640,9519,266,120,43.25,60.25
191667,9520,266,147,43.25,73.75
191668,9521,266,148,43.25,74.25
191753,9522,266,233,43.25,116.75
191754,9523,266,234,43.25,117.25
191755,9524,266,235,43.25,117.75
191756,9525,266,236,43.25,118.25
191757,9526,266,237,43.25,118.75
191758,9527,266,238,43.25,119.25
191759,9528,266,239,43.25,119.75
191760,9529,266,240,43.25,120.25
191761,9530,266,241,43.25,120.75
191762,9531,266,242,43.25,121.25
191763,9532,266,243,43.25,121.75
191764,9533,266,244,43.25,122.25
191765,9534,266,245,43.25,122.75
191766,9535,266,246,43.25,123.25
191767,9536,266,247,43.25,123.75
191768,9537,266,248,43.25,124.25
191769,9538,266,249,43.25,124.75
191770,9539,266,250,43.25,125.25
191771,9540,266,251,43.25,125.75
191772,9541,266,252,43.25,126.25
191773,9542,266,253,43.25,126.75
191774,9543,266,254,43.25,127.25
191775,9544,266,255,43.25,127.75
191776,9545,266,256,43.25,128.25
191777,9546,266,257,43.25,128.75
191778,9547,266,258,43.25,129.25
191779,9548,266,259,43.25,129.75
191781,9549,266,261,43.25,130.75
192005,9550,266,485,43.25,-117.25
192006,9551,266,486,43.25,-116.75
192007,9552,266,487,43.25,-116.25
192008,9553,266,488,43.25,-115.75
192009,9554,266,489,43.25,-115.25
192021,9555,266,501,43.25,-109.25
192022,9556,266,502,43.25,-108.75
192025,9557,266,505,43.25,-107.25
192032,9558,266,512,43.25,-103.75
192033,9559,266,513,43.25,-103.25
192035,9560,266,515,43.25,-102.25
192036,9561,266,516,43.25,-101.75
192037,9562,266,517,43.25,-101.25
192038,9563,266,518,43.25,-100.75
192039,9564,266,519,43.25,-100.25
192040,9565,266,520,43.25,-99.75
192041,9566,266,521,43.25,-99.25
192042,9567,266,522,43.25,-98.75
192043,9568,266,523,43.25,-98.25
192044,9569,266,524,43.25,-97.75
192045,9570,266,525,43.25,-97.25
192046,9571,266,526,43.25,-96.75
192047,9572,266,527,43.25,-96.25
192048,9573,266,528,43.25,-95.75
192049,9574,266,529,43.25,-95.25
192050,9575,266,530,43.25,-94.75
192051,9576,266,531,43.25,-94.25
192052,9577,266,532,43.25,-93.75
192053,9578,266,533,43.25,-93.25
192054,9579,266,534,43.25,-92.75
192055,9580,266,535,43.25,-92.25
192056,9581,266,536,43.25,-91.75
192057,9582,266,537,43.25,-91.25
192058,9583,266,538,43.25,-90.75
192059,9584,266,539,43.25,-90.25
192060,9585,266,540,43.25,-89.75
192061,9586,266,541,43.25,-89.25
192062,9587,266,542,43.25,-88.75
192063,9588,266,543,43.25,-88.25
192068,9589,266,548,43.25,-85.75
192069,9590,266,549,43.25,-85.25
192070,9591,266,550,43.25,-84.75
192071,9592,266,551,43.25,-84.25
192072,9593,266,552,43.25,-83.75
192073,9594,266,553,43.25,-83.25
192077,9595,266,557,43.25,-81.25
192078,9596,266,558,43.25,-80.75
192079,9597,266,559,43.25,-80.25
192087,9598,266,567,43.25,-76.25
192088,9599,266,568,43.25,-75.75
192089,9600,266,569,43.25,-75.25
192090,9601,266,570,43.25,-74.75
192092,9602,266,572,43.25,-73.75
192093,9603,266,573,43.25,-73.25
192224,9604,266,704,43.25,-7.75
192225,9605,266,705,43.25,-7.25
192226,9606,266,706,43.25,-6.75
192227,9607,266,707,43.25,-6.25
192228,9608,266,708,43.25,-5.75
192229,9609,266,709,43.25,-5.25
192232,9610,266,712,43.25,-3.75
192237,9611,266,717,43.25,-1.25
192238,9612,266,718,43.25,-0.75
192239,9613,266,719,43.25,-0.25
192240,9614,267,0,43.75,0.25
192241,9615,267,1,43.75,0.75
192242,9616,267,2,43.75,1.25
192243,9617,267,3,43.75,1.75
192244,9618,267,4,43.75,2.25
192245,9619,267,5,43.75,2.75
192246,9620,267,6,43.75,3.25
192247,9621,267,7,43.75,3.75
192249,9622,267,9,43.75,4.75
192251,9623,267,11,43.75,5.75
192252,9624,267,12,43.75,6.25
192253,9625,267,13,43.75,6.75
192261,9626,267,21,43.75,10.75
192262,9627,267,22,43.75,11.25
192263,9628,267,23,43.75,11.75
192264,9629,267,24,43.75,12.25
192277,9630,267,37,43.75,18.75
192278,9631,267,38,43.75,19.25
192279,9632,267,39,43.75,19.75
192280,9633,267,40,43.75,20.25
192281,9634,267,41,43.75,20.75
192282,9635,267,42,43.75,21.25
192283,9636,267,43,43.75,21.75
192284,9637,267,44,43.75,22.25
192285,9638,267,45,43.75,22.75
192286,9639,267,46,43.75,23.25
192287,9640,267,47,43.75,23.75
192288,9641,267,48,43.75,24.25
192289,9642,267,49,43.75,24.75
192290,9643,267,50,43.75,25.25
192291,9644,267,51,43.75,25.75
192292,9645,267,52,43.75,26.25
192293,9646,267,53,43.75,26.75
192294,9647,267,54,43.75,27.25
192295,9648,267,55,43.75,27.75
192296,9649,267,56,43.75,28.25
192356,9650,267,116,43.75,58.25
192357,9651,267,117,43.75,58.75
192358,9652,267,118,43.75,59.25
192359,9653,267,119,43.75,59.75
192473,9654,267,233,43.75,116.75
192474,9655,267,234,43.75,117.25
192475,9656,267,235,43.75,117.75
192476,9657,267,236,43.75,118.25
192477,9658,267,237,43.75,118.75
192478,9659,267,238,43.75,119.25
192479,9660,267,239,43.75,119.75
192480,9661,267,240,43.75,120.25
192481,9662,267,241,43.75,120.75
192482,9663,267,242,43.75,121.25
192483,9664,267,243,43.75,121.75
192484,9665,267,244,43.75,122.25
192485,9666,267,245,43.75,122.75
192486,9667,267,246,43.75,123.25
192487,9668,267,247,43.75,123.75
192488,9669,267,248,43.75,124.25
192489,9670,267,249,43.75,124.75
192490,9671,267,250,43.75,125.25
192491,9672,267,251,43.75,125.75
192492,9673,267,252,43.75,126.25
192493,9674,267,253,43.75,126.75
192494,9675,267,254,43.75,127.25
192495,9676,267,255,43.75,127.75
192496,9677,267,256,43.75,128.25
192497,9678,267,257,43.75,128.75
192498,9679,267,258,43.75,129.25
192499,9680,267,259,43.75,129.75
192500,9681,267,260,43.75,130.25
192501,9682,267,261,43.75,130.75
192502,9683,267,262,43.75,131.25
192724,9684,267,484,43.75,-117.75
192725,9685,267,485,43.75,-117.25
192726,9686,267,486,43.75,-116.75
192727,9687,267,487,43.75,-116.25
192729,9688,267,489,43.75,-115.25
192742,9689,267,502,43.75,-108.75
192743,9690,267,503,43.75,-108.25
192745,9691,267,505,43.75,-107.25
192753,9692,267,513,43.75,-103.25
192754,9693,267,514,43.75,-102.75
192755,9694,267,515,43.75,-102.25
192757,9695,267,517,43.75,-101.25
192758,9696,267,518,43.75,-100.75
192759,9697,267,519,43.75,-100.25
192760,9698,267,520,43.75,-99.75
192761,9699,267,521,43.75,-99.25
192762,9700,267,522,43.75,-98.75
192763,9701,267,523,43.75,-98.25
192764,9702,267,524,43.75,-97.75
192765,9703,267,525,43.75,-97.25
192766,9704,267,526,43.75,-96.75
192767,9705,267,527,43.75,-96.25
192768,9706,267,528,43.75,-95.75
192769,9707,267,529,43.75,-95.25
192770,9708,267,530,43.75,-94.75
192771,9709,267,531,43.75,-94.25
192772,9710,267,532,43.75,-93.75
192773,9711,267,533,43.75,-93.25
192774,9712,267,534,43.75,-92.75
192775,9713,267,535,43.75,-92.25
192776,9714,267,536,43.75,-91.75
192777,9715,267,537,43.75,-91.25
192778,9716,267,538,43.75,-90.75
192779,9717,267,539,43.75,-90.25
192780,9718,267,540,43.75,-89.75
192781,9719,267,541,43.75,-89.25
192782,9720,267,542,43.75,-88.75
192783,9721,267,543,43.75,-88.25
192788,9722,267,548,43.75,-85.75
192789,9723,267,549,43.75,-85.25
192790,9724,267,550,43.75,-84.75
192791,9725,267,551,43.75,-84.25
192797,9726,267,557,43.75,-81.25
192798,9727,267,558,43.75,-80.75
192799,9728,267,559,43.75,-80.25
192808,9729,267,568,43.75,-75.75
192809,9730,267,569,43.75,-75.25
192958,9731,267,718,43.75,-0.75
192959,9732,267,719,43.75,-0.25
192960,9733,268,0,44.25,0.25
192961,9734,268,1,44.25,0.75
192962,9735,268,2,44.25,1.25
192963,9736,268,3,44.25,1.75
192964,9737,268,4,44.25,2.25
192965,9738,268,5,44.25,2.75
192966,9739,268,6,44.25,3.25
192967,9740,268,7,44.25,3.75
192968,9741,268,8,44.25,4.25
192969,9742,268,9,44.25,4.75
192970,9743,268,10,44.25,5.25
192971,9744,268,11,44.25,5.75
192972,9745,268,12,44.25,6.25
192973,9746,268,13,44.25,6.75
192974,9747,268,14,44.25,7.25
192975,9748,268,15,44.25,7.75
192981,9749,268,21,44.25,10.75
192982,9750,268,22,44.25,11.25
192983,9751,268,23,44.25,11.75
192999,9752,268,39,44.25,19.75
193000,9753,268,40,44.25,20.25
193001,9754,268,41,44.25,20.75
193002,9755,268,42,44.25,21.25
193003,9756,268,43,44.25,21.75
193004,9757,268,44,44.25,22.25
193005,9758,268,45,44.25,22.75
193006,9759,268,46,44.25,23.25
193007,9760,268,47,44.25,23.75
193008,9761,268,48,44.25,24.25
193009,9762,268,49,44.25,24.75
193010,9763,268,50,44.25,25.25
193011,9764,268,51,44.25,25.75
193012,9765,268,52,44.25,26.25
193013,9766,268,53,44.25,26.75
193014,9767,268,54,44.25,27.25
193015,9768,268,55,44.25,27.75
193016,9769,268,56,44.25,28.25
193195,9770,268,235,44.25,117.75
193196,9771,268,236,44.25,118.25
193197,9772,268,237,44.25,118.75
193198,9773,268,238,44.25,119.25
193199,9774,268,239,44.25,119.75
193200,9775,268,240,44.25,120.25
193201,9776,268,241,44.25,120.75
193202,9777,268,242,44.25,121.25
193203,9778,268,243,44.25,121.75
193204,9779,268,244,44.25,122.25
193205,9780,268,245,44.25,122.75
193206,9781,268,246,44.25,123.25
193207,9782,268,247,44.25,123.75
193208,9783,268,248,44.25,124.25
193209,9784,268,249,44.25,124.75
193210,9785,268,250,44.25,125.25
193211,9786,268,251,44.25,125.75
193212,9787,268,252,44.25,126.25
193213,9788,268,253,44.25,126.75
193214,9789,268,254,44.25,127.25
193215,9790,268,255,44.25,127.75
193216,9791,268,256,44.25,128.25
193217,9792,268,257,44.25,128.75
193218,9793,268,258,44.25,129.25
193219,9794,268,259,44.25,129.75
193220,9795,268,260,44.25,130.25
193221,9796,268,261,44.25,130.75
193222,9797,268,262,44.25,131.25
193443,9798,268,483,44.25,-118.25
193444,9799,268,484,44.25,-117.75
193445,9800,268,485,44.25,-117.25
193446,9801,268,486,44.25,-116.75
193447,9802,268,487,44.25,-116.25
193461,9803,268,501,44.25,-109.25
193463,9804,268,503,44.25,-108.25
193464,9805,268,504,44.25,-107.75
193465,9806,268,505,44.25,-107.25
193472,9807,268,512,44.25,-103.75
193473,9808,268,513,44.25,-103.25
193474,9809,268,514,44.25,-102.75
193475,9810,268,515,44.25,-102.25
193476,9811,268,516,44.25,-101.75
193477,9812,268,517,44.25,-101.25
193478,9813,268,518,44.25,-100.75
193479,9814,268,519,44.25,-100.25
193480,9815,268,520,44.25,-99.75
193481,9816,268,521,44.25,-99.25
193482,9817,268,522,44.25,-98.75
193483,9818,268,523,44.25,-98.25
193484,9819,268,524,44.25,-97.75
193485,9820,268,525,44.25,-97.25
193486,9821,268,526,44.25,-96.75
193487,9822,268,527,44.25,-96.25
193488,9823,268,528,44.25,-95.75
193489,9824,268,529,44.25,-95.25
193490,9825,268,530,44.25,-94.75
193491,9826,268,531,44.25,-94.25
193492,9827,268,532,44.25,-93.75
193493,9828,268,533,44.25,-93.25
193494,9829,268,534,44.25,-92.75
193495,9830,268,535,44.25,-92.25
193496,9831,268,536,44.25,-91.75
193497,9832,268,537,44.25,-91.25
193498,9833,268,538,44.25,-90.75
193499,9834,268,539,44.25,-90.25
193500,9835,268,540,44.25,-89.75
193501,9836,268,541,44.25,-89.25
193502,9837,268,542,44.25,-88.75
193503,9838,268,543,44.25,-88.25
193508,9839,268,548,44.25,-85.75
193509,9840,268,549,44.25,-85.25
193510,9841,268,550,44.25,-84.75
193511,9842,268,551,44.25,-84.25
193518,9843,268,558,44.25,-80.75
193519,9844,268,559,44.25,-80.25
193520,9845,268,560,44.25,-79.75
193521,9846,268,561,44.25,-79.25
193522,9847,268,562,44.25,-78.75
193523,9848,268,563,44.25,-78.25
193524,9849,268,564,44.25,-77.75
193525,9850,268,565,44.25,-77.25
193528,9851,268,568,44.25,-75.75
193529,9852,268,569,44.25,-75.25
193532,9853,268,572,44.25,-73.75
193678,9854,268,718,44.25,-0.75
193679,9855,268,719,44.25,-0.25
193680,9856,269,0,44.75,0.25
193681,9857,269,1,44.75,0.75
193682,9858,269,2,44.75,1.25
193683,9859,269,3,44.75,1.75
193684,9860,269,4,44.75,2.25
193685,9861,269,5,44.75,2.75
193686,9862,269,6,44.75,3.25
193687,9863,269,7,44.75,3.75
193688,9864,269,8,44.75,4.25
193689,9865,269,9,44.75,4.75
193690,9866,269,10,44.75,5.25
193691,9867,269,11,44.75,5.75
193692,9868,269,12,44.75,6.25
193693,9869,269,13,44.75,6.75
193694,9870,269,14,44.75,7.25
193695,9871,269,15,44.75,7.75
193696,9872,269,16,44.75,8.25
193697,9873,269,17,44.75,8.75
193698,9874,269,18,44.75,9.25
193699,9875,269,19,44.75,9.75
193700,9876,269,20,44.75,10.25
193701,9877,269,21,44.75,10.75
193702,9878,269,22,44.75,11.25
193703,9879,269,23,44.75,11.75
193717,9880,269,37,44.75,18.75
193718,9881,269,38,44.75,19.25
193719,9882,269,39,44.75,19.75
193720,9883,269,40,44.75,20.25
193721,9884,269,41,44.75,20.75
193722,9885,269,42,44.75,21.25
193723,9886,269,43,44.75,21.75
193724,9887,269,44,44.75,22.25
193725,9888,269,45,44.75,22.75
193726,9889,269,46,44.75,23.25
193727,9890,269,47,44.75,23.75
193728,9891,269,48,44.75,24.25
193729,9892,269,49,44.75,24.75
193730,9893,269,50,44.75,25.25
193731,9894,269,51,44.75,25.75
193732,9895,269,52,44.75,26.25
193733,9896,269,53,44.75,26.75
193734,9897,269,54,44.75,27.25
193735,9898,269,55,44.75,27.75
193736,9899,269,56,44.75,28.25
193917,9900,269,237,44.75,118.75
193918,9901,269,238,44.75,119.25
193919,9902,269,239,44.75,119.75
193920,9903,269,240,44.75,120.25
193921,9904,269,241,44.75,120.75
193922,9905,269,242,44.75,121.25
193923,9906,269,243,44.75,121.75
193924,9907,269,244,44.75,122.25
193925,9908,269,245,44.75,122.75
193926,9909,269,246,44.75,123.25
193927,9910,269,247,44.75,123.75
193928,9911,269,248,44.75,124.25
193929,9912,269,249,44.75,124.75
193930,9913,269,250,44.75,125.25
193931,9914,269,251,44.75,125.75
193932,9915,269,252,44.75,126.25
193933,9916,269,253,44.75,126.75
193934,9917,269,254,44.75,127.25
193935,9918,269,255,44.75,127.75
193936,9919,269,256,44.75,128.25
193937,9920,269,257,44.75,128.75
193938,9921,269,258,44.75,129.25
193939,9922,269,259,44.75,129.75
193940,9923,269,260,44.75,130.25
193941,9924,269,261,44.75,130.75
193942,9925,269,262,44.75,131.25
194164,9926,269,484,44.75,-117.75
194165,9927,269,485,44.75,-117.25
194166,9928,269,486,44.75,-116.75
194178,9929,269,498,44.75,-110.75
194181,9930,269,501,44.75,-109.25
194182,9931,269,502,44.75,-108.75
194183,9932,269,503,44.75,-108.25
194184,9933,269,504,44.75,-107.75
194192,9934,269,512,44.75,-103.75
194193,9935,269,513,44.75,-103.25
194198,9936,269,518,44.75,-100.75
194199,9937,269,519,44.75,-100.25
194200,9938,269,520,44.75,-99.75
194201,9939,269,521,44.75,-99.25
194202,9940,269,522,44.75,-98.75
194203,9941,269,523,44.75,-98.25
194204,9942,269,524,44.75,-97.75
194205,9943,269,525,44.75,-97.25
194206,9944,269,526,44.75,-96.75
194207,9945,269,527,44.75,-96.25
194208,9946,269,528,44.75,-95.75
194209,9947,269,529,44.75,-95.25
194210,9948,269,530,44.75,-94.75
194211,9949,269,531,44.75,-94.25
194212,9950,269,532,44.75,-93.75
194213,9951,269,533,44.75,-93.25
194214,9952,269,534,44.75,-92.75
194215,9953,269,535,44.75,-92.25
194216,9954,269,536,44.75,-91.75
194217,9955,269,537,44.75,-91.25
194218,9956,269,538,44.75,-90.75
194219,9957,269,539,44.75,-90.25
194220,9958,269,540,44.75,-89.75
194221,9959,269,541,44.75,-89.25
194222,9960,269,542,44.75,-88.75
194223,9961,269,543,44.75,-88.25
194230,9962,269,550,44.75,-84.75
194231,9963,269,551,44.75,-84.25
194232,9964,269,552,44.75,-83.75
194241,9965,269,561,44.75,-79.25
194242,9966,269,562,44.75,-78.75
194243,9967,269,563,44.75,-78.25
194244,9968,269,564,44.75,-77.75
194245,9969,269,565,44.75,-77.25
194246,9970,269,566,44.75,-76.75
194247,9971,269,567,44.75,-76.25
194250,9972,269,570,44.75,-74.75
194251,9973,269,571,44.75,-74.25
194252,9974,269,572,44.75,-73.75
194253,9975,269,573,44.75,-73.25
194399,9976,269,719,44.75,-0.25
194400,9977,270,0,45.25,0.25
194401,9978,270,1,45.25,0.75
194402,9979,270,2,45.25,1.25
194403,9980,270,3,45.25,1.75
194404,9981,270,4,45.25,2.25
194405,9982,270,5,45.25,2.75
194406,9983,270,6,45.25,3.25
194407,9984,270,7,45.25,3.75
194408,9985,270,8,45.25,4.25
194409,9986,270,9,45.25,4.75
194410,9987,270,10,45.25,5.25
194411,9988,270,11,45.25,5.75
194412,9989,270,12,45.25,6.25
194413,9990,270,13,45.25,6.75
194414,9991,270,14,45.25,7.25
194415,9992,270,15,45.25,7.75
194416,9993,270,16,45.25,8.25
194417,9994,270,17,45.25,8.75
194418,9995,270,18,45.25,9.25
194419,9996,270,19,45.25,9.75
194420,9997,270,20,45.25,10.25
194421,9998,270,21,45.25,10.75
194422,9999,270,22,45.25,11.25
194423,10000,270,23,45.25,11.75
194437,10001,270,37,45.25,18.75
194438,10002,270,38,45.25,19.25
194439,10003,270,39,45.25,19.75
194440,10004,270,40,45.25,20.25
194441,10005,270,41,45.25,20.75
194442,10006,270,42,45.25,21.25
194443,10007,270,43,45.25,21.75
194444,10008,270,44,45.25,22.25
194445,10009,270,45,45.25,22.75
194446,10010,270,46,45.25,23.25
194447,10011,270,47,45.25,23.75
194448,10012,270,48,45.25,24.25
194449,10013,270,49,45.25,24.75
194450,10014,270,50,45.25,25.25
194451,10015,270,51,45.25,25.75
194452,10016,270,52,45.25,26.25
194453,10017,270,53,45.25,26.75
194454,10018,270,54,45.25,27.25
194455,10019,270,55,45.25,27.75
194456,10020,270,56,45.25,28.25
194457,10021,270,57,45.25,28.75
194458,10022,270,58,45.25,29.25
194638,10023,270,238,45.25,119.25
194639,10024,270,239,45.25,119.75
194640,10025,270,240,45.25,120.25
194641,10026,270,241,45.25,120.75
194642,10027,270,242,45.25,121.25
194643,10028,270,243,45.25,121.75
194644,10029,270,244,45.25,122.25
194645,10030,270,245,45.25,122.75
194646,10031,270,246,45.25,123.25
194647,10032,270,247,45.25,123.75
194648,10033,270,248,45.25,124.25
194649,10034,270,249,45.25,124.75
194650,10035,270,250,45.25,125.25
194651,10036,270,251,45.25,125.75
194652,10037,270,252,45.25,126.25
194653,10038,270,253,45.25,126.75
194654,10039,270,254,45.25,127.25
194655,10040,270,255,45.25,127.75
194656,10041,270,256,45.25,128.25
194657,10042,270,257,45.25,128.75
194658,10043,270,258,45.25,129.25
194659,10044,270,259,45.25,129.75
194660,10045,270,260,45.25,130.25
194661,10046,270,261,45.25,130.75
194662,10047,270,262,45.25,131.25
194663,10048,270,263,45.25,131.75
194666,10049,270,266,45.25,133.25
194879,10050,270,479,45.25,-120.25
194880,10051,270,480,45.25,-119.75
194881,10052,270,481,45.25,-119.25
194882,10053,270,482,45.25,-118.75
194883,10054,270,483,45.25,-118.25
194900,10055,270,500,45.25,-109.75
194901,10056,270,501,45.25,-109.25
194902,10057,270,502,45.25,-108.75
194913,10058,270,513,45.25,-103.25
194914,10059,270,514,45.25,-102.75
194917,10060,270,517,45.25,-101.25
194918,10061,270,518,45.25,-100.75
194919,10062,270,519,45.25,-100.25
194920,10063,270,520,45.25,-99.75
194921,10064,270,521,45.25,-99.25
194922,10065,270,522,45.25,-98.75
194923,10066,270,523,45.25,-98.25
194924,10067,270,524,45.25,-97.75
194925,10068,270,525,45.25,-97.25
194926,10069,270,526,45.25,-96.75
194927,10070,270,527,45.25,-96.25
194928,10071,270,528,45.25,-95.75
194929,10072,270,529,45.25,-95.25
194930,10073,270,530,45.25,-94.75
194931,10074,270,531,45.25,-94.25
194932,10075,270,532,45.25,-93.75
194933,10076,270,533,45.25,-93.25
194934,10077,270,534,45.25,-92.75
194935,10078,270,535,45.25,-92.25
194936,10079,270,536,45.25,-91.75
194937,10080,270,537,45.25,-91.25
194938,10081,270,538,45.25,-90.75
194939,10082,270,539,45.25,-90.25
194940,10083,270,540,45.25,-89.75
194941,10084,270,541,45.25,-89.25
194942,10085,270,542,45.25,-88.75
194943,10086,270,543,45.25,-88.25
194950,10087,270,550,45.25,-84.75
194951,10088,270,551,45.25,-84.25
194964,10089,270,564,45.25,-77.75
194965,10090,270,565,45.25,-77.25
194966,10091,270,566,45.25,-76.75
194967,10092,270,567,45.25,-76.25
194968,10093,270,568,45.25,-75.75
194969,10094,270,569,45.25,-75.25
194973,10095,270,573,45.25,-73.25
194974,10096,270,574,45.25,-72.75
194975,10097,270,575,45.25,-72.25
194976,10098,270,576,45.25,-71.75
195119,10099,270,719,45.25,-0.25
195120,10100,271,0,45.75,0.25
195121,10101,271,1,45.75,0.75
195122,10102,271,2,45.75,1.25
195123,10103,271,3,45.75,1.75
195124,10104,271,4,45.75,2.25
195125,10105,271,5,45.75,2.75
195126,10106,271,6,45.75,3.25
195127,10107,271,7,45.75,3.75
195128,10108,271,8,45.75,4.25
195129,10109,271,9,45.75,4.75
195130,10110,271,10,45.75,5.25
195131,10111,271,11,45.75,5.75
195132,10112,271,12,45.75,6.25
195133,10113,271,13,45.75,6.75
195135,10114,271,15,45.75,7.75
195136,10115,271,16,45.75,8.25
195137,10116,271,17,45.75,8.75
195138,10117,271,18,45.75,9.25
195139,10118,271,19,45.75,9.75
195140,10119,271,20,45.75,10.25
195141,10120,271,21,45.75,10.75
195142,10121,271,22,45.75,11.25
195143,10122,271,23,45.75,11.75
195157,10123,271,37,45.75,18.75
195158,10124,271,38,45.75,19.25
195159,10125,271,39,45.75,19.75
195160,10126,271,40,45.75,20.25
195161,10127,271,41,45.75,20.75
195162,10128,271,42,45.75,21.25
195163,10129,271,43,45.75,21.75
195164,10130,271,44,45.75,22.25
195165,10131,271,45,45.75,22.75
195166,10132,271,46,45.75,23.25
195167,10133,271,47,45.75,23.75
195168,10134,271,48,45.75,24.25
195169,10135,271,49,45.75,24.75
195170,10136,271,50,45.75,25.25
195171,10137,271,51,45.75,25.75
195172,10138,271,52,45.75,26.25
195173,10139,271,53,45.75,26.75
195174,10140,271,54,45.75,27.25
195175,10141,271,55,45.75,27.75
195176,10142,271,56,45.75,28.25
195177,10143,271,57,45.75,28.75
195359,10144,271,239,45.75,119.75
195360,10145,271,240,45.75,120.25
195361,10146,271,241,45.75,120.75
195362,10147,271,242,45.75,121.25
195363,10148,271,243,45.75,121.75
195364,10149,271,244,45.75,122.25
195365,10150,271,245,45.75,122.75
195366,10151,271,246,45.75,123.25
195367,10152,271,247,45.75,123.75
195368,10153,271,248,45.75,124.25
195369,10154,271,249,45.75,124.75
195370,10155,271,250,45.75,125.25
195371,10156,271,251,45.75,125.75
195372,10157,271,252,45.75,126.25
195373,10158,271,253,45.75,126.75
195374,10159,271,254,45.75,127.25
195375,10160,271,255,45.75,127.75
195376,10161,271,256,45.75,128.25
195377,10162,271,257,45.75,128.75
195378,10163,271,258,45.75,129.25
195379,10164,271,259,45.75,129.75
195380,10165,271,260,45.75,130.25
195381,10166,271,261,45.75,130.75
195382,10167,271,262,45.75,131.25
195383,10168,271,263,45.75,131.75
195384,10169,271,264,45.75,132.25
195385,10170,271,265,45.75,132.75
195387,10171,271,267,45.75,133.75
195593,10172,271,473,45.75,-123.25
195594,10173,271,474,45.75,-122.75
195597,10174,271,477,45.75,-121.25
195598,10175,271,478,45.75,-120.75
195599,10176,271,479,45.75,-120.25
195600,10177,271,480,45.75,-119.75
195601,10178,271,481,45.75,-119.25
195602,10179,271,482,45.75,-118.75
195603,10180,271,483,45.75,-118.25
195621,10181,271,501,45.75,-109.25
195622,10182,271,502,45.75,-108.75
195623,10183,271,503,45.75,-108.25
195625,10184,271,505,45.75,-107.25
195632,10185,271,512,45.75,-103.75
195633,10186,271,513,45.75,-103.25
195634,10187,271,514,45.75,-102.75
195635,10188,271,515,45.75,-102.25
195636,10189,271,516,45.75,-101.75
195637,10190,271,517,45.75,-101.25
195638,10191,271,518,45.75,-100.75
195639,10192,271,519,45.75,-100.25
195640,10193,271,520,45.75,-99.75
195641,10194,271,521,45.75,-99.25
195642,10195,271,522,45.75,-98.75
195643,10196,271,523,45.75,-98.25
195644,10197,271,524,45.75,-97.75
195645,10198,271,525,45.75,-97.25
195646,10199,271,526,45.75,-96.75
195647,10200,271,527,45.75,-96.25
195648,10201,271,528,45.75,-95.75
195649,10202,271,529,45.75,-95.25
195650,10203,271,530,45.75,-94.75
195651,10204,271,531,45.75,-94.25
195652,10205,271,532,45.75,-93.75
195653,10206,271,533,45.75,-93.25
195654,10207,271,534,45.75,-92.75
195655,10208,271,535,45.75,-92.25
195656,10209,271,536,45.75,-91.75
195657,10210,271,537,45.75,-91.25
195658,10211,271,538,45.75,-90.75
195659,10212,271,539,45.75,-90.25
195660,10213,271,540,45.75,-89.75
195661,10214,271,541,45.75,-89.25
195662,10215,271,542,45.75,-88.75
195663,10216,271,543,45.75,-88.25
195664,10217,271,544,45.75,-87.75
195685,10218,271,565,45.75,-77.25
195686,10219,271,566,45.75,-76.75
195687,10220,271,567,45.75,-76.25
195688,10221,271,568,45.75,-75.75
195689,10222,271,569,45.75,-75.25
195690,10223,271,570,45.75,-74.75
195691,10224,271,571,45.75,-74.25
195694,10225,271,574,45.75,-72.75
195695,10226,271,575,45.75,-72.25
195696,10227,271,576,45.75,-71.75
195697,10228,271,577,45.75,-71.25
195698,10229,271,578,45.75,-70.75
195839,10230,271,719,45.75,-0.25
195840,10231,272,0,46.25,0.25
195841,10232,272,1,46.25,0.75
195842,10233,272,2,46.25,1.25
195843,10234,272,3,46.25,1.75
195844,10235,272,4,46.25,2.25
195845,10236,272,5,46.25,2.75
195846,10237,272,6,46.25,3.25
195847,10238,272,7,46.25,3.75
195848,10239,272,8,46.25,4.25
195849,10240,272,9,46.25,4.75
195850,10241,272,10,46.25,5.25
195851,10242,272,11,46.25,5.75
195852,10243,272,12,46.25,6.25
195853,10244,272,13,46.25,6.75
195856,10245,272,16,46.25,8.25
195858,10246,272,18,46.25,9.25
195859,10247,272,19,46.25,9.75
195860,10248,272,20,46.25,10.25
195863,10249,272,23,46.25,11.75
195864,10250,272,24,46.25,12.25
195865,10251,272,25,46.25,12.75
195866,10252,272,26,46.25,13.25
195867,10253,272,27,46.25,13.75
195868,10254,272,28,46.25,14.25
195869,10255,272,29,46.25,14.75
195870,10256,272,30,46.25,15.25
195872,10257,272,32,46.25,16.25
195873,10258,272,33,46.25,16.75
195874,10259,272,34,46.25,17.25
195875,10260,272,35,46.25,17.75
195876,10261,272,36,46.25,18.25
195877,10262,272,37,46.25,18.75
195878,10263,272,38,46.25,19.25
195879,10264,272,39,46.25,19.75
195880,10265,272,40,46.25,20.25
195881,10266,272,41,46.25,20.75
195882,10267,272,42,46.25,21.25
195883,10268,272,43,46.25,21.75
195884,10269,272,44,46.25,22.25
195885,10270,272,45,46.25,22.75
195886,10271,272,46,46.25,23.25
195887,10272,272,47,46.25,23.75
195888,10273,272,48,46.25,24.25
195889,10274,272,49,46.25,24.75
195890,10275,272,50,46.25,25.25
195891,10276,272,51,46.25,25.75
195892,10277,272,52,46.25,26.25
195893,10278,272,53,46.25,26.75
195894,10279,272,54,46.25,27.25
195895,10280,272,55,46.25,27.75
195896,10281,272,56,46.25,28.25
195897,10282,272,57,46.25,28.75
195898,10283,272,58,46.25,29.25
195899,10284,272,59,46.25,29.75
196079,10285,272,239,46.25,119.75
196080,10286,272,240,46.25,120.25
196081,10287,272,241,46.25,120.75
196082,10288,272,242,46.25,121.25
196083,10289,272,243,46.25,121.75
196084,10290,272,244,46.25,122.25
196085,10291,272,245,46.25,122.75
196086,10292,272,246,46.25,123.25
196087,10293,272,247,46.25,123.75
196088,10294,272,248,46.25,124.25
196089,10295,272,249,46.25,124.75
196090,10296,272,250,46.25,125.25
196091,10297,272,251,46.25,125.75
196092,10298,272,252,46.25,126.25
196093,10299,272,253,46.25,126.75
196094,10300,272,254,46.25,127.25
196095,10301,272,255,46.25,127.75
196096,10302,272,256,46.25,128.25
196097,10303,272,257,46.25,128.75
196098,10304,272,258,46.25,129.25
196099,10305,272,259,46.25,129.75
196100,10306,272,260,46.25,130.25
196101,10307,272,261,46.25,130.75
196102,10308,272,262,46.25,131.25
196103,10309,272,263,46.25,131.75
196104,10310,272,264,46.25,132.25
196105,10311,272,265,46.25,132.75
196106,10312,272,266,46.25,133.25
196107,10313,272,267,46.25,133.75
196318,10314,272,478,46.25,-120.75
196319,10315,272,479,46.25,-120.25
196320,10316,272,480,46.25,-119.75
196321,10317,272,481,46.25,-119.25
196322,10318,272,482,46.25,-118.75
196323,10319,272,483,46.25,-118.25
196344,10320,272,504,46.25,-107.75
196345,10321,272,505,46.25,-107.25
196348,10322,272,508,46.25,-105.75
196352,10323,272,512,46.25,-103.75
196353,10324,272,513,46.25,-103.25
196354,10325,272,514,46.25,-102.75
196355,10326,272,515,46.25,-102.25
196356,10327,272,516,46.25,-101.75
196357,10328,272,517,46.25,-101.25
196358,10329,272,518,46.25,-100.75
196359,10330,272,519,46.25,-100.25
196360,10331,272,520,46.25,-99.75
196361,10332,272,521,46.25,-99.25
196362,10333,272,522,46.25,-98.75
196363,10334,272,523,46.25,-98.25
196364,10335,272,524,46.25,-97.75
196365,10336,272,525,46.25,-97.25
196366,10337,272,526,46.25,-96.75
196367,10338,272,527,46.25,-96.25
196368,10339,272,528,46.25,-95.75
196369,10340,272,529,46.25,-95.25
196370,10341,272,530,46.25,-94.75
196371,10342,272,531,46.25,-94.25
196372,10343,272,532,46.25,-93.75
196373,10344,272,533,46.25,-93.25
196374,10345,272,534,46.25,-92.75
196375,10346,272,535,46.25,-92.25
196376,10347,272,536,46.25,-91.75
196377,10348,272,537,46.25,-91.25
196378,10349,272,538,46.25,-90.75
196385,10350,272,545,46.25,-87.25
196387,10351,272,547,46.25,-86.25
196399,10352,272,559,46.25,-80.25
196412,10353,272,572,46.25,-73.75
196416,10354,272,576,46.25,-71.75
196417,10355,272,577,46.25,-71.25
196418,10356,272,578,46.25,-70.75
196558,10357,272,718,46.25,-0.75
196559,10358,272,719,46.25,-0.25
196560,10359,273,0,46.75,0.25
196561,10360,273,1,46.75,0.75
196562,10361,273,2,46.75,1.25
196563,10362,273,3,46.75,1.75
196564,10363,273,4,46.75,2.25
196565,10364,273,5,46.75,2.75
196566,10365,273,6,46.75,3.25
196567,10366,273,7,46.75,3.75
196568,10367,273,8,46.75,4.25
196569,10368,273,9,46.75,4.75
196570,10369,273,10,46.75,5.25
196571,10370,273,11,46.75,5.75
196572,10371,273,12,46.75,6.25
196584,10372,273,24,46.75,12.25
196592,10373,273,32,46.75,16.25
196593,10374,273,33,46.75,16.75
196594,10375,273,34,46.75,17.25
196595,10376,273,35,46.75,17.75
196596,10377,273,36,46.75,18.25
196597,10378,273,37,46.75,18.75
196598,10379,273,38,46.75,19.25
196599,10380,273,39,46.75,19.75
196600,10381,273,40,46.75,20.25
196601,10382,273,41,46.75,20.75
196602,10383,273,42,46.75,21.25
196603,10384,273,43,46.75,21.75
196604,10385,273,44,46.75,22.25
196605,10386,273,45,46.75,22.75
196606,10387,273,46,46.75,23.25
196607,10388,273,47,46.75,23.75
196608,10389,273,48,46.75,24.25
196609,10390,273,49,46.75,24.75
196610,10391,273,50,46.75,25.25
196611,10392,273,51,46.75,25.75
196612,10393,273,52,46.75,26.25
196613,10394,273,53,46.75,26.75
196614,10395,273,54,46.75,27.25
196615,10396,273,55,46.75,27.75
196616,10397,273,56,46.75,28.25
196617,10398,273,57,46.75,28.75
196618,10399,273,58,46.75,29.25
196619,10400,273,59,46.75,29.75
196799,10401,273,239,46.75,119.75
196800,10402,273,240,46.75,120.25
196801,10403,273,241,46.75,120.75
196802,10404,273,242,46.75,121.25
196803,10405,273,243,46.75,121.75
196804,10406,273,244,46.75,122.25
196805,10407,273,245,46.75,122.75
196806,10408,273,246,46.75,123.25
196807,10409,273,247,46.75,123.75
196808,10410,273,248,46.75,124.25
196809,10411,273,249,46.75,124.75
196810,10412,273,250,46.75,125.25
196811,10413,273,251,46.75,125.75
196812,10414,273,252,46.75,126.25
196813,10415,273,253,46.75,126.75
196814,10416,273,254,46.75,127.25
196815,10417,273,255,46.75,127.75
196816,10418,273,256,46.75,128.25
196817,10419,273,257,46.75,128.75
196818,10420,273,258,46.75,129.25
196819,10421,273,259,46.75,129.75
196820,10422,273,260,46.75,130.25
196821,10423,273,261,46.75,130.75
196822,10424,273,262,46.75,131.25
196823,10425,273,263,46.75,131.75
196824,10426,273,264,46.75,132.25
196825,10427,273,265,46.75,132.75
196826,10428,273,266,46.75,133.25
196827,10429,273,267,46.75,133.75
197038,10430,273,478,46.75,-120.75
197039,10431,273,479,46.75,-120.25
197040,10432,273,480,46.75,-119.75
197041,10433,273,481,46.75,-119.25
197042,10434,273,482,46.75,-118.75
197043,10435,273,483,46.75,-118.25
197067,10436,273,507,46.75,-106.25
197068,10437,273,508,46.75,-105.75
197069,10438,273,509,46.75,-105.25
197070,10439,273,510,46.75,-104.75
197071,10440,273,511,46.75,-104.25
197072,10441,273,512,46.75,-103.75
197073,10442,273,513,46.75,-103.25
197074,10443,273,514,46.75,-102.75
197075,10444,273,515,46.75,-102.25
197076,10445,273,516,46.75,-101.75
197077,10446,273,517,46.75,-101.25
197078,10447,273,518,46.75,-100.75
197079,10448,273,519,46.75,-100.25
197080,10449,273,520,46.75,-99.75
197081,10450,273,521,46.75,-99.25
197082,10451,273,522,46.75,-98.75
197083,10452,273,523,46.75,-98.25
197084,10453,273,524,46.75,-97.75
197085,10454,273,525,46.75,-97.25
197086,10455,273,526,46.75,-96.75
197087,10456,273,527,46.75,-96.25
197088,10457,273,528,46.75,-95.75
197089,10458,273,529,46.75,-95.25
197090,10459,273,530,46.75,-94.75
197091,10460,273,531,46.75,-94.25
197092,10461,273,532,46.75,-93.75
197093,10462,273,533,46.75,-93.25
197094,10463,273,534,46.75,-92.75
197095,10464,273,535,46.75,-92.25
197134,10465,273,574,46.75,-72.75
197135,10466,273,575,46.75,-72.25
197139,10467,273,579,46.75,-70.25
197140,10468,273,580,46.75,-69.75
197277,10469,273,717,46.75,-1.25
197278,10470,273,718,46.75,-0.75
197279,10471,273,719,46.75,-0.25
197280,10472,274,0,47.25,0.25
197281,10473,274,1,47.25,0.75
197282,10474,274,2,47.25,1.25
197283,10475,274,3,47.25,1.75
197284,10476,274,4,47.25,2.25
197285,10477,274,5,47.25,2.75
197286,10478,274,6,47.25,3.25
197287,10479,274,7,47.25,3.75
197288,10480,274,8,47.25,4.25
197289,10481,274,9,47.25,4.75
197290,10482,274,10,47.25,5.25
197291,10483,274,11,47.25,5.75
197292,10484,274,12,47.25,6.25
197293,10485,274,13,47.25,6.75
197294,10486,274,14,47.25,7.25
197312,10487,274,32,47.25,16.25
197313,10488,274,33,47.25,16.75
197314,10489,274,34,47.25,17.25
197315,10490,274,35,47.25,17.75
197316,10491,274,36,47.25,18.25
197317,10492,274,37,47.25,18.75
197318,10493,274,38,47.25,19.25
197319,10494,274,39,47.25,19.75
197320,10495,274,40,47.25,20.25
197321,10496,274,41,47.25,20.75
197322,10497,274,42,47.25,21.25
197323,10498,274,43,47.25,21.75
197324,10499,274,44,47.25,22.25
197325,10500,274,45,47.25,22.75
197326,10501,274,46,47.25,23.25
197327,10502,274,47,47.25,23.75
197328,10503,274,48,47.25,24.25
197329,10504,274,49,47.25,24.75
197330,10505,274,50,47.25,25.25
197331,10506,274,51,47.25,25.75
197332,10507,274,52,47.25,26.25
197333,10508,274,53,47.25,26.75
197334,10509,274,54,47.25,27.25
197335,10510,274,55,47.25,27.75
197336,10511,274,56,47.25,28.25
197337,10512,274,57,47.25,28.75
197338,10513,274,58,47.25,29.25
197518,10514,274,238,47.25,119.25
197519,10515,274,239,47.25,119.75
197520,10516,274,240,47.25,120.25
197521,10517,274,241,47.25,120.75
197522,10518,274,242,47.25,121.25
197523,10519,274,243,47.25,121.75
197524,10520,274,244,47.25,122.25
197525,10521,274,245,47.25,122.75
197526,10522,274,246,47.25,123.25
197527,10523,274,247,47.25,123.75
197528,10524,274,248,47.25,124.25
197529,10525,274,249,47.25,124.75
197530,10526,274,250,47.25,125.25
197531,10527,274,251,47.25,125.75
197532,10528,274,252,47.25,126.25
197533,10529,274,253,47.25,126.75
197534,10530,274,254,47.25,127.25
197535,10531,274,255,47.25,127.75
197536,10532,274,256,47.25,128.25
197537,10533,274,257,47.25,128.75
197538,10534,274,258,47.25,129.25
197539,10535,274,259,47.25,129.75
197540,10536,274,260,47.25,130.25
197541,10537,274,261,47.25,130.75
197542,10538,274,262,47.25,131.25
197543,10539,274,263,47.25,131.75
197544,10540,274,264,47.25,132.25
197545,10541,274,265,47.25,132.75
197546,10542,274,266,47.25,133.25
197547,10543,274,267,47.25,133.75
197548,10544,274,268,47.25,134.25
197759,10545,274,479,47.25,-120.25
197760,10546,274,480,47.25,-119.75
197761,10547,274,481,47.25,-119.25
197762,10548,274,482,47.25,-118.75
197763,10549,274,483,47.25,-118.25
197764,10550,274,484,47.25,-117.75
197771,10551,274,491,47.25,-114.25
197787,10552,274,507,47.25,-106.25
197788,10553,274,508,47.25,-105.75
197789,10554,274,509,47.25,-105.25
197790,10555,274,510,47.25,-104.75
197791,10556,274,511,47.25,-104.25
197792,10557,274,512,47.25,-103.75
197793,10558,274,513,47.25,-103.25
197794,10559,274,514,47.25,-102.75
197795,10560,274,515,47.25,-102.25
197796,10561,274,516,47.25,-101.75
197797,10562,274,517,47.25,-101.25
197798,10563,274,518,47.25,-100.75
197799,10564,274,519,47.25,-100.25
197800,10565,274,520,47.25,-99.75
197801,10566,274,521,47.25,-99.25
197802,10567,274,522,47.25,-98.75
197803,10568,274,523,47.25,-98.25
197804,10569,274,524,47.25,-97.75
197805,10570,274,525,47.25,-97.25
197806,10571,274,526,47.25,-96.75
197807,10572,274,527,47.25,-96.25
197808,10573,274,528,47.25,-95.75
197809,10574,274,529,47.25,-95.25
197810,10575,274,530,47.25,-94.75
197811,10576,274,531,47.25,-94.25
197812,10577,274,532,47.25,-93.75
197813,10578,274,533,47.25,-93.25
197814,10579,274,534,47.25,-92.75
197852,10580,274,572,47.25,-73.75
197860,10581,274,580,47.25,-69.75
197997,10582,274,717,47.25,-1.25
197998,10583,274,718,47.25,-0.75
197999,10584,274,719,47.25,-0.25
198000,10585,275,0,47.75,0.25
198001,10586,275,1,47.75,0.75
198002,10587,275,2,47.75,1.25
198003,10588,275,3,47.75,1.75
198004,10589,275,4,47.75,2.25
198005,10590,275,5,47.75,2.75
198006,10591,275,6,47.75,3.25
198007,10592,275,7,47.75,3.75
198008,10593,275,8,47.75,4.25
198009,10594,275,9,47.75,4.75
198010,10595,275,10,47.75,5.25
198011,10596,275,11,47.75,5.75
198012,10597,275,12,47.75,6.25
198013,10598,275,13,47.75,6.75
198014,10599,275,14,47.75,7.25
198033,10600,275,33,47.75,16.75
198034,10601,275,34,47.75,17.25
198035,10602,275,35,47.75,17.75
198036,10603,275,36,47.75,18.25
198037,10604,275,37,47.75,18.75
198038,10605,275,38,47.75,19.25
198039,10606,275,39,47.75,19.75
198040,10607,275,40,47.75,20.25
198041,10608,275,41,47.75,20.75
198042,10609,275,42,47.75,21.25
198043,10610,275,43,47.75,21.75
198044,10611,275,44,47.75,22.25
198045,10612,275,45,47.75,22.75
198046,10613,275,46,47.75,23.25
198047,10614,275,47,47.75,23.75
198048,10615,275,48,47.75,24.25
198049,10616,275,49,47.75,24.75
198050,10617,275,50,47.75,25.25
198051,10618,275,51,47.75,25.75
198052,10619,275,52,47.75,26.25
198053,10620,275,53,47.75,26.75
198054,10621,275,54,47.75,27.25
198055,10622,275,55,47.75,27.75
198056,10623,275,56,47.75,28.25
198057,10624,275,57,47.75,28.75
198058,10625,275,58,47.75,29.25
198241,10626,275,241,47.75,120.75
198242,10627,275,242,47.75,121.25
198243,10628,275,243,47.75,121.75
198244,10629,275,244,47.75,122.25
198245,10630,275,245,47.75,122.75
198246,10631,275,246,47.75,123.25
198247,10632,275,247,47.75,123.75
198248,10633,275,248,47.75,124.25
198249,10634,275,249,47.75,124.75
198250,10635,275,250,47.75,125.25
198251,10636,275,251,47.75,125.75
198252,10637,275,252,47.75,126.25
198253,10638,275,253,47.75,126.75
198254,10639,275,254,47.75,127.25
198255,10640,275,255,47.75,127.75
198256,10641,275,256,47.75,128.25
198257,10642,275,257,47.75,128.75
198258,10643,275,258,47.75,129.25
198259,10644,275,259,47.75,129.75
198260,10645,275,260,47.75,130.25
198261,10646,275,261,47.75,130.75
198262,10647,275,262,47.75,131.25
198263,10648,275,263,47.75,131.75
198264,10649,275,264,47.75,132.25
198266,10650,275,266,47.75,133.25
198267,10651,275,267,47.75,133.75
198268,10652,275,268,47.75,134.25
198269,10653,275,269,47.75,134.75
198479,10654,275,479,47.75,-120.25
198480,10655,275,480,47.75,-119.75
198481,10656,275,481,47.75,-119.25
198482,10657,275,482,47.75,-118.75
198483,10658,275,483,47.75,-118.25
198484,10659,275,484,47.75,-117.75
198491,10660,275,491,47.75,-114.25
198508,10661,275,508,47.75,-105.75
198509,10662,275,509,47.75,-105.25
198510,10663,275,510,47.75,-104.75
198511,10664,275,511,47.75,-104.25
198512,10665,275,512,47.75,-103.75
198513,10666,275,513,47.75,-103.25
198514,10667,275,514,47.75,-102.75
198515,10668,275,515,47.75,-102.25
198516,10669,275,516,47.75,-101.75
198517,10670,275,517,47.75,-101.25
198518,10671,275,518,47.75,-100.75
198519,10672,275,519,47.75,-100.25
198520,10673,275,520,47.75,-99.75
198521,10674,275,521,47.75,-99.25
198522,10675,275,522,47.75,-98.75
198523,10676,275,523,47.75,-98.25
198524,10677,275,524,47.75,-97.75
198525,10678,275,525,47.75,-97.25
198526,10679,275,526,47.75,-96.75
198527,10680,275,527,47.75,-96.25
198528,10681,275,528,47.75,-95.75
198529,10682,275,529,47.75,-95.25
198530,10683,275,530,47.75,-94.75
198531,10684,275,531,47.75,-94.25
198532,10685,275,532,47.75,-93.75
198533,10686,275,533,47.75,-93.25
198560,10687,275,560,47.75,-79.75
198581,10688,275,581,47.75,-69.25
198715,10689,275,715,47.75,-2.25
198716,10690,275,716,47.75,-1.75
198717,10691,275,717,47.75,-1.25
198718,10692,275,718,47.75,-0.75
198719,10693,275,719,47.75,-0.25
198720,10694,276,0,48.25,0.25
198721,10695,276,1,48.25,0.75
198722,10696,276,2,48.25,1.25
198723,10697,276,3,48.25,1.75
198724,10698,276,4,48.25,2.25
198725,10699,276,5,48.25,2.75
198726,10700,276,6,48.25,3.25
198727,10701,276,7,48.25,3.75
198728,10702,276,8,48.25,4.25
198729,10703,276,9,48.25,4.75
198730,10704,276,10,48.25,5.25
198731,10705,276,11,48.25,5.75
198732,10706,276,12,48.25,6.25
198733,10707,276,13,48.25,6.75
198734,10708,276,14,48.25,7.25
198735,10709,276,15,48.25,7.75
198758,10710,276,38,48.25,19.25
198759,10711,276,39,48.25,19.75
198760,10712,276,40,48.25,20.25
198761,10713,276,41,48.25,20.75
198762,10714,276,42,48.25,21.25
198763,10715,276,43,48.25,21.75
198764,10716,276,44,48.25,22.25
198772,10717,276,52,48.25,26.25
198773,10718,276,53,48.25,26.75
198774,10719,276,54,48.25,27.25
198775,10720,276,55,48.25,27.75
198776,10721,276,56,48.25,28.25
198777,10722,276,57,48.25,28.75
198961,10723,276,241,48.25,120.75
198962,10724,276,242,48.25,121.25
198963,10725,276,243,48.25,121.75
198964,10726,276,244,48.25,122.25
198965,10727,276,245,48.25,122.75
198966,10728,276,246,48.25,123.25
198967,10729,276,247,48.25,123.75
198968,10730,276,248,48.25,124.25
198969,10731,276,249,48.25,124.75
198970,10732,276,250,48.25,125.25
198971,10733,276,251,48.25,125.75
198972,10734,276,252,48.25,126.25
198973,10735,276,253,48.25,126.75
198974,10736,276,254,48.25,127.25
198975,10737,276,255,48.25,127.75
198976,10738,276,256,48.25,128.25
198977,10739,276,257,48.25,128.75
198978,10740,276,258,48.25,129.25
198979,10741,276,259,48.25,129.75
198980,10742,276,260,48.25,130.25
198988,10743,276,268,48.25,134.25
199231,10744,276,511,48.25,-104.25
199232,10745,276,512,48.25,-103.75
199233,10746,276,513,48.25,-103.25
199234,10747,276,514,48.25,-102.75
199235,10748,276,515,48.25,-102.25
199236,10749,276,516,48.25,-101.75
199237,10750,276,517,48.25,-101.25
199238,10751,276,518,48.25,-100.75
199239,10752,276,519,48.25,-100.25
199240,10753,276,520,48.25,-99.75
199241,10754,276,521,48.25,-99.25
199242,10755,276,522,48.25,-98.75
199243,10756,276,523,48.25,-98.25
199244,10757,276,524,48.25,-97.75
199245,10758,276,525,48.25,-97.25
199246,10759,276,526,48.25,-96.75
199247,10760,276,527,48.25,-96.25
199248,10761,276,528,48.25,-95.75
199249,10762,276,529,48.25,-95.25
199250,10763,276,530,48.25,-94.75
199252,10764,276,532,48.25,-93.75
199295,10765,276,575,48.25,-72.25
199296,10766,276,576,48.25,-71.75
199297,10767,276,577,48.25,-71.25
199298,10768,276,578,48.25,-70.75
199432,10769,276,712,48.25,-3.75
199433,10770,276,713,48.25,-3.25
199434,10771,276,714,48.25,-2.75
199435,10772,276,715,48.25,-2.25
199436,10773,276,716,48.25,-1.75
199437,10774,276,717,48.25,-1.25
199438,10775,276,718,48.25,-0.75
199439,10776,276,719,48.25,-0.25
199440,10777,277,0,48.75,0.25
199441,10778,277,1,48.75,0.75
199442,10779,277,2,48.75,1.25
199443,10780,277,3,48.75,1.75
199444,10781,277,4,48.75,2.25
199445,10782,277,5,48.75,2.75
199446,10783,277,6,48.75,3.25
199447,10784,277,7,48.75,3.75
199448,10785,277,8,48.75,4.25
199449,10786,277,9,48.75,4.75
199450,10787,277,10,48.75,5.25
199451,10788,277,11,48.75,5.75
199452,10789,277,12,48.75,6.25
199453,10790,277,13,48.75,6.75
199454,10791,277,14,48.75,7.25
199455,10792,277,15,48.75,7.75
199456,10793,277,16,48.75,8.25
199681,10794,277,241,48.75,120.75
199682,10795,277,242,48.75,121.25
199683,10796,277,243,48.75,121.75
199684,10797,277,244,48.75,122.25
199685,10798,277,245,48.75,122.75
199686,10799,277,246,48.75,123.25
199687,10800,277,247,48.75,123.75
199688,10801,277,248,48.75,124.25
199689,10802,277,249,48.75,124.75
199690,10803,277,250,48.75,125.25
199691,10804,277,251,48.75,125.75
199692,10805,277,252,48.75,126.25
199693,10806,277,253,48.75,126.75
199694,10807,277,254,48.75,127.25
199695,10808,277,255,48.75,127.75
199696,10809,277,256,48.75,128.25
199697,10810,277,257,48.75,128.75
199698,10811,277,258,48.75,129.25
199699,10812,277,259,48.75,129.75
199700,10813,277,260,48.75,130.25
199951,10814,277,511,48.75,-104.25
199952,10815,277,512,48.75,-103.75
199953,10816,277,513,48.75,-103.25
199954,10817,277,514,48.75,-102.75
199955,10818,277,515,48.75,-102.25
199956,10819,277,516,48.75,-101.75
199957,10820,277,517,48.75,-101.25
199958,10821,277,518,48.75,-100.75
199959,10822,277,519,48.75,-100.25
199960,10823,277,520,48.75,-99.75
199961,10824,277,521,48.75,-99.25
199962,10825,277,522,48.75,-98.75
199963,10826,277,523,48.75,-98.25
199964,10827,277,524,48.75,-97.75
199965,10828,277,525,48.75,-97.25
199966,10829,277,526,48.75,-96.75
199967,10830,277,527,48.75,-96.25
199968,10831,277,528,48.75,-95.75
199969,10832,277,529,48.75,-95.25
200014,10833,277,574,48.75,-72.75
200015,10834,277,575,48.75,-72.25
200016,10835,277,576,48.75,-71.75
200017,10836,277,577,48.75,-71.25
200157,10837,277,717,48.75,-1.25
200158,10838,277,718,48.75,-0.75
200159,10839,277,719,48.75,-0.25
200161,10840,278,1,49.25,0.75
200162,10841,278,2,49.25,1.25
200163,10842,278,3,49.25,1.75
200164,10843,278,4,49.25,2.25
200165,10844,278,5,49.25,2.75
200166,10845,278,6,49.25,3.25
200167,10846,278,7,49.25,3.75
200168,10847,278,8,49.25,4.25
200169,10848,278,9,49.25,4.75
200170,10849,278,10,49.25,5.25
200171,10850,278,11,49.25,5.75
200172,10851,278,12,49.25,6.25
200173,10852,278,13,49.25,6.75
200174,10853,278,14,49.25,7.25
200401,10854,278,241,49.25,120.75
200402,10855,278,242,49.25,121.25
200403,10856,278,243,49.25,121.75
200404,10857,278,244,49.25,122.25
200405,10858,278,245,49.25,122.75
200406,10859,278,246,49.25,123.25
200407,10860,278,247,49.25,123.75
200408,10861,278,248,49.25,124.25
200409,10862,278,249,49.25,124.75
200410,10863,278,250,49.25,125.25
200411,10864,278,251,49.25,125.75
200412,10865,278,252,49.25,126.25
200413,10866,278,253,49.25,126.75
200414,10867,278,254,49.25,127.25
200415,10868,278,255,49.25,127.75
200416,10869,278,256,49.25,128.25
200417,10870,278,257,49.25,128.75
200419,10871,278,259,49.25,129.75
200738,10872,278,578,49.25,-70.75
200883,10873,279,3,49.75,1.75
200884,10874,279,4,49.75,2.25
200885,10875,279,5,49.75,2.75
200886,10876,279,6,49.75,3.25
200887,10877,279,7,49.75,3.75
200888,10878,279,8,49.75,4.25
200889,10879,279,9,49.75,4.75
200890,10880,279,10,49.75,5.25
201116,10881,279,236,49.75,118.25
201121,10882,279,241,49.75,120.75
201122,10883,279,242,49.75,121.25
201123,10884,279,243,49.75,121.75
201128,10885,279,248,49.75,124.25
201129,10886,279,249,49.75,124.75
201130,10887,279,250,49.75,125.25
201131,10888,279,251,49.75,125.75
201132,10889,279,252,49.75,126.25
201133,10890,279,253,49.75,126.75
201134,10891,279,254,49.75,127.25
201135,10892,279,255,49.75,127.75
201604,10893,280,4,50.25,2.25
201605,10894,280,5,50.25,2.75
201606,10895,280,6,50.25,3.25
201607,10896,280,7,50.25,3.75
201608,10897,280,8,50.25,4.25
201609,10898,280,9,50.25,4.75
201841,10899,280,241,50.25,120.75
201842,10900,280,242,50.25,121.25
201848,10901,280,248,50.25,124.25
201849,10902,280,249,50.25,124.75
201850,10903,280,250,50.25,125.25
201851,10904,280,251,50.25,125.75
201852,10905,280,252,50.25,126.25
201853,10906,280,253,50.25,126.75
201854,10907,280,254,50.25,127.25
202324,10908,281,4,50.75,2.25
202325,10909,281,5,50.75,2.75
202326,10910,281,6,50.75,3.25
202568,10911,281,248,50.75,124.25
202569,10912,281,249,50.75,124.75
202570,10913,281,250,50.75,125.25
202571,10914,281,251,50.75,125.75
202572,10915,281,252,50.75,126.25
202573,10916,281,253,50.75,126.75
202574,10917,281,254,50.75,127.25
203289,10918,282,249,51.25,124.75
203290,10919,282,250,51.25,125.25
203291,10920,282,251,51.25,125.75
203292,10921,282,252,51.25,126.25
204013,10922,283,253,51.75,126.75
