pixel_id,h5_index,lat_idx,lon_idx,latitude,longitude
84135,0,116,615,-31.75,-52.25
84854,1,117,614,-31.25,-52.75
86296,2,119,616,-30.25,-51.75
87015,3,120,615,-29.75,-52.25
87729,4,121,609,-29.25,-55.25
87732,5,121,612,-29.25,-53.75
87739,6,121,619,-29.25,-50.25
94216,7,130,616,-24.75,-51.75
94933,8,131,613,-24.25,-53.25
94935,9,131,615,-24.25,-52.25
94939,10,131,619,-24.25,-50.25
95659,11,132,619,-23.75,-50.25
97089,12,134,609,-22.75,-55.25
100703,13,139,623,-20.25,-48.25
100715,14,139,635,-20.25,-42.25
100717,15,139,637,-20.25,-41.25
101416,16,140,616,-19.75,-51.75
102130,17,141,610,-19.25,-54.75
104293,18,144,613,-17.75,-53.25
104304,19,144,624,-17.75,-47.75
105026,20,145,626,-17.25,-46.75
105753,21,146,633,-16.75,-43.25
108605,22,150,605,-14.75,-57.25
108632,23,150,632,-14.75,-43.75
112216,24,155,616,-12.25,-51.75
113641,25,157,601,-11.25,-59.25
113642,26,157,602,-11.25,-58.75
115805,27,160,605,-9.75,-57.25
118301,28,164,221,-7.75,110.75
118302,29,164,222,-7.75,111.25
118303,30,164,223,-7.75,111.75
118304,31,164,224,-7.75,112.25
119015,32,165,215,-7.25,107.75
119016,33,165,216,-7.25,108.25
119017,34,165,217,-7.25,108.75
119018,35,165,218,-7.25,109.25
119019,36,165,219,-7.25,109.75
119020,37,165,220,-7.25,110.25
119021,38,165,221,-7.25,110.75
119022,39,165,222,-7.25,111.25
119023,40,165,223,-7.25,111.75
119024,41,165,224,-7.25,112.25
119733,42,166,213,-6.75,106.75
119734,43,166,214,-6.75,107.25
119735,44,166,215,-6.75,107.75
119736,45,166,216,-6.75,108.25
120452,46,167,212,-6.25,106.25
120454,47,167,214,-6.25,107.25
121889,48,169,209,-5.25,104.75
121919,49,169,239,-5.25,119.75
124799,50,173,239,-3.25,119.75
125486,51,174,206,-2.75,103.25
125518,52,174,238,-2.75,119.25
125519,53,174,239,-2.75,119.75
125523,54,174,243,-2.75,121.75
126206,55,175,206,-2.25,103.25
126239,56,175,239,-2.25,119.75
126240,57,175,240,-2.25,120.25
126241,58,175,241,-2.25,120.75
126753,59,176,33,-1.75,16.75
127647,60,177,207,-1.25,103.75
128204,61,178,44,-0.75,22.25
129648,62,180,48,0.25,24.25
129649,63,180,49,0.25,24.75
129650,64,180,50,0.25,25.25
130368,65,181,48,0.75,24.25
130370,66,181,50,0.75,25.25
130379,67,181,59,0.75,29.75
130380,68,181,60,0.75,30.25
131076,69,182,36,1.25,18.25
131087,70,182,47,1.25,23.75
131099,71,182,59,1.25,29.75
131100,72,182,60,1.25,30.25
131241,73,182,201,1.25,100.75
131803,74,183,43,1.75,21.75
131805,75,183,45,1.75,22.75
131819,76,183,59,1.75,29.75
131820,77,183,60,1.75,30.25
131821,78,183,61,1.75,30.75
131959,79,183,199,1.75,99.75
132367,80,183,607,1.75,-56.25
132368,81,183,608,1.75,-55.75
132520,82,184,40,2.25,20.25
132524,83,184,44,2.25,22.25
132525,84,184,45,2.25,22.75
132541,85,184,61,2.25,30.75
132542,86,184,62,2.25,31.25
133088,87,184,608,2.25,-55.75
133237,88,185,37,2.75,18.75
133238,89,185,38,2.75,19.25
133239,90,185,39,2.75,19.75
133240,91,185,40,2.75,20.25
133245,92,185,45,2.75,22.75
133249,93,185,49,2.75,24.75
133255,94,185,55,2.75,27.75
133260,95,185,60,2.75,30.25
133261,96,185,61,2.75,30.75
133957,97,186,37,3.25,18.75
133958,98,186,38,3.25,19.25
133959,99,186,39,3.25,19.75
133960,100,186,40,3.25,20.25
133961,101,186,41,3.25,20.75
133980,102,186,60,3.25,30.25
133981,103,186,61,3.25,30.75
134677,104,187,37,3.75,18.75
134678,105,187,38,3.75,19.25
134679,106,187,39,3.75,19.75
134680,107,187,40,3.75,20.25
134681,108,187,41,3.75,20.75
134684,109,187,44,3.75,22.25
134685,110,187,45,3.75,22.75
134692,111,187,52,3.75,26.25
134693,112,187,53,3.75,26.75
134694,113,187,54,3.75,27.25
134695,114,187,55,3.75,27.75
134698,115,187,58,3.75,29.25
135381,116,188,21,4.25,10.75
135382,117,188,22,4.25,11.25
135383,118,188,23,4.25,11.75
135384,119,188,24,4.25,12.25
135394,120,188,34,4.25,17.25
135395,121,188,35,4.25,17.75
135396,122,188,36,4.25,18.25
135397,123,188,37,4.25,18.75
135398,124,188,38,4.25,19.25
135399,125,188,39,4.25,19.75
135400,126,188,40,4.25,20.25
135401,127,188,41,4.25,20.75
135402,128,188,42,4.25,21.25
135403,129,188,43,4.25,21.75
135410,130,188,50,4.25,25.25
135412,131,188,52,4.25,26.25
135591,132,188,231,4.25,115.75
136092,133,189,12,4.75,6.25
136101,134,189,21,4.75,10.75
136102,135,189,22,4.75,11.25
136103,136,189,23,4.75,11.75
136104,137,189,24,4.75,12.25
136117,138,189,37,4.75,18.75
136118,139,189,38,4.75,19.25
136119,140,189,39,4.75,19.75
136120,141,189,40,4.75,20.25
136121,142,189,41,4.75,20.75
136122,143,189,42,4.75,21.25
136123,144,189,43,4.75,21.75
136132,145,189,52,4.75,26.25
136311,146,189,231,4.75,115.75
136312,147,189,232,4.75,116.25
136313,148,189,233,4.75,116.75
136314,149,189,234,4.75,117.25
136315,150,189,235,4.75,117.75
136784,151,189,704,4.75,-7.75
136812,152,190,12,5.25,6.25
136814,153,190,14,5.25,7.25
136820,154,190,20,5.25,10.25
136821,155,190,21,5.25,10.75
136822,156,190,22,5.25,11.25
136823,157,190,23,5.25,11.75
136824,158,190,24,5.25,12.25
136838,159,190,38,5.25,19.25
136839,160,190,39,5.25,19.75
136841,161,190,41,5.25,20.75
136842,162,190,42,5.25,21.25
137032,163,190,232,5.25,116.25
137033,164,190,233,5.25,116.75
137034,165,190,234,5.25,117.25
137035,166,190,235,5.25,117.75
137036,167,190,236,5.25,118.25
137405,168,190,605,5.25,-57.25
137407,169,190,607,5.25,-56.25
137503,170,190,703,5.25,-8.25
137504,171,190,704,5.25,-7.75
137505,172,190,705,5.25,-7.25
137506,173,190,706,5.25,-6.75
137507,174,190,707,5.25,-6.25
137515,175,190,715,5.25,-2.25
137516,176,190,716,5.25,-1.75
137536,177,191,16,5.75,8.25
137539,178,191,19,5.75,9.75
137540,179,191,20,5.75,10.25
137541,180,191,21,5.75,10.75
137542,181,191,22,5.75,11.25
137560,182,191,40,5.75,20.25
137753,183,191,233,5.75,116.75
137754,184,191,234,5.75,117.25
138123,185,191,603,5.75,-58.25
138223,186,191,703,5.75,-8.25
138224,187,191,704,5.75,-7.75
138225,188,191,705,5.75,-7.25
138226,189,191,706,5.75,-6.75
138227,190,191,707,5.75,-6.25
138228,191,191,708,5.75,-5.75
138229,192,191,709,5.75,-5.25
138230,193,191,710,5.75,-4.75
138231,194,191,711,5.75,-4.25
138232,195,191,712,5.75,-3.75
138233,196,191,713,5.75,-3.25
138234,197,191,714,5.75,-2.75
138236,198,191,716,5.75,-1.75
138252,199,192,12,6.25,6.25
138253,200,192,13,6.25,6.75
138258,201,192,18,6.25,9.25
138259,202,192,19,6.25,9.75
138260,203,192,20,6.25,10.25
138261,204,192,21,6.25,10.75
138262,205,192,22,6.25,11.25
138263,206,192,23,6.25,11.75
138265,207,192,25,6.25,12.75
138266,208,192,26,6.25,13.25
138267,209,192,27,6.25,13.75
138268,210,192,28,6.25,14.25
138278,211,192,38,6.25,19.25
138441,212,192,201,6.25,100.75
138473,213,192,233,6.25,116.75
138474,214,192,234,6.25,117.25
138489,215,192,249,6.25,124.75
138940,216,192,700,6.25,-9.75
138941,217,192,701,6.25,-9.25
138942,218,192,702,6.25,-8.75
138943,219,192,703,6.25,-8.25
138944,220,192,704,6.25,-7.75
138945,221,192,705,6.25,-7.25
138946,222,192,706,6.25,-6.75
138947,223,192,707,6.25,-6.25
138948,224,192,708,6.25,-5.75
138949,225,192,709,6.25,-5.25
138950,226,192,710,6.25,-4.75
138951,227,192,711,6.25,-4.25
138952,228,192,712,6.25,-3.75
138953,229,192,713,6.25,-3.25
138974,230,193,14,6.75,7.25
138976,231,193,16,6.75,8.25
138977,232,193,17,6.75,8.75
138979,233,193,19,6.75,9.75
138980,234,193,20,6.75,10.25
138981,235,193,21,6.75,10.75
138982,236,193,22,6.75,11.25
138983,237,193,23,6.75,11.75
138984,238,193,24,6.75,12.25
138985,239,193,25,6.75,12.75
138986,240,193,26,6.75,13.25
138987,241,193,27,6.75,13.75
138988,242,193,28,6.75,14.25
138989,243,193,29,6.75,14.75
138990,244,193,30,6.75,15.25
139120,245,193,160,6.75,80.25
139160,246,193,200,6.75,100.25
139209,247,193,249,6.75,124.75
139659,248,193,699,6.75,-10.25
139660,249,193,700,6.75,-9.75
139661,250,193,701,6.75,-9.25
139662,251,193,702,6.75,-8.75
139663,252,193,703,6.75,-8.25
139664,253,193,704,6.75,-7.75
139665,254,193,705,6.75,-7.25
139666,255,193,706,6.75,-6.75
139667,256,193,707,6.75,-6.25
139668,257,193,708,6.75,-5.75
139669,258,193,709,6.75,-5.25
139670,259,193,710,6.75,-4.75
139671,260,193,711,6.75,-4.25
139672,261,193,712,6.75,-3.75
139673,262,193,713,6.75,-3.25
139680,263,194,0,7.25,0.25
139693,264,194,13,7.25,6.75
139698,265,194,18,7.25,9.25
139699,266,194,19,7.25,9.75
139700,267,194,20,7.25,10.25
139701,268,194,21,7.25,10.75
139702,269,194,22,7.25,11.25
139703,270,194,23,7.25,11.75
139704,271,194,24,7.25,12.25
139705,272,194,25,7.25,12.75
139706,273,194,26,7.25,13.25
139707,274,194,27,7.25,13.75
139708,275,194,28,7.25,14.25
139709,276,194,29,7.25,14.75
139710,277,194,30,7.25,15.25
139711,278,194,31,7.25,15.75
139840,279,194,160,7.25,80.25
139841,280,194,161,7.25,80.75
139842,281,194,162,7.25,81.25
139880,282,194,200,7.25,100.25
139929,283,194,249,7.25,124.75
139930,284,194,250,7.25,125.25
140255,285,194,575,7.25,-72.25
140256,286,194,576,7.25,-71.75
140377,287,194,697,7.25,-11.25
140380,288,194,700,7.25,-9.75
140381,289,194,701,7.25,-9.25
140382,290,194,702,7.25,-8.75
140383,291,194,703,7.25,-8.25
140384,292,194,704,7.25,-7.75
140385,293,194,705,7.25,-7.25
140386,294,194,706,7.25,-6.75
140387,295,194,707,7.25,-6.25
140388,296,194,708,7.25,-5.75
140389,297,194,709,7.25,-5.25
140390,298,194,710,7.25,-4.75
140391,299,194,711,7.25,-4.25
140392,300,194,712,7.25,-3.75
140393,301,194,713,7.25,-3.25
140394,302,194,714,7.25,-2.75
140403,303,195,3,7.75,1.75
140411,304,195,11,7.75,5.75
140413,305,195,13,7.75,6.75
140414,306,195,14,7.75,7.25
140415,307,195,15,7.75,7.75
140416,308,195,16,7.75,8.25
140418,309,195,18,7.75,9.25
140419,310,195,19,7.75,9.75
140420,311,195,20,7.75,10.25
140421,312,195,21,7.75,10.75
140422,313,195,22,7.75,11.25
140423,314,195,23,7.75,11.75
140424,315,195,24,7.75,12.25
140425,316,195,25,7.75,12.75
140426,317,195,26,7.75,13.25
140427,318,195,27,7.75,13.75
140428,319,195,28,7.75,14.25
140429,320,195,29,7.75,14.75
140430,321,195,30,7.75,15.25
140431,322,195,31,7.75,15.75
140432,323,195,32,7.75,16.25
140433,324,195,33,7.75,16.75
140434,325,195,34,7.75,17.25
140560,326,195,160,7.75,80.25
140561,327,195,161,7.75,80.75
140599,328,195,199,7.75,99.75
140650,329,195,250,7.75,125.25
140651,330,195,251,7.75,125.75
140975,331,195,575,7.75,-72.25
140976,332,195,576,7.75,-71.75
140977,333,195,577,7.75,-71.25
140982,334,195,582,7.75,-68.75
140984,335,195,584,7.75,-67.75
140985,336,195,585,7.75,-67.25
140986,337,195,586,7.75,-66.75
140987,338,195,587,7.75,-66.25
140988,339,195,588,7.75,-65.75
141096,340,195,696,7.75,-11.75
141097,341,195,697,7.75,-11.25
141100,342,195,700,7.75,-9.75
141101,343,195,701,7.75,-9.25
141102,344,195,702,7.75,-8.75
141103,345,195,703,7.75,-8.25
141104,346,195,704,7.75,-7.75
141105,347,195,705,7.75,-7.25
141106,348,195,706,7.75,-6.75
141107,349,195,707,7.75,-6.25
141108,350,195,708,7.75,-5.75
141109,351,195,709,7.75,-5.25
141110,352,195,710,7.75,-4.75
141111,353,195,711,7.75,-4.25
141112,354,195,712,7.75,-3.75
141113,355,195,713,7.75,-3.25
141114,356,195,714,7.75,-2.75
141117,357,195,717,7.75,-1.25
141120,358,196,0,8.25,0.25
141130,359,196,10,8.25,5.25
141132,360,196,12,8.25,6.25
141133,361,196,13,8.25,6.75
141134,362,196,14,8.25,7.25
141135,363,196,15,8.25,7.75
141136,364,196,16,8.25,8.25
141137,365,196,17,8.25,8.75
141138,366,196,18,8.25,9.25
141139,367,196,19,8.25,9.75
141140,368,196,20,8.25,10.25
141141,369,196,21,8.25,10.75
141142,370,196,22,8.25,11.25
141143,371,196,23,8.25,11.75
141144,372,196,24,8.25,12.25
141145,373,196,25,8.25,12.75
141146,374,196,26,8.25,13.25
141147,375,196,27,8.25,13.75
141148,376,196,28,8.25,14.25
141149,377,196,29,8.25,14.75
141150,378,196,30,8.25,15.25
141151,379,196,31,8.25,15.75
141152,380,196,32,8.25,16.25
141153,381,196,33,8.25,16.75
141154,382,196,34,8.25,17.25
141280,383,196,160,8.25,80.25
141281,384,196,161,8.25,80.75
141318,385,196,198,8.25,99.25
141319,386,196,199,8.25,99.75
141366,387,196,246,8.25,123.25
141369,388,196,249,8.25,124.75
141370,389,196,250,8.25,125.25
141371,390,196,251,8.25,125.75
141677,391,196,557,8.25,-81.25
141678,392,196,558,8.25,-80.75
141684,393,196,564,8.25,-77.75
141695,394,196,575,8.25,-72.25
141699,395,196,579,8.25,-70.25
141700,396,196,580,8.25,-69.75
141701,397,196,581,8.25,-69.25
141702,398,196,582,8.25,-68.75
141703,399,196,583,8.25,-68.25
141704,400,196,584,8.25,-67.75
141705,401,196,585,8.25,-67.25
141706,402,196,586,8.25,-66.75
141707,403,196,587,8.25,-66.25
141708,404,196,588,8.25,-65.75
141709,405,196,589,8.25,-65.25
141815,406,196,695,8.25,-12.25
141816,407,196,696,8.25,-11.75
141817,408,196,697,8.25,-11.25
141818,409,196,698,8.25,-10.75
141819,410,196,699,8.25,-10.25
141820,411,196,700,8.25,-9.75
141821,412,196,701,8.25,-9.25
141822,413,196,702,8.25,-8.75
141823,414,196,703,8.25,-8.25
141824,415,196,704,8.25,-7.75
141825,416,196,705,8.25,-7.25
141826,417,196,706,8.25,-6.75
141827,418,196,707,8.25,-6.25
141828,419,196,708,8.25,-5.75
141829,420,196,709,8.25,-5.25
141830,421,196,710,8.25,-4.75
141831,422,196,711,8.25,-4.25
141832,423,196,712,8.25,-3.75
141833,424,196,713,8.25,-3.25
141834,425,196,714,8.25,-2.75
141835,426,196,715,8.25,-2.25
141836,427,196,716,8.25,-1.75
141837,428,196,717,8.25,-1.25
141838,429,196,718,8.25,-0.75
141839,430,196,719,8.25,-0.25
141840,431,197,0,8.75,0.25
141847,432,197,7,8.75,3.75
141850,433,197,10,8.75,5.25
141851,434,197,11,8.75,5.75
141852,435,197,12,8.75,6.25
141853,436,197,13,8.75,6.75
141854,437,197,14,8.75,7.25
141855,438,197,15,8.75,7.75
141856,439,197,16,8.75,8.25
141857,440,197,17,8.75,8.75
141858,441,197,18,8.75,9.25
141859,442,197,19,8.75,9.75
141860,443,197,20,8.75,10.25
141861,444,197,21,8.75,10.75
141862,445,197,22,8.75,11.25
141863,446,197,23,8.75,11.75
141864,447,197,24,8.75,12.25
141865,448,197,25,8.75,12.75
141866,449,197,26,8.75,13.25
141867,450,197,27,8.75,13.75
141868,451,197,28,8.75,14.25
141869,452,197,29,8.75,14.75
141870,453,197,30,8.75,15.25
141871,454,197,31,8.75,15.75
141872,455,197,32,8.75,16.25
141873,456,197,33,8.75,16.75
141874,457,197,34,8.75,17.25
141875,458,197,35,8.75,17.75
141876,459,197,36,8.75,18.25
141877,460,197,37,8.75,18.75
141994,461,197,154,8.75,77.25
141995,462,197,155,8.75,77.75
142000,463,197,160,8.75,80.25
142001,464,197,161,8.75,80.75
142037,465,197,197,8.75,98.75
142038,466,197,198,8.75,99.25
142091,467,197,251,8.75,125.75
142394,468,197,554,8.75,-82.75
142399,469,197,559,8.75,-80.25
142403,470,197,563,8.75,-78.25
142418,471,197,578,8.75,-70.75
142419,472,197,579,8.75,-70.25
142420,473,197,580,8.75,-69.75
142421,474,197,581,8.75,-69.25
142422,475,197,582,8.75,-68.75
142423,476,197,583,8.75,-68.25
142424,477,197,584,8.75,-67.75
142425,478,197,585,8.75,-67.25
142426,479,197,586,8.75,-66.75
142427,480,197,587,8.75,-66.25
142428,481,197,588,8.75,-65.75
142429,482,197,589,8.75,-65.25
142430,483,197,590,8.75,-64.75
142534,484,197,694,8.75,-12.75
142535,485,197,695,8.75,-12.25
142536,486,197,696,8.75,-11.75
142537,487,197,697,8.75,-11.25
142538,488,197,698,8.75,-10.75
142539,489,197,699,8.75,-10.25
142540,490,197,700,8.75,-9.75
142541,491,197,701,8.75,-9.25
142542,492,197,702,8.75,-8.75
142543,493,197,703,8.75,-8.25
142544,494,197,704,8.75,-7.75
142545,495,197,705,8.75,-7.25
142546,496,197,706,8.75,-6.75
142547,497,197,707,8.75,-6.25
142548,498,197,708,8.75,-5.75
142549,499,197,709,8.75,-5.25
142550,500,197,710,8.75,-4.75
142551,501,197,711,8.75,-4.25
142552,502,197,712,8.75,-3.75
142553,503,197,713,8.75,-3.25
142554,504,197,714,8.75,-2.75
142556,505,197,716,8.75,-1.75
142557,506,197,717,8.75,-1.25
142558,507,197,718,8.75,-0.75
142559,508,197,719,8.75,-0.25
142560,509,198,0,9.25,0.25
142563,510,198,3,9.25,1.75
142568,511,198,8,9.25,4.25
142569,512,198,9,9.25,4.75
142570,513,198,10,9.25,5.25
142571,514,198,11,9.25,5.75
142572,515,198,12,9.25,6.25
142573,516,198,13,9.25,6.75
142574,517,198,14,9.25,7.25
142575,518,198,15,9.25,7.75
142576,519,198,16,9.25,8.25
142577,520,198,17,9.25,8.75
142578,521,198,18,9.25,9.25
142579,522,198,19,9.25,9.75
142580,523,198,20,9.25,10.25
142581,524,198,21,9.25,10.75
142582,525,198,22,9.25,11.25
142583,526,198,23,9.25,11.75
142584,527,198,24,9.25,12.25
142585,528,198,25,9.25,12.75
142586,529,198,26,9.25,13.25
142587,530,198,27,9.25,13.75
142588,531,198,28,9.25,14.25
142589,532,198,29,9.25,14.75
142590,533,198,30,9.25,15.25
142591,534,198,31,9.25,15.75
142592,535,198,32,9.25,16.25
142593,536,198,33,9.25,16.75
142594,537,198,34,9.25,17.25
142595,538,198,35,9.25,17.75
142596,539,198,36,9.25,18.25
142597,540,198,37,9.25,18.75
142713,541,198,153,9.25,76.75
142714,542,198,154,9.25,77.25
142715,543,198,155,9.25,77.75
142757,544,198,197,9.25,98.75
142811,545,198,251,9.25,125.75
143113,546,198,553,9.25,-83.25
143139,547,198,579,9.25,-70.25
143140,548,198,580,9.25,-69.75
143141,549,198,581,9.25,-69.25
143142,550,198,582,9.25,-68.75
143143,551,198,583,9.25,-68.25
143144,552,198,584,9.25,-67.75
143145,553,198,585,9.25,-67.25
143146,554,198,586,9.25,-66.75
143147,555,198,587,9.25,-66.25
143148,556,198,588,9.25,-65.75
143149,557,198,589,9.25,-65.25
143254,558,198,694,9.25,-12.75
143255,559,198,695,9.25,-12.25
143256,560,198,696,9.25,-11.75
143257,561,198,697,9.25,-11.25
143258,562,198,698,9.25,-10.75
143259,563,198,699,9.25,-10.25
143260,564,198,700,9.25,-9.75
143261,565,198,701,9.25,-9.25
143262,566,198,702,9.25,-8.75
143263,567,198,703,9.25,-8.25
143264,568,198,704,9.25,-7.75
143265,569,198,705,9.25,-7.25
143266,570,198,706,9.25,-6.75
143267,571,198,707,9.25,-6.25
143268,572,198,708,9.25,-5.75
143269,573,198,709,9.25,-5.25
143270,574,198,710,9.25,-4.75
143271,575,198,711,9.25,-4.25
143272,576,198,712,9.25,-3.75
143273,577,198,713,9.25,-3.25
143274,578,198,714,9.25,-2.75
143276,579,198,716,9.25,-1.75
143277,580,198,717,9.25,-1.25
143278,581,198,718,9.25,-0.75
143279,582,198,719,9.25,-0.25
143280,583,199,0,9.75,0.25
143287,584,199,7,9.75,3.75
143288,585,199,8,9.75,4.25
143289,586,199,9,9.75,4.75
143290,587,199,10,9.75,5.25
143291,588,199,11,9.75,5.75
143292,589,199,12,9.75,6.25
143293,590,199,13,9.75,6.75
143294,591,199,14,9.75,7.25
143295,592,199,15,9.75,7.75
143296,593,199,16,9.75,8.25
143297,594,199,17,9.75,8.75
143298,595,199,18,9.75,9.25
143299,596,199,19,9.75,9.75
143300,597,199,20,9.75,10.25
143301,598,199,21,9.75,10.75
143302,599,199,22,9.75,11.25
143303,600,199,23,9.75,11.75
143304,601,199,24,9.75,12.25
143305,602,199,25,9.75,12.75
143306,603,199,26,9.75,13.25
143307,604,199,27,9.75,13.75
143308,605,199,28,9.75,14.25
143309,606,199,29,9.75,14.75
143310,607,199,30,9.75,15.25
143311,608,199,31,9.75,15.75
143312,609,199,32,9.75,16.25
143313,610,199,33,9.75,16.75
143315,611,199,35,9.75,17.75
143318,612,199,38,9.75,19.25
143433,613,199,153,9.75,76.75
143434,614,199,154,9.75,77.25
143435,615,199,155,9.75,77.75
143436,616,199,156,9.75,78.25
143490,617,199,210,9.75,105.25
143491,618,199,211,9.75,105.75
143492,619,199,212,9.75,106.25
143525,620,199,245,9.75,122.75
143831,621,199,551,9.75,-84.25
143832,622,199,552,9.75,-83.75
143833,623,199,553,9.75,-83.25
143859,624,199,579,9.75,-70.25
143860,625,199,580,9.75,-69.75
143861,626,199,581,9.75,-69.25
143862,627,199,582,9.75,-68.75
143863,628,199,583,9.75,-68.25
143864,629,199,584,9.75,-67.75
143865,630,199,585,9.75,-67.25
143866,631,199,586,9.75,-66.75
143867,632,199,587,9.75,-66.25
143868,633,199,588,9.75,-65.75
143973,634,199,693,9.75,-13.25
143974,635,199,694,9.75,-12.75
143975,636,199,695,9.75,-12.25
143976,637,199,696,9.75,-11.75
143977,638,199,697,9.75,-11.25
143978,639,199,698,9.75,-10.75
143979,640,199,699,9.75,-10.25
143980,641,199,700,9.75,-9.75
143981,642,199,701,9.75,-9.25
143982,643,199,702,9.75,-8.75
143984,644,199,704,9.75,-7.75
143985,645,199,705,9.75,-7.25
143986,646,199,706,9.75,-6.75
143987,647,199,707,9.75,-6.25
143988,648,199,708,9.75,-5.75
143989,649,199,709,9.75,-5.25
143990,650,199,710,9.75,-4.75
143991,651,199,711,9.75,-4.25
143992,652,199,712,9.75,-3.75
143993,653,199,713,9.75,-3.25
143994,654,199,714,9.75,-2.75
143995,655,199,715,9.75,-2.25
143996,656,199,716,9.75,-1.75
143997,657,199,717,9.75,-1.25
143998,658,199,718,9.75,-0.75
143999,659,199,719,9.75,-0.25
144000,660,200,0,10.25,0.25
144007,661,200,7,10.25,3.75
144008,662,200,8,10.25,4.25
144009,663,200,9,10.25,4.75
144010,664,200,10,10.25,5.25
144011,665,200,11,10.25,5.75
144012,666,200,12,10.25,6.25
144013,667,200,13,10.25,6.75
144014,668,200,14,10.25,7.25
144015,669,200,15,10.25,7.75
144016,670,200,16,10.25,8.25
144017,671,200,17,10.25,8.75
144018,672,200,18,10.25,9.25
144019,673,200,19,10.25,9.75
144020,674,200,20,10.25,10.25
144021,675,200,21,10.25,10.75
144022,676,200,22,10.25,11.25
144023,677,200,23,10.25,11.75
144024,678,200,24,10.25,12.25
144025,679,200,25,10.25,12.75
144026,680,200,26,10.25,13.25
144027,681,200,27,10.25,13.75
144028,682,200,28,10.25,14.25
144029,683,200,29,10.25,14.75
144030,684,200,30,10.25,15.25
144032,685,200,32,10.25,16.25
144153,686,200,153,10.25,76.75
144154,687,200,154,10.25,77.25
144155,688,200,155,10.25,77.75
144156,689,200,156,10.25,78.25
144157,690,200,157,10.25,78.75
144210,691,200,210,10.25,105.25
144211,692,200,211,10.25,105.75
144212,693,200,212,10.25,106.25
144551,694,200,551,10.25,-84.25
144552,695,200,552,10.25,-83.75
144583,696,200,583,10.25,-68.25
144692,697,200,692,10.25,-13.75
144693,698,200,693,10.25,-13.25
144694,699,200,694,10.25,-12.75
144695,700,200,695,10.25,-12.25
144696,701,200,696,10.25,-11.75
144697,702,200,697,10.25,-11.25
144698,703,200,698,10.25,-10.75
144700,704,200,700,10.25,-9.75
144701,705,200,701,10.25,-9.25
144702,706,200,702,10.25,-8.75
144703,707,200,703,10.25,-8.25
144704,708,200,704,10.25,-7.75
144705,709,200,705,10.25,-7.25
144706,710,200,706,10.25,-6.75
144707,711,200,707,10.25,-6.25
144708,712,200,708,10.25,-5.75
144709,713,200,709,10.25,-5.25
144714,714,200,714,10.25,-2.75
144715,715,200,715,10.25,-2.25
144716,716,200,716,10.25,-1.75
144717,717,200,717,10.25,-1.25
144718,718,200,718,10.25,-0.75
144719,719,200,719,10.25,-0.25
144721,720,201,1,10.75,0.75
144727,721,201,7,10.75,3.75
144728,722,201,8,10.75,4.25
144729,723,201,9,10.75,4.75
144730,724,201,10,10.75,5.25
144731,725,201,11,10.75,5.75
144732,726,201,12,10.75,6.25
144733,727,201,13,10.75,6.75
144734,728,201,14,10.75,7.25
144735,729,201,15,10.75,7.75
144736,730,201,16,10.75,8.25
144737,731,201,17,10.75,8.75
144738,732,201,18,10.75,9.25
144739,733,201,19,10.75,9.75
144740,734,201,20,10.75,10.25
144741,735,201,21,10.75,10.75
144742,736,201,22,10.75,11.25
144743,737,201,23,10.75,11.75
144744,738,201,24,10.75,12.25
144745,739,201,25,10.75,12.75
144746,740,201,26,10.75,13.25
144747,741,201,27,10.75,13.75
144748,742,201,28,10.75,14.25
144749,743,201,29,10.75,14.75
144872,744,201,152,10.75,76.25
144873,745,201,153,10.75,76.75
144874,746,201,154,10.75,77.25
144875,747,201,155,10.75,77.75
144876,748,201,156,10.75,78.25
144877,749,201,157,10.75,78.75
144878,750,201,158,10.75,79.25
144929,751,201,209,10.75,104.75
144930,752,201,210,10.75,105.25
144931,753,201,211,10.75,105.75
144932,754,201,212,10.75,106.25
144933,755,201,213,10.75,106.75
144934,756,201,214,10.75,107.25
145269,757,201,549,10.75,-85.25
145270,758,201,550,10.75,-84.75
145271,759,201,551,10.75,-84.25
145411,760,201,691,10.75,-14.25
145412,761,201,692,10.75,-13.75
145413,762,201,693,10.75,-13.25
145414,763,201,694,10.75,-12.75
145415,764,201,695,10.75,-12.25
145416,765,201,696,10.75,-11.75
145417,766,201,697,10.75,-11.25
145418,767,201,698,10.75,-10.75
145419,768,201,699,10.75,-10.25
145420,769,201,700,10.75,-9.75
145421,770,201,701,10.75,-9.25
145422,771,201,702,10.75,-8.75
145423,772,201,703,10.75,-8.25
145424,773,201,704,10.75,-7.75
145425,774,201,705,10.75,-7.25
145426,775,201,706,10.75,-6.75
145427,776,201,707,10.75,-6.25
145428,777,201,708,10.75,-5.75
145434,778,201,714,10.75,-2.75
145435,779,201,715,10.75,-2.25
145436,780,201,716,10.75,-1.75
145437,781,201,717,10.75,-1.25
145438,782,201,718,10.75,-0.75
145439,783,201,719,10.75,-0.25
145447,784,202,7,11.25,3.75
145448,785,202,8,11.25,4.25
145449,786,202,9,11.25,4.75
145450,787,202,10,11.25,5.25
145451,788,202,11,11.25,5.75
145452,789,202,12,11.25,6.25
145453,790,202,13,11.25,6.75
145454,791,202,14,11.25,7.25
145455,792,202,15,11.25,7.75
145456,793,202,16,11.25,8.25
145457,794,202,17,11.25,8.75
145458,795,202,18,11.25,9.25
145459,796,202,19,11.25,9.75
145460,797,202,20,11.25,10.25
145461,798,202,21,11.25,10.75
145462,799,202,22,11.25,11.25
145463,800,202,23,11.25,11.75
145464,801,202,24,11.25,12.25
145465,802,202,25,11.25,12.75
145466,803,202,26,11.25,13.25
145467,804,202,27,11.25,13.75
145468,805,202,28,11.25,14.25
145469,806,202,29,11.25,14.75
145470,807,202,30,11.25,15.25
145592,808,202,152,11.25,76.25
145593,809,202,153,11.25,76.75
145594,810,202,154,11.25,77.25
145595,811,202,155,11.25,77.75
145596,812,202,156,11.25,78.25
145597,813,202,157,11.25,78.75
145598,814,202,158,11.25,79.25
145648,815,202,208,11.25,104.25
145649,816,202,209,11.25,104.75
145650,817,202,210,11.25,105.25
145651,818,202,211,11.25,105.75
145652,819,202,212,11.25,106.25
145653,820,202,213,11.25,106.75
145654,821,202,214,11.25,107.25
145655,822,202,215,11.25,107.75
145989,823,202,549,11.25,-85.25
145990,824,202,550,11.25,-84.75
145991,825,202,551,11.25,-84.25
146015,826,202,575,11.25,-72.25
146130,827,202,690,11.25,-14.75
146131,828,202,691,11.25,-14.25
146132,829,202,692,11.25,-13.75
146133,830,202,693,11.25,-13.25
146134,831,202,694,11.25,-12.75
146135,832,202,695,11.25,-12.25
146136,833,202,696,11.25,-11.75
146137,834,202,697,11.25,-11.25
146138,835,202,698,11.25,-10.75
146140,836,202,700,11.25,-9.75
146141,837,202,701,11.25,-9.25
146142,838,202,702,11.25,-8.75
146143,839,202,703,11.25,-8.25
146144,840,202,704,11.25,-7.75
146145,841,202,705,11.25,-7.25
146146,842,202,706,11.25,-6.75
146147,843,202,707,11.25,-6.25
146148,844,202,708,11.25,-5.75
146149,845,202,709,11.25,-5.25
146159,846,202,719,11.25,-0.25
146166,847,203,6,11.75,3.25
146167,848,203,7,11.75,3.75
146168,849,203,8,11.75,4.25
146169,850,203,9,11.75,4.75
146170,851,203,10,11.75,5.25
146171,852,203,11,11.75,5.75
146172,853,203,12,11.75,6.25
146173,854,203,13,11.75,6.75
146174,855,203,14,11.75,7.25
146175,856,203,15,11.75,7.75
146176,857,203,16,11.75,8.25
146177,858,203,17,11.75,8.75
146178,859,203,18,11.75,9.25
146179,860,203,19,11.75,9.75
146180,861,203,20,11.75,10.25
146181,862,203,21,11.75,10.75
146182,863,203,22,11.75,11.25
146183,864,203,23,11.75,11.75
146184,865,203,24,11.75,12.25
146185,866,203,25,11.75,12.75
146186,867,203,26,11.75,13.25
146187,868,203,27,11.75,13.75
146188,869,203,28,11.75,14.25
146189,870,203,29,11.75,14.75
146190,871,203,30,11.75,15.25
146312,872,203,152,11.75,76.25
146313,873,203,153,11.75,76.75
146314,874,203,154,11.75,77.25
146315,875,203,155,11.75,77.75
146316,876,203,156,11.75,78.25
146317,877,203,157,11.75,78.75
146318,878,203,158,11.75,79.25
146366,879,203,206,11.75,103.25
146367,880,203,207,11.75,103.75
146368,881,203,208,11.75,104.25
146369,882,203,209,11.75,104.75
146370,883,203,210,11.75,105.25
146371,884,203,211,11.75,105.75
146372,885,203,212,11.75,106.25
146373,886,203,213,11.75,106.75
146374,887,203,214,11.75,107.25
146375,888,203,215,11.75,107.75
146376,889,203,216,11.75,108.25
146377,890,203,217,11.75,108.75
146708,891,203,548,11.75,-85.75
146709,892,203,549,11.75,-85.25
146710,893,203,550,11.75,-84.75
146711,894,203,551,11.75,-84.25
146850,895,203,690,11.75,-14.75
146851,896,203,691,11.75,-14.25
146852,897,203,692,11.75,-13.75
146853,898,203,693,11.75,-13.25
146854,899,203,694,11.75,-12.75
146855,900,203,695,11.75,-12.25
146856,901,203,696,11.75,-11.75
146857,902,203,697,11.75,-11.25
146858,903,203,698,11.75,-10.75
146860,904,203,700,11.75,-9.75
146861,905,203,701,11.75,-9.25
146862,906,203,702,11.75,-8.75
146863,907,203,703,11.75,-8.25
146864,908,203,704,11.75,-7.75
146865,909,203,705,11.75,-7.25
146866,910,203,706,11.75,-6.75
146867,911,203,707,11.75,-6.25
146868,912,203,708,11.75,-5.75
146869,913,203,709,11.75,-5.25
146884,914,204,4,12.25,2.25
146885,915,204,5,12.25,2.75
146886,916,204,6,12.25,3.25
146887,917,204,7,12.25,3.75
146888,918,204,8,12.25,4.25
146889,919,204,9,12.25,4.75
146890,920,204,10,12.25,5.25
146891,921,204,11,12.25,5.75
146892,922,204,12,12.25,6.25
146893,923,204,13,12.25,6.75
146894,924,204,14,12.25,7.25
146895,925,204,15,12.25,7.75
146896,926,204,16,12.25,8.25
146897,927,204,17,12.25,8.75
146898,928,204,18,12.25,9.25
146899,929,204,19,12.25,9.75
146900,930,204,20,12.25,10.25
146901,931,204,21,12.25,10.75
146902,932,204,22,12.25,11.25
146903,933,204,23,12.25,11.75
146904,934,204,24,12.25,12.25
146905,935,204,25,12.25,12.75
146906,936,204,26,12.25,13.25
146907,937,204,27,12.25,13.75
146908,938,204,28,12.25,14.25
146909,939,204,29,12.25,14.75
147031,940,204,151,12.25,75.75
147032,941,204,152,12.25,76.25
147033,942,204,153,12.25,76.75
147034,943,204,154,12.25,77.25
147035,944,204,155,12.25,77.75
147036,945,204,156,12.25,78.25
147037,946,204,157,12.25,78.75
147038,947,204,158,12.25,79.25
147078,948,204,198,12.25,99.25
147086,949,204,206,12.25,103.25
147087,950,204,207,12.25,103.75
147088,951,204,208,12.25,104.25
147089,952,204,209,12.25,104.75
147090,953,204,210,12.25,105.25
147091,954,204,211,12.25,105.75
147092,955,204,212,12.25,106.25
147093,956,204,213,12.25,106.75
147094,957,204,214,12.25,107.25
147095,958,204,215,12.25,107.75
147096,959,204,216,12.25,108.25
147097,960,204,217,12.25,108.75
147427,961,204,547,12.25,-86.25
147428,962,204,548,12.25,-85.75
147429,963,204,549,12.25,-85.25
147430,964,204,550,12.25,-84.75
147431,965,204,551,12.25,-84.25
147568,966,204,688,12.25,-15.75
147569,967,204,689,12.25,-15.25
147570,968,204,690,12.25,-14.75
147571,969,204,691,12.25,-14.25
147572,970,204,692,12.25,-13.75
147573,971,204,693,12.25,-13.25
147574,972,204,694,12.25,-12.75
147575,973,204,695,12.25,-12.25
147577,974,204,697,12.25,-11.25
147581,975,204,701,12.25,-9.25
147582,976,204,702,12.25,-8.75
147583,977,204,703,12.25,-8.25
147584,978,204,704,12.25,-7.75
147585,979,204,705,12.25,-7.25
147586,980,204,706,12.25,-6.75
147587,981,204,707,12.25,-6.25
147588,982,204,708,12.25,-5.75
147589,983,204,709,12.25,-5.25
147590,984,204,710,12.25,-4.75
147602,985,205,2,12.75,1.25
147603,986,205,3,12.75,1.75
147604,987,205,4,12.75,2.25
147605,988,205,5,12.75,2.75
147606,989,205,6,12.75,3.25
147607,990,205,7,12.75,3.75
147608,991,205,8,12.75,4.25
147609,992,205,9,12.75,4.75
147610,993,205,10,12.75,5.25
147611,994,205,11,12.75,5.75
147612,995,205,12,12.75,6.25
147613,996,205,13,12.75,6.75
147614,997,205,14,12.75,7.25
147615,998,205,15,12.75,7.75
147616,999,205,16,12.75,8.25
147617,1000,205,17,12.75,8.75
147618,1001,205,18,12.75,9.25
147619,1002,205,19,12.75,9.75
147620,1003,205,20,12.75,10.25
147621,1004,205,21,12.75,10.75
147622,1005,205,22,12.75,11.25
147623,1006,205,23,12.75,11.75
147624,1007,205,24,12.75,12.25
147625,1008,205,25,12.75,12.75
147626,1009,205,26,12.75,13.25
147627,1010,205,27,12.75,13.75
147750,1011,205,150,12.75,75.25
147751,1012,205,151,12.75,75.75
147752,1013,205,152,12.75,76.25
147753,1014,205,153,12.75,76.75
147754,1015,205,154,12.75,77.25
147755,1016,205,155,12.75,77.75
147756,1017,205,156,12.75,78.25
147757,1018,205,157,12.75,78.75
147758,1019,205,158,12.75,79.25
147759,1020,205,159,12.75,79.75
147804,1021,205,204,12.75,102.25
147805,1022,205,205,12.75,102.75
147806,1023,205,206,12.75,103.25
147807,1024,205,207,12.75,103.75
147808,1025,205,208,12.75,104.25
147809,1026,205,209,12.75,104.75
147810,1027,205,210,12.75,105.25
147811,1028,205,211,12.75,105.75
147812,1029,205,212,12.75,106.25
147813,1030,205,213,12.75,106.75
147814,1031,205,214,12.75,107.25
147815,1032,205,215,12.75,107.75
147816,1033,205,216,12.75,108.25
147817,1034,205,217,12.75,108.75
147842,1035,205,242,12.75,121.25
148146,1036,205,546,12.75,-86.75
148147,1037,205,547,12.75,-86.25
148148,1038,205,548,12.75,-85.75
148149,1039,205,549,12.75,-85.25
148150,1040,205,550,12.75,-84.75
148151,1041,205,551,12.75,-84.25
148287,1042,205,687,12.75,-16.25
148289,1043,205,689,12.75,-15.25
148290,1044,205,690,12.75,-14.75
148291,1045,205,691,12.75,-14.25
148292,1046,205,692,12.75,-13.75
148293,1047,205,693,12.75,-13.25
148297,1048,205,697,12.75,-11.25
148299,1049,205,699,12.75,-10.25
148300,1050,205,700,12.75,-9.75
148301,1051,205,701,12.75,-9.25
148302,1052,205,702,12.75,-8.75
148303,1053,205,703,12.75,-8.25
148304,1054,205,704,12.75,-7.75
148305,1055,205,705,12.75,-7.25
148306,1056,205,706,12.75,-6.75
148307,1057,205,707,12.75,-6.25
148308,1058,205,708,12.75,-5.75
148309,1059,205,709,12.75,-5.25
148310,1060,205,710,12.75,-4.75
148311,1061,205,711,12.75,-4.25
148322,1062,206,2,13.25,1.25
148323,1063,206,3,13.25,1.75
148324,1064,206,4,13.25,2.25
148325,1065,206,5,13.25,2.75
148326,1066,206,6,13.25,3.25
148327,1067,206,7,13.25,3.75
148328,1068,206,8,13.25,4.25
148329,1069,206,9,13.25,4.75
148330,1070,206,10,13.25,5.25
148331,1071,206,11,13.25,5.75
148332,1072,206,12,13.25,6.25
148333,1073,206,13,13.25,6.75
148334,1074,206,14,13.25,7.25
148335,1075,206,15,13.25,7.75
148336,1076,206,16,13.25,8.25
148339,1077,206,19,13.25,9.75
148340,1078,206,20,13.25,10.25
148341,1079,206,21,13.25,10.75
148342,1080,206,22,13.25,11.25
148343,1081,206,23,13.25,11.75
148345,1082,206,25,13.25,12.75
148346,1083,206,26,13.25,13.25
148347,1084,206,27,13.25,13.75
148470,1085,206,150,13.25,75.25
148471,1086,206,151,13.25,75.75
148472,1087,206,152,13.25,76.25
148473,1088,206,153,13.25,76.75
148474,1089,206,154,13.25,77.25
148475,1090,206,155,13.25,77.75
148476,1091,206,156,13.25,78.25
148477,1092,206,157,13.25,78.75
148478,1093,206,158,13.25,79.25
148479,1094,206,159,13.25,79.75
148522,1095,206,202,13.25,101.25
148523,1096,206,203,13.25,101.75
148524,1097,206,204,13.25,102.25
148525,1098,206,205,13.25,102.75
148526,1099,206,206,13.25,103.25
148527,1100,206,207,13.25,103.75
148528,1101,206,208,13.25,104.25
148529,1102,206,209,13.25,104.75
148530,1103,206,210,13.25,105.25
148531,1104,206,211,13.25,105.75
148532,1105,206,212,13.25,106.25
148533,1106,206,213,13.25,106.75
148534,1107,206,214,13.25,107.25
148535,1108,206,215,13.25,107.75
148536,1109,206,216,13.25,108.25
148537,1110,206,217,13.25,108.75
148866,1111,206,546,13.25,-86.75
148867,1112,206,547,13.25,-86.25
148868,1113,206,548,13.25,-85.75
148869,1114,206,549,13.25,-85.25
148870,1115,206,550,13.25,-84.75
148871,1116,206,551,13.25,-84.25
149010,1117,206,690,13.25,-14.75
149011,1118,206,691,13.25,-14.25
149012,1119,206,692,13.25,-13.75
149013,1120,206,693,13.25,-13.25
149015,1121,206,695,13.25,-12.25
149016,1122,206,696,13.25,-11.75
149017,1123,206,697,13.25,-11.25
149018,1124,206,698,13.25,-10.75
149019,1125,206,699,13.25,-10.25
149020,1126,206,700,13.25,-9.75
149021,1127,206,701,13.25,-9.25
149022,1128,206,702,13.25,-8.75
149023,1129,206,703,13.25,-8.25
149024,1130,206,704,13.25,-7.75
149025,1131,206,705,13.25,-7.25
149026,1132,206,706,13.25,-6.75
149027,1133,206,707,13.25,-6.25
149029,1134,206,709,13.25,-5.25
149030,1135,206,710,13.25,-4.75
149031,1136,206,711,13.25,-4.25
149032,1137,206,712,13.25,-3.75
149033,1138,206,713,13.25,-3.25
149040,1139,207,0,13.75,0.25
149041,1140,207,1,13.75,0.75
149042,1141,207,2,13.75,1.25
149043,1142,207,3,13.75,1.75
149044,1143,207,4,13.75,2.25
149045,1144,207,5,13.75,2.75
149046,1145,207,6,13.75,3.25
149047,1146,207,7,13.75,3.75
149048,1147,207,8,13.75,4.25
149049,1148,207,9,13.75,4.75
149050,1149,207,10,13.75,5.25
149051,1150,207,11,13.75,5.75
149052,1151,207,12,13.75,6.25
149066,1152,207,26,13.75,13.25
149192,1153,207,152,13.75,76.25
149193,1154,207,153,13.75,76.75
149194,1155,207,154,13.75,77.25
149195,1156,207,155,13.75,77.75
149196,1157,207,156,13.75,78.25
149197,1158,207,157,13.75,78.75
149198,1159,207,158,13.75,79.25
149199,1160,207,159,13.75,79.75
149237,1161,207,197,13.75,98.75
149239,1162,207,199,13.75,99.75
149240,1163,207,200,13.75,100.25
149241,1164,207,201,13.75,100.75
149242,1165,207,202,13.75,101.25
149243,1166,207,203,13.75,101.75
149244,1167,207,204,13.75,102.25
149245,1168,207,205,13.75,102.75
149246,1169,207,206,13.75,103.25
149247,1170,207,207,13.75,103.75
149249,1171,207,209,13.75,104.75
149250,1172,207,210,13.75,105.25
149251,1173,207,211,13.75,105.75
149252,1174,207,212,13.75,106.25
149253,1175,207,213,13.75,106.75
149256,1176,207,216,13.75,108.25
149257,1177,207,217,13.75,108.75
149581,1178,207,541,13.75,-89.25
149582,1179,207,542,13.75,-88.75
149583,1180,207,543,13.75,-88.25
149584,1181,207,544,13.75,-87.75
149586,1182,207,546,13.75,-86.75
149587,1183,207,547,13.75,-86.25
149588,1184,207,548,13.75,-85.75
149589,1185,207,549,13.75,-85.25
149590,1186,207,550,13.75,-84.75
149591,1187,207,551,13.75,-84.25
149592,1188,207,552,13.75,-83.75
149727,1189,207,687,13.75,-16.25
149728,1190,207,688,13.75,-15.75
149729,1191,207,689,13.75,-15.25
149732,1192,207,692,13.75,-13.75
149733,1193,207,693,13.75,-13.25
149734,1194,207,694,13.75,-12.75
149735,1195,207,695,13.75,-12.25
149736,1196,207,696,13.75,-11.75
149737,1197,207,697,13.75,-11.25
149738,1198,207,698,13.75,-10.75
149739,1199,207,699,13.75,-10.25
149740,1200,207,700,13.75,-9.75
149741,1201,207,701,13.75,-9.25
149742,1202,207,702,13.75,-8.75
149743,1203,207,703,13.75,-8.25
149744,1204,207,704,13.75,-7.75
149746,1205,207,706,13.75,-6.75
149747,1206,207,707,13.75,-6.25
149748,1207,207,708,13.75,-5.75
149749,1208,207,709,13.75,-5.25
149750,1209,207,710,13.75,-4.75
149751,1210,207,711,13.75,-4.25
149752,1211,207,712,13.75,-3.75
149753,1212,207,713,13.75,-3.25
149760,1213,208,0,14.25,0.25
149761,1214,208,1,14.25,0.75
149762,1215,208,2,14.25,1.25
149763,1216,208,3,14.25,1.75
149909,1217,208,149,14.25,74.75
149910,1218,208,150,14.25,75.25
149911,1219,208,151,14.25,75.75
149913,1220,208,153,14.25,76.75
149914,1221,208,154,14.25,77.25
149915,1222,208,155,14.25,77.75
149916,1223,208,156,14.25,78.25
149917,1224,208,157,14.25,78.75
149918,1225,208,158,14.25,79.25
149957,1226,208,197,14.25,98.75
149958,1227,208,198,14.25,99.25
149959,1228,208,199,14.25,99.75
149960,1229,208,200,14.25,100.25
149961,1230,208,201,14.25,100.75
149962,1231,208,202,14.25,101.25
149963,1232,208,203,14.25,101.75
149964,1233,208,204,14.25,102.25
149965,1234,208,205,14.25,102.75
149966,1235,208,206,14.25,103.25
149967,1236,208,207,14.25,103.75
149968,1237,208,208,14.25,104.25
149969,1238,208,209,14.25,104.75
149970,1239,208,210,14.25,105.25
149971,1240,208,211,14.25,105.75
149972,1241,208,212,14.25,106.25
149973,1242,208,213,14.25,106.75
149974,1243,208,214,14.25,107.25
149975,1244,208,215,14.25,107.75
149976,1245,208,216,14.25,108.25
149977,1246,208,217,14.25,108.75
150297,1247,208,537,14.25,-91.25
150298,1248,208,538,14.25,-90.75
150299,1249,208,539,14.25,-90.25
150300,1250,208,540,14.25,-89.75
150301,1251,208,541,14.25,-89.25
150311,1252,208,551,14.25,-84.25
150312,1253,208,552,14.25,-83.75
150447,1254,208,687,14.25,-16.25
150452,1255,208,692,14.25,-13.75
150453,1256,208,693,14.25,-13.25
150454,1257,208,694,14.25,-12.75
150455,1258,208,695,14.25,-12.25
150458,1259,208,698,14.25,-10.75
150459,1260,208,699,14.25,-10.25
150460,1261,208,700,14.25,-9.75
150461,1262,208,701,14.25,-9.25
150462,1263,208,702,14.25,-8.75
150463,1264,208,703,14.25,-8.25
150467,1265,208,707,14.25,-6.25
150468,1266,208,708,14.25,-5.75
150469,1267,208,709,14.25,-5.25
150470,1268,208,710,14.25,-4.75
150471,1269,208,711,14.25,-4.25
150472,1270,208,712,14.25,-3.75
150473,1271,208,713,14.25,-3.25
150480,1272,209,0,14.75,0.25
150481,1273,209,1,14.75,0.75
150482,1274,209,2,14.75,1.25
150629,1275,209,149,14.75,74.75
150630,1276,209,150,14.75,75.25
150631,1277,209,151,14.75,75.75
150632,1278,209,152,14.75,76.25
150633,1279,209,153,14.75,76.75
150634,1280,209,154,14.75,77.25
150635,1281,209,155,14.75,77.75
150636,1282,209,156,14.75,78.25
150637,1283,209,157,14.75,78.75
150638,1284,209,158,14.75,79.25
150676,1285,209,196,14.75,98.25
150677,1286,209,197,14.75,98.75
150678,1287,209,198,14.75,99.25
150679,1288,209,199,14.75,99.75
150680,1289,209,200,14.75,100.25
150681,1290,209,201,14.75,100.75
150682,1291,209,202,14.75,101.25
150683,1292,209,203,14.75,101.75
150684,1293,209,204,14.75,102.25
150685,1294,209,205,14.75,102.75
150686,1295,209,206,14.75,103.25
150687,1296,209,207,14.75,103.75
150688,1297,209,208,14.75,104.25
150689,1298,209,209,14.75,104.75
150690,1299,209,210,14.75,105.25
150691,1300,209,211,14.75,105.75
150692,1301,209,212,14.75,106.25
150693,1302,209,213,14.75,106.75
150695,1303,209,215,14.75,107.75
150696,1304,209,216,14.75,108.25
150722,1305,209,242,14.75,121.25
151016,1306,209,536,14.75,-91.75
151017,1307,209,537,14.75,-91.25
151018,1308,209,538,14.75,-90.75
151019,1309,209,539,14.75,-90.25
151020,1310,209,540,14.75,-89.75
151030,1311,209,550,14.75,-84.75
151031,1312,209,551,14.75,-84.25
151032,1313,209,552,14.75,-83.75
151171,1314,209,691,14.75,-14.25
151172,1315,209,692,14.75,-13.75
151173,1316,209,693,14.75,-13.25
151174,1317,209,694,14.75,-12.75
151175,1318,209,695,14.75,-12.25
151176,1319,209,696,14.75,-11.75
151178,1320,209,698,14.75,-10.75
151179,1321,209,699,14.75,-10.25
151180,1322,209,700,14.75,-9.75
151181,1323,209,701,14.75,-9.25
151187,1324,209,707,14.75,-6.25
151188,1325,209,708,14.75,-5.75
151189,1326,209,709,14.75,-5.25
151190,1327,209,710,14.75,-4.75
151191,1328,209,711,14.75,-4.25
151192,1329,209,712,14.75,-3.75
151193,1330,209,713,14.75,-3.25
151200,1331,210,0,15.25,0.25
151201,1332,210,1,15.25,0.75
151202,1333,210,2,15.25,1.25
151349,1334,210,149,15.25,74.75
151350,1335,210,150,15.25,75.25
151351,1336,210,151,15.25,75.75
151352,1337,210,152,15.25,76.25
151353,1338,210,153,15.25,76.75
151354,1339,210,154,15.25,77.25
151355,1340,210,155,15.25,77.75
151356,1341,210,156,15.25,78.25
151357,1342,210,157,15.25,78.75
151358,1343,210,158,15.25,79.25
151359,1344,210,159,15.25,79.75
151397,1345,210,197,15.25,98.75
151398,1346,210,198,15.25,99.25
151399,1347,210,199,15.25,99.75
151400,1348,210,200,15.25,100.25
151401,1349,210,201,15.25,100.75
151402,1350,210,202,15.25,101.25
151403,1351,210,203,15.25,101.75
151404,1352,210,204,15.25,102.25
151405,1353,210,205,15.25,102.75
151406,1354,210,206,15.25,103.25
151407,1355,210,207,15.25,103.75
151408,1356,210,208,15.25,104.25
151409,1357,210,209,15.25,104.75
151410,1358,210,210,15.25,105.25
151411,1359,210,211,15.25,105.75
151412,1360,210,212,15.25,106.25
151413,1361,210,213,15.25,106.75
151414,1362,210,214,15.25,107.25
151415,1363,210,215,15.25,107.75
151416,1364,210,216,15.25,108.25
151735,1365,210,535,15.25,-92.25
151736,1366,210,536,15.25,-91.75
151737,1367,210,537,15.25,-91.25
151738,1368,210,538,15.25,-90.75
151739,1369,210,539,15.25,-90.25
151740,1370,210,540,15.25,-89.75
151741,1371,210,541,15.25,-89.25
151890,1372,210,690,15.25,-14.75
151891,1373,210,691,15.25,-14.25
151892,1374,210,692,15.25,-13.75
151893,1375,210,693,15.25,-13.25
151894,1376,210,694,15.25,-12.75
151895,1377,210,695,15.25,-12.25
151896,1378,210,696,15.25,-11.75
151898,1379,210,698,15.25,-10.75
151899,1380,210,699,15.25,-10.25
151907,1381,210,707,15.25,-6.25
151908,1382,210,708,15.25,-5.75
151909,1383,210,709,15.25,-5.25
151910,1384,210,710,15.25,-4.75
151911,1385,210,711,15.25,-4.25
151912,1386,210,712,15.25,-3.75
151914,1387,210,714,15.25,-2.75
151915,1388,210,715,15.25,-2.25
151916,1389,210,716,15.25,-1.75
151917,1390,210,717,15.25,-1.25
151918,1391,210,718,15.25,-0.75
151919,1392,210,719,15.25,-0.25
151920,1393,211,0,15.75,0.25
151921,1394,211,1,15.75,0.75
152071,1395,211,151,15.75,75.75
152073,1396,211,153,15.75,76.75
152074,1397,211,154,15.75,77.25
152075,1398,211,155,15.75,77.75
152076,1399,211,156,15.75,78.25
152077,1400,211,157,15.75,78.75
152078,1401,211,158,15.75,79.25
152079,1402,211,159,15.75,79.75
152116,1403,211,196,15.75,98.25
152117,1404,211,197,15.75,98.75
152118,1405,211,198,15.75,99.25
152119,1406,211,199,15.75,99.75
152120,1407,211,200,15.75,100.25
152121,1408,211,201,15.75,100.75
152122,1409,211,202,15.75,101.25
152123,1410,211,203,15.75,101.75
152124,1411,211,204,15.75,102.25
152125,1412,211,205,15.75,102.75
152126,1413,211,206,15.75,103.25
152127,1414,211,207,15.75,103.75
152128,1415,211,208,15.75,104.25
152129,1416,211,209,15.75,104.75
152130,1417,211,210,15.75,105.25
152131,1418,211,211,15.75,105.75
152132,1419,211,212,15.75,106.25
152133,1420,211,213,15.75,106.75
152135,1421,211,215,15.75,107.75
152160,1422,211,240,15.75,120.25
152161,1423,211,241,15.75,120.75
152162,1424,211,242,15.75,121.25
152456,1425,211,536,15.75,-91.75
152459,1426,211,539,15.75,-90.25
152607,1427,211,687,15.75,-16.25
152608,1428,211,688,15.75,-15.75
152609,1429,211,689,15.75,-15.25
152610,1430,211,690,15.75,-14.75
152611,1431,211,691,15.75,-14.25
152612,1432,211,692,15.75,-13.75
152613,1433,211,693,15.75,-13.25
152614,1434,211,694,15.75,-12.75
152615,1435,211,695,15.75,-12.25
152616,1436,211,696,15.75,-11.75
152629,1437,211,709,15.75,-5.25
152630,1438,211,710,15.75,-4.75
152631,1439,211,711,15.75,-4.25
152632,1440,211,712,15.75,-3.75
152633,1441,211,713,15.75,-3.25
152634,1442,211,714,15.75,-2.75
152635,1443,211,715,15.75,-2.25
152636,1444,211,716,15.75,-1.75
152637,1445,211,717,15.75,-1.25
152638,1446,211,718,15.75,-0.75
152639,1447,211,719,15.75,-0.25
152787,1448,212,147,16.25,73.75
152795,1449,212,155,16.25,77.75
152796,1450,212,156,16.25,78.25
152797,1451,212,157,16.25,78.75
152798,1452,212,158,16.25,79.25
152799,1453,212,159,16.25,79.75
152800,1454,212,160,16.25,80.25
152801,1455,212,161,16.25,80.75
152830,1456,212,190,16.25,95.25
152836,1457,212,196,16.25,98.25
152838,1458,212,198,16.25,99.25
152839,1459,212,199,16.25,99.75
152840,1460,212,200,16.25,100.25
152841,1461,212,201,16.25,100.75
152842,1462,212,202,16.25,101.25
152843,1463,212,203,16.25,101.75
152844,1464,212,204,16.25,102.25
152845,1465,212,205,16.25,102.75
152846,1466,212,206,16.25,103.25
152847,1467,212,207,16.25,103.75
152848,1468,212,208,16.25,104.25
152849,1469,212,209,16.25,104.75
152850,1470,212,210,16.25,105.25
152851,1471,212,211,16.25,105.75
152852,1472,212,212,16.25,106.25
152881,1473,212,241,16.25,120.75
152882,1474,212,242,16.25,121.25
153179,1475,212,539,16.25,-90.25
153180,1476,212,540,16.25,-89.75
153327,1477,212,687,16.25,-16.25
153328,1478,212,688,16.25,-15.75
153329,1479,212,689,16.25,-15.25
153330,1480,212,690,16.25,-14.75
153331,1481,212,691,16.25,-14.25
153332,1482,212,692,16.25,-13.75
153333,1483,212,693,16.25,-13.25
153334,1484,212,694,16.25,-12.75
153349,1485,212,709,16.25,-5.25
153350,1486,212,710,16.25,-4.75
153351,1487,212,711,16.25,-4.25
153352,1488,212,712,16.25,-3.75
153353,1489,212,713,16.25,-3.25
153359,1490,212,719,16.25,-0.25
153507,1491,213,147,16.75,73.75
153515,1492,213,155,16.75,77.75
153516,1493,213,156,16.75,78.25
153517,1494,213,157,16.75,78.75
153518,1495,213,158,16.75,79.25
153519,1496,213,159,16.75,79.75
153520,1497,213,160,16.75,80.25
153521,1498,213,161,16.75,80.75
153522,1499,213,162,16.75,81.25
153523,1500,213,163,16.75,81.75
153549,1501,213,189,16.75,94.75
153550,1502,213,190,16.75,95.25
153551,1503,213,191,16.75,95.75
153552,1504,213,192,16.75,96.25
153556,1505,213,196,16.75,98.25
153557,1506,213,197,16.75,98.75
153558,1507,213,198,16.75,99.25
153559,1508,213,199,16.75,99.75
153560,1509,213,200,16.75,100.25
153561,1510,213,201,16.75,100.75
153562,1511,213,202,16.75,101.25
153563,1512,213,203,16.75,101.75
153564,1513,213,204,16.75,102.25
153565,1514,213,205,16.75,102.75
153566,1515,213,206,16.75,103.25
153567,1516,213,207,16.75,103.75
153568,1517,213,208,16.75,104.25
153569,1518,213,209,16.75,104.75
153570,1519,213,210,16.75,105.25
153571,1520,213,211,16.75,105.75
153572,1521,213,212,16.75,106.25
153573,1522,213,213,16.75,106.75
153601,1523,213,241,16.75,120.75
153602,1524,213,242,16.75,121.25
153603,1525,213,243,16.75,121.75
153892,1526,213,532,16.75,-93.75
153893,1527,213,533,16.75,-93.25
153894,1528,213,534,16.75,-92.75
153899,1529,213,539,16.75,-90.25
153900,1530,213,540,16.75,-89.75
154048,1531,213,688,16.75,-15.75
154049,1532,213,689,16.75,-15.25
154050,1533,213,690,16.75,-14.75
154051,1534,213,691,16.75,-14.25
154052,1535,213,692,16.75,-13.75
154053,1536,213,693,16.75,-13.25
154054,1537,213,694,16.75,-12.75
154071,1538,213,711,16.75,-4.25
154072,1539,213,712,16.75,-3.75
154073,1540,213,713,16.75,-3.25
154079,1541,213,719,16.75,-0.25
154227,1542,214,147,17.25,73.75
154235,1543,214,155,17.25,77.75
154236,1544,214,156,17.25,78.25
154237,1545,214,157,17.25,78.75
154238,1546,214,158,17.25,79.25
154239,1547,214,159,17.25,79.75
154240,1548,214,160,17.25,80.25
154241,1549,214,161,17.25,80.75
154242,1550,214,162,17.25,81.25
154270,1551,214,190,17.25,95.25
154271,1552,214,191,17.25,95.75
154272,1553,214,192,17.25,96.25
154275,1554,214,195,17.25,97.75
154277,1555,214,197,17.25,98.75
154278,1556,214,198,17.25,99.25
154279,1557,214,199,17.25,99.75
154280,1558,214,200,17.25,100.25
154281,1559,214,201,17.25,100.75
154282,1560,214,202,17.25,101.25
154283,1561,214,203,17.25,101.75
154284,1562,214,204,17.25,102.25
154285,1563,214,205,17.25,102.75
154286,1564,214,206,17.25,103.25
154287,1565,214,207,17.25,103.75
154288,1566,214,208,17.25,104.25
154289,1567,214,209,17.25,104.75
154290,1568,214,210,17.25,105.25
154291,1569,214,211,17.25,105.75
154321,1570,214,241,17.25,120.75
154322,1571,214,242,17.25,121.25
154323,1572,214,243,17.25,121.75
154601,1573,214,521,17.25,-99.25
154602,1574,214,522,17.25,-98.75
154603,1575,214,523,17.25,-98.25
154610,1576,214,530,17.25,-94.75
154611,1577,214,531,17.25,-94.25
154612,1578,214,532,17.25,-93.75
154613,1579,214,533,17.25,-93.25
154614,1580,214,534,17.25,-92.75
154616,1581,214,536,17.25,-91.75
154768,1582,214,688,17.25,-15.75
154769,1583,214,689,17.25,-15.25
154770,1584,214,690,17.25,-14.75
154771,1585,214,691,17.25,-14.25
154772,1586,214,692,17.25,-13.75
154947,1587,215,147,17.75,73.75
154955,1588,215,155,17.75,77.75
154956,1589,215,156,17.75,78.25
154957,1590,215,157,17.75,78.75
154958,1591,215,158,17.75,79.25
154959,1592,215,159,17.75,79.75
154960,1593,215,160,17.75,80.25
154961,1594,215,161,17.75,80.75
154962,1595,215,162,17.75,81.25
154963,1596,215,163,17.75,81.75
154964,1597,215,164,17.75,82.25
154965,1598,215,165,17.75,82.75
154990,1599,215,190,17.75,95.25
154991,1600,215,191,17.75,95.75
154992,1601,215,192,17.75,96.25
154993,1602,215,193,17.75,96.75
154994,1603,215,194,17.75,97.25
154995,1604,215,195,17.75,97.75
154996,1605,215,196,17.75,98.25
154997,1606,215,197,17.75,98.75
154998,1607,215,198,17.75,99.25
154999,1608,215,199,17.75,99.75
155000,1609,215,200,17.75,100.25
155001,1610,215,201,17.75,100.75
155002,1611,215,202,17.75,101.25
155003,1612,215,203,17.75,101.75
155004,1613,215,204,17.75,102.25
155006,1614,215,206,17.75,103.25
155007,1615,215,207,17.75,103.75
155008,1616,215,208,17.75,104.25
155009,1617,215,209,17.75,104.75
155010,1618,215,210,17.75,105.25
155041,1619,215,241,17.75,120.75
155043,1620,215,243,17.75,121.75
155322,1621,215,522,17.75,-98.75
155323,1622,215,523,17.75,-98.25
155326,1623,215,526,17.75,-96.75
155327,1624,215,527,17.75,-96.25
155328,1625,215,528,17.75,-95.75
155329,1626,215,529,17.75,-95.25
155330,1627,215,530,17.75,-94.75
155331,1628,215,531,17.75,-94.25
155332,1629,215,532,17.75,-93.75
155333,1630,215,533,17.75,-93.25
155334,1631,215,534,17.75,-92.75
155335,1632,215,535,17.75,-92.25
155336,1633,215,536,17.75,-91.75
155337,1634,215,537,17.75,-91.25
155338,1635,215,538,17.75,-90.75
155339,1636,215,539,17.75,-90.25
155675,1637,216,155,18.25,77.75
155676,1638,216,156,18.25,78.25
155677,1639,216,157,18.25,78.75
155679,1640,216,159,18.25,79.75
155680,1641,216,160,18.25,80.25
155681,1642,216,161,18.25,80.75
155683,1643,216,163,18.25,81.75
155684,1644,216,164,18.25,82.25
155685,1645,216,165,18.25,82.75
155686,1646,216,166,18.25,83.25
155709,1647,216,189,18.25,94.75
155710,1648,216,190,18.25,95.25
155711,1649,216,191,18.25,95.75
155712,1650,216,192,18.25,96.25
155713,1651,216,193,18.25,96.75
155714,1652,216,194,18.25,97.25
155715,1653,216,195,18.25,97.75
155716,1654,216,196,18.25,98.25
155717,1655,216,197,18.25,98.75
155718,1656,216,198,18.25,99.25
155719,1657,216,199,18.25,99.75
155720,1658,216,200,18.25,100.25
155721,1659,216,201,18.25,100.75
155722,1660,216,202,18.25,101.25
155723,1661,216,203,18.25,101.75
155724,1662,216,204,18.25,102.25
155725,1663,216,205,18.25,102.75
155726,1664,216,206,18.25,103.25
155727,1665,216,207,18.25,103.75
155728,1666,216,208,18.25,104.25
155729,1667,216,209,18.25,104.75
156035,1668,216,515,18.25,-102.25
156036,1669,216,516,18.25,-101.75
156037,1670,216,517,18.25,-101.25
156039,1671,216,519,18.25,-100.25
156040,1672,216,520,18.25,-99.75
156041,1673,216,521,18.25,-99.25
156042,1674,216,522,18.25,-98.75
156043,1675,216,523,18.25,-98.25
156044,1676,216,524,18.25,-97.75
156046,1677,216,526,18.25,-96.75
156047,1678,216,527,18.25,-96.25
156048,1679,216,528,18.25,-95.75
156055,1680,216,535,18.25,-92.25
156057,1681,216,537,18.25,-91.25
156058,1682,216,538,18.25,-90.75
156059,1683,216,539,18.25,-90.25
156060,1684,216,540,18.25,-89.75
156061,1685,216,541,18.25,-89.25
156386,1686,217,146,18.75,73.25
156395,1687,217,155,18.75,77.75
156396,1688,217,156,18.75,78.25
156397,1689,217,157,18.75,78.75
156398,1690,217,158,18.75,79.25
156399,1691,217,159,18.75,79.75
156400,1692,217,160,18.75,80.25
156404,1693,217,164,18.75,82.25
156405,1694,217,165,18.75,82.75
156406,1695,217,166,18.75,83.25
156407,1696,217,167,18.75,83.75
156429,1697,217,189,18.75,94.75
156430,1698,217,190,18.75,95.25
156431,1699,217,191,18.75,95.75
156432,1700,217,192,18.75,96.25
156433,1701,217,193,18.75,96.75
156434,1702,217,194,18.75,97.25
156435,1703,217,195,18.75,97.75
156436,1704,217,196,18.75,98.25
156437,1705,217,197,18.75,98.75
156438,1706,217,198,18.75,99.25
156439,1707,217,199,18.75,99.75
156440,1708,217,200,18.75,100.25
156441,1709,217,201,18.75,100.75
156442,1710,217,202,18.75,101.25
156443,1711,217,203,18.75,101.75
156444,1712,217,204,18.75,102.25
156445,1713,217,205,18.75,102.75
156446,1714,217,206,18.75,103.25
156447,1715,217,207,18.75,103.75
156448,1716,217,208,18.75,104.25
156458,1717,217,218,18.75,109.25
156459,1718,217,219,18.75,109.75
156753,1719,217,513,18.75,-103.25
156754,1720,217,514,18.75,-102.75
156755,1721,217,515,18.75,-102.25
156756,1722,217,516,18.75,-101.75
156757,1723,217,517,18.75,-101.25
156760,1724,217,520,18.75,-99.75
156761,1725,217,521,18.75,-99.25
156762,1726,217,522,18.75,-98.75
156763,1727,217,523,18.75,-98.25
156766,1728,217,526,18.75,-96.75
156767,1729,217,527,18.75,-96.25
156778,1730,217,538,18.75,-90.75
156779,1731,217,539,18.75,-90.25
156782,1732,217,542,18.75,-88.75
156816,1733,217,576,18.75,-71.75
156817,1734,217,577,18.75,-71.25
156818,1735,217,578,18.75,-70.75
156819,1736,217,579,18.75,-70.25
156820,1737,217,580,18.75,-69.75
156821,1738,217,581,18.75,-69.25
157106,1739,218,146,19.25,73.25
157116,1740,218,156,19.25,78.25
157117,1741,218,157,19.25,78.75
157118,1742,218,158,19.25,79.25
157119,1743,218,159,19.25,79.75
157120,1744,218,160,19.25,80.25
157124,1745,218,164,19.25,82.25
157125,1746,218,165,19.25,82.75
157126,1747,218,166,19.25,83.25
157127,1748,218,167,19.25,83.75
157128,1749,218,168,19.25,84.25
157149,1750,218,189,19.25,94.75
157150,1751,218,190,19.25,95.25
157151,1752,218,191,19.25,95.75
157152,1753,218,192,19.25,96.25
157153,1754,218,193,19.25,96.75
157154,1755,218,194,19.25,97.25
157155,1756,218,195,19.25,97.75
157156,1757,218,196,19.25,98.25
157157,1758,218,197,19.25,98.75
157158,1759,218,198,19.25,99.25
157159,1760,218,199,19.25,99.75
157160,1761,218,200,19.25,100.25
157161,1762,218,201,19.25,100.75
157162,1763,218,202,19.25,101.25
157163,1764,218,203,19.25,101.75
157164,1765,218,204,19.25,102.25
157165,1766,218,205,19.25,102.75
157166,1767,218,206,19.25,103.25
157168,1768,218,208,19.25,104.25
157169,1769,218,209,19.25,104.75
157170,1770,218,210,19.25,105.25
157178,1771,218,218,19.25,109.25
157179,1772,218,219,19.25,109.75
157180,1773,218,220,19.25,110.25
157472,1774,218,512,19.25,-103.75
157473,1775,218,513,19.25,-103.25
157474,1776,218,514,19.25,-102.75
157475,1777,218,515,19.25,-102.25
157476,1778,218,516,19.25,-101.75
157480,1779,218,520,19.25,-99.75
157485,1780,218,525,19.25,-97.25
157486,1781,218,526,19.25,-96.75
157499,1782,218,539,19.25,-90.25
157535,1783,218,575,19.25,-72.25
157536,1784,218,576,19.25,-71.75
157537,1785,218,577,19.25,-71.25
157538,1786,218,578,19.25,-70.75
157539,1787,218,579,19.25,-70.25
157836,1788,219,156,19.75,78.25
157837,1789,219,157,19.75,78.75
157838,1790,219,158,19.75,79.25
157839,1791,219,159,19.75,79.75
157840,1792,219,160,19.75,80.25
157843,1793,219,163,19.75,81.75
157844,1794,219,164,19.75,82.25
157845,1795,219,165,19.75,82.75
157846,1796,219,166,19.75,83.25
157848,1797,219,168,19.75,84.25
157849,1798,219,169,19.75,84.75
157868,1799,219,188,19.75,94.25
157869,1800,219,189,19.75,94.75
157870,1801,219,190,19.75,95.25
157871,1802,219,191,19.75,95.75
157872,1803,219,192,19.75,96.25
157873,1804,219,193,19.75,96.75
157874,1805,219,194,19.75,97.25
157875,1806,219,195,19.75,97.75
157879,1807,219,199,19.75,99.75
157880,1808,219,200,19.75,100.25
157881,1809,219,201,19.75,100.75
157882,1810,219,202,19.75,101.25
157883,1811,219,203,19.75,101.75
157884,1812,219,204,19.75,102.25
157885,1813,219,205,19.75,102.75
157886,1814,219,206,19.75,103.25
157887,1815,219,207,19.75,103.75
157888,1816,219,208,19.75,104.25
157890,1817,219,210,19.75,105.25
157900,1818,219,220,19.75,110.25
158190,1819,219,510,19.75,-104.75
158191,1820,219,511,19.75,-104.25
158192,1821,219,512,19.75,-103.75
158193,1822,219,513,19.75,-103.25
158194,1823,219,514,19.75,-102.75
158196,1824,219,516,19.75,-101.75
158205,1825,219,525,19.75,-97.25
158206,1826,219,526,19.75,-96.75
158546,1827,220,146,20.25,73.25
158557,1828,220,157,20.25,78.75
158558,1829,220,158,20.25,79.25
158559,1830,220,159,20.25,79.75
158560,1831,220,160,20.25,80.25
158564,1832,220,164,20.25,82.25
158565,1833,220,165,20.25,82.75
158566,1834,220,166,20.25,83.25
158567,1835,220,167,20.25,83.75
158569,1836,220,169,20.25,84.75
158570,1837,220,170,20.25,85.25
158571,1838,220,171,20.25,85.75
158572,1839,220,172,20.25,86.25
158587,1840,220,187,20.25,93.75
158588,1841,220,188,20.25,94.25
158589,1842,220,189,20.25,94.75
158590,1843,220,190,20.25,95.25
158591,1844,220,191,20.25,95.75
158592,1845,220,192,20.25,96.25
158593,1846,220,193,20.25,96.75
158594,1847,220,194,20.25,97.25
158595,1848,220,195,20.25,97.75
158598,1849,220,198,20.25,99.25
158599,1850,220,199,20.25,99.75
158601,1851,220,201,20.25,100.75
158602,1852,220,202,20.25,101.25
158603,1853,220,203,20.25,101.75
158604,1854,220,204,20.25,102.25
158605,1855,220,205,20.25,102.75
158606,1856,220,206,20.25,103.25
158607,1857,220,207,20.25,103.75
158608,1858,220,208,20.25,104.25
158609,1859,220,209,20.25,104.75
158610,1860,220,210,20.25,105.25
158611,1861,220,211,20.25,105.75
158909,1862,220,509,20.25,-105.25
158910,1863,220,510,20.25,-104.75
158911,1864,220,511,20.25,-104.25
158912,1865,220,512,20.25,-103.75
158966,1866,220,566,20.25,-76.75
158967,1867,220,567,20.25,-76.25
158968,1868,220,568,20.25,-75.75
158969,1869,220,569,20.25,-75.25
159266,1870,221,146,20.75,73.25
159267,1871,221,147,20.75,73.75
159277,1872,221,157,20.75,78.75
159278,1873,221,158,20.75,79.25
159279,1874,221,159,20.75,79.75
159280,1875,221,160,20.75,80.25
159284,1876,221,164,20.75,82.25
159285,1877,221,165,20.75,82.75
159286,1878,221,166,20.75,83.25
159287,1879,221,167,20.75,83.75
159288,1880,221,168,20.75,84.25
159289,1881,221,169,20.75,84.75
159290,1882,221,170,20.75,85.25
159291,1883,221,171,20.75,85.75
159292,1884,221,172,20.75,86.25
159306,1885,221,186,20.75,93.25
159307,1886,221,187,20.75,93.75
159308,1887,221,188,20.75,94.25
159309,1888,221,189,20.75,94.75
159310,1889,221,190,20.75,95.25
159311,1890,221,191,20.75,95.75
159312,1891,221,192,20.75,96.25
159313,1892,221,193,20.75,96.75
159314,1893,221,194,20.75,97.25
159315,1894,221,195,20.75,97.75
159316,1895,221,196,20.75,98.25
159318,1896,221,198,20.75,99.25
159319,1897,221,199,20.75,99.75
159320,1898,221,200,20.75,100.25
159321,1899,221,201,20.75,100.75
159322,1900,221,202,20.75,101.25
159323,1901,221,203,20.75,101.75
159324,1902,221,204,20.75,102.25
159325,1903,221,205,20.75,102.75
159327,1904,221,207,20.75,103.75
159328,1905,221,208,20.75,104.25
159330,1906,221,210,20.75,105.25
159331,1907,221,211,20.75,105.75
159332,1908,221,212,20.75,106.25
159630,1909,221,510,20.75,-104.75
159631,1910,221,511,20.75,-104.25
159632,1911,221,512,20.75,-103.75
159686,1912,221,566,20.75,-76.75
159687,1913,221,567,20.75,-76.25
159986,1914,222,146,21.25,73.25
159987,1915,222,147,21.25,73.75
159996,1916,222,156,21.25,78.25
159997,1917,222,157,21.25,78.75
159998,1918,222,158,21.25,79.25
159999,1919,222,159,21.25,79.75
160000,1920,222,160,21.25,80.25
160006,1921,222,166,21.25,83.25
160007,1922,222,167,21.25,83.75
160008,1923,222,168,21.25,84.25
160009,1924,222,169,21.25,84.75
160010,1925,222,170,21.25,85.25
160011,1926,222,171,21.25,85.75
160012,1927,222,172,21.25,86.25
160025,1928,222,185,21.25,92.75
160026,1929,222,186,21.25,93.25
160027,1930,222,187,21.25,93.75
160028,1931,222,188,21.25,94.25
160029,1932,222,189,21.25,94.75
160030,1933,222,190,21.25,95.25
160031,1934,222,191,21.25,95.75
160032,1935,222,192,21.25,96.25
160033,1936,222,193,21.25,96.75
160034,1937,222,194,21.25,97.25
160035,1938,222,195,21.25,97.75
160036,1939,222,196,21.25,98.25
160037,1940,222,197,21.25,98.75
160038,1941,222,198,21.25,99.25
160039,1942,222,199,21.25,99.75
160042,1943,222,202,21.25,101.25
160043,1944,222,203,21.25,101.75
160044,1945,222,204,21.25,102.25
160045,1946,222,205,21.25,102.75
160046,1947,222,206,21.25,103.25
160047,1948,222,207,21.25,103.75
160048,1949,222,208,21.25,104.25
160049,1950,222,209,21.25,104.75
160050,1951,222,210,21.25,105.25
160051,1952,222,211,21.25,105.75
160052,1953,222,212,21.25,106.25
160053,1954,222,213,21.25,106.75
160350,1955,222,510,21.25,-104.75
160403,1956,222,563,21.25,-78.25
160404,1957,222,564,21.25,-77.75
160405,1958,222,565,21.25,-77.25
160707,1959,223,147,21.75,73.75
160726,1960,223,166,21.75,83.25
160727,1961,223,167,21.75,83.75
160728,1962,223,168,21.75,84.25
160729,1963,223,169,21.75,84.75
160730,1964,223,170,21.75,85.25
160731,1965,223,171,21.75,85.75
160733,1966,223,173,21.75,86.75
160744,1967,223,184,21.75,92.25
160745,1968,223,185,21.75,92.75
160746,1969,223,186,21.75,93.25
160748,1970,223,188,21.75,94.25
160749,1971,223,189,21.75,94.75
160750,1972,223,190,21.75,95.25
160751,1973,223,191,21.75,95.75
160752,1974,223,192,21.75,96.25
160754,1975,223,194,21.75,97.25
160755,1976,223,195,21.75,97.75
160756,1977,223,196,21.75,98.25
160757,1978,223,197,21.75,98.75
160758,1979,223,198,21.75,99.25
160761,1980,223,201,21.75,100.75
160766,1981,223,206,21.75,103.25
160767,1982,223,207,21.75,103.75
160768,1983,223,208,21.75,104.25
160769,1984,223,209,21.75,104.75
160770,1985,223,210,21.75,105.25
160771,1986,223,211,21.75,105.75
160772,1987,223,212,21.75,106.25
160773,1988,223,213,21.75,106.75
160774,1989,223,214,21.75,107.25
160780,1990,223,220,21.75,110.25
160781,1991,223,221,21.75,110.75
161070,1992,223,510,21.75,-104.75
161123,1993,223,563,21.75,-78.25
161447,1994,224,167,22.25,83.75
161448,1995,224,168,22.25,84.25
161449,1996,224,169,22.25,84.75
161453,1997,224,173,22.25,86.75
161454,1998,224,174,22.25,87.25
161455,1999,224,175,22.25,87.75
161457,2000,224,177,22.25,88.75
161458,2001,224,178,22.25,89.25
161460,2002,224,180,22.25,90.25
161464,2003,224,184,22.25,92.25
161466,2004,224,186,22.25,93.25
161468,2005,224,188,22.25,94.25
161469,2006,224,189,22.25,94.75
161470,2007,224,190,22.25,95.25
161471,2008,224,191,22.25,95.75
161472,2009,224,192,22.25,96.25
161473,2010,224,193,22.25,96.75
161474,2011,224,194,22.25,97.25
161475,2012,224,195,22.25,97.75
161476,2013,224,196,22.25,98.25
161477,2014,224,197,22.25,98.75
161478,2015,224,198,22.25,99.25
161479,2016,224,199,22.25,99.75
161481,2017,224,201,22.25,100.75
161483,2018,224,203,22.25,101.75
161485,2019,224,205,22.25,102.75
161486,2020,224,206,22.25,103.25
161487,2021,224,207,22.25,103.75
161488,2022,224,208,22.25,104.25
161489,2023,224,209,22.25,104.75
161490,2024,224,210,22.25,105.25
161491,2025,224,211,22.25,105.75
161492,2026,224,212,22.25,106.25
161493,2027,224,213,22.25,106.75
161494,2028,224,214,22.25,107.25
161495,2029,224,215,22.25,107.75
161496,2030,224,216,22.25,108.25
161497,2031,224,217,22.25,108.75
161498,2032,224,218,22.25,109.25
161499,2033,224,219,22.25,109.75
161500,2034,224,220,22.25,110.25
161501,2035,224,221,22.25,110.75
161502,2036,224,222,22.25,111.25
161503,2037,224,223,22.25,111.75
161504,2038,224,224,22.25,112.25
161505,2039,224,225,22.25,112.75
161802,2040,224,522,22.25,-98.75
161840,2041,224,560,22.25,-79.75
162172,2042,225,172,22.75,86.25
162173,2043,225,173,22.75,86.75
162174,2044,225,174,22.75,87.25
162175,2045,225,175,22.75,87.75
162176,2046,225,176,22.75,88.25
162177,2047,225,177,22.75,88.75
162178,2048,225,178,22.75,89.25
162179,2049,225,179,22.75,89.75
162180,2050,225,180,22.75,90.25
162184,2051,225,184,22.75,92.25
162187,2052,225,187,22.75,93.75
162188,2053,225,188,22.75,94.25
162190,2054,225,190,22.75,95.25
162191,2055,225,191,22.75,95.75
162192,2056,225,192,22.75,96.25
162193,2057,225,193,22.75,96.75
162194,2058,225,194,22.75,97.25
162195,2059,225,195,22.75,97.75
162196,2060,225,196,22.75,98.25
162197,2061,225,197,22.75,98.75
162199,2062,225,199,22.75,99.75
162200,2063,225,200,22.75,100.25
162204,2064,225,204,22.75,102.25
162205,2065,225,205,22.75,102.75
162206,2066,225,206,22.75,103.25
162208,2067,225,208,22.75,104.25
162209,2068,225,209,22.75,104.75
162210,2069,225,210,22.75,105.25
162211,2070,225,211,22.75,105.75
162212,2071,225,212,22.75,106.25
162213,2072,225,213,22.75,106.75
162214,2073,225,214,22.75,107.25
162215,2074,225,215,22.75,107.75
162216,2075,225,216,22.75,108.25
162217,2076,225,217,22.75,108.75
162218,2077,225,218,22.75,109.25
162219,2078,225,219,22.75,109.75
162220,2079,225,220,22.75,110.25
162221,2080,225,221,22.75,110.75
162222,2081,225,222,22.75,111.25
162223,2082,225,223,22.75,111.75
162224,2083,225,224,22.75,112.25
162225,2084,225,225,22.75,112.75
162521,2085,225,521,22.75,-99.25
162522,2086,225,522,22.75,-98.75
162557,2087,225,557,22.75,-81.25
162558,2088,225,558,22.75,-80.75
162868,2089,226,148,23.25,74.25
162869,2090,226,149,23.25,74.75
162891,2091,226,171,23.25,85.75
162892,2092,226,172,23.25,86.25
162893,2093,226,173,23.25,86.75
162894,2094,226,174,23.25,87.25
162895,2095,226,175,23.25,87.75
162896,2096,226,176,23.25,88.25
162897,2097,226,177,23.25,88.75
162898,2098,226,178,23.25,89.25
162899,2099,226,179,23.25,89.75
162900,2100,226,180,23.25,90.25
162902,2101,226,182,23.25,91.25
162907,2102,226,187,23.25,93.75
162908,2103,226,188,23.25,94.25
162911,2104,226,191,23.25,95.75
162912,2105,226,192,23.25,96.25
162913,2106,226,193,23.25,96.75
162914,2107,226,194,23.25,97.25
162915,2108,226,195,23.25,97.75
162916,2109,226,196,23.25,98.25
162917,2110,226,197,23.25,98.75
162918,2111,226,198,23.25,99.25
162929,2112,226,209,23.25,104.75
162930,2113,226,210,23.25,105.25
162931,2114,226,211,23.25,105.75
162932,2115,226,212,23.25,106.25
162933,2116,226,213,23.25,106.75
162934,2117,226,214,23.25,107.25
162935,2118,226,215,23.25,107.75
162936,2119,226,216,23.25,108.25
162937,2120,226,217,23.25,108.75
162938,2121,226,218,23.25,109.25
162939,2122,226,219,23.25,109.75
162940,2123,226,220,23.25,110.25
162941,2124,226,221,23.25,110.75
162942,2125,226,222,23.25,111.25
162943,2126,226,223,23.25,111.75
162944,2127,226,224,23.25,112.25
162945,2128,226,225,23.25,112.75
162946,2129,226,226,23.25,113.25
162947,2130,226,227,23.25,113.75
162948,2131,226,228,23.25,114.25
162949,2132,226,229,23.25,114.75
162950,2133,226,230,23.25,115.25
162951,2134,226,231,23.25,115.75
162952,2135,226,232,23.25,116.25
163241,2136,226,521,23.25,-99.25
163588,2137,227,148,23.75,74.25
163589,2138,227,149,23.75,74.75
163613,2139,227,173,23.75,86.75
163614,2140,227,174,23.75,87.25
163615,2141,227,175,23.75,87.75
163616,2142,227,176,23.75,88.25
163617,2143,227,177,23.75,88.75
163618,2144,227,178,23.75,89.25
163619,2145,227,179,23.75,89.75
163620,2146,227,180,23.75,90.25
163621,2147,227,181,23.75,90.75
163622,2148,227,182,23.75,91.25
163624,2149,227,184,23.75,92.25
163626,2150,227,186,23.75,93.25
163628,2151,227,188,23.75,94.25
163631,2152,227,191,23.75,95.75
163632,2153,227,192,23.75,96.25
163635,2154,227,195,23.75,97.75
163636,2155,227,196,23.75,98.25
163639,2156,227,199,23.75,99.75
163642,2157,227,202,23.75,101.25
163643,2158,227,203,23.75,101.75
163648,2159,227,208,23.75,104.25
163652,2160,227,212,23.75,106.25
163653,2161,227,213,23.75,106.75
163654,2162,227,214,23.75,107.25
163655,2163,227,215,23.75,107.75
163656,2164,227,216,23.75,108.25
163657,2165,227,217,23.75,108.75
163658,2166,227,218,23.75,109.25
163659,2167,227,219,23.75,109.75
163660,2168,227,220,23.75,110.25
163661,2169,227,221,23.75,110.75
163662,2170,227,222,23.75,111.25
163663,2171,227,223,23.75,111.75
163664,2172,227,224,23.75,112.25
163665,2173,227,225,23.75,112.75
163666,2174,227,226,23.75,113.25
163667,2175,227,227,23.75,113.75
163668,2176,227,228,23.75,114.25
163669,2177,227,229,23.75,114.75
163670,2178,227,230,23.75,115.25
163671,2179,227,231,23.75,115.75
163672,2180,227,232,23.75,116.25
163673,2181,227,233,23.75,116.75
164295,2182,228,135,24.25,67.75
164296,2183,228,136,24.25,68.25
164299,2184,228,139,24.25,69.75
164335,2185,228,175,24.25,87.75
164336,2186,228,176,24.25,88.25
164337,2187,228,177,24.25,88.75
164338,2188,228,178,24.25,89.25
164339,2189,228,179,24.25,89.75
164340,2190,228,180,24.25,90.25
164341,2191,228,181,24.25,90.75
164342,2192,228,182,24.25,91.25
164343,2193,228,183,24.25,91.75
164344,2194,228,184,24.25,92.25
164345,2195,228,185,24.25,92.75
164348,2196,228,188,24.25,94.25
164352,2197,228,192,24.25,96.25
164353,2198,228,193,24.25,96.75
164354,2199,228,194,24.25,97.25
164355,2200,228,195,24.25,97.75
164356,2201,228,196,24.25,98.25
164369,2202,228,209,24.25,104.75
164370,2203,228,210,24.25,105.25
164371,2204,228,211,24.25,105.75
164372,2205,228,212,24.25,106.25
164373,2206,228,213,24.25,106.75
164374,2207,228,214,24.25,107.25
164375,2208,228,215,24.25,107.75
164376,2209,228,216,24.25,108.25
164377,2210,228,217,24.25,108.75
164378,2211,228,218,24.25,109.25
164379,2212,228,219,24.25,109.75
164380,2213,228,220,24.25,110.25
164381,2214,228,221,24.25,110.75
164382,2215,228,222,24.25,111.25
164383,2216,228,223,24.25,111.75
164384,2217,228,224,24.25,112.25
164385,2218,228,225,24.25,112.75
164386,2219,228,226,24.25,113.25
164387,2220,228,227,24.25,113.75
164388,2221,228,228,24.25,114.25
164389,2222,228,229,24.25,114.75
164390,2223,228,230,24.25,115.25
164391,2224,228,231,24.25,115.75
164392,2225,228,232,24.25,116.25
164393,2226,228,233,24.25,116.75
164394,2227,228,234,24.25,117.25
165015,2228,229,135,24.75,67.75
165016,2229,229,136,24.75,68.25
165017,2230,229,137,24.75,68.75
165018,2231,229,138,24.75,69.25
165019,2232,229,139,24.75,69.75
165020,2233,229,140,24.75,70.25
165021,2234,229,141,24.75,70.75
165055,2235,229,175,24.75,87.75
165056,2236,229,176,24.75,88.25
165057,2237,229,177,24.75,88.75
165058,2238,229,178,24.75,89.25
165059,2239,229,179,24.75,89.75
165060,2240,229,180,24.75,90.25
165061,2241,229,181,24.75,90.75
165062,2242,229,182,24.75,91.25
165063,2243,229,183,24.75,91.75
165064,2244,229,184,24.75,92.25
165065,2245,229,185,24.75,92.75
165066,2246,229,186,24.75,93.25
165071,2247,229,191,24.75,95.75
165072,2248,229,192,24.75,96.25
165073,2249,229,193,24.75,96.75
165074,2250,229,194,24.75,97.25
165088,2251,229,208,24.75,104.25
165089,2252,229,209,24.75,104.75
165090,2253,229,210,24.75,105.25
165091,2254,229,211,24.75,105.75
165092,2255,229,212,24.75,106.25
165093,2256,229,213,24.75,106.75
165094,2257,229,214,24.75,107.25
165095,2258,229,215,24.75,107.75
165096,2259,229,216,24.75,108.25
165097,2260,229,217,24.75,108.75
165098,2261,229,218,24.75,109.25
165099,2262,229,219,24.75,109.75
165100,2263,229,220,24.75,110.25
165101,2264,229,221,24.75,110.75
165102,2265,229,222,24.75,111.25
165103,2266,229,223,24.75,111.75
165104,2267,229,224,24.75,112.25
165105,2268,229,225,24.75,112.75
165106,2269,229,226,24.75,113.25
165107,2270,229,227,24.75,113.75
165108,2271,229,228,24.75,114.25
165109,2272,229,229,24.75,114.75
165110,2273,229,230,24.75,115.25
165111,2274,229,231,24.75,115.75
165112,2275,229,232,24.75,116.25
165113,2276,229,233,24.75,116.75
165114,2277,229,234,24.75,117.25
165115,2278,229,235,24.75,117.75
165385,2279,229,505,24.75,-107.25
165734,2280,230,134,25.25,67.25
165736,2281,230,136,25.25,68.25
165737,2282,230,137,25.25,68.75
165738,2283,230,138,25.25,69.25
165739,2284,230,139,25.25,69.75
165740,2285,230,140,25.25,70.25
165741,2286,230,141,25.25,70.75
165775,2287,230,175,25.25,87.75
165776,2288,230,176,25.25,88.25
165777,2289,230,177,25.25,88.75
165778,2290,230,178,25.25,89.25
165779,2291,230,179,25.25,89.75
165780,2292,230,180,25.25,90.25
165781,2293,230,181,25.25,90.75
165782,2294,230,182,25.25,91.25
165783,2295,230,183,25.25,91.75
165784,2296,230,184,25.25,92.25
165785,2297,230,185,25.25,92.75
165786,2298,230,186,25.25,93.25
165789,2299,230,189,25.25,94.75
165790,2300,230,190,25.25,95.25
165792,2301,230,192,25.25,96.25
165793,2302,230,193,25.25,96.75
165794,2303,230,194,25.25,97.25
165796,2304,230,196,25.25,98.25
165797,2305,230,197,25.25,98.75
165798,2306,230,198,25.25,99.25
165799,2307,230,199,25.25,99.75
165808,2308,230,208,25.25,104.25
165809,2309,230,209,25.25,104.75
165813,2310,230,213,25.25,106.75
165814,2311,230,214,25.25,107.25
165815,2312,230,215,25.25,107.75
165816,2313,230,216,25.25,108.25
165818,2314,230,218,25.25,109.25
165819,2315,230,219,25.25,109.75
165820,2316,230,220,25.25,110.25
165821,2317,230,221,25.25,110.75
165822,2318,230,222,25.25,111.25
165823,2319,230,223,25.25,111.75
165824,2320,230,224,25.25,112.25
165825,2321,230,225,25.25,112.75
165826,2322,230,226,25.25,113.25
165827,2323,230,227,25.25,113.75
165828,2324,230,228,25.25,114.25
165829,2325,230,229,25.25,114.75
165830,2326,230,230,25.25,115.25
165831,2327,230,231,25.25,115.75
165832,2328,230,232,25.25,116.25
165833,2329,230,233,25.25,116.75
165834,2330,230,234,25.25,117.25
165835,2331,230,235,25.25,117.75
165836,2332,230,236,25.25,118.25
166104,2333,230,504,25.25,-107.75
166384,2334,231,64,25.75,32.25
166385,2335,231,65,25.75,32.75
166453,2336,231,133,25.75,66.75
166456,2337,231,136,25.75,68.25
166457,2338,231,137,25.75,68.75
166458,2339,231,138,25.75,69.25
166495,2340,231,175,25.75,87.75
166496,2341,231,176,25.75,88.25
166497,2342,231,177,25.75,88.75
166498,2343,231,178,25.75,89.25
166499,2344,231,179,25.75,89.75
166500,2345,231,180,25.75,90.25
166501,2346,231,181,25.75,90.75
166502,2347,231,182,25.75,91.25
166504,2348,231,184,25.75,92.25
166505,2349,231,185,25.75,92.75
166506,2350,231,186,25.75,93.25
166507,2351,231,187,25.75,93.75
166512,2352,231,192,25.75,96.25
166513,2353,231,193,25.75,96.75
166517,2354,231,197,25.75,98.75
166527,2355,231,207,25.75,103.75
166528,2356,231,208,25.75,104.25
166531,2357,231,211,25.75,105.75
166532,2358,231,212,25.75,106.25
166534,2359,231,214,25.75,107.25
166536,2360,231,216,25.75,108.25
166537,2361,231,217,25.75,108.75
166538,2362,231,218,25.75,109.25
166539,2363,231,219,25.75,109.75
166540,2364,231,220,25.75,110.25
166541,2365,231,221,25.75,110.75
166542,2366,231,222,25.75,111.25
166543,2367,231,223,25.75,111.75
166544,2368,231,224,25.75,112.25
166545,2369,231,225,25.75,112.75
166546,2370,231,226,25.75,113.25
166547,2371,231,227,25.75,113.75
166548,2372,231,228,25.75,114.25
166549,2373,231,229,25.75,114.75
166550,2374,231,230,25.75,115.25
166551,2375,231,231,25.75,115.75
166552,2376,231,232,25.75,116.25
166553,2377,231,233,25.75,116.75
166554,2378,231,234,25.75,117.25
166555,2379,231,235,25.75,117.75
166556,2380,231,236,25.75,118.25
166557,2381,231,237,25.75,118.75
167172,2382,232,132,26.25,66.25
167175,2383,232,135,26.25,67.75
167176,2384,232,136,26.25,68.25
167177,2385,232,137,26.25,68.75
167178,2386,232,138,26.25,69.25
167213,2387,232,173,26.25,86.75
167214,2388,232,174,26.25,87.25
167215,2389,232,175,26.25,87.75
167216,2390,232,176,26.25,88.25
167217,2391,232,177,26.25,88.75
167218,2392,232,178,26.25,89.25
167219,2393,232,179,26.25,89.75
167220,2394,232,180,26.25,90.25
167221,2395,232,181,26.25,90.75
167222,2396,232,182,26.25,91.25
167223,2397,232,183,26.25,91.75
167224,2398,232,184,26.25,92.25
167225,2399,232,185,26.25,92.75
167226,2400,232,186,26.25,93.25
167227,2401,232,187,26.25,93.75
167228,2402,232,188,26.25,94.25
167232,2403,232,192,26.25,96.25
167233,2404,232,193,26.25,96.75
167238,2405,232,198,26.25,99.25
167240,2406,232,200,26.25,100.25
167244,2407,232,204,26.25,102.25
167246,2408,232,206,26.25,103.25
167258,2409,232,218,26.25,109.25
167259,2410,232,219,26.25,109.75
167260,2411,232,220,26.25,110.25
167261,2412,232,221,26.25,110.75
167262,2413,232,222,26.25,111.25
167263,2414,232,223,26.25,111.75
167264,2415,232,224,26.25,112.25
167265,2416,232,225,26.25,112.75
167266,2417,232,226,26.25,113.25
167267,2418,232,227,26.25,113.75
167268,2419,232,228,26.25,114.25
167269,2420,232,229,26.25,114.75
167270,2421,232,230,26.25,115.25
167271,2422,232,231,26.25,115.75
167272,2423,232,232,26.25,116.25
167273,2424,232,233,26.25,116.75
167274,2425,232,234,26.25,117.25
167275,2426,232,235,26.25,117.75
167276,2427,232,236,26.25,118.25
167277,2428,232,237,26.25,118.75
167278,2429,232,238,26.25,119.25
167895,2430,233,135,26.75,67.75
167896,2431,233,136,26.75,68.25
167897,2432,233,137,26.75,68.75
167929,2433,233,169,26.75,84.75
167930,2434,233,170,26.75,85.25
167931,2435,233,171,26.75,85.75
167932,2436,233,172,26.75,86.25
167933,2437,233,173,26.75,86.75
167934,2438,233,174,26.75,87.25
167935,2439,233,175,26.75,87.75
167936,2440,233,176,26.75,88.25
167937,2441,233,177,26.75,88.75
167938,2442,233,178,26.75,89.25
167939,2443,233,179,26.75,89.75
167941,2444,233,181,26.75,90.75
167943,2445,233,183,26.75,91.75
167944,2446,233,184,26.75,92.25
167945,2447,233,185,26.75,92.75
167946,2448,233,186,26.75,93.25
167947,2449,233,187,26.75,93.75
167948,2450,233,188,26.75,94.25
167949,2451,233,189,26.75,94.75
167955,2452,233,195,26.75,97.75
167957,2453,233,197,26.75,98.75
167962,2454,233,202,26.75,101.25
167966,2455,233,206,26.75,103.25
167967,2456,233,207,26.75,103.75
167968,2457,233,208,26.75,104.25
167969,2458,233,209,26.75,104.75
167972,2459,233,212,26.75,106.25
167978,2460,233,218,26.75,109.25
167979,2461,233,219,26.75,109.75
167980,2462,233,220,26.75,110.25
167981,2463,233,221,26.75,110.75
167982,2464,233,222,26.75,111.25
167983,2465,233,223,26.75,111.75
167984,2466,233,224,26.75,112.25
167985,2467,233,225,26.75,112.75
167986,2468,233,226,26.75,113.25
167987,2469,233,227,26.75,113.75
167988,2470,233,228,26.75,114.25
167989,2471,233,229,26.75,114.75
167990,2472,233,230,26.75,115.25
167991,2473,233,231,26.75,115.75
167992,2474,233,232,26.75,116.25
167993,2475,233,233,26.75,116.75
167994,2476,233,234,26.75,117.25
167995,2477,233,235,26.75,117.75
167996,2478,233,236,26.75,118.25
167997,2479,233,237,26.75,118.75
167998,2480,233,238,26.75,119.25
168614,2481,234,134,27.25,67.25
168615,2482,234,135,27.25,67.75
168616,2483,234,136,27.25,68.25
168617,2484,234,137,27.25,68.75
168618,2485,234,138,27.25,69.25
168646,2486,234,166,27.25,83.25
168647,2487,234,167,27.25,83.75
168648,2488,234,168,27.25,84.25
168649,2489,234,169,27.25,84.75
168650,2490,234,170,27.25,85.25
168651,2491,234,171,27.25,85.75
168652,2492,234,172,27.25,86.25
168653,2493,234,173,27.25,86.75
168654,2494,234,174,27.25,87.25
168655,2495,234,175,27.25,87.75
168668,2496,234,188,27.25,94.25
168669,2497,234,189,27.25,94.75
168670,2498,234,190,27.25,95.25
168676,2499,234,196,27.25,98.25
168677,2500,234,197,27.25,98.75
168696,2501,234,216,27.25,108.25
168697,2502,234,217,27.25,108.75
168698,2503,234,218,27.25,109.25
168699,2504,234,219,27.25,109.75
168700,2505,234,220,27.25,110.25
168701,2506,234,221,27.25,110.75
168702,2507,234,222,27.25,111.25
168703,2508,234,223,27.25,111.75
168704,2509,234,224,27.25,112.25
168705,2510,234,225,27.25,112.75
168706,2511,234,226,27.25,113.25
168707,2512,234,227,27.25,113.75
168708,2513,234,228,27.25,114.25
168709,2514,234,229,27.25,114.75
168710,2515,234,230,27.25,115.25
168711,2516,234,231,27.25,115.75
168712,2517,234,232,27.25,116.25
168713,2518,234,233,27.25,116.75
168714,2519,234,234,27.25,117.25
168715,2520,234,235,27.25,117.75
168716,2521,234,236,27.25,118.25
168717,2522,234,237,27.25,118.75
168718,2523,234,238,27.25,119.25
168719,2524,234,239,27.25,119.75
169333,2525,235,133,27.75,66.75
169334,2526,235,134,27.75,67.25
169335,2527,235,135,27.75,67.75
169336,2528,235,136,27.75,68.25
169337,2529,235,137,27.75,68.75
169338,2530,235,138,27.75,69.25
169339,2531,235,139,27.75,69.75
169363,2532,235,163,27.75,81.75
169364,2533,235,164,27.75,82.25
169365,2534,235,165,27.75,82.75
169366,2535,235,166,27.75,83.25
169367,2536,235,167,27.75,83.75
169368,2537,235,168,27.75,84.25
169369,2538,235,169,27.75,84.75
169370,2539,235,170,27.75,85.25
169371,2540,235,171,27.75,85.75
169372,2541,235,172,27.75,86.25
169374,2542,235,174,27.75,87.25
169389,2543,235,189,27.75,94.75
169390,2544,235,190,27.75,95.25
169397,2545,235,197,27.75,98.75
169402,2546,235,202,27.75,101.25
169405,2547,235,205,27.75,102.75
169413,2548,235,213,27.75,106.75
169418,2549,235,218,27.75,109.25
169419,2550,235,219,27.75,109.75
169420,2551,235,220,27.75,110.25
169421,2552,235,221,27.75,110.75
169422,2553,235,222,27.75,111.25
169423,2554,235,223,27.75,111.75
169424,2555,235,224,27.75,112.25
169425,2556,235,225,27.75,112.75
169426,2557,235,226,27.75,113.25
169427,2558,235,227,27.75,113.75
169428,2559,235,228,27.75,114.25
169429,2560,235,229,27.75,114.75
169430,2561,235,230,27.75,115.25
169431,2562,235,231,27.75,115.75
169432,2563,235,232,27.75,116.25
169433,2564,235,233,27.75,116.75
169434,2565,235,234,27.75,117.25
169435,2566,235,235,27.75,117.75
169436,2567,235,236,27.75,118.25
169437,2568,235,237,27.75,118.75
169438,2569,235,238,27.75,119.25
169439,2570,235,239,27.75,119.75
169440,2571,235,240,27.75,120.25
170052,2572,236,132,28.25,66.25
170053,2573,236,133,28.25,66.75
170054,2574,236,134,28.25,67.25
170055,2575,236,135,28.25,67.75
170056,2576,236,136,28.25,68.25
170057,2577,236,137,28.25,68.75
170058,2578,236,138,28.25,69.25
170059,2579,236,139,28.25,69.75
170061,2580,236,141,28.25,70.75
170081,2581,236,161,28.25,80.75
170082,2582,236,162,28.25,81.25
170083,2583,236,163,28.25,81.75
170084,2584,236,164,28.25,82.25
170085,2585,236,165,28.25,82.75
170086,2586,236,166,28.25,83.25
170087,2587,236,167,28.25,83.75
170088,2588,236,168,28.25,84.25
170089,2589,236,169,28.25,84.75
170125,2590,236,205,28.25,102.75
170127,2591,236,207,28.25,103.75
170136,2592,236,216,28.25,108.25
170138,2593,236,218,28.25,109.25
170139,2594,236,219,28.25,109.75
170140,2595,236,220,28.25,110.25
170141,2596,236,221,28.25,110.75
170142,2597,236,222,28.25,111.25
170143,2598,236,223,28.25,111.75
170144,2599,236,224,28.25,112.25
170145,2600,236,225,28.25,112.75
170146,2601,236,226,28.25,113.25
170147,2602,236,227,28.25,113.75
170148,2603,236,228,28.25,114.25
170149,2604,236,229,28.25,114.75
170150,2605,236,230,28.25,115.25
170151,2606,236,231,28.25,115.75
170152,2607,236,232,28.25,116.25
170153,2608,236,233,28.25,116.75
170154,2609,236,234,28.25,117.25
170155,2610,236,235,28.25,117.75
170156,2611,236,236,28.25,118.25
170157,2612,236,237,28.25,118.75
170158,2613,236,238,28.25,119.25
170159,2614,236,239,28.25,119.75
170160,2615,236,240,28.25,120.25
170774,2616,237,134,28.75,67.25
170776,2617,237,136,28.75,68.25
170779,2618,237,139,28.75,69.75
170780,2619,237,140,28.75,70.25
170781,2620,237,141,28.75,70.75
170782,2621,237,142,28.75,71.25
170800,2622,237,160,28.75,80.25
170801,2623,237,161,28.75,80.75
170802,2624,237,162,28.75,81.25
170803,2625,237,163,28.75,81.75
170804,2626,237,164,28.75,82.25
170805,2627,237,165,28.75,82.75
170806,2628,237,166,28.75,83.25
170807,2629,237,167,28.75,83.75
170849,2630,237,209,28.75,104.75
170851,2631,237,211,28.75,105.75
170854,2632,237,214,28.75,107.25
170857,2633,237,217,28.75,108.75
170858,2634,237,218,28.75,109.25
170859,2635,237,219,28.75,109.75
170860,2636,237,220,28.75,110.25
170861,2637,237,221,28.75,110.75
170862,2638,237,222,28.75,111.25
170863,2639,237,223,28.75,111.75
170864,2640,237,224,28.75,112.25
170865,2641,237,225,28.75,112.75
170866,2642,237,226,28.75,113.25
170867,2643,237,227,28.75,113.75
170868,2644,237,228,28.75,114.25
170869,2645,237,229,28.75,114.75
170870,2646,237,230,28.75,115.25
170871,2647,237,231,28.75,115.75
170872,2648,237,232,28.75,116.25
170873,2649,237,233,28.75,116.75
170874,2650,237,234,28.75,117.25
170875,2651,237,235,28.75,117.75
170876,2652,237,236,28.75,118.25
170877,2653,237,237,28.75,118.75
170878,2654,237,238,28.75,119.25
170879,2655,237,239,28.75,119.75
170880,2656,237,240,28.75,120.25
170881,2657,237,241,28.75,120.75
170882,2658,237,242,28.75,121.25
171421,2659,238,61,29.25,30.75
171495,2660,238,135,29.25,67.75
171500,2661,238,140,29.25,70.25
171501,2662,238,141,29.25,70.75
171502,2663,238,142,29.25,71.25
171503,2664,238,143,29.25,71.75
171504,2665,238,144,29.25,72.25
171505,2666,238,145,29.25,72.75
171506,2667,238,146,29.25,73.25
171520,2668,238,160,29.25,80.25
171521,2669,238,161,29.25,80.75
171522,2670,238,162,29.25,81.25
171523,2671,238,163,29.25,81.75
171524,2672,238,164,29.25,82.25
171525,2673,238,165,29.25,82.75
171564,2674,238,204,29.25,102.25
171566,2675,238,206,29.25,103.25
171571,2676,238,211,29.25,105.75
171573,2677,238,213,29.25,106.75
171578,2678,238,218,29.25,109.25
171579,2679,238,219,29.25,109.75
171580,2680,238,220,29.25,110.25
171581,2681,238,221,29.25,110.75
171582,2682,238,222,29.25,111.25
171583,2683,238,223,29.25,111.75
171584,2684,238,224,29.25,112.25
171585,2685,238,225,29.25,112.75
171586,2686,238,226,29.25,113.25
171587,2687,238,227,29.25,113.75
171588,2688,238,228,29.25,114.25
171589,2689,238,229,29.25,114.75
171590,2690,238,230,29.25,115.25
171591,2691,238,231,29.25,115.75
171592,2692,238,232,29.25,116.25
171593,2693,238,233,29.25,116.75
171594,2694,238,234,29.25,117.25
171595,2695,238,235,29.25,117.75
171596,2696,238,236,29.25,118.25
171597,2697,238,237,29.25,118.75
171598,2698,238,238,29.25,119.25
171599,2699,238,239,29.25,119.75
171600,2700,238,240,29.25,120.25
171601,2701,238,241,29.25,120.75
171886,2702,238,526,29.25,-96.75
172215,2703,239,135,29.75,67.75
172216,2704,239,136,29.75,68.25
172217,2705,239,137,29.75,68.75
172218,2706,239,138,29.75,69.25
172219,2707,239,139,29.75,69.75
172220,2708,239,140,29.75,70.25
172221,2709,239,141,29.75,70.75
172222,2710,239,142,29.75,71.25
172223,2711,239,143,29.75,71.75
172224,2712,239,144,29.75,72.25
172225,2713,239,145,29.75,72.75
172226,2714,239,146,29.75,73.25
172240,2715,239,160,29.75,80.25
172241,2716,239,161,29.75,80.75
172242,2717,239,162,29.75,81.25
172243,2718,239,163,29.75,81.75
172298,2719,239,218,29.75,109.25
172299,2720,239,219,29.75,109.75
172300,2721,239,220,29.75,110.25
172301,2722,239,221,29.75,110.75
172302,2723,239,222,29.75,111.25
172303,2724,239,223,29.75,111.75
172304,2725,239,224,29.75,112.25
172305,2726,239,225,29.75,112.75
172306,2727,239,226,29.75,113.25
172307,2728,239,227,29.75,113.75
172308,2729,239,228,29.75,114.25
172310,2730,239,230,29.75,115.25
172311,2731,239,231,29.75,115.75
172312,2732,239,232,29.75,116.25
172313,2733,239,233,29.75,116.75
172314,2734,239,234,29.75,117.25
172315,2735,239,235,29.75,117.75
172316,2736,239,236,29.75,118.25
172317,2737,239,237,29.75,118.75
172318,2738,239,238,29.75,119.25
172319,2739,239,239,29.75,119.75
172320,2740,239,240,29.75,120.25
172321,2741,239,241,29.75,120.75
172322,2742,239,242,29.75,121.25
172861,2743,240,61,30.25,30.75
172862,2744,240,62,30.25,31.25
172863,2745,240,63,30.25,31.75
172934,2746,240,134,30.25,67.25
172935,2747,240,135,30.25,67.75
172938,2748,240,138,30.25,69.25
172939,2749,240,139,30.25,69.75
172940,2750,240,140,30.25,70.25
172941,2751,240,141,30.25,70.75
172942,2752,240,142,30.25,71.25
172943,2753,240,143,30.25,71.75
172944,2754,240,144,30.25,72.25
172945,2755,240,145,30.25,72.75
172946,2756,240,146,30.25,73.25
172962,2757,240,162,30.25,81.25
173013,2758,240,213,30.25,106.75
173015,2759,240,215,30.25,107.75
173021,2760,240,221,30.25,110.75
173023,2761,240,223,30.25,111.75
173026,2762,240,226,30.25,113.25
173033,2763,240,233,30.25,116.75
173036,2764,240,236,30.25,118.25
173037,2765,240,237,30.25,118.75
173038,2766,240,238,30.25,119.25
173039,2767,240,239,30.25,119.75
173579,2768,241,59,30.75,29.75
173580,2769,241,60,30.75,30.25
173581,2770,241,61,30.75,30.75
173582,2771,241,62,30.75,31.25
173583,2772,241,63,30.75,31.75
173584,2773,241,64,30.75,32.25
173656,2774,241,136,30.75,68.25
173658,2775,241,138,30.75,69.25
173659,2776,241,139,30.75,69.75
173660,2777,241,140,30.75,70.25
173661,2778,241,141,30.75,70.75
173662,2779,241,142,30.75,71.25
173663,2780,241,143,30.75,71.75
173664,2781,241,144,30.75,72.25
173665,2782,241,145,30.75,72.75
173666,2783,241,146,30.75,73.25
173667,2784,241,147,30.75,73.75
173673,2785,241,153,30.75,76.75
173674,2786,241,154,30.75,77.25
173732,2787,241,212,30.75,106.25
173735,2788,241,215,30.75,107.75
173748,2789,241,228,30.75,114.25
173758,2790,241,238,30.75,119.25
173759,2791,241,239,30.75,119.75
173760,2792,241,240,30.75,120.25
173761,2793,241,241,30.75,120.75
174056,2794,241,536,30.75,-91.75
174302,2795,242,62,31.25,31.25
174379,2796,242,139,31.25,69.75
174380,2797,242,140,31.25,70.25
174381,2798,242,141,31.25,70.75
174382,2799,242,142,31.25,71.25
174383,2800,242,143,31.25,71.75
174384,2801,242,144,31.25,72.25
174385,2802,242,145,31.25,72.75
174386,2803,242,146,31.25,73.25
174387,2804,242,147,31.25,73.75
174388,2805,242,148,31.25,74.25
174389,2806,242,149,31.25,74.75
174392,2807,242,152,31.25,76.25
174393,2808,242,153,31.25,76.75
174394,2809,242,154,31.25,77.25
174447,2810,242,207,31.25,103.75
174450,2811,242,210,31.25,105.25
174457,2812,242,217,31.25,108.75
174468,2813,242,228,31.25,114.25
174479,2814,242,239,31.25,119.75
174774,2815,242,534,31.25,-92.75
175099,2816,243,139,31.75,69.75
175100,2817,243,140,31.75,70.25
175101,2818,243,141,31.75,70.75
175102,2819,243,142,31.75,71.25
175103,2820,243,143,31.75,71.75
175104,2821,243,144,31.75,72.25
175105,2822,243,145,31.75,72.75
175106,2823,243,146,31.75,73.25
175107,2824,243,147,31.75,73.75
175108,2825,243,148,31.75,74.25
175113,2826,243,153,31.75,76.75
175114,2827,243,154,31.75,77.25
175167,2828,243,207,31.75,103.75
175172,2829,243,212,31.75,106.25
175176,2830,243,216,31.75,108.25
175184,2831,243,224,31.75,112.25
175769,2832,244,89,32.25,44.75
175820,2833,244,140,32.25,70.25
175821,2834,244,141,32.25,70.75
175822,2835,244,142,32.25,71.25
175823,2836,244,143,32.25,71.75
175824,2837,244,144,32.25,72.25
175825,2838,244,145,32.25,72.75
175826,2839,244,146,32.25,73.25
175827,2840,244,147,32.25,73.75
175828,2841,244,148,32.25,74.25
175829,2842,244,149,32.25,74.75
175830,2843,244,150,32.25,75.25
175889,2844,244,209,32.25,104.75
175892,2845,244,212,32.25,106.25
175894,2846,244,214,32.25,107.25
175899,2847,244,219,32.25,109.75
175913,2848,244,233,32.25,116.75
175920,2849,244,240,32.25,120.25
175942,2850,244,262,32.25,131.25
176215,2851,244,535,32.25,-92.25
176217,2852,244,537,32.25,-91.25
176539,2853,245,139,32.75,69.75
176540,2854,245,140,32.75,70.25
176541,2855,245,141,32.75,70.75
176542,2856,245,142,32.75,71.25
176543,2857,245,143,32.75,71.75
176544,2858,245,144,32.75,72.25
176545,2859,245,145,32.75,72.75
176546,2860,245,146,32.75,73.25
176547,2861,245,147,32.75,73.75
176549,2862,245,149,32.75,74.75
176620,2863,245,220,32.75,110.25
176621,2864,245,221,32.75,110.75
176628,2865,245,228,32.75,114.25
176631,2866,245,231,32.75,115.75
176633,2867,245,233,32.75,116.75
176638,2868,245,238,32.75,119.25
176662,2869,245,262,32.75,131.25
176939,2870,245,539,32.75,-90.25
177260,2871,246,140,33.25,70.25
177261,2872,246,141,33.25,70.75
177262,2873,246,142,33.25,71.25
177263,2874,246,143,33.25,71.75
177264,2875,246,144,33.25,72.25
177265,2876,246,145,33.25,72.75
177266,2877,246,146,33.25,73.25
177268,2878,246,148,33.25,74.25
177345,2879,246,225,33.25,112.75
177354,2880,246,234,33.25,117.25
177358,2881,246,238,33.25,119.25
177359,2882,246,239,33.25,119.75
177381,2883,246,261,33.25,130.75
177382,2884,246,262,33.25,131.25
177385,2885,246,265,33.25,132.75
177658,2886,246,538,33.25,-90.75
177659,2887,246,539,33.25,-90.25
177980,2888,247,140,33.75,70.25
177981,2889,247,141,33.75,70.75
177982,2890,247,142,33.75,71.25
177983,2891,247,143,33.75,71.75
177984,2892,247,144,33.75,72.25
177985,2893,247,145,33.75,72.75
177986,2894,247,146,33.75,73.25
177988,2895,247,148,33.75,74.25
178060,2896,247,220,33.75,110.25
178072,2897,247,232,33.75,116.25
178074,2898,247,234,33.75,117.25
178075,2899,247,235,33.75,117.75
178107,2900,247,267,33.75,133.75
178376,2901,247,536,33.75,-91.75
178379,2902,247,539,33.75,-90.25
178702,2903,248,142,34.25,71.25
178703,2904,248,143,34.25,71.75
178704,2905,248,144,34.25,72.25
178705,2906,248,145,34.25,72.75
178706,2907,248,146,34.25,73.25
178707,2908,248,147,34.25,73.75
178788,2909,248,228,34.25,114.25
178792,2910,248,232,34.25,116.25
178795,2911,248,235,34.25,117.75
178796,2912,248,236,34.25,118.25
178797,2913,248,237,34.25,118.75
178831,2914,248,271,34.25,135.75
179095,2915,248,535,34.25,-92.25
179096,2916,248,536,34.25,-91.75
179097,2917,248,537,34.25,-91.25
179422,2918,249,142,34.75,71.25
179423,2919,249,143,34.75,71.75
179424,2920,249,144,34.75,72.25
179425,2921,249,145,34.75,72.75
179426,2922,249,146,34.75,73.25
179427,2923,249,147,34.75,73.75
179428,2924,249,148,34.75,74.25
179429,2925,249,149,34.75,74.75
179430,2926,249,150,34.75,75.25
179494,2927,249,214,34.75,107.25
179498,2928,249,218,34.75,109.25
179514,2929,249,234,34.75,117.25
179545,2930,249,265,34.75,132.75
179546,2931,249,266,34.75,133.25
179547,2932,249,267,34.75,133.75
179551,2933,249,271,34.75,135.75
179552,2934,249,272,34.75,136.25
179816,2935,249,536,34.75,-91.75
179817,2936,249,537,34.75,-91.25
180143,2937,250,143,35.25,71.75
180144,2938,250,144,35.25,72.25
180145,2939,250,145,35.25,72.75
180146,2940,250,146,35.25,73.25
180148,2941,250,148,35.25,74.25
180150,2942,250,150,35.25,75.25
180208,2943,250,208,35.25,104.25
180229,2944,250,229,35.25,114.75
180231,2945,250,231,35.25,115.75
180253,2946,250,253,35.25,126.75
180254,2947,250,254,35.25,127.25
180255,2948,250,255,35.25,127.75
180256,2949,250,256,35.25,128.25
180267,2950,250,267,35.25,133.75
180268,2951,250,268,35.25,134.25
180269,2952,250,269,35.25,134.75
180270,2953,250,270,35.25,135.25
180271,2954,250,271,35.25,135.75
180272,2955,250,272,35.25,136.25
180274,2956,250,274,35.25,137.25
180275,2957,250,275,35.25,137.75
180276,2958,250,276,35.25,138.25
180534,2959,250,534,35.25,-92.75
180537,2960,250,537,35.25,-91.25
180863,2961,251,143,35.75,71.75
180865,2962,251,145,35.75,72.75
180866,2963,251,146,35.75,73.25
180867,2964,251,147,35.75,73.75
180868,2965,251,148,35.75,74.25
180869,2966,251,149,35.75,74.75
180938,2967,251,218,35.75,109.25
180947,2968,251,227,35.75,113.75
180957,2969,251,237,35.75,118.75
180974,2970,251,254,35.75,127.25
180975,2971,251,255,35.75,127.75
180976,2972,251,256,35.75,128.25
180977,2973,251,257,35.75,128.75
180978,2974,251,258,35.75,129.25
180993,2975,251,273,35.75,136.75
180994,2976,251,274,35.75,137.25
180995,2977,251,275,35.75,137.75
180996,2978,251,276,35.75,138.25
180997,2979,251,277,35.75,138.75
180998,2980,251,278,35.75,139.25
181669,2981,252,229,36.25,114.75
181694,2982,252,254,36.25,127.25
181695,2983,252,255,36.25,127.75
181696,2984,252,256,36.25,128.25
181697,2985,252,257,36.25,128.75
181713,2986,252,273,36.25,136.75
181714,2987,252,274,36.25,137.25
181715,2988,252,275,36.25,137.75
181716,2989,252,276,36.25,138.25
181717,2990,252,277,36.25,138.75
181718,2991,252,278,36.25,139.25
181719,2992,252,279,36.25,139.75
181720,2993,252,280,36.25,140.25
181978,2994,252,538,36.25,-90.75
182225,2995,253,65,36.75,32.75
182226,2996,253,66,36.75,33.25
182227,2997,253,67,36.75,33.75
182388,2998,253,228,36.75,114.25
182414,2999,253,254,36.75,127.25
182415,3000,253,255,36.75,127.75
182416,3001,253,256,36.75,128.25
182417,3002,253,257,36.75,128.75
182436,3003,253,276,36.75,138.25
182437,3004,253,277,36.75,138.75
182438,3005,253,278,36.75,139.25
182439,3006,253,279,36.75,139.75
182440,3007,253,280,36.75,140.25
182640,3008,253,480,36.75,-119.75
182698,3009,253,538,36.75,-90.75
182700,3010,253,540,36.75,-89.75
182946,3011,254,66,37.25,33.25
182949,3012,254,69,37.25,34.75
183097,3013,254,217,37.25,108.75
183113,3014,254,233,37.25,116.75
183134,3015,254,254,37.25,127.25
183135,3016,254,255,37.25,127.75
183136,3017,254,256,37.25,128.25
183137,3018,254,257,37.25,128.75
183158,3019,254,278,37.25,139.25
183159,3020,254,279,37.25,139.75
183160,3021,254,280,37.25,140.25
183161,3022,254,281,37.25,140.75
183359,3023,254,479,37.25,-120.25
183679,3024,255,79,37.75,39.75
183680,3025,255,80,37.75,40.25
183681,3026,255,81,37.75,40.75
183835,3027,255,235,37.75,117.75
183854,3028,255,254,37.75,127.25
183855,3029,255,255,37.75,127.75
183856,3030,255,256,37.75,128.25
183879,3031,255,279,37.75,139.75
183880,3032,255,280,37.75,140.25
184077,3033,255,477,37.75,-121.25
184399,3034,256,79,38.25,39.75
184400,3035,256,80,38.25,40.25
184401,3036,256,81,38.25,40.75
184540,3037,256,220,38.25,110.25
184547,3038,256,227,38.25,113.75
184573,3039,256,253,38.25,126.75
184574,3040,256,254,38.25,127.25
184575,3041,256,255,38.25,127.75
184576,3042,256,256,38.25,128.25
184599,3043,256,279,38.25,139.75
184600,3044,256,280,38.25,140.25
185258,3045,257,218,38.75,109.25
185320,3046,257,280,38.75,140.25
185321,3047,257,281,38.75,140.75
185322,3048,257,282,38.75,141.25
185814,3049,258,54,39.25,27.25
185816,3050,258,56,39.25,28.25
185817,3051,258,57,39.25,28.75
185986,3052,258,226,39.25,113.25
186041,3053,258,281,39.25,140.75
186042,3054,258,282,39.25,141.25
186236,3055,258,476,39.25,-121.75
186534,3056,259,54,39.75,27.25
186535,3057,259,55,39.75,27.75
186536,3058,259,56,39.75,28.25
186538,3059,259,58,39.75,29.25
186710,3060,259,230,39.75,115.25
186713,3061,259,233,39.75,116.75
186714,3062,259,234,39.75,117.25
186761,3063,259,281,39.75,140.75
186762,3064,259,282,39.75,141.25
186763,3065,259,283,39.75,141.75
187259,3066,260,59,40.25,29.75
187266,3067,260,66,40.25,33.25
187268,3068,260,68,40.25,34.25
187269,3069,260,69,40.25,34.75
187270,3070,260,70,40.25,35.25
187271,3071,260,71,40.25,35.75
187272,3072,260,72,40.25,36.25
187432,3073,260,232,40.25,116.25
187435,3074,260,235,40.25,117.75
187438,3075,260,238,40.25,119.25
187447,3076,260,247,40.25,123.75
187480,3077,260,280,40.25,140.25
187481,3078,260,281,40.25,140.75
187482,3079,260,282,40.25,141.25
187981,3080,261,61,40.75,30.75
187985,3081,261,65,40.75,32.75
187986,3082,261,66,40.75,33.25
187988,3083,261,68,40.75,34.25
187990,3084,261,70,40.75,35.25
187991,3085,261,71,40.75,35.75
187994,3086,261,74,40.75,37.25
188080,3087,261,160,40.75,80.25
188152,3088,261,232,40.75,116.25
188155,3089,261,235,40.75,117.75
188170,3090,261,250,40.75,125.25
188694,3091,262,54,41.25,27.25
188705,3092,262,65,41.25,32.75
188706,3093,262,66,41.25,33.25
188707,3094,262,67,41.25,33.75
188708,3095,262,68,41.25,34.25
188709,3096,262,69,41.25,34.75
188710,3097,262,70,41.25,35.25
188711,3098,262,71,41.25,35.75
188870,3099,262,230,41.25,115.25
188879,3100,262,239,41.25,119.75
188880,3101,262,240,41.25,120.25
188882,3102,262,242,41.25,121.25
188888,3103,262,248,41.25,124.25
189521,3104,263,161,41.75,80.75
189593,3105,263,233,41.75,116.75
189594,3106,263,234,41.75,117.25
189611,3107,263,251,41.75,125.75
190246,3108,264,166,42.25,83.25
190319,3109,264,239,42.25,119.75
190321,3110,264,241,42.25,120.75
190330,3111,264,250,42.25,125.25
191044,3112,265,244,42.75,122.25
191045,3113,265,245,42.75,122.75
191047,3114,265,247,42.75,123.75
191048,3115,265,248,42.75,124.25
191084,3116,265,284,42.75,142.25
191085,3117,265,285,42.75,142.75
191086,3118,265,286,42.75,143.25
191685,3119,266,165,43.25,82.75
191758,3120,266,238,43.25,119.25
191803,3121,266,283,43.25,141.75
191804,3122,266,284,43.25,142.25
191805,3123,266,285,43.25,142.75
191806,3124,266,286,43.25,143.25
191807,3125,266,287,43.25,143.75
191808,3126,266,288,43.25,144.25
192492,3127,267,252,43.75,126.25
192493,3128,267,253,43.75,126.75
192494,3129,267,254,43.75,127.25
192524,3130,267,284,43.75,142.25
192525,3131,267,285,43.75,142.75
192526,3132,267,286,43.75,143.25
192527,3133,267,287,43.75,143.75
193122,3134,268,162,44.25,81.25
193129,3135,268,169,44.25,84.75
193203,3136,268,243,44.25,121.75
193207,3137,268,247,44.25,123.75
193209,3138,268,249,44.25,124.75
193210,3139,268,250,44.25,125.25
193213,3140,268,253,44.25,126.75
193244,3141,268,284,44.25,142.25
193245,3142,268,285,44.25,142.75
193701,3143,269,21,44.75,10.75
193843,3144,269,163,44.75,81.75
193926,3145,269,246,44.75,123.25
193927,3146,269,247,44.75,123.75
193929,3147,269,249,44.75,124.75
193930,3148,269,250,44.75,125.25
193932,3149,269,252,44.75,126.25
193964,3150,269,284,44.75,142.25
194418,3151,270,18,45.25,9.25
194658,3152,270,258,45.25,129.25
194662,3153,270,262,45.25,131.25
195137,3154,271,17,45.75,8.75
195376,3155,271,256,45.75,128.25
195379,3156,271,259,45.75,129.75
195380,3157,271,260,45.75,130.25
196082,3158,272,242,46.25,121.25
196086,3159,272,246,46.25,123.25
196093,3160,272,253,46.25,126.75
196100,3161,272,260,46.25,130.25
196107,3162,272,267,46.25,133.75
196802,3163,273,242,46.75,121.25
196807,3164,273,247,46.75,123.75
196814,3165,273,254,46.75,127.25
196821,3166,273,261,46.75,130.75
197519,3167,274,239,47.25,119.75
197528,3168,274,248,47.25,124.25
197529,3169,274,249,47.25,124.75
197535,3170,274,255,47.25,127.75
197541,3171,274,261,47.25,130.75
197542,3172,274,262,47.25,131.25
197543,3173,274,263,47.25,131.75
197545,3174,274,265,47.25,132.75
198243,3175,275,243,47.75,121.75
198245,3176,275,245,47.75,122.75
198247,3177,275,247,47.75,123.75
198249,3178,275,249,47.75,124.75
198250,3179,275,250,47.75,125.25
198264,3180,275,264,47.75,132.25
198268,3181,275,268,47.75,134.25
198968,3182,276,248,48.25,124.25
198973,3183,276,253,48.25,126.75
199687,3184,277,247,48.75,123.75
199690,3185,277,250,48.75,125.25
