complete_cells,count_unit,coverage_fraction,end,evaluated_area_fraction_with_event,expected_cell_days,mean_count_per_native_cell,min_days,native_cells,operator,phase,pixel_id,quality,season_year,source,start,threshold,valid_cell_days,variable,weight,weighted_count,weighted_exposed
25,episodes,1.0,2001-11-08,0.0,225,0.0,2,25,>=,EST,85978,OK,2001,Li et al. 2025a,2001-10-31,34,225,tmax_c,21.60680423060938,0,0
25,episodes,1.0,2002-01-04,1.0,725,2.0,2,25,>=,VEG,85978,OK,2001,Li et al. 2025a,2001-12-07,34.6,725,tmax_c,21.60680423060938,43.21360846121876,21.60680423060938
25,episodes,1.0,2002-01-21,1.0,250,1.0,2,25,>=,REP,85978,OK,2001,Li et al. (2025b),2002-01-12,33.7,250,tmax_c,21.60680423060938,21.60680423060938,21.60680423060938
25,episodes,1.0,2002-01-11,0.9198781640321587,175,1.239471719295987,2,25,>=,FLO,85978,OK,2001,Li et al. (2025b),2002-01-05,33.7,175,tmax_c,21.60680423060938,26.781022788205217,19.875627406255237
25,episodes,1.0,2002-02-25,1.0,875,4.6399996344583725,2,25,>=,FIL,85978,OK,2001,Li et al. (2025b),2002-01-22,32.7,875,tmax_c,21.60680423060938,100.25556373184115,21.60680423060938
25,days,1.0,2002-03-10,0.0,325,0.0,1,25,>,MAT,85978,OK,2001,Ortega Gómez et al. (2019),2002-02-26,10,325,precip_mm,21.60680423060938,0,0
25,episodes,1.0,2002-11-08,1.0,225,1.0,2,25,>=,EST,85978,OK,2002,Li et al. 2025a,2002-10-31,34,225,tmax_c,21.60680423060938,21.60680423060938,21.60680423060938
25,episodes,1.0,2003-01-04,1.0,725,1.920040449567597,2,25,>=,VEG,85978,OK,2002,Li et al. 2025a,2002-12-07,34.6,725,tmax_c,21.60680423060938,41.48593810865829,21.60680423060938
25,episodes,1.0,2003-01-21,1.0,250,1.0,2,25,>=,REP,85978,OK,2002,Li et al. (2025b),2003-01-12,33.7,250,tmax_c,21.60680423060938,21.60680423060938,21.60680423060938
25,episodes,1.0,2003-01-11,1.0,175,1.0,2,25,>=,FLO,85978,OK,2002,Li et al. (2025b),2003-01-05,33.7,175,tmax_c,21.60680423060938,21.60680423060938,21.60680423060938
25,episodes,1.0,2003-02-25,1.0,875,2.0,2,25,>=,FIL,85978,OK,2002,Li et al. (2025b),2003-01-22,32.7,875,tmax_c,21.60680423060938,43.21360846121876,21.60680423060938
25,days,1.0,2003-03-10,0.03991861359975546,325,0.03991861359975546,1,25,>,MAT,85978,OK,2002,Ortega Gómez et al. (2019),2003-02-26,10,325,precip_mm,21.60680423060938,0.8625136692072574,0.8625136692072574
25,episodes,1.0,2003-11-08,0.0,225,0.0,2,25,>=,EST,85978,OK,2003,Li et al. 2025a,2003-10-31,34,225,tmax_c,21.60680423060938,0,0
25,episodes,1.0,2004-01-04,1.0,725,2.9201219578150766,2,25,>=,VEG,85978,OK,2003,Li et al. 2025a,2003-12-07,34.6,725,tmax_c,21.60680423060938,63.094503472014146,21.60680423060938
25,episodes,1.0,2004-01-21,0.0,250,0.0,2,25,>=,REP,85978,OK,2003,Li et al. (2025b),2004-01-12,33.7,250,tmax_c,21.60680423060938,0,0
25,episodes,1.0,2004-01-11,1.0,175,1.0,2,25,>=,FLO,85978,OK,2003,Li et al. (2025b),2004-01-05,33.7,175,tmax_c,21.60680423060938,21.60680423060938,21.60680423060938
25,episodes,1.0,2004-02-25,1.0,875,1.9199997563055322,2,25,>=,FIL,85978,OK,2003,Li et al. (2025b),2004-01-22,32.7,875,tmax_c,21.60680423060938,41.48505885731135,21.60680423060938
25,days,1.0,2004-03-10,0.3599188572941491,350,0.3599188572941491,1,25,>,MAT,85978,OK,2003,Ortega Gómez et al. (2019),2004-02-26,10,350,precip_mm,21.60680423060938,7.7766962884593145,7.7766962884593145
25,episodes,1.0,2004-11-08,0.0,225,0.0,2,25,>=,EST,85978,OK,2004,Li et al. 2025a,2004-10-31,34,225,tmax_c,21.60680423060938,0,0
25,episodes,1.0,2005-01-04,1.0,725,1.3202844869211705,2,25,>=,VEG,85978,OK,2004,Li et al. 2025a,2004-12-07,34.6,725,tmax_c,21.60680423060938,28.527128437616284,21.60680423060938
25,episodes,1.0,2005-01-21,1.0,250,2.0,2,25,>=,REP,85978,OK,2004,Li et al. (2025b),2005-01-12,33.7,250,tmax_c,21.60680423060938,43.21360846121876,21.60680423060938
25,episodes,1.0,2005-01-11,0.0,175,0.0,2,25,>=,FLO,85978,OK,2004,Li et al. (2025b),2005-01-05,33.7,175,tmax_c,21.60680423060938,0,0
25,episodes,1.0,2005-02-25,1.0,875,4.0,2,25,>=,FIL,85978,OK,2004,Li et al. (2025b),2005-01-22,32.7,875,tmax_c,21.60680423060938,86.42721692243752,21.60680423060938
25,days,1.0,2005-03-10,0.0,325,0.0,1,25,>,MAT,85978,OK,2004,Ortega Gómez et al. (2019),2005-02-26,10,325,precip_mm,21.60680423060938,0,0
25,episodes,1.0,2009-11-08,0.03991861359975546,225,0.03991861359975546,2,25,>=,EST,85978,OK,2009,Li et al. 2025a,2009-10-31,34,225,tmax_c,21.60680423060938,0.8625136692072575,0.8625136692072575
25,episodes,1.0,2010-01-04,1.0,725,2.6394720848375424,2,25,>=,VEG,85978,OK,2009,Li et al. 2025a,2009-12-07,34.6,725,tmax_c,21.60680423060938,57.03055660924317,21.60680423060938
25,episodes,1.0,2010-01-21,1.0,250,1.0400811427058512,2,25,>=,REP,85978,OK,2009,Li et al. (2025b),2010-01-12,33.7,250,tmax_c,21.60680423060938,22.472829634393822,21.60680423060938
25,episodes,1.0,2010-01-11,1.0,175,1.0,2,25,>=,FLO,85978,OK,2009,Li et al. (2025b),2010-01-05,33.7,175,tmax_c,21.60680423060938,21.60680423060938,21.60680423060938
25,episodes,1.0,2010-02-25,1.0,875,1.0,2,25,>=,FIL,85978,OK,2009,Li et al. (2025b),2010-01-22,32.7,875,tmax_c,21.60680423060938,21.60680423060938,21.60680423060938
25,days,1.0,2010-03-10,1.0,325,2.2407712214327793,1,25,>,MAT,85978,OK,2009,Ortega Gómez et al. (2019),2010-02-26,10,325,precip_mm,21.60680423060938,48.41590510708152,21.60680423060938
25,episodes,1.0,2010-11-08,0.0,225,0.0,2,25,>=,EST,85978,OK,2010,Li et al. 2025a,2010-10-31,34,225,tmax_c,21.60680423060938,0,0
25,episodes,1.0,2011-01-04,0.0,725,0.0,2,25,>=,VEG,85978,OK,2010,Li et al. 2025a,2010-12-07,34.6,725,tmax_c,21.60680423060938,0,0
25,episodes,1.0,2011-01-21,0.9600813864002445,250,0.9600813864002445,2,25,>=,REP,85978,OK,2010,Li et al. (2025b),2011-01-12,33.7,250,tmax_c,21.60680423060938,20.744290561402124,20.744290561402124
25,episodes,1.0,2011-01-11,0.0,175,0.0,2,25,>=,FLO,85978,OK,2010,Li et al. (2025b),2011-01-05,33.7,175,tmax_c,21.60680423060938,0,0
25,episodes,1.0,2011-02-25,1.0,875,2.240446406791245,2,25,>=,FIL,85978,OK,2010,Li et al. (2025b),2011-01-22,32.7,875,tmax_c,21.60680423060938,48.40888690071066,21.60680423060938
25,days,1.0,2011-03-10,0.0,325,0.0,1,25,>,MAT,85978,OK,2010,Ortega Gómez et al. (2019),2011-02-26,10,325,precip_mm,21.60680423060938,0,0
25,episodes,1.0,2011-11-08,0.0,225,0.0,2,25,>=,EST,85978,OK,2011,Li et al. 2025a,2011-10-31,34,225,tmax_c,21.60680423060938,0,0
25,episodes,1.0,2012-01-04,0.0,725,0.0,2,25,>=,VEG,85978,OK,2011,Li et al. 2025a,2011-12-07,34.6,725,tmax_c,21.60680423060938,0,0
25,episodes,1.0,2012-01-21,0.0,250,0.0,2,25,>=,REP,85978,OK,2011,Li et al. (2025b),2012-01-12,33.7,250,tmax_c,21.60680423060938,0,0
25,episodes,1.0,2012-01-11,0.0,175,0.0,2,25,>=,FLO,85978,OK,2011,Li et al. (2025b),2012-01-05,33.7,175,tmax_c,21.60680423060938,0,0
25,episodes,1.0,2012-02-25,0.0,875,0.0,2,25,>=,FIL,85978,OK,2011,Li et al. (2025b),2012-01-22,32.7,875,tmax_c,21.60680423060938,0,0
25,days,1.0,2012-03-10,0.19991849175252155,350,0.19991849175252155,1,25,>,MAT,85978,OK,2011,Ortega Gómez et al. (2019),2012-02-26,10,350,precip_mm,21.60680423060938,4.319599713375429,4.319599713375429
25,episodes,1.0,2012-11-08,0.0,225,0.0,2,25,>=,EST,85978,OK,2012,Li et al. 2025a,2012-10-31,34,225,tmax_c,21.60680423060938,0,0
25,episodes,1.0,2013-01-04,1.0,725,2.3200002436943943,2,25,>=,VEG,85978,OK,2012,Li et al. 2025a,2012-12-07,34.6,725,tmax_c,21.60680423060938,50.12779108047083,21.60680423060938
25,episodes,1.0,2013-01-21,1.0,250,2.0,2,25,>=,REP,85978,OK,2012,Li et al. (2025b),2013-01-12,33.7,250,tmax_c,21.60680423060938,43.21360846121876,21.60680423060938
25,episodes,1.0,2013-01-11,1.0,175,1.0,2,25,>=,FLO,85978,OK,2012,Li et al. (2025b),2013-01-05,33.7,175,tmax_c,21.60680423060938,21.60680423060938,21.60680423060938
25,episodes,1.0,2013-02-25,1.0,875,2.559918369905288,2,25,>=,FIL,85978,OK,2012,Li et al. (2025b),2013-01-22,32.7,875,tmax_c,21.60680423060938,55.31165506488424,21.60680423060938
25,days,1.0,2013-03-10,1.0,325,1.0399186135997553,1,25,>,MAT,85978,OK,2012,Ortega Gómez et al. (2019),2013-02-26,10,325,precip_mm,21.60680423060938,22.469317899816637,21.60680423060938
25,episodes,1.0,2013-11-08,0.0,225,0.0,2,25,>=,EST,85979,OK,2013,Li et al. 2025a,2013-10-31,34,225,tmax_c,21.60680423060938,0,0
25,episodes,1.0,2014-01-04,1.0,725,2.5199591848907765,2,25,>=,VEG,85979,OK,2013,Li et al. 2025a,2013-12-07,34.6,725,tmax_c,21.60680423060938,54.448264777061,21.60680423060938
25,episodes,1.0,2014-01-21,1.0,250,1.0,2,25,>=,REP,85979,OK,2013,Li et al. (2025b),2014-01-12,33.7,250,tmax_c,21.60680423060938,21.60680423060938,21.60680423060938
25,episodes,1.0,2014-01-11,1.0,175,1.0,2,25,>=,FLO,85979,OK,2013,Li et al. (2025b),2014-01-05,33.7,175,tmax_c,21.60680423060938,21.60680423060938,21.60680423060938
25,episodes,1.0,2014-02-25,1.0,875,2.0399186135997556,2,25,>=,FIL,85979,OK,2013,Li et al. (2025b),2014-01-22,32.7,875,tmax_c,21.60680423060938,44.07612213042602,21.60680423060938
25,days,1.0,2014-03-10,0.0,325,0.0,1,25,>,MAT,85979,OK,2013,Ortega Gómez et al. (2019),2014-02-26,10,325,precip_mm,21.60680423060938,0,0
25,episodes,1.0,2014-11-08,1.0,225,1.0,2,25,>=,EST,85979,OK,2014,Li et al. 2025a,2014-10-31,34,225,tmax_c,21.60680423060938,21.60680423060938,21.60680423060938
25,episodes,1.0,2015-01-04,1.0,725,1.3197555969810628,2,25,>=,VEG,85979,OK,2014,Li et al. 2025a,2014-12-07,34.6,725,tmax_c,21.60680423060938,28.515700816220836,21.60680423060938
25,episodes,1.0,2015-01-21,1.0,250,1.0,2,25,>=,REP,85979,OK,2014,Li et al. (2025b),2015-01-12,33.7,250,tmax_c,21.60680423060938,21.60680423060938,21.60680423060938
25,episodes,1.0,2015-01-11,0.0,175,0.0,2,25,>=,FLO,85979,OK,2014,Li et al. (2025b),2015-01-05,33.7,175,tmax_c,21.60680423060938,0,0
25,episodes,1.0,2015-02-25,1.0,875,4.760000000000074,2,25,>=,FIL,85979,OK,2014,Li et al. (2025b),2015-01-22,32.7,875,tmax_c,21.60680423060938,102.84838813770226,21.60680423060938
25,days,1.0,2015-03-10,0.0,325,0.0,1,25,>,MAT,85979,OK,2014,Ortega Gómez et al. (2019),2015-02-26,10,325,precip_mm,21.60680423060938,0,0
25,episodes,1.0,2015-11-08,0.0,225,0.0,2,25,>=,EST,85979,OK,2015,Li et al. 2025a,2015-10-31,34,225,tmax_c,21.60680423060938,0,0
25,episodes,1.0,2016-01-04,0.9199591848907759,725,0.9199591848907759,2,25,>=,VEG,85979,OK,2015,Li et al. 2025a,2015-12-07,34.6,725,tmax_c,21.60680423060938,19.877378008085973,19.877378008085973
25,episodes,1.0,2016-01-21,1.0,250,2.0,2,25,>=,REP,85979,OK,2015,Li et al. (2025b),2016-01-12,33.7,250,tmax_c,21.60680423060938,43.21360846121876,21.60680423060938
25,episodes,1.0,2016-01-11,0.0,175,0.0,2,25,>=,FLO,85979,OK,2015,Li et al. (2025b),2016-01-05,33.7,175,tmax_c,21.60680423060938,0,0
25,episodes,1.0,2016-02-25,1.0,875,2.600446772332873,2,25,>=,FIL,85979,OK,2015,Li et al. (2025b),2016-01-22,32.7,875,tmax_c,21.60680423060938,56.187344321916434,21.60680423060938
25,days,1.0,2016-03-10,0.0,350,0.0,1,25,>,MAT,85979,OK,2015,Ortega Gómez et al. (2019),2016-02-26,10,350,precip_mm,21.60680423060938,0,0
25,episodes,1.0,2016-11-08,0.0,225,0.0,2,25,>=,EST,85979,OK,2016,Li et al. 2025a,2016-10-31,34,225,tmax_c,21.60680423060938,0,0
25,episodes,1.0,2017-01-04,1.0,725,1.9198781640321587,2,25,>=,VEG,85979,OK,2016,Li et al. 2025a,2016-12-07,34.6,725,tmax_c,21.60680423060938,41.48243163686462,21.60680423060938
25,episodes,1.0,2017-01-21,1.0,250,1.0,2,25,>=,REP,85979,OK,2016,Li et al. (2025b),2017-01-12,33.7,250,tmax_c,21.60680423060938,21.60680423060938,21.60680423060938
25,episodes,1.0,2017-01-11,1.0,175,1.0,2,25,>=,FLO,85979,OK,2016,Li et al. (2025b),2017-01-05,33.7,175,tmax_c,21.60680423060938,21.60680423060938,21.60680423060938
25,episodes,1.0,2017-02-25,1.0,875,2.1600813864002446,2,25,>=,FIL,85979,OK,2016,Li et al. (2025b),2017-01-22,32.7,875,tmax_c,21.60680423060938,46.672455638133385,21.60680423060938
25,days,1.0,2017-03-10,0.6403659952923852,325,0.6403659952923852,1,25,>,MAT,85979,OK,2016,Ortega Gómez et al. (2019),2017-02-26,10,325,precip_mm,21.60680423060938,13.836262696221896,13.836262696221896
25,episodes,1.0,2001-10-27,0.0,400,0.0,2,25,>=,EST,85738,OK,2001,Li et al. 2025a,2001-10-12,34,400,tmax_c,21.60680423060938,0,0
25,episodes,1.0,2002-01-31,0.0,1225,0.0,2,25,>=,VEG,85738,OK,2001,Li et al. 2025a,2001-12-14,34.6,1225,tmax_c,21.60680423060938,0,0
25,episodes,1.0,2002-03-02,0.0,400,0.0,2,25,>=,REP,85738,OK,2001,Li et al. (2025b),2002-02-15,33.7,400,tmax_c,21.60680423060938,0,0
25,episodes,1.0,2002-02-14,0.0,350,0.0,2,25,>=,FLO,85738,OK,2001,Li et al. (2025b),2002-02-01,33.7,350,tmax_c,21.60680423060938,0,0
25,episodes,1.0,2002-05-01,0.0,1500,0.0,2,25,>=,FIL,85738,OK,2001,Li et al. (2025b),2002-03-03,32.7,1500,tmax_c,21.60680423060938,0,0
25,days,1.0,2002-05-24,0.32016277280048905,575,0.32016277280048905,1,25,>,MAT,85738,OK,2001,Ortega Gómez et al. (2019),2002-05-02,10,575,precip_mm,21.60680423060938,6.917694353829237,6.917694353829237
25,episodes,1.0,2002-10-27,0.0,400,0.0,2,25,>=,EST,85738,OK,2002,Li et al. 2025a,2002-10-12,34,400,tmax_c,21.60680423060938,0,0
25,episodes,1.0,2003-01-31,0.0,1225,0.0,2,25,>=,VEG,85738,OK,2002,Li et al. 2025a,2002-12-14,34.6,1225,tmax_c,21.60680423060938,0,0
25,episodes,1.0,2003-03-02,0.0,400,0.0,2,25,>=,REP,85738,OK,2002,Li et al. (2025b),2003-02-15,33.7,400,tmax_c,21.60680423060938,0,0
25,episodes,1.0,2003-02-14,0.0,350,0.0,2,25,>=,FLO,85738,OK,2002,Li et al. (2025b),2003-02-01,33.7,350,tmax_c,21.60680423060938,0,0
25,episodes,1.0,2003-05-01,0.0,1500,0.0,2,25,>=,FIL,85738,OK,2002,Li et al. (2025b),2003-03-03,32.7,1500,tmax_c,21.60680423060938,0,0
25,days,1.0,2003-05-24,1.0,575,1.0,1,25,>,MAT,85738,OK,2002,Ortega Gómez et al. (2019),2003-05-02,10,575,precip_mm,21.60680423060938,21.60680423060938,21.60680423060938
25,episodes,1.0,2003-10-27,0.0,400,0.0,2,25,>=,EST,85738,OK,2003,Li et al. 2025a,2003-10-12,34,400,tmax_c,21.60680423060938,0,0
25,episodes,1.0,2004-01-31,0.0,1225,0.0,2,25,>=,VEG,85738,OK,2003,Li et al. 2025a,2003-12-14,34.6,1225,tmax_c,21.60680423060938,0,0
25,episodes,1.0,2004-03-02,0.0,425,0.0,2,25,>=,REP,85738,OK,2003,Li et al. (2025b),2004-02-15,33.7,425,tmax_c,21.60680423060938,0,0
25,episodes,1.0,2004-02-14,0.0,350,0.0,2,25,>=,FLO,85738,OK,2003,Li et al. (2025b),2004-02-01,33.7,350,tmax_c,21.60680423060938,0,0
25,episodes,1.0,2004-05-01,0.0,1500,0.0,2,25,>=,FIL,85738,OK,2003,Li et al. (2025b),2004-03-03,32.7,1500,tmax_c,21.60680423060938,0,0
25,days,1.0,2004-05-24,0.0,575,0.0,1,25,>,MAT,85738,OK,2003,Ortega Gómez et al. (2019),2004-05-02,10,575,precip_mm,21.60680423060938,0,0
25,episodes,1.0,2004-10-27,0.0,400,0.0,2,25,>=,EST,85738,OK,2004,Li et al. 2025a,2004-10-12,34,400,tmax_c,21.60680423060938,0,0
25,episodes,1.0,2005-01-31,0.0,1225,0.0,2,25,>=,VEG,85738,OK,2004,Li et al. 2025a,2004-12-14,34.6,1225,tmax_c,21.60680423060938,0,0
25,episodes,1.0,2005-03-02,0.0,400,0.0,2,25,>=,REP,85738,OK,2004,Li et al. (2025b),2005-02-15,33.7,400,tmax_c,21.60680423060938,0,0
25,episodes,1.0,2005-02-14,0.0,350,0.0,2,25,>=,FLO,85738,OK,2004,Li et al. (2025b),2005-02-01,33.7,350,tmax_c,21.60680423060938,0,0
25,episodes,1.0,2005-05-01,0.0,1500,0.0,2,25,>=,FIL,85738,OK,2004,Li et al. (2025b),2005-03-03,32.7,1500,tmax_c,21.60680423060938,0,0
25,days,1.0,2005-05-24,0.0,575,0.0,1,25,>,MAT,85738,OK,2004,Ortega Gómez et al. (2019),2005-05-02,10,575,precip_mm,21.60680423060938,0,0
25,episodes,1.0,1993-11-08,0.0,225,0.0,2,25,>=,EST,85979,OK,1993,Li et al. 2025a,1993-10-31,34,225,tmax_c,21.60680423060938,0,0
25,episodes,1.0,1994-01-04,1.0,725,1.0,2,25,>=,VEG,85979,OK,1993,Li et al. 2025a,1993-12-07,34.6,725,tmax_c,21.60680423060938,21.60680423060938,21.60680423060938
25,episodes,1.0,1994-01-21,1.0,250,2.0,2,25,>=,REP,85979,OK,1993,Li et al. (2025b),1994-01-12,33.7,250,tmax_c,21.60680423060938,43.21360846121876,21.60680423060938
25,episodes,1.0,1994-01-11,1.0,175,2.0,2,25,>=,FLO,85979,OK,1993,Li et al. (2025b),1994-01-05,33.7,175,tmax_c,21.60680423060938,43.21360846121876,21.60680423060938
25,episodes,1.0,1994-02-25,1.0,875,2.2800812645530852,2,25,>=,FIL,85979,OK,1993,Li et al. (2025b),1994-01-22,32.7,875,tmax_c,21.60680423060938,49.26526951307879,21.60680423060938
25,days,1.0,1994-03-10,0.8798780421849248,325,1.3199178825165003,1,25,>,MAT,85979,OK,1993,Ortega Gómez et al. (2019),1994-02-26,10,325,precip_mm,21.60680423060938,28.519207288014496,19.011352604301532
25,episodes,1.0,1994-11-08,0.0,225,0.0,2,25,>=,EST,85979,OK,1994,Li et al. 2025a,1994-10-31,34,225,tmax_c,21.60680423060938,0,0
25,episodes,1.0,1995-01-04,1.0,725,2.0400406932619903,2,25,>=,VEG,85979,OK,1994,Li et al. 2025a,1994-12-07,34.6,725,tmax_c,21.60680423060938,44.078759881788464,21.60680423060938
25,episodes,1.0,1995-01-21,0.0799187354469894,250,0.0799187354469894,2,25,>=,REP,85979,OK,1994,Li et al. (2025b),1995-01-12,33.7,250,tmax_c,21.60680423060938,1.7267884711609622,1.7267884711609622
25,episodes,1.0,1995-01-11,0.0,175,0.0,2,25,>=,FLO,85979,OK,1994,Li et al. (2025b),1995-01-05,33.7,175,tmax_c,21.60680423060938,0,0
25,episodes,1.0,1995-02-25,0.599877798490457,875,0.599877798490457,2,25,>=,FIL,85979,OK,1994,Li et al. (2025b),1995-01-22,32.7,875,tmax_c,21.60680423060938,12.961442154272248,12.961442154272248
25,days,1.0,1995-03-10,0.0,325,0.0,1,25,>,MAT,85979,OK,1994,Ortega Gómez et al. (2019),1995-02-26,10,325,precip_mm,21.60680423060938,0,0
25,episodes,1.0,1995-11-08,0.0,225,0.0,2,25,>=,EST,85979,OK,1995,Li et al. 2025a,1995-10-31,34,225,tmax_c,21.60680423060938,0,0
25,episodes,1.0,1996-01-04,0.11979665578468031,725,0.11979665578468031,2,25,>=,VEG,85979,OK,1995,Li et al. 2025a,1995-12-07,34.6,725,tmax_c,21.60680423060938,2.5884228890212864,2.5884228890212864
25,episodes,1.0,1996-01-21,0.03991861359975546,250,0.03991861359975546,2,25,>=,REP,85979,OK,1995,Li et al. (2025b),1996-01-12,33.7,250,tmax_c,21.60680423060938,0.8625136692072574,0.8625136692072574
25,episodes,1.0,1996-01-11,0.0,175,0.0,2,25,>=,FLO,85979,OK,1995,Li et al. (2025b),1996-01-05,33.7,175,tmax_c,21.60680423060938,0,0
25,episodes,1.0,1996-02-25,1.0,875,2.0,2,25,>=,FIL,85979,OK,1995,Li et al. (2025b),1996-01-22,32.7,875,tmax_c,21.60680423060938,43.21360846121876,21.60680423060938
25,days,1.0,1996-03-10,0.43951229071074355,350,0.43951229071074355,1,25,>,MAT,85979,OK,1995,Ortega Gómez et al. (2019),1996-02-26,10,350,precip_mm,21.60680423060938,9.496456022333714,9.496456022333714
25,episodes,1.0,1996-11-08,0.0,225,0.0,2,25,>=,EST,85979,OK,1996,Li et al. 2025a,1996-10-31,34,225,tmax_c,21.60680423060938,0,0
25,episodes,1.0,1997-01-04,0.0,725,0.0,2,25,>=,VEG,85979,OK,1996,Li et al. 2025a,1996-12-07,34.6,725,tmax_c,21.60680423060938,0,0
25,episodes,1.0,1997-01-21,0.0,250,0.0,2,25,>=,REP,85979,OK,1996,Li et al. (2025b),1997-01-12,33.7,250,tmax_c,21.60680423060938,0,0
25,episodes,1.0,1997-01-11,0.0,175,0.0,2,25,>=,FLO,85979,OK,1996,Li et al. (2025b),1997-01-05,33.7,175,tmax_c,21.60680423060938,0,0
25,episodes,1.0,1997-02-25,1.0,875,2.0396743324279787,2,25,>=,FIL,85979,OK,1996,Li et al. (2025b),1997-01-22,32.7,875,tmax_c,21.60680423060938,44.07084399497021,21.60680423060938
25,days,1.0,1997-03-10,1.0,325,2.480446650609375,1,25,>,MAT,85979,OK,1996,Ortega Gómez et al. (2019),1997-02-26,10,325,precip_mm,21.60680423060938,53.59452518418751,21.60680423060938
25,episodes,1.0,1989-11-08,0.0,225,0.0,2,25,>=,EST,85981,OK,1989,Li et al. 2025a,1989-10-31,34,225,tmax_c,21.60680423060938,0,0
25,episodes,1.0,1990-01-04,0.4799182480581278,725,0.4799182480581278,2,25,>=,VEG,85981,OK,1989,Li et al. 2025a,1989-12-07,34.6,725,tmax_c,21.60680423060938,10.369499632489,10.369499632489
25,episodes,1.0,1990-01-21,0.0,250,0.0,2,25,>=,REP,85981,OK,1989,Li et al. (2025b),1990-01-12,33.7,250,tmax_c,21.60680423060938,0,0
25,episodes,1.0,1990-01-11,0.0,175,0.0,2,25,>=,FLO,85981,OK,1989,Li et al. (2025b),1990-01-05,33.7,175,tmax_c,21.60680423060938,0,0
25,episodes,1.0,1990-02-25,0.7601215922734477,875,0.7601215922734477,2,25,>=,FIL,85981,OK,1989,Li et al. (2025b),1990-01-22,32.7,875,tmax_c,21.60680423060938,16.42379843571147,16.42379843571147
25,days,1.0,1990-03-10,0.0,325,0.0,1,25,>,MAT,85981,OK,1989,Ortega Gómez et al. (2019),1990-02-26,10,325,precip_mm,21.60680423060938,0,0
25,episodes,1.0,1990-11-08,0.0,225,0.0,2,25,>=,EST,85981,OK,1990,Li et al. 2025a,1990-10-31,34,225,tmax_c,21.60680423060938,0,0
25,episodes,1.0,1991-01-04,0.5601621636882039,725,0.8402433063939807,2,25,>=,VEG,85981,OK,1990,Li et al. 2025a,1990-12-07,34.6,725,tmax_c,21.60680423060938,18.154972627334676,12.103314208205589
25,episodes,1.0,1991-01-21,0.0,250,0.0,2,25,>=,REP,85981,OK,1990,Li et al. (2025b),1991-01-12,33.7,250,tmax_c,21.60680423060938,0,0
25,episodes,1.0,1991-01-11,0.0,175,0.0,2,25,>=,FLO,85981,OK,1990,Li et al. (2025b),1991-01-05,33.7,175,tmax_c,21.60680423060938,0,0
25,episodes,1.0,1991-02-25,0.0,875,0.0,2,25,>=,FIL,85981,OK,1990,Li et al. (2025b),1991-01-22,32.7,875,tmax_c,21.60680423060938,0,0
25,days,1.0,1991-03-10,0.0,325,0.0,1,25,>,MAT,85981,OK,1990,Ortega Gómez et al. (2019),1991-02-26,10,325,precip_mm,21.60680423060938,0,0
25,episodes,1.0,1991-11-08,0.0,225,0.0,2,25,>=,EST,85981,OK,1991,Li et al. 2025a,1991-10-31,34,225,tmax_c,21.60680423060938,0,0
25,episodes,1.0,1992-01-04,0.0,725,0.0,2,25,>=,VEG,85981,OK,1991,Li et al. 2025a,1991-12-07,34.6,725,tmax_c,21.60680423060938,0,0
25,episodes,1.0,1992-01-21,0.0,250,0.0,2,25,>=,REP,85981,OK,1991,Li et al. (2025b),1992-01-12,33.7,250,tmax_c,21.60680423060938,0,0
25,episodes,1.0,1992-01-11,0.0,175,0.0,2,25,>=,FLO,85981,OK,1991,Li et al. (2025b),1992-01-05,33.7,175,tmax_c,21.60680423060938,0,0
25,episodes,1.0,1992-02-25,0.0,875,0.0,2,25,>=,FIL,85981,OK,1991,Li et al. (2025b),1992-01-22,32.7,875,tmax_c,21.60680423060938,0,0
25,days,1.0,1992-03-10,0.0,350,0.0,1,25,>,MAT,85981,OK,1991,Ortega Gómez et al. (2019),1992-02-26,10,350,precip_mm,21.60680423060938,0,0
25,episodes,1.0,1992-11-08,0.0,225,0.0,2,25,>=,EST,85981,OK,1992,Li et al. 2025a,1992-10-31,34,225,tmax_c,21.60680423060938,0,0
25,episodes,1.0,1993-01-04,0.0,725,0.0,2,25,>=,VEG,85981,OK,1992,Li et al. 2025a,1992-12-07,34.6,725,tmax_c,21.60680423060938,0,0
25,episodes,1.0,1993-01-21,0.0,250,0.0,2,25,>=,REP,85981,OK,1992,Li et al. (2025b),1993-01-12,33.7,250,tmax_c,21.60680423060938,0,0
25,episodes,1.0,1993-01-11,0.0,175,0.0,2,25,>=,FLO,85981,OK,1992,Li et al. (2025b),1993-01-05,33.7,175,tmax_c,21.60680423060938,0,0
25,episodes,1.0,1993-02-25,0.8401624073826719,875,1.0004869782060757,2,25,>=,FIL,85981,OK,1992,Li et al. (2025b),1993-01-22,32.7,875,tmax_c,21.60680423060938,21.61732627337263,18.153224658234876
25,days,1.0,1993-03-10,0.0,325,0.0,1,25,>,MAT,85981,OK,1992,Ortega Gómez et al. (2019),1993-02-26,10,325,precip_mm,21.60680423060938,0,0
25,episodes,1.0,1989-11-08,0.0,225,0.0,2,25,>=,EST,85978,OK,1989,Li et al. 2025a,1989-10-31,34,225,tmax_c,21.60680423060938,0,0
25,episodes,1.0,1990-01-04,1.0,725,3.1600813864002455,2,25,>=,VEG,85978,OK,1989,Li et al. 2025a,1989-12-07,34.6,725,tmax_c,21.60680423060938,68.27925986874278,21.60680423060938
25,episodes,1.0,1990-01-21,1.0,250,2.0,2,25,>=,REP,85978,OK,1989,Li et al. (2025b),1990-01-12,33.7,250,tmax_c,21.60680423060938,43.21360846121876,21.60680423060938
25,episodes,1.0,1990-01-11,1.0,175,1.0,2,25,>=,FLO,85978,OK,1989,Li et al. (2025b),1990-01-05,33.7,175,tmax_c,21.60680423060938,21.60680423060938,21.60680423060938
25,episodes,1.0,1990-02-25,1.0,875,2.520528280704087,2,25,>=,FIL,85978,OK,1989,Li et al. (2025b),1990-01-22,32.7,875,tmax_c,21.60680423060938,54.46056111888766,21.60680423060938
25,days,1.0,1990-03-10,0.0,325,0.0,1,25,>,MAT,85978,OK,1989,Ortega Gómez et al. (2019),1990-02-26,10,325,precip_mm,21.60680423060938,0,0
25,episodes,1.0,1990-11-08,0.0,225,0.0,2,25,>=,EST,85978,OK,1990,Li et al. 2025a,1990-10-31,34,225,tmax_c,21.60680423060938,0,0
25,episodes,1.0,1991-01-04,1.0,725,2.000039962055,2,25,>=,VEG,85978,OK,1990,Li et al. 2025a,1990-12-07,34.6,725,tmax_c,21.60680423060938,43.21447191351779,21.60680423060938
25,episodes,1.0,1991-01-21,0.36036562962702157,250,0.36036562962702157,2,25,>=,REP,85978,OK,1990,Li et al. (2025b),1991-01-12,33.7,250,tmax_c,21.60680423060938,7.786349610791342,7.786349610791342
25,episodes,1.0,1991-01-11,0.0,175,0.0,2,25,>=,FLO,85978,OK,1990,Li et al. (2025b),1991-01-05,33.7,175,tmax_c,21.60680423060938,0,0
25,episodes,1.0,1991-02-25,1.0,875,1.9600808990113832,2,25,>=,FIL,85978,OK,1990,Li et al. (2025b),1991-01-22,32.7,875,tmax_c,21.60680423060938,42.35108426109579,21.60680423060938
25,days,1.0,1991-03-10,0.0,325,0.0,1,25,>,MAT,85978,OK,1990,Ortega Gómez et al. (2019),1991-02-26,10,325,precip_mm,21.60680423060938,0,0
25,episodes,1.0,1991-11-08,0.0,225,0.0,2,25,>=,EST,85978,OK,1991,Li et al. 2025a,1991-10-31,34,225,tmax_c,21.60680423060938,0,0
25,episodes,1.0,1992-01-04,1.0,725,1.0,2,25,>=,VEG,85978,OK,1991,Li et al. 2025a,1991-12-07,34.6,725,tmax_c,21.60680423060938,21.60680423060938,21.60680423060938
25,episodes,1.0,1992-01-21,1.0,250,2.0,2,25,>=,REP,85978,OK,1991,Li et al. (2025b),1992-01-12,33.7,250,tmax_c,21.60680423060938,43.21360846121876,21.60680423060938
25,episodes,1.0,1992-01-11,0.0,175,0.0,2,25,>=,FLO,85978,OK,1991,Li et al. (2025b),1992-01-05,33.7,175,tmax_c,21.60680423060938,0,0
25,episodes,1.0,1992-02-25,1.0,875,3.0000000000000018,2,25,>=,FIL,85978,OK,1991,Li et al. (2025b),1992-01-22,32.7,875,tmax_c,21.60680423060938,64.82041269182818,21.60680423060938
25,days,1.0,1992-03-10,0.0,350,0.0,1,25,>,MAT,85978,OK,1991,Ortega Gómez et al. (2019),1992-02-26,10,350,precip_mm,21.60680423060938,0,0
25,episodes,1.0,1992-11-08,0.0,225,0.0,2,25,>=,EST,85978,OK,1992,Li et al. 2025a,1992-10-31,34,225,tmax_c,21.60680423060938,0,0
25,episodes,1.0,1993-01-04,0.0,725,0.0,2,25,>=,VEG,85978,OK,1992,Li et al. 2025a,1992-12-07,34.6,725,tmax_c,21.60680423060938,0,0
25,episodes,1.0,1993-01-21,1.0,250,1.0,2,25,>=,REP,85978,OK,1992,Li et al. (2025b),1993-01-12,33.7,250,tmax_c,21.60680423060938,21.60680423060938,21.60680423060938
25,episodes,1.0,1993-01-11,1.0,175,1.0,2,25,>=,FLO,85978,OK,1992,Li et al. (2025b),1993-01-05,33.7,175,tmax_c,21.60680423060938,21.60680423060938,21.60680423060938
25,episodes,1.0,1993-02-25,1.0,875,3.039918613599757,2,25,>=,FIL,85978,OK,1992,Li et al. (2025b),1993-01-22,32.7,875,tmax_c,21.60680423060938,65.68292636103543,21.60680423060938
25,days,1.0,1993-03-10,0.5998374708939045,325,0.5998374708939045,1,25,>,MAT,85978,OK,1992,Ortega Gómez et al. (2019),1993-02-26,10,325,precip_mm,21.60680423060938,12.960570803788446,12.960570803788446
25,episodes,1.0,2001-11-08,0.0,225,0.0,2,25,>=,EST,85979,OK,2001,Li et al. 2025a,2001-10-31,34,225,tmax_c,21.60680423060938,0,0
25,episodes,1.0,2002-01-04,0.9199591848907759,725,2.0001625291060963,2,25,>=,VEG,85979,OK,2001,Li et al. 2025a,2001-12-07,34.6,725,tmax_c,21.60680423060938,43.21712019579596,19.877378008085973
25,episodes,1.0,2002-01-21,0.11979665578468031,250,0.11979665578468031,2,25,>=,REP,85979,OK,2001,Li et al. (2025b),2002-01-12,33.7,250,tmax_c,21.60680423060938,2.5884228890212864,2.5884228890212864
25,episodes,1.0,2002-01-11,0.3194713537542855,175,0.3194713537542855,2,25,>=,FLO,85979,OK,2001,Li et al. (2025b),2002-01-05,33.7,175,tmax_c,21.60680423060938,6.902754997856602,6.902754997856602
25,episodes,1.0,2002-02-25,1.0,875,2.2796748198167656,2,25,>=,FIL,85979,OK,2001,Li et al. (2025b),2002-01-22,32.7,875,tmax_c,21.60680423060938,49.25648754123057,21.60680423060938
25,days,1.0,2002-03-10,0.0,325,0.0,1,25,>,MAT,85979,OK,2001,Ortega Gómez et al. (2019),2002-02-26,10,325,precip_mm,21.60680423060938,0,0
25,episodes,1.0,2002-11-08,0.7997562062170835,225,0.7997562062170835,2,25,>=,EST,85979,OK,2002,Li et al. 2025a,2002-10-31,34,225,tmax_c,21.60680423060938,17.28017577994739,17.28017577994739
25,episodes,1.0,2003-01-04,0.79979677763184,725,0.8397153912315953,2,25,>=,VEG,85979,OK,2002,Li et al. 2025a,2002-12-07,34.6,725,tmax_c,21.60680423060938,18.143566067770646,17.28105239856339
25,episodes,1.0,2003-01-21,1.0,250,1.0,2,25,>=,REP,85979,OK,2002,Li et al. (2025b),2003-01-12,33.7,250,tmax_c,21.60680423060938,21.60680423060938,21.60680423060938
25,episodes,1.0,2003-01-11,0.9198781640321587,175,0.9198781640321587,2,25,>=,FLO,85979,OK,2002,Li et al. (2025b),2003-01-05,33.7,175,tmax_c,21.60680423060938,19.875627406255237,19.875627406255237
25,episodes,1.0,2003-02-25,1.0,875,2.639756084493661,2,25,>=,FIL,85979,OK,2002,Li et al. (2025b),2003-01-22,32.7,875,tmax_c,21.60680423060938,57.03669293421449,21.60680423060938
25,days,1.0,2003-03-10,0.27963424840200846,325,0.27963424840200846,1,25,>,MAT,85979,OK,2002,Ortega Gómez et al. (2019),2003-02-26,10,325,precip_mm,21.60680423060938,6.042002461395791,6.042002461395791
25,episodes,1.0,2003-11-08,0.0,225,0.0,2,25,>=,EST,85979,OK,2003,Li et al. 2025a,2003-10-31,34,225,tmax_c,21.60680423060938,0,0
25,episodes,1.0,2004-01-04,1.0,725,2.680081142705778,2,25,>=,VEG,85979,OK,2003,Li et al. 2025a,2003-12-07,34.6,725,tmax_c,21.60680423060938,57.90798857259162,21.60680423060938
25,episodes,1.0,2004-01-21,0.0,250,0.0,2,25,>=,REP,85979,OK,2003,Li et al. (2025b),2004-01-12,33.7,250,tmax_c,21.60680423060938,0,0
25,episodes,1.0,2004-01-11,1.0,175,1.0,2,25,>=,FLO,85979,OK,2003,Li et al. (2025b),2004-01-05,33.7,175,tmax_c,21.60680423060938,21.60680423060938,21.60680423060938
25,episodes,1.0,2004-02-25,1.0,875,1.9602841213795434,2,25,>=,FIL,85979,OK,2003,Li et al. (2025b),2004-01-22,32.7,875,tmax_c,21.60680423060938,42.35547524701991,21.60680423060938
25,days,1.0,2004-03-10,0.0,350,0.0,1,25,>,MAT,85979,OK,2003,Ortega Gómez et al. (2019),2004-02-26,10,350,precip_mm,21.60680423060938,0,0
25,episodes,1.0,2004-11-08,0.0,225,0.0,2,25,>=,EST,85979,OK,2004,Li et al. 2025a,2004-10-31,34,225,tmax_c,21.60680423060938,0,0
25,episodes,1.0,2005-01-04,0.6398779203376908,725,0.6398779203376908,2,25,>=,VEG,85979,OK,2004,Li et al. 2025a,2004-12-07,34.6,725,tmax_c,21.60680423060938,13.82571695622595,13.82571695622595
25,episodes,1.0,2005-01-21,1.0,250,1.6000000000000003,2,25,>=,REP,85979,OK,2004,Li et al. (2025b),2005-01-12,33.7,250,tmax_c,21.60680423060938,34.570886768975015,21.60680423060938
25,episodes,1.0,2005-01-11,0.0,175,0.0,2,25,>=,FLO,85979,OK,2004,Li et al. (2025b),2005-01-05,33.7,175,tmax_c,21.60680423060938,0,0
25,episodes,1.0,2005-02-25,1.0,875,4.239756084493661,2,25,>=,FIL,85979,OK,2004,Li et al. (2025b),2005-01-22,32.7,875,tmax_c,21.60680423060938,91.60757970318949,21.60680423060938
25,days,1.0,2005-03-10,0.0,325,0.0,1,25,>,MAT,85979,OK,2004,Ortega Gómez et al. (2019),2005-02-26,10,325,precip_mm,21.60680423060938,0,0
25,episodes,1.0,2009-11-08,0.12008089901145734,225,0.12008089901145734,2,25,>=,EST,85979,OK,2009,Li et al. 2025a,2009-10-31,34,225,tmax_c,21.60680423060938,2.594564476776134,2.594564476776134
25,episodes,1.0,2010-01-04,1.0,725,2.9198781640321605,2,25,>=,VEG,85979,OK,2009,Li et al. 2025a,2009-12-07,34.6,725,tmax_c,21.60680423060938,63.08923586747404,21.60680423060938
25,episodes,1.0,2010-01-21,0.6400402058731287,250,0.6400402058731287,2,25,>=,REP,85979,OK,2009,Li et al. (2025b),2010-01-12,33.7,250,tmax_c,21.60680423060938,13.829223428019617,13.829223428019617
25,episodes,1.0,2010-01-11,0.7197559625226156,175,0.7197559625226156,2,25,>=,FLO,85979,OK,2009,Li et al. (2025b),2010-01-05,33.7,175,tmax_c,21.60680423060938,15.551626176039978,15.551626176039978
25,episodes,1.0,2010-02-25,1.0,875,1.0,2,25,>=,FIL,85979,OK,2009,Li et al. (2025b),2010-01-22,32.7,875,tmax_c,21.60680423060938,21.60680423060938,21.60680423060938
25,days,1.0,2010-03-10,1.0,325,1.4408521203204996,1,25,>,MAT,85979,OK,2009,Ortega Gómez et al. (2019),2010-02-26,10,325,precip_mm,21.60680423060938,31.13220968902347,21.60680423060938
25,episodes,1.0,2010-11-08,0.0,225,0.0,2,25,>=,EST,85979,OK,2010,Li et al. 2025a,2010-10-31,34,225,tmax_c,21.60680423060938,0,0
25,episodes,1.0,2011-01-04,0.0,725,0.0,2,25,>=,VEG,85979,OK,2010,Li et al. 2025a,2010-12-07,34.6,725,tmax_c,21.60680423060938,0,0
25,episodes,1.0,2011-01-21,0.7197966557846802,250,0.7197966557846802,2,25,>=,REP,85979,OK,2010,Li et al. (2025b),2011-01-12,33.7,250,tmax_c,21.60680423060938,15.552505427386912,15.552505427386912
25,episodes,1.0,2011-01-11,0.0,175,0.0,2,25,>=,FLO,85979,OK,2010,Li et al. (2025b),2011-01-05,33.7,175,tmax_c,21.60680423060938,0,0
25,episodes,1.0,2011-02-25,1.0,875,2.5204874657186735,2,25,>=,FIL,85979,OK,2010,Li et al. (2025b),2011-01-22,32.7,875,tmax_c,21.60680423060938,54.45967923748815,21.60680423060938
25,days,1.0,2011-03-10,0.0,325,0.0,1,25,>,MAT,85979,OK,2010,Ortega Gómez et al. (2019),2011-02-26,10,325,precip_mm,21.60680423060938,0,0
25,episodes,1.0,2011-11-08,0.0,225,0.0,2,25,>=,EST,85979,OK,2011,Li et al. 2025a,2011-10-31,34,225,tmax_c,21.60680423060938,0,0
25,episodes,1.0,2012-01-04,0.0,725,0.0,2,25,>=,VEG,85979,OK,2011,Li et al. 2025a,2011-12-07,34.6,725,tmax_c,21.60680423060938,0,0
25,episodes,1.0,2012-01-21,0.0,250,0.0,2,25,>=,REP,85979,OK,2011,Li et al. (2025b),2012-01-12,33.7,250,tmax_c,21.60680423060938,0,0
25,episodes,1.0,2012-01-11,0.0,175,0.0,2,25,>=,FLO,85979,OK,2011,Li et al. (2025b),2012-01-05,33.7,175,tmax_c,21.60680423060938,0,0
25,episodes,1.0,2012-02-25,0.0,875,0.0,2,25,>=,FIL,85979,OK,2011,Li et al. (2025b),2012-01-22,32.7,875,tmax_c,21.60680423060938,0,0
25,days,1.0,2012-03-10,0.0,350,0.0,1,25,>,MAT,85979,OK,2011,Ortega Gómez et al. (2019),2012-02-26,10,350,precip_mm,21.60680423060938,0,0
25,episodes,1.0,2012-11-08,0.0,225,0.0,2,25,>=,EST,85979,OK,2012,Li et al. 2025a,2012-10-31,34,225,tmax_c,21.60680423060938,0,0
25,episodes,1.0,2013-01-04,1.0,725,1.8798780421849248,2,25,>=,VEG,85979,OK,2012,Li et al. 2025a,2012-12-07,34.6,725,tmax_c,21.60680423060938,40.61815683491091,21.60680423060938
25,episodes,1.0,2013-01-21,1.0,250,2.0,2,25,>=,REP,85979,OK,2012,Li et al. (2025b),2013-01-12,33.7,250,tmax_c,21.60680423060938,43.21360846121876,21.60680423060938
25,episodes,1.0,2013-01-11,1.0,175,1.0400406932619903,2,25,>=,FLO,85979,OK,2012,Li et al. (2025b),2013-01-05,33.7,175,tmax_c,21.60680423060938,22.471955651179087,21.60680423060938
25,episodes,1.0,2013-02-25,0.36012134845524374,875,0.4399993906401686,2,25,>=,FIL,85979,OK,2012,Li et al. (2025b),2013-01-22,32.7,875,tmax_c,21.60680423060938,9.506980695149544,7.781071475335516
25,days,1.0,2013-03-10,1.0,325,1.8798780421849248,1,25,>,MAT,85979,OK,2012,Ortega Gómez et al. (2019),2013-02-26,10,325,precip_mm,21.60680423060938,40.61815683491091,21.60680423060938
25,episodes,1.0,1985-11-08,0.0,225,0.0,2,25,>=,EST,85979,OK,1985,Li et al. 2025a,1985-10-31,34,225,tmax_c,21.60680423060938,0,0
25,episodes,1.0,1986-01-04,1.0,725,1.0,2,25,>=,VEG,85979,OK,1985,Li et al. 2025a,1985-12-07,34.6,725,tmax_c,21.60680423060938,21.60680423060938,21.60680423060938
25,episodes,1.0,1986-01-21,1.0,250,1.0,2,25,>=,REP,85979,OK,1985,Li et al. (2025b),1986-01-12,33.7,250,tmax_c,21.60680423060938,21.60680423060938,21.60680423060938
25,episodes,1.0,1986-01-11,0.0,175,0.0,2,25,>=,FLO,85979,OK,1985,Li et al. (2025b),1986-01-05,33.7,175,tmax_c,21.60680423060938,0,0
25,episodes,1.0,1986-02-25,1.0,875,3.1201219578150763,2,25,>=,FIL,85979,OK,1985,Li et al. (2025b),1986-01-22,32.7,875,tmax_c,21.60680423060938,67.41586431813602,21.60680423060938
25,days,1.0,1986-03-10,0.0,325,0.0,1,25,>,MAT,85979,OK,1985,Ortega Gómez et al. (2019),1986-02-26,10,325,precip_mm,21.60680423060938,0,0
25,episodes,1.0,1986-11-08,0.0,225,0.0,2,25,>=,EST,85979,OK,1986,Li et al. 2025a,1986-10-31,34,225,tmax_c,21.60680423060938,0,0
25,episodes,1.0,1987-01-04,1.0,725,1.0,2,25,>=,VEG,85979,OK,1986,Li et al. 2025a,1986-12-07,34.6,725,tmax_c,21.60680423060938,21.60680423060938,21.60680423060938
25,episodes,1.0,1987-01-21,1.0,250,1.0,2,25,>=,REP,85979,OK,1986,Li et al. (2025b),1987-01-12,33.7,250,tmax_c,21.60680423060938,21.60680423060938,21.60680423060938
25,episodes,1.0,1987-01-11,0.11979665578468031,175,0.11979665578468031,2,25,>=,FLO,85979,OK,1986,Li et al. (2025b),1987-01-05,33.7,175,tmax_c,21.60680423060938,2.5884228890212864,2.5884228890212864
25,episodes,1.0,1987-02-25,1.0,875,3.0000000000000018,2,25,>=,FIL,85979,OK,1986,Li et al. (2025b),1987-01-22,32.7,875,tmax_c,21.60680423060938,64.82041269182818,21.60680423060938
25,days,1.0,1987-03-10,0.0,325,0.0,1,25,>,MAT,85979,OK,1986,Ortega Gómez et al. (2019),1987-02-26,10,325,precip_mm,21.60680423060938,0,0
25,episodes,1.0,1987-11-08,0.0,225,0.0,2,25,>=,EST,85979,OK,1987,Li et al. 2025a,1987-10-31,34,225,tmax_c,21.60680423060938,0,0
25,episodes,1.0,1988-01-04,1.0,725,2.799878042061115,2,25,>=,VEG,85979,OK,1987,Li et al. 2025a,1987-12-07,34.6,725,tmax_c,21.60680423060938,60.49641672439641,21.60680423060938
25,episodes,1.0,1988-01-21,1.0,250,1.0,2,25,>=,REP,85979,OK,1987,Li et al. (2025b),1988-01-12,33.7,250,tmax_c,21.60680423060938,21.60680423060938,21.60680423060938
25,episodes,1.0,1988-01-11,1.0,175,1.0,2,25,>=,FLO,85979,OK,1987,Li et al. (2025b),1988-01-05,33.7,175,tmax_c,21.60680423060938,21.60680423060938,21.60680423060938
25,episodes,1.0,1988-02-25,1.0,875,2.5198781640321597,2,25,>=,FIL,85979,OK,1987,Li et al. (2025b),1988-01-22,32.7,875,tmax_c,21.60680423060938,54.44651417523027,21.60680423060938
25,days,1.0,1988-03-10,0.0,350,0.0,1,25,>,MAT,85979,OK,1987,Ortega Gómez et al. (2019),1988-02-26,10,350,precip_mm,21.60680423060938,0,0
25,episodes,1.0,1988-11-08,1.0,225,1.799715756773223,2,25,>=,EST,85979,OK,1988,Li et al. 2025a,1988-10-31,34,225,tmax_c,21.60680423060938,38.88610602734204,21.60680423060938
25,episodes,1.0,1989-01-04,0.9599593067380098,725,0.9599593067380098,2,25,>=,VEG,85979,OK,1988,Li et al. 2025a,1988-12-07,34.6,725,tmax_c,21.60680423060938,20.741652810039678,20.741652810039678
25,episodes,1.0,1989-01-21,0.0,250,0.0,2,25,>=,REP,85979,OK,1988,Li et al. (2025b),1989-01-12,33.7,250,tmax_c,21.60680423060938,0,0
25,episodes,1.0,1989-01-11,0.12024342811755283,175,0.12024342811755283,2,25,>=,FLO,85979,OK,1988,Li et al. (2025b),1989-01-05,33.7,175,tmax_c,21.60680423060938,2.5980762113533156,2.5980762113533156
25,episodes,1.0,1989-02-25,1.0,875,3.2803251800593523,2,25,>=,FIL,85979,OK,1988,Li et al. (2025b),1989-01-22,32.7,875,tmax_c,21.60680423060938,70.87734397828089,21.60680423060938
25,days,1.0,1989-03-10,0.0,325,0.0,1,25,>,MAT,85979,OK,1988,Ortega Gómez et al. (2019),1989-02-26,10,325,precip_mm,21.60680423060938,0,0
25,episodes,1.0,1989-10-27,0.0,400,0.0,2,25,>=,EST,85738,OK,1989,Li et al. 2025a,1989-10-12,34,400,tmax_c,21.60680423060938,0,0
25,episodes,1.0,1990-01-31,0.0,1225,0.0,2,25,>=,VEG,85738,OK,1989,Li et al. 2025a,1989-12-14,34.6,1225,tmax_c,21.60680423060938,0,0
25,episodes,1.0,1990-03-02,0.0,400,0.0,2,25,>=,REP,85738,OK,1989,Li et al. (2025b),1990-02-15,33.7,400,tmax_c,21.60680423060938,0,0
25,episodes,1.0,1990-02-14,0.0,350,0.0,2,25,>=,FLO,85738,OK,1989,Li et al. (2025b),1990-02-01,33.7,350,tmax_c,21.60680423060938,0,0
25,episodes,1.0,1990-05-01,0.0,1500,0.0,2,25,>=,FIL,85738,OK,1989,Li et al. (2025b),1990-03-03,32.7,1500,tmax_c,21.60680423060938,0,0
25,days,1.0,1990-05-24,0.3599188572941491,575,0.3599188572941491,1,25,>,MAT,85738,OK,1989,Ortega Gómez et al. (2019),1990-05-02,10,575,precip_mm,21.60680423060938,7.7766962884593145,7.7766962884593145
25,episodes,1.0,1990-10-27,0.0,400,0.0,2,25,>=,EST,85738,OK,1990,Li et al. 2025a,1990-10-12,34,400,tmax_c,21.60680423060938,0,0
25,episodes,1.0,1991-01-31,0.0,1225,0.0,2,25,>=,VEG,85738,OK,1990,Li et al. 2025a,1990-12-14,34.6,1225,tmax_c,21.60680423060938,0,0
25,episodes,1.0,1991-03-02,0.0,400,0.0,2,25,>=,REP,85738,OK,1990,Li et al. (2025b),1991-02-15,33.7,400,tmax_c,21.60680423060938,0,0
25,episodes,1.0,1991-02-14,0.0,350,0.0,2,25,>=,FLO,85738,OK,1990,Li et al. (2025b),1991-02-01,33.7,350,tmax_c,21.60680423060938,0,0
25,episodes,1.0,1991-05-01,0.0,1500,0.0,2,25,>=,FIL,85738,OK,1990,Li et al. (2025b),1991-03-03,32.7,1500,tmax_c,21.60680423060938,0,0
25,days,1.0,1991-05-24,0.12020297867369217,575,0.12020297867369217,1,25,>,MAT,85738,OK,1990,Ortega Gómez et al. (2019),1991-05-02,10,575,precip_mm,21.60680423060938,2.597202228138581,2.597202228138581
25,episodes,1.0,1991-10-27,0.0,400,0.0,2,25,>=,EST,85738,OK,1991,Li et al. 2025a,1991-10-12,34,400,tmax_c,21.60680423060938,0,0
25,episodes,1.0,1992-01-31,0.0,1225,0.0,2,25,>=,VEG,85738,OK,1991,Li et al. 2025a,1991-12-14,34.6,1225,tmax_c,21.60680423060938,0,0
25,episodes,1.0,1992-03-02,0.0,425,0.0,2,25,>=,REP,85738,OK,1991,Li et al. (2025b),1992-02-15,33.7,425,tmax_c,21.60680423060938,0,0
25,episodes,1.0,1992-02-14,0.0,350,0.0,2,25,>=,FLO,85738,OK,1991,Li et al. (2025b),1992-02-01,33.7,350,tmax_c,21.60680423060938,0,0
25,episodes,1.0,1992-05-01,0.0,1500,0.0,2,25,>=,FIL,85738,OK,1991,Li et al. (2025b),1992-03-03,32.7,1500,tmax_c,21.60680423060938,0,0
25,days,1.0,1992-05-24,0.0,575,0.0,1,25,>,MAT,85738,OK,1991,Ortega Gómez et al. (2019),1992-05-02,10,575,precip_mm,21.60680423060938,0,0
25,episodes,1.0,1992-10-27,0.0,400,0.0,2,25,>=,EST,85738,OK,1992,Li et al. 2025a,1992-10-12,34,400,tmax_c,21.60680423060938,0,0
25,episodes,1.0,1993-01-31,0.0,1225,0.0,2,25,>=,VEG,85738,OK,1992,Li et al. 2025a,1992-12-14,34.6,1225,tmax_c,21.60680423060938,0,0
25,episodes,1.0,1993-03-02,0.0,400,0.0,2,25,>=,REP,85738,OK,1992,Li et al. (2025b),1993-02-15,33.7,400,tmax_c,21.60680423060938,0,0
25,episodes,1.0,1993-02-14,0.0,350,0.0,2,25,>=,FLO,85738,OK,1992,Li et al. (2025b),1993-02-01,33.7,350,tmax_c,21.60680423060938,0,0
25,episodes,1.0,1993-05-01,0.0,1500,0.0,2,25,>=,FIL,85738,OK,1992,Li et al. (2025b),1993-03-03,32.7,1500,tmax_c,21.60680423060938,0,0
25,days,1.0,1993-05-24,0.32016277280048905,575,0.32016277280048905,1,25,>,MAT,85738,OK,1992,Ortega Gómez et al. (2019),1993-05-02,10,575,precip_mm,21.60680423060938,6.917694353829237,6.917694353829237
25,episodes,1.0,1981-11-08,0.0,225,0.0,2,25,>=,EST,85979,OK,1981,Li et al. 2025a,1981-10-31,34,225,tmax_c,21.60680423060938,0,0
25,episodes,1.0,1982-01-04,1.0,725,3.0000000000000018,2,25,>=,VEG,85979,OK,1981,Li et al. 2025a,1981-12-07,34.6,725,tmax_c,21.60680423060938,64.82041269182818,21.60680423060938
25,episodes,1.0,1982-01-21,1.0,250,1.0,2,25,>=,REP,85979,OK,1981,Li et al. (2025b),1982-01-12,33.7,250,tmax_c,21.60680423060938,21.60680423060938,21.60680423060938
25,episodes,1.0,1982-01-11,1.0,175,1.0801218359678413,2,25,>=,FLO,85979,OK,1981,Li et al. (2025b),1982-01-05,33.7,175,tmax_c,21.60680423060938,23.337981054963524,21.60680423060938
25,episodes,1.0,1982-02-25,1.0,875,3.800081020858617,2,25,>=,FIL,85979,OK,1981,Li et al. (2025b),1982-01-22,32.7,875,tmax_c,21.60680423060938,82.10760667814638,21.60680423060938
25,days,1.0,1982-03-10,1.0,325,4.0,1,25,>,MAT,85979,OK,1981,Ortega Gómez et al. (2019),1982-02-26,10,325,precip_mm,21.60680423060938,86.42721692243752,21.60680423060938
25,episodes,1.0,1982-11-08,0.03991861359975546,225,0.03991861359975546,2,25,>=,EST,85979,OK,1982,Li et al. 2025a,1982-10-31,34,225,tmax_c,21.60680423060938,0.8625136692072575,0.8625136692072575
25,episodes,1.0,1983-01-04,1.0,725,2.24073125937778,2,25,>=,VEG,85979,OK,1982,Li et al. 2025a,1982-12-07,34.6,725,tmax_c,21.60680423060938,48.4150416547825,21.60680423060938
25,episodes,1.0,1983-01-21,0.0,250,0.0,2,25,>=,REP,85979,OK,1982,Li et al. (2025b),1983-01-12,33.7,250,tmax_c,21.60680423060938,0,0
25,episodes,1.0,1983-01-11,1.0,175,1.079837227199511,2,25,>=,FLO,85979,OK,1982,Li et al. (2025b),1983-01-05,33.7,175,tmax_c,21.60680423060938,23.331831569023894,21.60680423060938
25,episodes,1.0,1983-02-25,1.0,875,3.040040693261992,2,25,>=,FIL,85979,OK,1982,Li et al. (2025b),1983-01-22,32.7,875,tmax_c,21.60680423060938,65.68556411239788,21.60680423060938
25,days,1.0,1983-03-10,0.0,325,0.0,1,25,>,MAT,85979,OK,1982,Ortega Gómez et al. (2019),1983-02-26,10,325,precip_mm,21.60680423060938,0,0
25,episodes,1.0,1983-11-08,0.0,225,0.0,2,25,>=,EST,85979,OK,1983,Li et al. 2025a,1983-10-31,34,225,tmax_c,21.60680423060938,0,0
25,episodes,1.0,1984-01-04,0.8798780421849248,725,0.8798780421849248,2,25,>=,VEG,85979,OK,1983,Li et al. 2025a,1983-12-07,34.6,725,tmax_c,21.60680423060938,19.011352604301532,19.011352604301532
25,episodes,1.0,1984-01-21,0.0,250,0.0,2,25,>=,REP,85979,OK,1983,Li et al. (2025b),1984-01-12,33.7,250,tmax_c,21.60680423060938,0,0
25,episodes,1.0,1984-01-11,0.0,175,0.0,2,25,>=,FLO,85979,OK,1983,Li et al. (2025b),1984-01-05,33.7,175,tmax_c,21.60680423060938,0,0
25,episodes,1.0,1984-02-25,0.0,875,0.0,2,25,>=,FIL,85979,OK,1983,Li et al. (2025b),1984-01-22,32.7,875,tmax_c,21.60680423060938,0,0
25,days,1.0,1984-03-10,0.0,350,0.0,1,25,>,MAT,85979,OK,1983,Ortega Gómez et al. (2019),1984-02-26,10,350,precip_mm,21.60680423060938,0,0
25,episodes,1.0,1984-11-08,0.0,225,0.0,2,25,>=,EST,85979,OK,1984,Li et al. 2025a,1984-10-31,34,225,tmax_c,21.60680423060938,0,0
25,episodes,1.0,1985-01-04,0.9199591848907759,725,0.9598777984905312,2,25,>=,VEG,85979,OK,1984,Li et al. 2025a,1984-12-07,34.6,725,tmax_c,21.60680423060938,20.73989167729323,19.877378008085973
25,episodes,1.0,1985-01-21,1.0,250,1.0,2,25,>=,REP,85979,OK,1984,Li et al. (2025b),1985-01-12,33.7,250,tmax_c,21.60680423060938,21.60680423060938,21.60680423060938
25,episodes,1.0,1985-01-11,1.0,175,1.0,2,25,>=,FLO,85979,OK,1984,Li et al. (2025b),1985-01-05,33.7,175,tmax_c,21.60680423060938,21.60680423060938,21.60680423060938
25,episodes,1.0,1985-02-25,1.0,875,4.0,2,25,>=,FIL,85979,OK,1984,Li et al. (2025b),1985-01-22,32.7,875,tmax_c,21.60680423060938,86.42721692243752,21.60680423060938
25,days,1.0,1985-03-10,0.6405285243984807,325,0.6405285243984807,1,25,>,MAT,85979,OK,1984,Ortega Gómez et al. (2019),1985-02-26,10,325,precip_mm,21.60680423060938,13.839774430799078,13.839774430799078
25,episodes,1.0,2001-11-08,0.0,225,0.0,2,25,>=,EST,85981,OK,2001,Li et al. 2025a,2001-10-31,34,225,tmax_c,21.60680423060938,0,0
25,episodes,1.0,2002-01-04,0.0,725,0.0,2,25,>=,VEG,85981,OK,2001,Li et al. 2025a,2001-12-07,34.6,725,tmax_c,21.60680423060938,0,0
25,episodes,1.0,2002-01-21,0.0,250,0.0,2,25,>=,REP,85981,OK,2001,Li et al. (2025b),2002-01-12,33.7,250,tmax_c,21.60680423060938,0,0
25,episodes,1.0,2002-01-11,0.0,175,0.0,2,25,>=,FLO,85981,OK,2001,Li et al. (2025b),2002-01-05,33.7,175,tmax_c,21.60680423060938,0,0
25,episodes,1.0,2002-02-25,0.0,875,0.0,2,25,>=,FIL,85981,OK,2001,Li et al. (2025b),2002-01-22,32.7,875,tmax_c,21.60680423060938,0,0
25,days,1.0,2002-03-10,0.0,325,0.0,1,25,>,MAT,85981,OK,2001,Ortega Gómez et al. (2019),2002-02-26,10,325,precip_mm,21.60680423060938,0,0
25,episodes,1.0,2002-11-08,0.0,225,0.0,2,25,>=,EST,85981,OK,2002,Li et al. 2025a,2002-10-31,34,225,tmax_c,21.60680423060938,0,0
25,episodes,1.0,2003-01-04,0.0,725,0.0,2,25,>=,VEG,85981,OK,2002,Li et al. 2025a,2002-12-07,34.6,725,tmax_c,21.60680423060938,0,0
25,episodes,1.0,2003-01-21,0.9600405714148306,250,0.9600405714148306,2,25,>=,REP,85981,OK,2002,Li et al. (2025b),2003-01-12,33.7,250,tmax_c,21.60680423060938,20.74340868000261,20.74340868000261
25,episodes,1.0,2003-01-11,0.0,175,0.0,2,25,>=,FLO,85981,OK,2002,Li et al. (2025b),2003-01-05,33.7,175,tmax_c,21.60680423060938,0,0
25,episodes,1.0,2003-02-25,1.0,875,1.6403659952923852,2,25,>=,FIL,85981,OK,2002,Li et al. (2025b),2003-01-22,32.7,875,tmax_c,21.60680423060938,35.44306692683128,21.60680423060938
25,days,1.0,2003-03-10,0.0,325,0.0,1,25,>,MAT,85981,OK,2002,Ortega Gómez et al. (2019),2003-02-26,10,325,precip_mm,21.60680423060938,0,0
25,episodes,1.0,2003-11-08,0.0,225,0.0,2,25,>=,EST,85981,OK,2003,Li et al. 2025a,2003-10-31,34,225,tmax_c,21.60680423060938,0,0
25,episodes,1.0,2004-01-04,0.6001622855354378,725,0.6803245709471398,2,25,>=,VEG,85981,OK,2003,Li et al. 2025a,2003-12-07,34.6,725,tmax_c,21.60680423060938,14.699639817728173,12.967589010159294
25,episodes,1.0,2004-01-21,0.0,250,0.0,2,25,>=,REP,85981,OK,2003,Li et al. (2025b),2004-01-12,33.7,250,tmax_c,21.60680423060938,0,0
25,episodes,1.0,2004-01-11,1.0,175,1.0,2,25,>=,FLO,85981,OK,2003,Li et al. (2025b),2004-01-05,33.7,175,tmax_c,21.60680423060938,21.60680423060938,21.60680423060938
25,episodes,1.0,2004-02-25,1.0,875,2.0,2,25,>=,FIL,85981,OK,2003,Li et al. (2025b),2004-01-22,32.7,875,tmax_c,21.60680423060938,43.21360846121876,21.60680423060938
25,days,1.0,2004-03-10,0.4802846088921406,350,0.4802846088921406,1,25,>,MAT,85981,OK,2003,Ortega Gómez et al. (2019),2004-02-26,10,350,precip_mm,21.60680423060938,10.377415519307275,10.377415519307275
25,episodes,1.0,2004-11-08,0.0,225,0.0,2,25,>=,EST,85981,OK,2004,Li et al. 2025a,2004-10-31,34,225,tmax_c,21.60680423060938,0,0
25,episodes,1.0,2005-01-04,0.0,725,0.0,2,25,>=,VEG,85981,OK,2004,Li et al. 2025a,2004-12-07,34.6,725,tmax_c,21.60680423060938,0,0
25,episodes,1.0,2005-01-21,1.0,250,1.0,2,25,>=,REP,85981,OK,2004,Li et al. (2025b),2005-01-12,33.7,250,tmax_c,21.60680423060938,21.60680423060938,21.60680423060938
25,episodes,1.0,2005-01-11,0.0,175,0.0,2,25,>=,FLO,85981,OK,2004,Li et al. (2025b),2005-01-05,33.7,175,tmax_c,21.60680423060938,0,0
25,episodes,1.0,2005-02-25,0.08016228541170188,875,0.12024342811755283,2,25,>=,FIL,85981,OK,2004,Li et al. (2025b),2005-01-22,32.7,875,tmax_c,21.60680423060938,2.5980762113533156,1.732050807568877
25,days,1.0,2005-03-10,0.0,325,0.0,1,25,>,MAT,85981,OK,2004,Ortega Gómez et al. (2019),2005-02-26,10,325,precip_mm,21.60680423060938,0,0
25,episodes,1.0,1985-11-08,0.0,225,0.0,2,25,>=,EST,85981,OK,1985,Li et al. 2025a,1985-10-31,34,225,tmax_c,21.60680423060938,0,0
25,episodes,1.0,1986-01-04,0.0,725,0.0,2,25,>=,VEG,85981,OK,1985,Li et al. 2025a,1985-12-07,34.6,725,tmax_c,21.60680423060938,0,0
25,episodes,1.0,1986-01-21,0.12024342811755283,250,0.12024342811755283,2,25,>=,REP,85981,OK,1985,Li et al. (2025b),1986-01-12,33.7,250,tmax_c,21.60680423060938,2.5980762113533156,2.5980762113533156
25,episodes,1.0,1986-01-11,0.0,175,0.0,2,25,>=,FLO,85981,OK,1985,Li et al. (2025b),1986-01-05,33.7,175,tmax_c,21.60680423060938,0,0
25,episodes,1.0,1986-02-25,0.9201219578150752,875,1.1200404495675966,2,25,>=,FIL,85981,OK,1985,Li et al. (2025b),1986-01-22,32.7,875,tmax_c,21.60680423060938,24.20049472417078,19.880895010795353
25,days,1.0,1986-03-10,0.0,325,0.0,1,25,>,MAT,85981,OK,1985,Ortega Gómez et al. (2019),1986-02-26,10,325,precip_mm,21.60680423060938,0,0
25,episodes,1.0,1986-11-08,0.0,225,0.0,2,25,>=,EST,85981,OK,1986,Li et al. 2025a,1986-10-31,34,225,tmax_c,21.60680423060938,0,0
25,episodes,1.0,1987-01-04,0.3204467724566085,725,0.3204467724566085,2,25,>=,VEG,85981,OK,1986,Li et al. 2025a,1986-12-07,34.6,725,tmax_c,21.60680423060938,6.923830678800571,6.923830678800571
25,episodes,1.0,1987-01-21,0.5200402057493927,250,0.5200402057493927,2,25,>=,REP,85981,OK,1986,Li et al. (2025b),1987-01-12,33.7,250,tmax_c,21.60680423060938,11.236406917672952,11.236406917672952
25,episodes,1.0,1987-01-11,0.0,175,0.0,2,25,>=,FLO,85981,OK,1986,Li et al. (2025b),1987-01-05,33.7,175,tmax_c,21.60680423060938,0,0
25,episodes,1.0,1987-02-25,0.0,875,0.0,2,25,>=,FIL,85981,OK,1986,Li et al. (2025b),1987-01-22,32.7,875,tmax_c,21.60680423060938,0,0
25,days,1.0,1987-03-10,1.0,325,2.5595131437648955,1,25,>,MAT,85981,OK,1986,Ortega Gómez et al. (2019),1987-02-26,10,325,precip_mm,21.60680423060938,55.30289942299966,21.60680423060938
25,episodes,1.0,1987-11-08,0.0,225,0.0,2,25,>=,EST,85981,OK,1987,Li et al. 2025a,1987-10-31,34,225,tmax_c,21.60680423060938,0,0
25,episodes,1.0,1988-01-04,0.1599995126112128,725,0.1599995126112128,2,25,>=,VEG,85981,OK,1987,Li et al. 2025a,1987-12-07,34.6,725,tmax_c,21.60680423060938,3.4570781459833917,3.4570781459833917
25,episodes,1.0,1988-01-21,0.840081142705851,250,0.840081142705851,2,25,>=,REP,85981,OK,1987,Li et al. (2025b),1988-01-12,33.7,250,tmax_c,21.60680423060938,18.151468788271945,18.151468788271945
25,episodes,1.0,1988-01-11,0.7200404495675966,175,0.7200404495675966,2,25,>=,FLO,85981,OK,1987,Li et al. (2025b),1988-01-05,33.7,175,tmax_c,21.60680423060938,15.557773031927027,15.557773031927027
25,episodes,1.0,1988-02-25,0.0,875,0.0,2,25,>=,FIL,85981,OK,1987,Li et al. (2025b),1988-01-22,32.7,875,tmax_c,21.60680423060938,0,0
25,days,1.0,1988-03-10,0.0,350,0.0,1,25,>,MAT,85981,OK,1987,Ortega Gómez et al. (2019),1988-02-26,10,350,precip_mm,21.60680423060938,0,0
25,episodes,1.0,1988-11-08,0.0,225,0.0,2,25,>=,EST,85981,OK,1988,Li et al. 2025a,1988-10-31,34,225,tmax_c,21.60680423060938,0,0
25,episodes,1.0,1989-01-04,0.0,725,0.0,2,25,>=,VEG,85981,OK,1988,Li et al. 2025a,1988-12-07,34.6,725,tmax_c,21.60680423060938,0,0
25,episodes,1.0,1989-01-21,0.0,250,0.0,2,25,>=,REP,85981,OK,1988,Li et al. (2025b),1989-01-12,33.7,250,tmax_c,21.60680423060938,0,0
25,episodes,1.0,1989-01-11,0.0,175,0.0,2,25,>=,FLO,85981,OK,1988,Li et al. (2025b),1989-01-05,33.7,175,tmax_c,21.60680423060938,0,0
25,episodes,1.0,1989-02-25,0.0,875,0.0,2,25,>=,FIL,85981,OK,1988,Li et al. (2025b),1989-01-22,32.7,875,tmax_c,21.60680423060938,0,0
25,days,1.0,1989-03-10,0.0,325,0.0,1,25,>,MAT,85981,OK,1988,Ortega Gómez et al. (2019),1989-02-26,10,325,precip_mm,21.60680423060938,0,0
25,episodes,1.0,1993-11-08,0.0,225,0.0,2,25,>=,EST,85978,OK,1993,Li et al. 2025a,1993-10-31,34,225,tmax_c,21.60680423060938,0,0
25,episodes,1.0,1994-01-04,1.0,725,1.0,2,25,>=,VEG,85978,OK,1993,Li et al. 2025a,1993-12-07,34.6,725,tmax_c,21.60680423060938,21.60680423060938,21.60680423060938
25,episodes,1.0,1994-01-21,1.0,250,2.0,2,25,>=,REP,85978,OK,1993,Li et al. (2025b),1994-01-12,33.7,250,tmax_c,21.60680423060938,43.21360846121876,21.60680423060938
25,episodes,1.0,1994-01-11,1.0,175,2.0,2,25,>=,FLO,85978,OK,1993,Li et al. (2025b),1994-01-05,33.7,175,tmax_c,21.60680423060938,43.21360846121876,21.60680423060938
25,episodes,1.0,1994-02-25,1.0,875,2.4805281588568535,2,25,>=,FIL,85978,OK,1993,Li et al. (2025b),1994-01-22,32.7,875,tmax_c,21.60680423060938,53.59628631693396,21.60680423060938
25,days,1.0,1994-03-10,0.9599593067380098,325,1.5192276818186772,1,25,>,MAT,85978,OK,1993,Ortega Gómez et al. (2019),1994-02-26,10,325,precip_mm,21.60680423060938,32.825655102778676,20.741652810039678
25,episodes,1.0,1994-11-08,0.0,225,0.0,2,25,>=,EST,85978,OK,1994,Li et al. 2025a,1994-10-31,34,225,tmax_c,21.60680423060938,0,0
25,episodes,1.0,1995-01-04,1.0,725,2.0,2,25,>=,VEG,85978,OK,1994,Li et al. 2025a,1994-12-07,34.6,725,tmax_c,21.60680423060938,43.21360846121876,21.60680423060938
25,episodes,1.0,1995-01-21,0.7601624072588616,250,0.7601624072588616,2,25,>=,REP,85978,OK,1994,Li et al. (2025b),1995-01-12,33.7,250,tmax_c,21.60680423060938,16.424680317110983,16.424680317110983
25,episodes,1.0,1995-01-11,0.0,175,0.0,2,25,>=,FLO,85978,OK,1994,Li et al. (2025b),1995-01-05,33.7,175,tmax_c,21.60680423060938,0,0
25,episodes,1.0,1995-02-25,1.0,875,1.0,2,25,>=,FIL,85978,OK,1994,Li et al. (2025b),1995-01-22,32.7,875,tmax_c,21.60680423060938,21.60680423060938,21.60680423060938
25,days,1.0,1995-03-10,0.0,325,0.0,1,25,>,MAT,85978,OK,1994,Ortega Gómez et al. (2019),1995-02-26,10,325,precip_mm,21.60680423060938,0,0
25,episodes,1.0,1995-11-08,0.0,225,0.0,2,25,>=,EST,85978,OK,1995,Li et al. 2025a,1995-10-31,34,225,tmax_c,21.60680423060938,0,0
25,episodes,1.0,1996-01-04,1.0,725,1.5198781640321586,2,25,>=,VEG,85978,OK,1995,Li et al. 2025a,1995-12-07,34.6,725,tmax_c,21.60680423060938,32.839709944620864,21.60680423060938
25,episodes,1.0,1996-01-21,0.5597152693844355,250,0.5597152693844355,2,25,>=,REP,85978,OK,1995,Li et al. (2025b),1996-01-12,33.7,250,tmax_c,21.60680423060938,12.093658250472291,12.093658250472291
25,episodes,1.0,1996-01-11,0.0,175,0.0,2,25,>=,FLO,85978,OK,1995,Li et al. (2025b),1996-01-05,33.7,175,tmax_c,21.60680423060938,0,0
25,episodes,1.0,1996-02-25,1.0,875,2.880121835967843,2,25,>=,FIL,85978,OK,1995,Li et al. (2025b),1996-01-22,32.7,875,tmax_c,21.60680423060938,62.23022867006044,21.60680423060938
25,days,1.0,1996-03-10,0.6795127780995307,350,0.6795127780995307,1,25,>,MAT,85978,OK,1995,Ortega Gómez et al. (2019),1996-02-26,10,350,precip_mm,21.60680423060938,14.682099568594072,14.682099568594072
25,episodes,1.0,1996-11-08,0.0,225,0.0,2,25,>=,EST,85978,OK,1996,Li et al. 2025a,1996-10-31,34,225,tmax_c,21.60680423060938,0,0
25,episodes,1.0,1997-01-04,0.0,725,0.0,2,25,>=,VEG,85978,OK,1996,Li et al. 2025a,1996-12-07,34.6,725,tmax_c,21.60680423060938,0,0
25,episodes,1.0,1997-01-21,0.0,250,0.0,2,25,>=,REP,85978,OK,1996,Li et al. (2025b),1997-01-12,33.7,250,tmax_c,21.60680423060938,0,0
25,episodes,1.0,1997-01-11,0.0,175,0.0,2,25,>=,FLO,85978,OK,1996,Li et al. (2025b),1997-01-05,33.7,175,tmax_c,21.60680423060938,0,0
25,episodes,1.0,1997-02-25,1.0,875,2.9199187354469167,2,25,>=,FIL,85978,OK,1996,Li et al. (2025b),1997-01-22,32.7,875,tmax_c,21.60680423060938,63.090112486090035,21.60680423060938
25,days,1.0,1997-03-10,0.800325302030395,325,1.8014220694354346,1,25,>,MAT,85978,OK,1996,Ortega Gómez et al. (2019),1997-02-26,10,325,precip_mm,21.60680423060938,38.922973990990656,17.29247212177407
25,episodes,1.0,2005-10-27,0.0,400,0.0,2,25,>=,EST,85738,OK,2005,Li et al. 2025a,2005-10-12,34,400,tmax_c,21.60680423060938,0,0
25,episodes,1.0,2006-01-31,0.0,1225,0.0,2,25,>=,VEG,85738,OK,2005,Li et al. 2025a,2005-12-14,34.6,1225,tmax_c,21.60680423060938,0,0
25,episodes,1.0,2006-03-02,0.0,400,0.0,2,25,>=,REP,85738,OK,2005,Li et al. (2025b),2006-02-15,33.7,400,tmax_c,21.60680423060938,0,0
25,episodes,1.0,2006-02-14,0.0,350,0.0,2,25,>=,FLO,85738,OK,2005,Li et al. (2025b),2006-02-01,33.7,350,tmax_c,21.60680423060938,0,0
25,episodes,1.0,2006-05-01,0.0,1500,0.0,2,25,>=,FIL,85738,OK,2005,Li et al. (2025b),2006-03-03,32.7,1500,tmax_c,21.60680423060938,0,0
25,days,1.0,2006-05-24,0.0,575,0.0,1,25,>,MAT,85738,OK,2005,Ortega Gómez et al. (2019),2006-05-02,10,575,precip_mm,21.60680423060938,0,0
25,episodes,1.0,2006-10-27,0.0,400,0.0,2,25,>=,EST,85738,OK,2006,Li et al. 2025a,2006-10-12,34,400,tmax_c,21.60680423060938,0,0
25,episodes,1.0,2007-01-31,0.0,1225,0.0,2,25,>=,VEG,85738,OK,2006,Li et al. 2025a,2006-12-14,34.6,1225,tmax_c,21.60680423060938,0,0
25,episodes,1.0,2007-03-02,0.0,400,0.0,2,25,>=,REP,85738,OK,2006,Li et al. (2025b),2007-02-15,33.7,400,tmax_c,21.60680423060938,0,0
25,episodes,1.0,2007-02-14,0.0,350,0.0,2,25,>=,FLO,85738,OK,2006,Li et al. (2025b),2007-02-01,33.7,350,tmax_c,21.60680423060938,0,0
25,episodes,1.0,2007-05-01,0.0,1500,0.0,2,25,>=,FIL,85738,OK,2006,Li et al. (2025b),2007-03-03,32.7,1500,tmax_c,21.60680423060938,0,0
25,days,1.0,2007-05-24,0.0,575,0.0,1,25,>,MAT,85738,OK,2006,Ortega Gómez et al. (2019),2007-05-02,10,575,precip_mm,21.60680423060938,0,0
25,episodes,1.0,2007-10-27,0.0,400,0.0,2,25,>=,EST,85738,OK,2007,Li et al. 2025a,2007-10-12,34,400,tmax_c,21.60680423060938,0,0
25,episodes,1.0,2008-01-31,0.0,1225,0.0,2,25,>=,VEG,85738,OK,2007,Li et al. 2025a,2007-12-14,34.6,1225,tmax_c,21.60680423060938,0,0
25,episodes,1.0,2008-03-02,0.0,425,0.0,2,25,>=,REP,85738,OK,2007,Li et al. (2025b),2008-02-15,33.7,425,tmax_c,21.60680423060938,0,0
25,episodes,1.0,2008-02-14,0.0,350,0.0,2,25,>=,FLO,85738,OK,2007,Li et al. (2025b),2008-02-01,33.7,350,tmax_c,21.60680423060938,0,0
25,episodes,1.0,2008-05-01,0.0,1500,0.0,2,25,>=,FIL,85738,OK,2007,Li et al. (2025b),2008-03-03,32.7,1500,tmax_c,21.60680423060938,0,0
25,days,1.0,2008-05-24,0.0,575,0.0,1,25,>,MAT,85738,OK,2007,Ortega Gómez et al. (2019),2008-05-02,10,575,precip_mm,21.60680423060938,0,0
25,episodes,1.0,2008-10-27,0.0,400,0.0,2,25,>=,EST,85738,OK,2008,Li et al. 2025a,2008-10-12,34,400,tmax_c,21.60680423060938,0,0
25,episodes,1.0,2009-01-31,0.0,1225,0.0,2,25,>=,VEG,85738,OK,2008,Li et al. 2025a,2008-12-14,34.6,1225,tmax_c,21.60680423060938,0,0
25,episodes,1.0,2009-03-02,0.0,400,0.0,2,25,>=,REP,85738,OK,2008,Li et al. (2025b),2009-02-15,33.7,400,tmax_c,21.60680423060938,0,0
25,episodes,1.0,2009-02-14,0.0,350,0.0,2,25,>=,FLO,85738,OK,2008,Li et al. (2025b),2009-02-01,33.7,350,tmax_c,21.60680423060938,0,0
25,episodes,1.0,2009-05-01,0.0,1500,0.0,2,25,>=,FIL,85738,OK,2008,Li et al. (2025b),2009-03-03,32.7,1500,tmax_c,21.60680423060938,0,0
25,days,1.0,2009-05-24,0.0,575,0.0,1,25,>,MAT,85738,OK,2008,Ortega Gómez et al. (2019),2009-05-02,10,575,precip_mm,21.60680423060938,0,0
25,episodes,1.0,2013-10-27,0.0,400,0.0,2,25,>=,EST,85738,OK,2013,Li et al. 2025a,2013-10-12,34,400,tmax_c,21.60680423060938,0,0
25,episodes,1.0,2014-01-31,0.0,1225,0.0,2,25,>=,VEG,85738,OK,2013,Li et al. 2025a,2013-12-14,34.6,1225,tmax_c,21.60680423060938,0,0
25,episodes,1.0,2014-03-02,0.0,400,0.0,2,25,>=,REP,85738,OK,2013,Li et al. (2025b),2014-02-15,33.7,400,tmax_c,21.60680423060938,0,0
25,episodes,1.0,2014-02-14,0.0,350,0.0,2,25,>=,FLO,85738,OK,2013,Li et al. (2025b),2014-02-01,33.7,350,tmax_c,21.60680423060938,0,0
25,episodes,1.0,2014-05-01,0.0,1500,0.0,2,25,>=,FIL,85738,OK,2013,Li et al. (2025b),2014-03-03,32.7,1500,tmax_c,21.60680423060938,0,0
25,days,1.0,2014-05-24,0.0,575,0.0,1,25,>,MAT,85738,OK,2013,Ortega Gómez et al. (2019),2014-05-02,10,575,precip_mm,21.60680423060938,0,0
25,episodes,1.0,2014-10-27,0.0,400,0.0,2,25,>=,EST,85738,OK,2014,Li et al. 2025a,2014-10-12,34,400,tmax_c,21.60680423060938,0,0
25,episodes,1.0,2015-01-31,0.0,1225,0.0,2,25,>=,VEG,85738,OK,2014,Li et al. 2025a,2014-12-14,34.6,1225,tmax_c,21.60680423060938,0,0
25,episodes,1.0,2015-03-02,0.0,400,0.0,2,25,>=,REP,85738,OK,2014,Li et al. (2025b),2015-02-15,33.7,400,tmax_c,21.60680423060938,0,0
25,episodes,1.0,2015-02-14,0.0,350,0.0,2,25,>=,FLO,85738,OK,2014,Li et al. (2025b),2015-02-01,33.7,350,tmax_c,21.60680423060938,0,0
25,episodes,1.0,2015-05-01,0.0,1500,0.0,2,25,>=,FIL,85738,OK,2014,Li et al. (2025b),2015-03-03,32.7,1500,tmax_c,21.60680423060938,0,0
25,days,1.0,2015-05-24,0.0,575,0.0,1,25,>,MAT,85738,OK,2014,Ortega Gómez et al. (2019),2015-05-02,10,575,precip_mm,21.60680423060938,0,0
25,episodes,1.0,2015-10-27,0.0,400,0.0,2,25,>=,EST,85738,OK,2015,Li et al. 2025a,2015-10-12,34,400,tmax_c,21.60680423060938,0,0
25,episodes,1.0,2016-01-31,0.27971575664948695,1225,0.4795534711140491,2,25,>=,VEG,85738,OK,2015,Li et al. 2025a,2015-12-14,34.6,1225,tmax_c,21.60680423060938,10.36161796847045,6.043763594142239
25,episodes,1.0,2016-03-02,0.0,425,0.0,2,25,>=,REP,85738,OK,2015,Li et al. (2025b),2016-02-15,33.7,425,tmax_c,21.60680423060938,0,0
25,episodes,1.0,2016-02-14,0.0,350,0.0,2,25,>=,FLO,85738,OK,2015,Li et al. (2025b),2016-02-01,33.7,350,tmax_c,21.60680423060938,0,0
25,episodes,1.0,2016-05-01,0.0,1500,0.0,2,25,>=,FIL,85738,OK,2015,Li et al. (2025b),2016-03-03,32.7,1500,tmax_c,21.60680423060938,0,0
25,days,1.0,2016-05-24,0.9198781640321587,575,0.9198781640321587,1,25,>,MAT,85738,OK,2015,Ortega Gómez et al. (2019),2016-05-02,10,575,precip_mm,21.60680423060938,19.875627406255237,19.875627406255237
25,episodes,1.0,2016-10-27,0.0,400,0.0,2,25,>=,EST,85738,OK,2016,Li et al. 2025a,2016-10-12,34,400,tmax_c,21.60680423060938,0,0
25,episodes,1.0,2017-01-31,0.0,1225,0.0,2,25,>=,VEG,85738,OK,2016,Li et al. 2025a,2016-12-14,34.6,1225,tmax_c,21.60680423060938,0,0
25,episodes,1.0,2017-03-02,0.0,400,0.0,2,25,>=,REP,85738,OK,2016,Li et al. (2025b),2017-02-15,33.7,400,tmax_c,21.60680423060938,0,0
25,episodes,1.0,2017-02-14,0.0,350,0.0,2,25,>=,FLO,85738,OK,2016,Li et al. (2025b),2017-02-01,33.7,350,tmax_c,21.60680423060938,0,0
25,episodes,1.0,2017-05-01,0.0,1500,0.0,2,25,>=,FIL,85738,OK,2016,Li et al. (2025b),2017-03-03,32.7,1500,tmax_c,21.60680423060938,0,0
25,days,1.0,2017-05-24,1.0,575,2.200405713529255,1,25,>,MAT,85738,OK,2016,Ortega Gómez et al. (2019),2017-05-02,10,575,precip_mm,21.60680423060938,47.54373548014096,21.60680423060938
25,episodes,1.0,1985-10-27,0.0,400,0.0,2,25,>=,EST,85738,OK,1985,Li et al. 2025a,1985-10-12,34,400,tmax_c,21.60680423060938,0,0
25,episodes,1.0,1986-01-31,0.0,1225,0.0,2,25,>=,VEG,85738,OK,1985,Li et al. 2025a,1985-12-14,34.6,1225,tmax_c,21.60680423060938,0,0
25,episodes,1.0,1986-03-02,0.0,400,0.0,2,25,>=,REP,85738,OK,1985,Li et al. (2025b),1986-02-15,33.7,400,tmax_c,21.60680423060938,0,0
25,episodes,1.0,1986-02-14,0.0,350,0.0,2,25,>=,FLO,85738,OK,1985,Li et al. (2025b),1986-02-01,33.7,350,tmax_c,21.60680423060938,0,0
25,episodes,1.0,1986-05-01,0.0,1500,0.0,2,25,>=,FIL,85738,OK,1985,Li et al. (2025b),1986-03-03,32.7,1500,tmax_c,21.60680423060938,0,0
25,days,1.0,1986-05-24,0.0,575,0.0,1,25,>,MAT,85738,OK,1985,Ortega Gómez et al. (2019),1986-05-02,10,575,precip_mm,21.60680423060938,0,0
25,episodes,1.0,1986-10-27,0.0,400,0.0,2,25,>=,EST,85738,OK,1986,Li et al. 2025a,1986-10-12,34,400,tmax_c,21.60680423060938,0,0
25,episodes,1.0,1987-01-31,0.0,1225,0.0,2,25,>=,VEG,85738,OK,1986,Li et al. 2025a,1986-12-14,34.6,1225,tmax_c,21.60680423060938,0,0
25,episodes,1.0,1987-03-02,0.0,400,0.0,2,25,>=,REP,85738,OK,1986,Li et al. (2025b),1987-02-15,33.7,400,tmax_c,21.60680423060938,0,0
25,episodes,1.0,1987-02-14,0.0,350,0.0,2,25,>=,FLO,85738,OK,1986,Li et al. (2025b),1987-02-01,33.7,350,tmax_c,21.60680423060938,0,0
25,episodes,1.0,1987-05-01,0.0,1500,0.0,2,25,>=,FIL,85738,OK,1986,Li et al. (2025b),1987-03-03,32.7,1500,tmax_c,21.60680423060938,0,0
25,days,1.0,1987-05-24,0.0,575,0.0,1,25,>,MAT,85738,OK,1986,Ortega Gómez et al. (2019),1987-05-02,10,575,precip_mm,21.60680423060938,0,0
25,episodes,1.0,1987-10-27,0.0,400,0.0,2,25,>=,EST,85738,OK,1987,Li et al. 2025a,1987-10-12,34,400,tmax_c,21.60680423060938,0,0
25,episodes,1.0,1988-01-31,0.0,1225,0.0,2,25,>=,VEG,85738,OK,1987,Li et al. 2025a,1987-12-14,34.6,1225,tmax_c,21.60680423060938,0,0
25,episodes,1.0,1988-03-02,0.0,425,0.0,2,25,>=,REP,85738,OK,1987,Li et al. (2025b),1988-02-15,33.7,425,tmax_c,21.60680423060938,0,0
25,episodes,1.0,1988-02-14,0.0,350,0.0,2,25,>=,FLO,85738,OK,1987,Li et al. (2025b),1988-02-01,33.7,350,tmax_c,21.60680423060938,0,0
25,episodes,1.0,1988-05-01,0.0,1500,0.0,2,25,>=,FIL,85738,OK,1987,Li et al. (2025b),1988-03-03,32.7,1500,tmax_c,21.60680423060938,0,0
25,days,1.0,1988-05-24,0.0,575,0.0,1,25,>,MAT,85738,OK,1987,Ortega Gómez et al. (2019),1988-05-02,10,575,precip_mm,21.60680423060938,0,0
25,episodes,1.0,1988-10-27,0.0,400,0.0,2,25,>=,EST,85738,OK,1988,Li et al. 2025a,1988-10-12,34,400,tmax_c,21.60680423060938,0,0
25,episodes,1.0,1989-01-31,0.0,1225,0.0,2,25,>=,VEG,85738,OK,1988,Li et al. 2025a,1988-12-14,34.6,1225,tmax_c,21.60680423060938,0,0
25,episodes,1.0,1989-03-02,0.0,400,0.0,2,25,>=,REP,85738,OK,1988,Li et al. (2025b),1989-02-15,33.7,400,tmax_c,21.60680423060938,0,0
25,episodes,1.0,1989-02-14,0.0,350,0.0,2,25,>=,FLO,85738,OK,1988,Li et al. (2025b),1989-02-01,33.7,350,tmax_c,21.60680423060938,0,0
25,episodes,1.0,1989-05-01,0.0,1500,0.0,2,25,>=,FIL,85738,OK,1988,Li et al. (2025b),1989-03-03,32.7,1500,tmax_c,21.60680423060938,0,0
25,days,1.0,1989-05-24,0.0,575,0.0,1,25,>,MAT,85738,OK,1988,Ortega Gómez et al. (2019),1989-05-02,10,575,precip_mm,21.60680423060938,0,0
25,episodes,1.0,1993-11-08,0.0,225,0.0,2,25,>=,EST,85980,OK,1993,Li et al. 2025a,1993-10-31,34,225,tmax_c,21.60680423060938,0,0
25,episodes,1.0,1994-01-04,0.36032432725274627,725,0.36032432725274627,2,25,>=,VEG,85980,OK,1993,Li et al. 2025a,1993-12-07,34.6,725,tmax_c,21.60680423060938,7.7854571984761165,7.7854571984761165
25,episodes,1.0,1994-01-21,0.1599995126112128,250,0.19991812621096827,2,25,>=,REP,85980,OK,1993,Li et al. (2025b),1994-01-12,33.7,250,tmax_c,21.60680423060938,4.319591815190649,3.4570781459833917
25,episodes,1.0,1994-01-11,0.6803656297507577,175,0.9204869783298115,2,25,>=,FLO,85980,OK,1993,Li et al. (2025b),1994-01-05,33.7,175,tmax_c,21.60680423060938,19.888781937597418,14.700526967259886
25,episodes,1.0,1994-02-25,0.11991836990536187,875,0.19991812621096827,2,25,>=,FIL,85980,OK,1993,Li et al. (2025b),1994-01-22,32.7,875,tmax_c,21.60680423060938,4.319591815190649,2.5910527421989533
25,days,1.0,1994-03-10,1.0,325,1.4001225670510962,1,25,>,MAT,85980,OK,1993,Ortega Gómez et al. (2019),1994-02-26,10,325,precip_mm,21.60680423060938,30.252174205131293,21.60680423060938
25,episodes,1.0,1994-11-08,0.0,225,0.0,2,25,>=,EST,85980,OK,1994,Li et al. 2025a,1994-10-31,34,225,tmax_c,21.60680423060938,0,0
25,episodes,1.0,1995-01-04,0.7602028569502685,725,1.6009738348123899,2,25,>=,VEG,85980,OK,1994,Li et al. 2025a,1994-12-07,34.6,725,tmax_c,21.60680423060938,34.59192822711927,16.4255543056744
25,episodes,1.0,1995-01-21,0.03991861359975546,250,0.03991861359975546,2,25,>=,REP,85980,OK,1994,Li et al. (2025b),1995-01-12,33.7,250,tmax_c,21.60680423060938,0.8625136692072574,0.8625136692072574
25,episodes,1.0,1995-01-11,0.0,175,0.0,2,25,>=,FLO,85980,OK,1994,Li et al. (2025b),1995-01-05,33.7,175,tmax_c,21.60680423060938,0,0
25,episodes,1.0,1995-02-25,0.0,875,0.0,2,25,>=,FIL,85980,OK,1994,Li et al. (2025b),1995-01-22,32.7,875,tmax_c,21.60680423060938,0,0
25,days,1.0,1995-03-10,0.0,325,0.0,1,25,>,MAT,85980,OK,1994,Ortega Gómez et al. (2019),1995-02-26,10,325,precip_mm,21.60680423060938,0,0
25,episodes,1.0,1995-11-08,0.0,225,0.0,2,25,>=,EST,85980,OK,1995,Li et al. 2025a,1995-10-31,34,225,tmax_c,21.60680423060938,0,0
25,episodes,1.0,1996-01-04,0.0,725,0.0,2,25,>=,VEG,85980,OK,1995,Li et al. 2025a,1995-12-07,34.6,725,tmax_c,21.60680423060938,0,0
25,episodes,1.0,1996-01-21,0.0,250,0.0,2,25,>=,REP,85980,OK,1995,Li et al. (2025b),1996-01-12,33.7,250,tmax_c,21.60680423060938,0,0
25,episodes,1.0,1996-01-11,0.0,175,0.0,2,25,>=,FLO,85980,OK,1995,Li et al. (2025b),1996-01-05,33.7,175,tmax_c,21.60680423060938,0,0
25,episodes,1.0,1996-02-25,0.11991836990536187,875,0.19991812621096827,2,25,>=,FIL,85980,OK,1995,Li et al. (2025b),1996-01-22,32.7,875,tmax_c,21.60680423060938,4.319591815190649,2.5910527421989533
25,days,1.0,1996-03-10,0.7595535932087548,350,0.7595535932087548,1,25,>,MAT,85980,OK,1995,Ortega Gómez et al. (2019),1996-02-26,10,350,precip_mm,21.60680423060938,16.41152579111748,16.41152579111748
25,episodes,1.0,1996-11-08,0.0,225,0.0,2,25,>=,EST,85980,OK,1996,Li et al. 2025a,1996-10-31,34,225,tmax_c,21.60680423060938,0,0
25,episodes,1.0,1997-01-04,0.0,725,0.0,2,25,>=,VEG,85980,OK,1996,Li et al. 2025a,1996-12-07,34.6,725,tmax_c,21.60680423060938,0,0
25,episodes,1.0,1997-01-21,0.0,250,0.0,2,25,>=,REP,85980,OK,1996,Li et al. (2025b),1997-01-12,33.7,250,tmax_c,21.60680423060938,0,0
25,episodes,1.0,1997-01-11,0.0,175,0.0,2,25,>=,FLO,85980,OK,1996,Li et al. (2025b),1997-01-05,33.7,175,tmax_c,21.60680423060938,0,0
25,episodes,1.0,1997-02-25,0.560365386056364,875,0.560365386056364,2,25,>=,FIL,85980,OK,1996,Li et al. (2025b),1997-01-22,32.7,875,tmax_c,21.60680423060938,12.107705194129705,12.107705194129705
25,days,1.0,1997-03-10,1.0,325,2.9599998781527677,1,25,>,MAT,85980,OK,1996,Ortega Gómez et al. (2019),1997-02-26,10,325,precip_mm,21.60680423060938,63.956137889874476,21.60680423060938
25,episodes,1.0,2013-11-08,0.0,225,0.0,2,25,>=,EST,85978,OK,2013,Li et al. 2025a,2013-10-31,34,225,tmax_c,21.60680423060938,0,0
25,episodes,1.0,2014-01-04,1.0,725,3.8801218359678415,2,25,>=,VEG,85978,OK,2013,Li et al. 2025a,2013-12-07,34.6,725,tmax_c,21.60680423060938,83.8370329006698,21.60680423060938
25,episodes,1.0,2014-01-21,1.0,250,1.0,2,25,>=,REP,85978,OK,2013,Li et al. (2025b),2014-01-12,33.7,250,tmax_c,21.60680423060938,21.60680423060938,21.60680423060938
25,episodes,1.0,2014-01-11,1.0,175,1.0,2,25,>=,FLO,85978,OK,2013,Li et al. (2025b),2014-01-05,33.7,175,tmax_c,21.60680423060938,21.60680423060938,21.60680423060938
25,episodes,1.0,2014-02-25,1.0,875,1.7605284025513217,2,25,>=,FIL,85978,OK,2013,Li et al. (2025b),2014-01-22,32.7,875,tmax_c,21.60680423060938,38.03939253635387,21.60680423060938
25,days,1.0,2014-03-10,0.23959331156936062,325,0.23959331156936062,1,25,>,MAT,85978,OK,2013,Ortega Gómez et al. (2019),2014-02-26,10,325,precip_mm,21.60680423060938,5.176845778042573,5.176845778042573
25,episodes,1.0,2014-11-08,1.0,225,1.0,2,25,>=,EST,85978,OK,2014,Li et al. 2025a,2014-10-31,34,225,tmax_c,21.60680423060938,21.60680423060938,21.60680423060938
25,episodes,1.0,2015-01-04,1.0,725,3.9999593067379355,2,25,>=,VEG,85978,OK,2014,Li et al. 2025a,2014-12-07,34.6,725,tmax_c,21.60680423060938,86.4263376710906,21.60680423060938
25,episodes,1.0,2015-01-21,1.0,250,1.0,2,25,>=,REP,85978,OK,2014,Li et al. (2025b),2015-01-12,33.7,250,tmax_c,21.60680423060938,21.60680423060938,21.60680423060938
25,episodes,1.0,2015-01-11,0.4798780421849247,175,0.4798780421849247,2,25,>=,FLO,85978,OK,2014,Li et al. (2025b),2015-01-05,33.7,175,tmax_c,21.60680423060938,10.368630912057778,10.368630912057778
25,episodes,1.0,2015-02-25,1.0,875,3.480486856482578,2,25,>=,FIL,85978,OK,2014,Li et al. (2025b),2015-01-22,32.7,875,tmax_c,21.60680423060938,75.20219813522812,21.60680423060938
25,days,1.0,2015-03-10,0.0,325,0.0,1,25,>,MAT,85978,OK,2014,Ortega Gómez et al. (2019),2015-02-26,10,325,precip_mm,21.60680423060938,0,0
25,episodes,1.0,2015-11-08,0.0,225,0.0,2,25,>=,EST,85978,OK,2015,Li et al. 2025a,2015-10-31,34,225,tmax_c,21.60680423060938,0,0
25,episodes,1.0,2016-01-04,1.0,725,2.2401626509533306,2,25,>=,VEG,85978,OK,2015,Li et al. 2025a,2015-12-07,34.6,725,tmax_c,21.60680423060938,48.402755843871546,21.60680423060938
25,episodes,1.0,2016-01-21,1.0,250,2.0,2,25,>=,REP,85978,OK,2015,Li et al. (2025b),2016-01-12,33.7,250,tmax_c,21.60680423060938,43.21360846121876,21.60680423060938
25,episodes,1.0,2016-01-11,0.0,175,0.0,2,25,>=,FLO,85978,OK,2015,Li et al. (2025b),2016-01-05,33.7,175,tmax_c,21.60680423060938,0,0
25,episodes,1.0,2016-02-25,1.0,875,3.2003652640853955,2,25,>=,FIL,85978,OK,2015,Li et al. (2025b),2016-01-22,32.7,875,tmax_c,21.60680423060938,69.14966572753563,21.60680423060938
25,days,1.0,2016-03-10,0.0,350,0.0,1,25,>,MAT,85978,OK,2015,Ortega Gómez et al. (2019),2016-02-26,10,350,precip_mm,21.60680423060938,0,0
25,episodes,1.0,2016-11-08,0.0,225,0.0,2,25,>=,EST,85978,OK,2016,Li et al. 2025a,2016-10-31,34,225,tmax_c,21.60680423060938,0,0
25,episodes,1.0,2017-01-04,1.0,725,2.0,2,25,>=,VEG,85978,OK,2016,Li et al. 2025a,2016-12-07,34.6,725,tmax_c,21.60680423060938,43.21360846121876,21.60680423060938
25,episodes,1.0,2017-01-21,1.0,250,1.0,2,25,>=,REP,85978,OK,2016,Li et al. (2025b),2017-01-12,33.7,250,tmax_c,21.60680423060938,21.60680423060938,21.60680423060938
25,episodes,1.0,2017-01-11,1.0,175,1.0,2,25,>=,FLO,85978,OK,2016,Li et al. (2025b),2017-01-05,33.7,175,tmax_c,21.60680423060938,21.60680423060938,21.60680423060938
25,episodes,1.0,2017-02-25,1.0,875,2.0,2,25,>=,FIL,85978,OK,2016,Li et al. (2025b),2017-01-22,32.7,875,tmax_c,21.60680423060938,43.21360846121876,21.60680423060938
25,days,1.0,2017-03-10,0.4794717192959129,325,0.4794717192959129,1,25,>,MAT,85978,OK,2016,Ortega Gómez et al. (2019),2017-02-26,10,325,precip_mm,21.60680423060938,10.359851572940485,10.359851572940485
25,episodes,1.0,2005-11-08,0.0,225,0.0,2,25,>=,EST,85980,OK,2005,Li et al. 2025a,2005-10-31,34,225,tmax_c,21.60680423060938,0,0
25,episodes,1.0,2006-01-04,0.7202842433505131,725,1.4406903225450571,2,25,>=,VEG,85980,OK,2005,Li et al. 2025a,2005-12-07,34.6,725,tmax_c,21.60680423060938,31.128713756164533,15.563040636467143
25,episodes,1.0,2006-01-21,0.03991861359975546,250,0.03991861359975546,2,25,>=,REP,85980,OK,2005,Li et al. (2025b),2006-01-12,33.7,250,tmax_c,21.60680423060938,0.8625136692072574,0.8625136692072574
25,episodes,1.0,2006-01-11,0.1601620417173083,175,0.1601620417173083,2,25,>=,FLO,85980,OK,2005,Li et al. (2025b),2006-01-05,33.7,175,tmax_c,21.60680423060938,3.460589880560573,3.460589880560573
25,episodes,1.0,2006-02-25,1.0,875,1.5200398402078397,2,25,>=,FIL,85980,OK,2005,Li et al. (2025b),2006-01-22,32.7,875,tmax_c,21.60680423060938,32.84320325009756,21.60680423060938
25,days,1.0,2006-03-10,0.47971624403834834,325,0.7594726939498998,1,25,>,MAT,85980,OK,2005,Ortega Gómez et al. (2019),2006-02-26,10,325,precip_mm,21.60680423060938,16.409777816669,10.365134971179828
25,episodes,1.0,2006-11-08,0.0,225,0.0,2,25,>=,EST,85980,OK,2006,Li et al. 2025a,2006-10-31,34,225,tmax_c,21.60680423060938,0,0
25,episodes,1.0,2007-01-04,0.0,725,0.0,2,25,>=,VEG,85980,OK,2006,Li et al. 2025a,2006-12-07,34.6,725,tmax_c,21.60680423060938,0,0
25,episodes,1.0,2007-01-21,0.9600405714148306,250,1.0398777986143417,2,25,>=,REP,85980,OK,2006,Li et al. (2025b),2007-01-12,33.7,250,tmax_c,21.60680423060938,22.468436018417126,20.74340868000261
25,episodes,1.0,2007-01-11,0.03991861359975546,175,0.03991861359975546,2,25,>=,FLO,85980,OK,2006,Li et al. (2025b),2007-01-05,33.7,175,tmax_c,21.60680423060938,0.8625136692072575,0.8625136692072575
25,episodes,1.0,2007-02-25,0.8800810209824272,875,1.8802027353506552,2,25,>=,FIL,85980,OK,2006,Li et al. (2025b),2007-01-22,32.7,875,tmax_c,21.60680423060938,40.62517241657787,19.015738327442133
25,days,1.0,2007-03-10,1.0,325,2.1995936771109883,1,25,>,MAT,85980,OK,2006,Ortega Gómez et al. (2019),2007-02-26,10,325,precip_mm,21.60680423060938,47.52618996822335,21.60680423060938
25,episodes,1.0,2007-11-08,0.0,225,0.0,2,25,>=,EST,85980,OK,2007,Li et al. 2025a,2007-10-31,34,225,tmax_c,21.60680423060938,0,0
25,episodes,1.0,2008-01-04,0.0,725,0.0,2,25,>=,VEG,85980,OK,2007,Li et al. 2025a,2007-12-07,34.6,725,tmax_c,21.60680423060938,0,0
25,episodes,1.0,2008-01-21,0.03991861359975546,250,0.03991861359975546,2,25,>=,REP,85980,OK,2007,Li et al. (2025b),2008-01-12,33.7,250,tmax_c,21.60680423060938,0.8625136692072575,0.8625136692072575
25,episodes,1.0,2008-01-11,0.0,175,0.0,2,25,>=,FLO,85980,OK,2007,Li et al. (2025b),2008-01-05,33.7,175,tmax_c,21.60680423060938,0,0
25,episodes,1.0,2008-02-25,0.07983722719951092,875,0.07983722719951092,2,25,>=,FIL,85980,OK,2007,Li et al. (2025b),2008-01-22,32.7,875,tmax_c,21.60680423060938,1.725027338414515,1.725027338414515
25,days,1.0,2008-03-10,1.0,350,1.0,1,25,>,MAT,85980,OK,2007,Ortega Gómez et al. (2019),2008-02-26,10,350,precip_mm,21.60680423060938,21.60680423060938,21.60680423060938
25,episodes,1.0,2008-11-08,0.0,225,0.0,2,25,>=,EST,85980,OK,2008,Li et al. 2025a,2008-10-31,34,225,tmax_c,21.60680423060938,0,0
25,episodes,1.0,2009-01-04,0.0,725,0.0,2,25,>=,VEG,85980,OK,2008,Li et al. 2025a,2008-12-07,34.6,725,tmax_c,21.60680423060938,0,0
25,episodes,1.0,2009-01-21,0.07983722719951092,250,0.07983722719951092,2,25,>=,REP,85980,OK,2008,Li et al. (2025b),2009-01-12,33.7,250,tmax_c,21.60680423060938,1.725027338414515,1.725027338414515
25,episodes,1.0,2009-01-11,0.03991861359975546,175,0.03991861359975546,2,25,>=,FLO,85980,OK,2008,Li et al. (2025b),2009-01-05,33.7,175,tmax_c,21.60680423060938,0.8625136692072575,0.8625136692072575
25,episodes,1.0,2009-02-25,1.0,875,1.2399591847669658,2,25,>=,FIL,85980,OK,2008,Li et al. (2025b),2009-01-22,32.7,875,tmax_c,21.60680423060938,26.791555359205834,21.60680423060938
25,days,1.0,2009-03-10,0.0,325,0.0,1,25,>,MAT,85980,OK,2008,Ortega Gómez et al. (2019),2009-02-26,10,325,precip_mm,21.60680423060938,0,0
25,episodes,1.0,2009-11-08,0.0,225,0.0,2,25,>=,EST,85981,OK,2009,Li et al. 2025a,2009-10-31,34,225,tmax_c,21.60680423060938,0,0
25,episodes,1.0,2010-01-04,0.8801218359678412,725,0.8801218359678412,2,25,>=,VEG,85981,OK,2009,Li et al. 2025a,2009-12-07,34.6,725,tmax_c,21.60680423060938,19.016620208841648,19.016620208841648
25,episodes,1.0,2010-01-21,0.0,250,0.0,2,25,>=,REP,85981,OK,2009,Li et al. (2025b),2010-01-12,33.7,250,tmax_c,21.60680423060938,0,0
25,episodes,1.0,2010-01-11,0.0,175,0.0,2,25,>=,FLO,85981,OK,2009,Li et al. (2025b),2010-01-05,33.7,175,tmax_c,21.60680423060938,0,0
25,episodes,1.0,2010-02-25,0.8401624073826719,875,0.8401624073826719,2,25,>=,FIL,85981,OK,2009,Li et al. (2025b),2010-01-22,32.7,875,tmax_c,21.60680423060938,18.153224658234876,18.153224658234876
25,days,1.0,2010-03-10,0.5204058356238864,325,0.7207710997092805,1,25,>,MAT,85981,OK,2009,Ortega Gómez et al. (2019),2010-02-26,10,325,precip_mm,21.60680423060938,15.573560046499459,11.244307010792
25,episodes,1.0,2010-11-08,0.0,225,0.0,2,25,>=,EST,85981,OK,2010,Li et al. 2025a,2010-10-31,34,225,tmax_c,21.60680423060938,0,0
25,episodes,1.0,2011-01-04,0.0,725,0.0,2,25,>=,VEG,85981,OK,2010,Li et al. 2025a,2010-12-07,34.6,725,tmax_c,21.60680423060938,0,0
25,episodes,1.0,2011-01-21,0.0,250,0.0,2,25,>=,REP,85981,OK,2010,Li et al. (2025b),2011-01-12,33.7,250,tmax_c,21.60680423060938,0,0
25,episodes,1.0,2011-01-11,0.0,175,0.0,2,25,>=,FLO,85981,OK,2010,Li et al. (2025b),2011-01-05,33.7,175,tmax_c,21.60680423060938,0,0
25,episodes,1.0,2011-02-25,1.0,875,1.8400811427058514,2,25,>=,FIL,85981,OK,2010,Li et al. (2025b),2011-01-22,32.7,875,tmax_c,21.60680423060938,39.75827301888133,21.60680423060938
25,days,1.0,2011-03-10,0.7998377144645621,325,1.1197978741330605,1,25,>,MAT,85981,OK,2010,Ortega Gómez et al. (2019),2011-02-26,10,325,precip_mm,21.60680423060938,24.195253444245605,17.281936912693837
25,episodes,1.0,2011-11-08,0.0,225,0.0,2,25,>=,EST,85981,OK,2011,Li et al. 2025a,2011-10-31,34,225,tmax_c,21.60680423060938,0,0
25,episodes,1.0,2012-01-04,0.0,725,0.0,2,25,>=,VEG,85981,OK,2011,Li et al. 2025a,2011-12-07,34.6,725,tmax_c,21.60680423060938,0,0
25,episodes,1.0,2012-01-21,0.0,250,0.0,2,25,>=,REP,85981,OK,2011,Li et al. (2025b),2012-01-12,33.7,250,tmax_c,21.60680423060938,0,0
25,episodes,1.0,2012-01-11,0.0,175,0.0,2,25,>=,FLO,85981,OK,2011,Li et al. (2025b),2012-01-05,33.7,175,tmax_c,21.60680423060938,0,0
25,episodes,1.0,2012-02-25,0.0,875,0.0,2,25,>=,FIL,85981,OK,2011,Li et al. (2025b),2012-01-22,32.7,875,tmax_c,21.60680423060938,0,0
25,days,1.0,2012-03-10,1.0,350,1.0,1,25,>,MAT,85981,OK,2011,Ortega Gómez et al. (2019),2012-02-26,10,350,precip_mm,21.60680423060938,21.60680423060938,21.60680423060938
25,episodes,1.0,2012-11-08,0.0,225,0.0,2,25,>=,EST,85981,OK,2012,Li et al. 2025a,2012-10-31,34,225,tmax_c,21.60680423060938,0,0
25,episodes,1.0,2013-01-04,0.04008114270585094,725,0.04008114270585094,2,25,>=,VEG,85981,OK,2012,Li et al. 2025a,2012-12-07,34.6,725,tmax_c,21.60680423060938,0.8660254037844385,0.8660254037844385
25,episodes,1.0,2013-01-21,1.0,250,1.5602431845468212,2,25,>=,REP,85981,OK,2012,Li et al. (2025b),2013-01-12,33.7,250,tmax_c,21.60680423060938,33.71186904064571,21.60680423060938
25,episodes,1.0,2013-01-11,0.8801218359678412,175,0.8801218359678412,2,25,>=,FLO,85981,OK,2012,Li et al. (2025b),2013-01-05,33.7,175,tmax_c,21.60680423060938,19.016620208841648,19.016620208841648
25,episodes,1.0,2013-02-25,0.0,875,0.0,2,25,>=,FIL,85981,OK,2012,Li et al. (2025b),2013-01-22,32.7,875,tmax_c,21.60680423060938,0,0
25,days,1.0,2013-03-10,1.0,325,2.679715513078831,1,25,>,MAT,85981,OK,2012,Ortega Gómez et al. (2019),2013-02-26,10,325,precip_mm,21.60680423060938,57.90008848482127,21.60680423060938
25,episodes,1.0,1981-11-08,0.0,225,0.0,2,25,>=,EST,85978,OK,1981,Li et al. 2025a,1981-10-31,34,225,tmax_c,21.60680423060938,0,0
25,episodes,1.0,1982-01-04,1.0,725,3.0000000000000018,2,25,>=,VEG,85978,OK,1981,Li et al. 2025a,1981-12-07,34.6,725,tmax_c,21.60680423060938,64.82041269182818,21.60680423060938
25,episodes,1.0,1982-01-21,1.0,250,1.0,2,25,>=,REP,85978,OK,1981,Li et al. (2025b),1982-01-12,33.7,250,tmax_c,21.60680423060938,21.60680423060938,21.60680423060938
25,episodes,1.0,1982-01-11,1.0,175,1.0,2,25,>=,FLO,85978,OK,1981,Li et al. (2025b),1982-01-05,33.7,175,tmax_c,21.60680423060938,21.60680423060938,21.60680423060938
25,episodes,1.0,1982-02-25,1.0,875,4.0,2,25,>=,FIL,85978,OK,1981,Li et al. (2025b),1982-01-22,32.7,875,tmax_c,21.60680423060938,86.42721692243752,21.60680423060938
25,days,1.0,1982-03-10,1.0,325,4.0,1,25,>,MAT,85978,OK,1981,Ortega Gómez et al. (2019),1982-02-26,10,325,precip_mm,21.60680423060938,86.42721692243752,21.60680423060938
25,episodes,1.0,1982-11-08,0.8798780421849248,225,0.8798780421849248,2,25,>=,EST,85978,OK,1982,Li et al. 2025a,1982-10-31,34,225,tmax_c,21.60680423060938,19.011352604301532,19.011352604301532
25,episodes,1.0,1983-01-04,1.0,725,2.4406093016864405,2,25,>=,VEG,85978,OK,1982,Li et al. 2025a,1982-12-07,34.6,725,tmax_c,21.60680423060938,52.733767384943185,21.60680423060938
25,episodes,1.0,1983-01-21,0.0,250,0.0,2,25,>=,REP,85978,OK,1982,Li et al. (2025b),1983-01-12,33.7,250,tmax_c,21.60680423060938,0,0
25,episodes,1.0,1983-01-11,1.0,175,1.1995930679987772,2,25,>=,FLO,85978,OK,1982,Li et al. (2025b),1983-01-05,33.7,175,tmax_c,21.60680423060938,25.919372576645664,21.60680423060938
25,episodes,1.0,1983-02-25,1.0,875,2.600000000000001,2,25,>=,FIL,85978,OK,1982,Li et al. (2025b),1983-01-22,32.7,875,tmax_c,21.60680423060938,56.177690999584414,21.60680423060938
25,days,1.0,1983-03-10,0.0,325,0.0,1,25,>,MAT,85978,OK,1982,Ortega Gómez et al. (2019),1983-02-26,10,325,precip_mm,21.60680423060938,0,0
25,episodes,1.0,1983-11-08,0.0,225,0.0,2,25,>=,EST,85978,OK,1983,Li et al. 2025a,1983-10-31,34,225,tmax_c,21.60680423060938,0,0
25,episodes,1.0,1984-01-04,1.0,725,1.0,2,25,>=,VEG,85978,OK,1983,Li et al. 2025a,1983-12-07,34.6,725,tmax_c,21.60680423060938,21.60680423060938,21.60680423060938
25,episodes,1.0,1984-01-21,0.0,250,0.0,2,25,>=,REP,85978,OK,1983,Li et al. (2025b),1984-01-12,33.7,250,tmax_c,21.60680423060938,0,0
25,episodes,1.0,1984-01-11,0.0,175,0.0,2,25,>=,FLO,85978,OK,1983,Li et al. (2025b),1984-01-05,33.7,175,tmax_c,21.60680423060938,0,0
25,episodes,1.0,1984-02-25,0.48016228541170186,875,0.8004467723328724,2,25,>=,FIL,85978,OK,1983,Li et al. (2025b),1984-01-22,32.7,875,tmax_c,21.60680423060938,17.295096706819532,10.374772499812629
25,days,1.0,1984-03-10,0.0,350,0.0,1,25,>,MAT,85978,OK,1983,Ortega Gómez et al. (2019),1984-02-26,10,350,precip_mm,21.60680423060938,0,0
25,episodes,1.0,1984-11-08,0.0,225,0.0,2,25,>=,EST,85978,OK,1984,Li et al. 2025a,1984-10-31,34,225,tmax_c,21.60680423060938,0,0
25,episodes,1.0,1985-01-04,1.0,725,2.0,2,25,>=,VEG,85978,OK,1984,Li et al. 2025a,1984-12-07,34.6,725,tmax_c,21.60680423060938,43.21360846121876,21.60680423060938
25,episodes,1.0,1985-01-21,1.0,250,1.0,2,25,>=,REP,85978,OK,1984,Li et al. (2025b),1985-01-12,33.7,250,tmax_c,21.60680423060938,21.60680423060938,21.60680423060938
25,episodes,1.0,1985-01-11,1.0,175,1.0,2,25,>=,FLO,85978,OK,1984,Li et al. (2025b),1985-01-05,33.7,175,tmax_c,21.60680423060938,21.60680423060938,21.60680423060938
25,episodes,1.0,1985-02-25,1.0,875,4.0,2,25,>=,FIL,85978,OK,1984,Li et al. (2025b),1985-01-22,32.7,875,tmax_c,21.60680423060938,86.42721692243752,21.60680423060938
25,days,1.0,1985-03-10,1.0,325,1.240081142705851,1,25,>,MAT,85978,OK,1984,Ortega Gómez et al. (2019),1985-02-26,10,325,precip_mm,21.60680423060938,26.794190480515695,21.60680423060938
25,episodes,1.0,1985-11-08,0.0,225,0.0,2,25,>=,EST,85980,OK,1985,Li et al. 2025a,1985-10-31,34,225,tmax_c,21.60680423060938,0,0
25,episodes,1.0,1986-01-04,0.36032432725274627,725,0.36032432725274627,2,25,>=,VEG,85980,OK,1985,Li et al. 2025a,1985-12-07,34.6,725,tmax_c,21.60680423060938,7.7854571984761165,7.7854571984761165
25,episodes,1.0,1986-01-21,0.44032444909990587,250,0.44032444909990587,2,25,>=,REP,85980,OK,1985,Li et al. (2025b),1986-01-12,33.7,250,tmax_c,21.60680423060938,9.51400416965259,9.51400416965259
25,episodes,1.0,1986-01-11,0.0,175,0.0,2,25,>=,FLO,85980,OK,1985,Li et al. (2025b),1986-01-05,33.7,175,tmax_c,21.60680423060938,0,0
25,episodes,1.0,1986-02-25,0.9201219578150752,875,1.6804460414971643,2,25,>=,FIL,85980,OK,1985,Li et al. (2025b),1986-01-22,32.7,875,tmax_c,21.60680423060938,36.309068638731716,19.880895010795353
25,days,1.0,1986-03-10,0.0,325,0.0,1,25,>,MAT,85980,OK,1985,Ortega Gómez et al. (2019),1986-02-26,10,325,precip_mm,21.60680423060938,0,0
25,episodes,1.0,1986-11-08,0.0,225,0.0,2,25,>=,EST,85980,OK,1986,Li et al. 2025a,1986-10-31,34,225,tmax_c,21.60680423060938,0,0
25,episodes,1.0,1987-01-04,0.4403651423619704,725,0.4403651423619704,2,25,>=,VEG,85980,OK,1986,Li et al. 2025a,1986-12-07,34.6,725,tmax_c,21.60680423060938,9.514883420999524,9.514883420999524
25,episodes,1.0,1987-01-21,0.9600405714148306,250,0.9600405714148306,2,25,>=,REP,85980,OK,1986,Li et al. (2025b),1987-01-12,33.7,250,tmax_c,21.60680423060938,20.74340868000261,20.74340868000261
25,episodes,1.0,1987-01-11,0.0,175,0.0,2,25,>=,FLO,85980,OK,1986,Li et al. (2025b),1987-01-05,33.7,175,tmax_c,21.60680423060938,0,0
25,episodes,1.0,1987-02-25,0.5203652642091302,875,0.9202833904200984,2,25,>=,FIL,85980,OK,1986,Li et al. (2025b),1987-01-22,32.7,875,tmax_c,21.60680423060938,19.884383053488527,11.243430392176002
25,days,1.0,1987-03-10,1.0,325,2.5999597941267982,1,25,>,MAT,85980,OK,1986,Ortega Gómez et al. (2019),1987-02-26,10,325,precip_mm,21.60680423060938,56.1768222791532,21.60680423060938
25,episodes,1.0,1987-11-08,0.0,225,0.0,2,25,>=,EST,85980,OK,1987,Li et al. 2025a,1987-10-31,34,225,tmax_c,21.60680423060938,0,0
25,episodes,1.0,1988-01-04,0.5203652642091302,725,0.5602838778088856,2,25,>=,VEG,85980,OK,1987,Li et al. 2025a,1987-12-07,34.6,725,tmax_c,21.60680423060938,12.105944061383259,11.243430392176002
25,episodes,1.0,1988-01-21,0.7202842433505131,250,0.7202842433505131,2,25,>=,REP,85980,OK,1987,Li et al. (2025b),1988-01-12,33.7,250,tmax_c,21.60680423060938,15.563040636467143,15.563040636467143
25,episodes,1.0,1988-01-11,0.8801625292299058,175,0.8801625292299058,2,25,>=,FLO,85980,OK,1987,Li et al. (2025b),1988-01-05,33.7,175,tmax_c,21.60680423060938,19.01749946018858,19.01749946018858
25,episodes,1.0,1988-02-25,0.07983722719951092,875,0.11975584079926639,2,25,>=,FIL,85980,OK,1987,Li et al. (2025b),1988-01-22,32.7,875,tmax_c,21.60680423060938,2.5875410076217724,1.725027338414515
25,days,1.0,1988-03-10,0.0,350,0.0,1,25,>,MAT,85980,OK,1987,Ortega Gómez et al. (2019),1988-02-26,10,350,precip_mm,21.60680423060938,0,0
25,episodes,1.0,1988-11-08,0.11991836990536187,225,0.11991836990536187,2,25,>=,EST,85980,OK,1988,Li et al. 2025a,1988-10-31,34,225,tmax_c,21.60680423060938,2.5910527421989533,2.5910527421989533
25,episodes,1.0,1989-01-04,0.03991861359975546,725,0.03991861359975546,2,25,>=,VEG,85980,OK,1988,Li et al. 2025a,1988-12-07,34.6,725,tmax_c,21.60680423060938,0.8625136692072574,0.8625136692072574
25,episodes,1.0,1989-01-21,0.0,250,0.0,2,25,>=,REP,85980,OK,1988,Li et al. (2025b),1989-01-12,33.7,250,tmax_c,21.60680423060938,0,0
25,episodes,1.0,1989-01-11,0.0,175,0.0,2,25,>=,FLO,85980,OK,1988,Li et al. (2025b),1989-01-05,33.7,175,tmax_c,21.60680423060938,0,0
25,episodes,1.0,1989-02-25,0.12008089901145734,875,0.20008065531706373,2,25,>=,FIL,85980,OK,1988,Li et al. (2025b),1989-01-22,32.7,875,tmax_c,21.60680423060938,4.32310354976783,2.594564476776134
25,days,1.0,1989-03-10,0.0,325,0.0,1,25,>,MAT,85980,OK,1988,Ortega Gómez et al. (2019),1989-02-26,10,325,precip_mm,21.60680423060938,0,0
25,episodes,1.0,1981-11-08,0.0,225,0.0,2,25,>=,EST,85981,OK,1981,Li et al. 2025a,1981-10-31,34,225,tmax_c,21.60680423060938,0,0
25,episodes,1.0,1982-01-04,0.0,725,0.0,2,25,>=,VEG,85981,OK,1981,Li et al. 2025a,1981-12-07,34.6,725,tmax_c,21.60680423060938,0,0
25,episodes,1.0,1982-01-21,0.0,250,0.0,2,25,>=,REP,85981,OK,1981,Li et al. (2025b),1982-01-12,33.7,250,tmax_c,21.60680423060938,0,0
25,episodes,1.0,1982-01-11,0.16028412137954312,175,0.16028412137954312,2,25,>=,FLO,85981,OK,1981,Li et al. (2025b),1982-01-05,33.7,175,tmax_c,21.60680423060938,3.46322763192302,3.46322763192302
25,episodes,1.0,1982-02-25,0.9201219578150752,875,1.360243306394129,2,25,>=,FIL,85981,OK,1981,Li et al. (2025b),1982-01-22,32.7,875,tmax_c,21.60680423060938,29.39051082725476,19.880895010795353
25,days,1.0,1982-03-10,1.0,325,5.1201219578150745,1,25,>,MAT,85981,OK,1981,Ortega Gómez et al. (2019),1982-02-26,10,325,precip_mm,21.60680423060938,110.62947277935474,21.60680423060938
25,episodes,1.0,1982-11-08,0.0,225,0.0,2,25,>=,EST,85981,OK,1982,Li et al. 2025a,1982-10-31,34,225,tmax_c,21.60680423060938,0,0
25,episodes,1.0,1983-01-04,0.03991861359975546,725,0.03991861359975546,2,25,>=,VEG,85981,OK,1982,Li et al. 2025a,1982-12-07,34.6,725,tmax_c,21.60680423060938,0.8625136692072575,0.8625136692072575
25,episodes,1.0,1983-01-21,0.0,250,0.0,2,25,>=,REP,85981,OK,1982,Li et al. (2025b),1983-01-12,33.7,250,tmax_c,21.60680423060938,0,0
25,episodes,1.0,1983-01-11,0.0,175,0.0,2,25,>=,FLO,85981,OK,1982,Li et al. (2025b),1983-01-05,33.7,175,tmax_c,21.60680423060938,0,0
25,episodes,1.0,1983-02-25,1.0,875,2.7203242054055132,2,25,>=,FIL,85981,OK,1982,Li et al. (2025b),1983-01-22,32.7,875,tmax_c,21.60680423060938,58.77751254998495,21.60680423060938
25,days,1.0,1983-03-10,0.0,325,0.0,1,25,>,MAT,85981,OK,1982,Ortega Gómez et al. (2019),1983-02-26,10,325,precip_mm,21.60680423060938,0,0
25,episodes,1.0,1983-11-08,0.0,225,0.0,2,25,>=,EST,85981,OK,1983,Li et al. 2025a,1983-10-31,34,225,tmax_c,21.60680423060938,0,0
25,episodes,1.0,1984-01-04,0.0,725,0.0,2,25,>=,VEG,85981,OK,1983,Li et al. 2025a,1983-12-07,34.6,725,tmax_c,21.60680423060938,0,0
25,episodes,1.0,1984-01-21,0.0,250,0.0,2,25,>=,REP,85981,OK,1983,Li et al. (2025b),1984-01-12,33.7,250,tmax_c,21.60680423060938,0,0
25,episodes,1.0,1984-01-11,0.0,175,0.0,2,25,>=,FLO,85981,OK,1983,Li et al. (2025b),1984-01-05,33.7,175,tmax_c,21.60680423060938,0,0
25,episodes,1.0,1984-02-25,0.0,875,0.0,2,25,>=,FIL,85981,OK,1983,Li et al. (2025b),1984-01-22,32.7,875,tmax_c,21.60680423060938,0,0
25,days,1.0,1984-03-10,0.0,350,0.0,1,25,>,MAT,85981,OK,1983,Ortega Gómez et al. (2019),1984-02-26,10,350,precip_mm,21.60680423060938,0,0
25,episodes,1.0,1984-11-08,0.0,225,0.0,2,25,>=,EST,85981,OK,1984,Li et al. 2025a,1984-10-31,34,225,tmax_c,21.60680423060938,0,0
25,episodes,1.0,1985-01-04,0.0,725,0.0,2,25,>=,VEG,85981,OK,1984,Li et al. 2025a,1984-12-07,34.6,725,tmax_c,21.60680423060938,0,0
25,episodes,1.0,1985-01-21,0.840081142705851,250,0.840081142705851,2,25,>=,REP,85981,OK,1984,Li et al. (2025b),1985-01-12,33.7,250,tmax_c,21.60680423060938,18.151468788271945,18.151468788271945
25,episodes,1.0,1985-01-11,0.1599995126112128,175,0.1599995126112128,2,25,>=,FLO,85981,OK,1984,Li et al. (2025b),1985-01-05,33.7,175,tmax_c,21.60680423060938,3.4570781459833917,3.4570781459833917
25,episodes,1.0,1985-02-25,0.7200404495675966,875,1.4000807772879593,2,25,>=,FIL,85981,OK,1984,Li et al. (2025b),1985-01-22,32.7,875,tmax_c,21.60680423060938,30.25127126190035,15.557773031927027
25,days,1.0,1985-03-10,0.19971539123166968,325,0.23963400483142513,1,25,>,MAT,85981,OK,1984,Ortega Gómez et al. (2019),1985-02-26,10,325,precip_mm,21.60680423060938,5.177725029389506,4.315211360182248
25,episodes,1.0,1993-10-27,0.0,400,0.0,2,25,>=,EST,85738,OK,1993,Li et al. 2025a,1993-10-12,34,400,tmax_c,21.60680423060938,0,0
25,episodes,1.0,1994-01-31,0.0,1225,0.0,2,25,>=,VEG,85738,OK,1993,Li et al. 2025a,1993-12-14,34.6,1225,tmax_c,21.60680423060938,0,0
25,episodes,1.0,1994-03-02,0.0,400,0.0,2,25,>=,REP,85738,OK,1993,Li et al. (2025b),1994-02-15,33.7,400,tmax_c,21.60680423060938,0,0
25,episodes,1.0,1994-02-14,0.0,350,0.0,2,25,>=,FLO,85738,OK,1993,Li et al. (2025b),1994-02-01,33.7,350,tmax_c,21.60680423060938,0,0
25,episodes,1.0,1994-05-01,0.0,1500,0.0,2,25,>=,FIL,85738,OK,1993,Li et al. (2025b),1994-03-03,32.7,1500,tmax_c,21.60680423060938,0,0
25,days,1.0,1994-05-24,0.0,575,0.0,1,25,>,MAT,85738,OK,1993,Ortega Gómez et al. (2019),1994-05-02,10,575,precip_mm,21.60680423060938,0,0
25,episodes,1.0,1994-10-27,0.0,400,0.0,2,25,>=,EST,85738,OK,1994,Li et al. 2025a,1994-10-12,34,400,tmax_c,21.60680423060938,0,0
25,episodes,1.0,1995-01-31,0.0,1225,0.0,2,25,>=,VEG,85738,OK,1994,Li et al. 2025a,1994-12-14,34.6,1225,tmax_c,21.60680423060938,0,0
25,episodes,1.0,1995-03-02,0.0,400,0.0,2,25,>=,REP,85738,OK,1994,Li et al. (2025b),1995-02-15,33.7,400,tmax_c,21.60680423060938,0,0
25,episodes,1.0,1995-02-14,0.0,350,0.0,2,25,>=,FLO,85738,OK,1994,Li et al. (2025b),1995-02-01,33.7,350,tmax_c,21.60680423060938,0,0
25,episodes,1.0,1995-05-01,0.0,1500,0.0,2,25,>=,FIL,85738,OK,1994,Li et al. (2025b),1995-03-03,32.7,1500,tmax_c,21.60680423060938,0,0
25,days,1.0,1995-05-24,0.04000012184723392,575,0.04000012184723392,1,25,>,MAT,85738,OK,1994,Ortega Gómez et al. (2019),1995-05-02,10,575,precip_mm,21.60680423060938,0.8642748019537047,0.8642748019537047
25,episodes,1.0,1995-10-27,0.0,400,0.0,2,25,>=,EST,85738,OK,1995,Li et al. 2025a,1995-10-12,34,400,tmax_c,21.60680423060938,0,0
25,episodes,1.0,1996-01-31,0.0,1225,0.0,2,25,>=,VEG,85738,OK,1995,Li et al. 2025a,1995-12-14,34.6,1225,tmax_c,21.60680423060938,0,0
25,episodes,1.0,1996-03-02,0.0,425,0.0,2,25,>=,REP,85738,OK,1995,Li et al. (2025b),1996-02-15,33.7,425,tmax_c,21.60680423060938,0,0
25,episodes,1.0,1996-02-14,0.0,350,0.0,2,25,>=,FLO,85738,OK,1995,Li et al. (2025b),1996-02-01,33.7,350,tmax_c,21.60680423060938,0,0
25,episodes,1.0,1996-05-01,0.0,1500,0.0,2,25,>=,FIL,85738,OK,1995,Li et al. (2025b),1996-03-03,32.7,1500,tmax_c,21.60680423060938,0,0
25,days,1.0,1996-05-24,0.0,575,0.0,1,25,>,MAT,85738,OK,1995,Ortega Gómez et al. (2019),1996-05-02,10,575,precip_mm,21.60680423060938,0,0
25,episodes,1.0,1996-10-27,0.0,400,0.0,2,25,>=,EST,85738,OK,1996,Li et al. 2025a,1996-10-12,34,400,tmax_c,21.60680423060938,0,0
25,episodes,1.0,1997-01-31,0.0,1225,0.0,2,25,>=,VEG,85738,OK,1996,Li et al. 2025a,1996-12-14,34.6,1225,tmax_c,21.60680423060938,0,0
25,episodes,1.0,1997-03-02,0.0,400,0.0,2,25,>=,REP,85738,OK,1996,Li et al. (2025b),1997-02-15,33.7,400,tmax_c,21.60680423060938,0,0
25,episodes,1.0,1997-02-14,0.0,350,0.0,2,25,>=,FLO,85738,OK,1996,Li et al. (2025b),1997-02-01,33.7,350,tmax_c,21.60680423060938,0,0
25,episodes,1.0,1997-05-01,0.0,1500,0.0,2,25,>=,FIL,85738,OK,1996,Li et al. (2025b),1997-03-03,32.7,1500,tmax_c,21.60680423060938,0,0
25,days,1.0,1997-05-24,0.08016228541170188,575,0.08016228541170188,1,25,>,MAT,85738,OK,1996,Ortega Gómez et al. (2019),1997-05-02,10,575,precip_mm,21.60680423060938,1.732050807568877,1.732050807568877
25,episodes,1.0,1981-11-08,0.0,225,0.0,2,25,>=,EST,85980,OK,1981,Li et al. 2025a,1981-10-31,34,225,tmax_c,21.60680423060938,0,0
25,episodes,1.0,1982-01-04,0.36032432725274627,725,0.5602424534637146,2,25,>=,VEG,85980,OK,1981,Li et al. 2025a,1981-12-07,34.6,725,tmax_c,21.60680423060938,12.105049013666767,7.7854571984761165
25,episodes,1.0,1982-01-21,0.36020261313206464,250,0.36020261313206464,2,25,>=,REP,85980,OK,1981,Li et al. (2025b),1982-01-12,33.7,250,tmax_c,21.60680423060938,7.782827345298449,7.782827345298449
25,episodes,1.0,1982-01-11,0.5203652642091301,175,0.6404461632205874,2,25,>=,FLO,85980,OK,1981,Li et al. (2025b),1982-01-05,33.7,175,tmax_c,21.60680423060938,13.837994868952135,11.243430392176
25,episodes,1.0,1982-02-25,0.6803656297507577,875,1.1604055919295673,2,25,>=,FIL,85980,OK,1981,Li et al. (2025b),1982-01-22,32.7,875,tmax_c,21.60680423060938,25.07265645292656,14.700526967259886
25,days,1.0,1982-03-10,1.0,325,5.440406932125108,1,25,>,MAT,85980,OK,1981,Ortega Gómez et al. (2019),1982-02-26,10,325,precip_mm,21.60680423060938,117.54980751727739,21.60680423060938
25,episodes,1.0,1982-11-08,0.0,225,0.0,2,25,>=,EST,85980,OK,1982,Li et al. 2025a,1982-10-31,34,225,tmax_c,21.60680423060938,0,0
25,episodes,1.0,1983-01-04,0.5604059574711204,725,0.5604059574711204,2,25,>=,VEG,85980,OK,1982,Li et al. 2025a,1982-12-07,34.6,725,tmax_c,21.60680423060938,12.108581812745705,12.108581812745705
25,episodes,1.0,1983-01-21,0.0,250,0.0,2,25,>=,REP,85980,OK,1982,Li et al. (2025b),1983-01-12,33.7,250,tmax_c,21.60680423060938,0,0
25,episodes,1.0,1983-01-11,0.11991836990536187,175,0.11991836990536187,2,25,>=,FLO,85980,OK,1982,Li et al. (2025b),1983-01-05,33.7,175,tmax_c,21.60680423060938,2.5910527421989533,2.5910527421989533
25,episodes,1.0,1983-02-25,1.0,875,3.040934116327975,2,25,>=,FIL,85980,OK,1982,Li et al. (2025b),1983-01-22,32.7,875,tmax_c,21.60680423060938,65.70486812967968,21.60680423060938
25,days,1.0,1983-03-10,0.0,325,0.0,1,25,>,MAT,85980,OK,1982,Ortega Gómez et al. (2019),1983-02-26,10,325,precip_mm,21.60680423060938,0,0
25,episodes,1.0,1983-11-08,0.0,225,0.0,2,25,>=,EST,85980,OK,1983,Li et al. 2025a,1983-10-31,34,225,tmax_c,21.60680423060938,0,0
25,episodes,1.0,1984-01-04,0.07983722719951092,725,0.07983722719951092,2,25,>=,VEG,85980,OK,1983,Li et al. 2025a,1983-12-07,34.6,725,tmax_c,21.60680423060938,1.7250273384145147,1.7250273384145147
25,episodes,1.0,1984-01-21,0.0,250,0.0,2,25,>=,REP,85980,OK,1983,Li et al. (2025b),1984-01-12,33.7,250,tmax_c,21.60680423060938,0,0
25,episodes,1.0,1984-01-11,0.0,175,0.0,2,25,>=,FLO,85980,OK,1983,Li et al. (2025b),1984-01-05,33.7,175,tmax_c,21.60680423060938,0,0
25,episodes,1.0,1984-02-25,0.0,875,0.0,2,25,>=,FIL,85980,OK,1983,Li et al. (2025b),1984-01-22,32.7,875,tmax_c,21.60680423060938,0,0
25,days,1.0,1984-03-10,0.0,350,0.0,1,25,>,MAT,85980,OK,1983,Ortega Gómez et al. (2019),1984-02-26,10,350,precip_mm,21.60680423060938,0,0
25,episodes,1.0,1984-11-08,0.0,225,0.0,2,25,>=,EST,85980,OK,1984,Li et al. 2025a,1984-10-31,34,225,tmax_c,21.60680423060938,0,0
25,episodes,1.0,1985-01-04,0.03991861359975546,725,0.03991861359975546,2,25,>=,VEG,85980,OK,1984,Li et al. 2025a,1984-12-07,34.6,725,tmax_c,21.60680423060938,0.8625136692072575,0.8625136692072575
25,episodes,1.0,1985-01-21,0.7602028569502685,250,0.7602028569502685,2,25,>=,REP,85980,OK,1984,Li et al. (2025b),1985-01-12,33.7,250,tmax_c,21.60680423060938,16.4255543056744,16.4255543056744
25,episodes,1.0,1985-01-11,0.40036502051473655,175,0.40036502051473655,2,25,>=,FLO,85980,OK,1984,Li et al. (2025b),1985-01-05,33.7,175,tmax_c,21.60680423060938,8.650608619045821,8.650608619045821
25,episodes,1.0,1985-02-25,0.7603658734452255,875,1.7206497512541112,2,25,>=,FIL,85980,OK,1984,Li et al. (2025b),1985-01-22,32.7,875,tmax_c,21.60680423060938,37.17774232479431,16.429076571167297
25,days,1.0,1985-03-10,0.3195528620017639,325,0.4793089463716137,1,25,>,MAT,85980,OK,1984,Ortega Gómez et al. (2019),1985-02-26,10,325,precip_mm,21.60680423060938,10.356334570231107,6.9045161306030485
25,episodes,1.0,1997-10-27,0.0,400,0.0,2,25,>=,EST,85738,OK,1997,Li et al. 2025a,1997-10-12,34,400,tmax_c,21.60680423060938,0,0
25,episodes,1.0,1998-01-31,0.0,1225,0.0,2,25,>=,VEG,85738,OK,1997,Li et al. 2025a,1997-12-14,34.6,1225,tmax_c,21.60680423060938,0,0
25,episodes,1.0,1998-03-02,0.0,400,0.0,2,25,>=,REP,85738,OK,1997,Li et al. (2025b),1998-02-15,33.7,400,tmax_c,21.60680423060938,0,0
25,episodes,1.0,1998-02-14,0.0,350,0.0,2,25,>=,FLO,85738,OK,1997,Li et al. (2025b),1998-02-01,33.7,350,tmax_c,21.60680423060938,0,0
25,episodes,1.0,1998-05-01,0.0,1500,0.0,2,25,>=,FIL,85738,OK,1997,Li et al. (2025b),1998-03-03,32.7,1500,tmax_c,21.60680423060938,0,0
25,days,1.0,1998-05-24,0.0,575,0.0,1,25,>,MAT,85738,OK,1997,Ortega Gómez et al. (2019),1998-05-02,10,575,precip_mm,21.60680423060938,0,0
25,episodes,1.0,1998-10-27,0.0,400,0.0,2,25,>=,EST,85738,OK,1998,Li et al. 2025a,1998-10-12,34,400,tmax_c,21.60680423060938,0,0
25,episodes,1.0,1999-01-31,0.0,1225,0.0,2,25,>=,VEG,85738,OK,1998,Li et al. 2025a,1998-12-14,34.6,1225,tmax_c,21.60680423060938,0,0
25,episodes,1.0,1999-03-02,0.0,400,0.0,2,25,>=,REP,85738,OK,1998,Li et al. (2025b),1999-02-15,33.7,400,tmax_c,21.60680423060938,0,0
25,episodes,1.0,1999-02-14,0.0,350,0.0,2,25,>=,FLO,85738,OK,1998,Li et al. (2025b),1999-02-01,33.7,350,tmax_c,21.60680423060938,0,0
25,episodes,1.0,1999-05-01,0.0,1500,0.0,2,25,>=,FIL,85738,OK,1998,Li et al. (2025b),1999-03-03,32.7,1500,tmax_c,21.60680423060938,0,0
25,days,1.0,1999-05-24,0.0,575,0.0,1,25,>,MAT,85738,OK,1998,Ortega Gómez et al. (2019),1999-05-02,10,575,precip_mm,21.60680423060938,0,0
25,episodes,1.0,1999-10-27,0.0,400,0.0,2,25,>=,EST,85738,OK,1999,Li et al. 2025a,1999-10-12,34,400,tmax_c,21.60680423060938,0,0
25,episodes,1.0,2000-01-31,0.0,1225,0.0,2,25,>=,VEG,85738,OK,1999,Li et al. 2025a,1999-12-14,34.6,1225,tmax_c,21.60680423060938,0,0
25,episodes,1.0,2000-03-02,0.0,425,0.0,2,25,>=,REP,85738,OK,1999,Li et al. (2025b),2000-02-15,33.7,425,tmax_c,21.60680423060938,0,0
25,episodes,1.0,2000-02-14,0.0,350,0.0,2,25,>=,FLO,85738,OK,1999,Li et al. (2025b),2000-02-01,33.7,350,tmax_c,21.60680423060938,0,0
25,episodes,1.0,2000-05-01,0.0,1500,0.0,2,25,>=,FIL,85738,OK,1999,Li et al. (2025b),2000-03-03,32.7,1500,tmax_c,21.60680423060938,0,0
25,days,1.0,2000-05-24,0.7197153911078593,575,0.799715512955019,1,25,>,MAT,85738,OK,1999,Ortega Gómez et al. (2019),2000-05-02,10,575,precip_mm,21.60680423060938,17.279296528600455,15.55074955742398
25,episodes,1.0,2000-10-27,0.0,400,0.0,2,25,>=,EST,85738,OK,2000,Li et al. 2025a,2000-10-12,34,400,tmax_c,21.60680423060938,0,0
25,episodes,1.0,2001-01-31,0.0,1225,0.0,2,25,>=,VEG,85738,OK,2000,Li et al. 2025a,2000-12-14,34.6,1225,tmax_c,21.60680423060938,0,0
25,episodes,1.0,2001-03-02,0.0,400,0.0,2,25,>=,REP,85738,OK,2000,Li et al. (2025b),2001-02-15,33.7,400,tmax_c,21.60680423060938,0,0
25,episodes,1.0,2001-02-14,0.0,350,0.0,2,25,>=,FLO,85738,OK,2000,Li et al. (2025b),2001-02-01,33.7,350,tmax_c,21.60680423060938,0,0
25,episodes,1.0,2001-05-01,0.0,1500,0.0,2,25,>=,FIL,85738,OK,2000,Li et al. (2025b),2001-03-03,32.7,1500,tmax_c,21.60680423060938,0,0
25,days,1.0,2001-05-24,0.39999999999999997,575,0.39999999999999997,1,25,>,MAT,85738,OK,2000,Ortega Gómez et al. (2019),2001-05-02,10,575,precip_mm,21.60680423060938,8.642721692243752,8.642721692243752
25,episodes,1.0,1985-11-08,0.0,225,0.0,2,25,>=,EST,85978,OK,1985,Li et al. 2025a,1985-10-31,34,225,tmax_c,21.60680423060938,0,0
25,episodes,1.0,1986-01-04,1.0,725,1.0,2,25,>=,VEG,85978,OK,1985,Li et al. 2025a,1985-12-07,34.6,725,tmax_c,21.60680423060938,21.60680423060938,21.60680423060938
25,episodes,1.0,1986-01-21,1.0,250,1.0,2,25,>=,REP,85978,OK,1985,Li et al. (2025b),1986-01-12,33.7,250,tmax_c,21.60680423060938,21.60680423060938,21.60680423060938
25,episodes,1.0,1986-01-11,0.0,175,0.0,2,25,>=,FLO,85978,OK,1985,Li et al. (2025b),1986-01-05,33.7,175,tmax_c,21.60680423060938,0,0
25,episodes,1.0,1986-02-25,1.0,875,3.559958697378253,2,25,>=,FIL,85978,OK,1985,Li et al. (2025b),1986-01-22,32.7,875,tmax_c,21.60680423060938,76.91933064330709,21.60680423060938
25,days,1.0,1986-03-10,0.0,325,0.0,1,25,>,MAT,85978,OK,1985,Ortega Gómez et al. (2019),1986-02-26,10,325,precip_mm,21.60680423060938,0,0
25,episodes,1.0,1986-11-08,0.0,225,0.0,2,25,>=,EST,85978,OK,1986,Li et al. 2025a,1986-10-31,34,225,tmax_c,21.60680423060938,0,0
25,episodes,1.0,1987-01-04,1.0,725,1.0,2,25,>=,VEG,85978,OK,1986,Li et al. 2025a,1986-12-07,34.6,725,tmax_c,21.60680423060938,21.60680423060938,21.60680423060938
25,episodes,1.0,1987-01-21,1.0,250,1.0,2,25,>=,REP,85978,OK,1986,Li et al. (2025b),1987-01-12,33.7,250,tmax_c,21.60680423060938,21.60680423060938,21.60680423060938
25,episodes,1.0,1987-01-11,1.0,175,1.0,2,25,>=,FLO,85978,OK,1986,Li et al. (2025b),1987-01-05,33.7,175,tmax_c,21.60680423060938,21.60680423060938,21.60680423060938
25,episodes,1.0,1987-02-25,1.0,875,3.0000000000000018,2,25,>=,FIL,85978,OK,1986,Li et al. (2025b),1987-01-22,32.7,875,tmax_c,21.60680423060938,64.82041269182818,21.60680423060938
25,days,1.0,1987-03-10,0.0,325,0.0,1,25,>,MAT,85978,OK,1986,Ortega Gómez et al. (2019),1987-02-26,10,325,precip_mm,21.60680423060938,0,0
25,episodes,1.0,1987-11-08,0.0,225,0.0,2,25,>=,EST,85978,OK,1987,Li et al. 2025a,1987-10-31,34,225,tmax_c,21.60680423060938,0,0
25,episodes,1.0,1988-01-04,1.0,725,3.8799593068617457,2,25,>=,VEG,85978,OK,1987,Li et al. 2025a,1987-12-07,34.6,725,tmax_c,21.60680423060938,83.83352116609261,21.60680423060938
25,episodes,1.0,1988-01-21,1.0,250,1.2802843650739366,2,25,>=,REP,85978,OK,1987,Li et al. (2025b),1988-01-12,33.7,250,tmax_c,21.60680423060938,27.66285363566258,21.60680423060938
25,episodes,1.0,1988-01-11,1.0,175,1.0,2,25,>=,FLO,85978,OK,1987,Li et al. (2025b),1988-01-05,33.7,175,tmax_c,21.60680423060938,21.60680423060938,21.60680423060938
25,episodes,1.0,1988-02-25,1.0,875,3.0400811427058527,2,25,>=,FIL,85978,OK,1987,Li et al. (2025b),1988-01-22,32.7,875,tmax_c,21.60680423060938,65.68643809561262,21.60680423060938
25,days,1.0,1988-03-10,0.0,350,0.0,1,25,>,MAT,85978,OK,1987,Ortega Gómez et al. (2019),1988-02-26,10,350,precip_mm,21.60680423060938,0,0
25,episodes,1.0,1988-11-08,1.0,225,1.119878164032159,2,25,>=,EST,85978,OK,1988,Li et al. 2025a,1988-10-31,34,225,tmax_c,21.60680423060938,24.196988252377118,21.60680423060938
25,episodes,1.0,1989-01-04,1.0,725,1.6000000000000003,2,25,>=,VEG,85978,OK,1988,Li et al. 2025a,1988-12-07,34.6,725,tmax_c,21.60680423060938,34.570886768975015,21.60680423060938
25,episodes,1.0,1989-01-21,0.16032457082340376,250,0.16032457082340376,2,25,>=,REP,85978,OK,1988,Li et al. (2025b),1989-01-12,33.7,250,tmax_c,21.60680423060938,3.464101615137754,3.464101615137754
25,episodes,1.0,1989-01-11,0.8002437937829164,175,0.8002437937829164,2,25,>=,FLO,85978,OK,1988,Li et al. (2025b),1989-01-05,33.7,175,tmax_c,21.60680423060938,17.29071098902762,17.29071098902762
25,episodes,1.0,1989-02-25,1.0,875,3.1602854616988196,2,25,>=,FIL,85978,OK,1988,Li et al. (2025b),1989-01-22,32.7,875,tmax_c,21.60680423060938,68.28366928376738,21.60680423060938
25,days,1.0,1989-03-10,0.0,325,0.0,1,25,>,MAT,85978,OK,1988,Ortega Gómez et al. (2019),1989-02-26,10,325,precip_mm,21.60680423060938,0,0
25,episodes,1.0,1993-11-08,0.0,225,0.0,2,25,>=,EST,85981,OK,1993,Li et al. 2025a,1993-10-31,34,225,tmax_c,21.60680423060938,0,0
25,episodes,1.0,1994-01-04,0.04008114270585094,725,0.04008114270585094,2,25,>=,VEG,85981,OK,1993,Li et al. 2025a,1993-12-07,34.6,725,tmax_c,21.60680423060938,0.8660254037844385,0.8660254037844385
25,episodes,1.0,1994-01-21,0.0,250,0.0,2,25,>=,REP,85981,OK,1993,Li et al. (2025b),1994-01-12,33.7,250,tmax_c,21.60680423060938,0,0
25,episodes,1.0,1994-01-11,0.840081142705851,175,0.840081142705851,2,25,>=,FLO,85981,OK,1993,Li et al. (2025b),1994-01-05,33.7,175,tmax_c,21.60680423060938,18.151468788271945,18.151468788271945
25,episodes,1.0,1994-02-25,0.0,875,0.0,2,25,>=,FIL,85981,OK,1993,Li et al. (2025b),1994-01-22,32.7,875,tmax_c,21.60680423060938,0,0
25,days,1.0,1994-03-10,1.0,325,1.0,1,25,>,MAT,85981,OK,1993,Ortega Gómez et al. (2019),1994-02-26,10,325,precip_mm,21.60680423060938,21.60680423060938,21.60680423060938
25,episodes,1.0,1994-11-08,0.0,225,0.0,2,25,>=,EST,85981,OK,1994,Li et al. 2025a,1994-10-31,34,225,tmax_c,21.60680423060938,0,0
25,episodes,1.0,1995-01-04,0.5599588193491482,725,0.5599588193491482,2,25,>=,VEG,85981,OK,1994,Li et al. 2025a,1994-12-07,34.6,725,tmax_c,21.60680423060938,12.098920586880208,12.098920586880208
25,episodes,1.0,1995-01-21,0.0,250,0.0,2,25,>=,REP,85981,OK,1994,Li et al. (2025b),1995-01-12,33.7,250,tmax_c,21.60680423060938,0,0
25,episodes,1.0,1995-01-11,0.0,175,0.0,2,25,>=,FLO,85981,OK,1994,Li et al. (2025b),1995-01-05,33.7,175,tmax_c,21.60680423060938,0,0
25,episodes,1.0,1995-02-25,0.0,875,0.0,2,25,>=,FIL,85981,OK,1994,Li et al. (2025b),1995-01-22,32.7,875,tmax_c,21.60680423060938,0,0
25,days,1.0,1995-03-10,0.0,325,0.0,1,25,>,MAT,85981,OK,1994,Ortega Gómez et al. (2019),1995-02-26,10,325,precip_mm,21.60680423060938,0,0
25,episodes,1.0,1995-11-08,0.0,225,0.0,2,25,>=,EST,85981,OK,1995,Li et al. 2025a,1995-10-31,34,225,tmax_c,21.60680423060938,0,0
25,episodes,1.0,1996-01-04,0.0,725,0.0,2,25,>=,VEG,85981,OK,1995,Li et al. 2025a,1995-12-07,34.6,725,tmax_c,21.60680423060938,0,0
25,episodes,1.0,1996-01-21,0.0,250,0.0,2,25,>=,REP,85981,OK,1995,Li et al. (2025b),1996-01-12,33.7,250,tmax_c,21.60680423060938,0,0
25,episodes,1.0,1996-01-11,0.0,175,0.0,2,25,>=,FLO,85981,OK,1995,Li et al. (2025b),1996-01-05,33.7,175,tmax_c,21.60680423060938,0,0
25,episodes,1.0,1996-02-25,0.0,875,0.0,2,25,>=,FIL,85981,OK,1995,Li et al. (2025b),1996-01-22,32.7,875,tmax_c,21.60680423060938,0,0
25,days,1.0,1996-03-10,0.47955274015453003,350,0.47955274015453003,1,25,>,MAT,85981,OK,1995,Ortega Gómez et al. (2019),1996-02-26,10,350,precip_mm,21.60680423060938,10.361602174771221,10.361602174771221
25,episodes,1.0,1996-11-08,0.0,225,0.0,2,25,>=,EST,85981,OK,1996,Li et al. 2025a,1996-10-31,34,225,tmax_c,21.60680423060938,0,0
25,episodes,1.0,1997-01-04,0.0,725,0.0,2,25,>=,VEG,85981,OK,1996,Li et al. 2025a,1996-12-07,34.6,725,tmax_c,21.60680423060938,0,0
25,episodes,1.0,1997-01-21,0.0,250,0.0,2,25,>=,REP,85981,OK,1996,Li et al. (2025b),1997-01-12,33.7,250,tmax_c,21.60680423060938,0,0
25,episodes,1.0,1997-01-11,0.0,175,0.0,2,25,>=,FLO,85981,OK,1996,Li et al. (2025b),1997-01-05,33.7,175,tmax_c,21.60680423060938,0,0
25,episodes,1.0,1997-02-25,0.08016228541170188,875,0.08016228541170188,2,25,>=,FIL,85981,OK,1996,Li et al. (2025b),1997-01-22,32.7,875,tmax_c,21.60680423060938,1.732050807568877,1.732050807568877
25,days,1.0,1997-03-10,1.0,325,3.0000000000000018,1,25,>,MAT,85981,OK,1996,Ortega Gómez et al. (2019),1997-02-26,10,325,precip_mm,21.60680423060938,64.82041269182818,21.60680423060938
25,episodes,1.0,2009-10-27,0.0,400,0.0,2,25,>=,EST,85738,OK,2009,Li et al. 2025a,2009-10-12,34,400,tmax_c,21.60680423060938,0,0
25,episodes,1.0,2010-01-31,0.0,1225,0.0,2,25,>=,VEG,85738,OK,2009,Li et al. 2025a,2009-12-14,34.6,1225,tmax_c,21.60680423060938,0,0
25,episodes,1.0,2010-03-02,0.0,400,0.0,2,25,>=,REP,85738,OK,2009,Li et al. (2025b),2010-02-15,33.7,400,tmax_c,21.60680423060938,0,0
25,episodes,1.0,2010-02-14,0.0,350,0.0,2,25,>=,FLO,85738,OK,2009,Li et al. (2025b),2010-02-01,33.7,350,tmax_c,21.60680423060938,0,0
25,episodes,1.0,2010-05-01,0.0,1500,0.0,2,25,>=,FIL,85738,OK,2009,Li et al. (2025b),2010-03-03,32.7,1500,tmax_c,21.60680423060938,0,0
25,days,1.0,2010-05-24,0.0,575,0.0,1,25,>,MAT,85738,OK,2009,Ortega Gómez et al. (2019),2010-05-02,10,575,precip_mm,21.60680423060938,0,0
25,episodes,1.0,2010-10-27,0.0,400,0.0,2,25,>=,EST,85738,OK,2010,Li et al. 2025a,2010-10-12,34,400,tmax_c,21.60680423060938,0,0
25,episodes,1.0,2011-01-31,0.0,1225,0.0,2,25,>=,VEG,85738,OK,2010,Li et al. 2025a,2010-12-14,34.6,1225,tmax_c,21.60680423060938,0,0
25,episodes,1.0,2011-03-02,0.0,400,0.0,2,25,>=,REP,85738,OK,2010,Li et al. (2025b),2011-02-15,33.7,400,tmax_c,21.60680423060938,0,0
25,episodes,1.0,2011-02-14,0.0,350,0.0,2,25,>=,FLO,85738,OK,2010,Li et al. (2025b),2011-02-01,33.7,350,tmax_c,21.60680423060938,0,0
25,episodes,1.0,2011-05-01,0.0,1500,0.0,2,25,>=,FIL,85738,OK,2010,Li et al. (2025b),2011-03-03,32.7,1500,tmax_c,21.60680423060938,0,0
25,days,1.0,2011-05-24,0.8001217141206817,575,1.240365385932628,1,25,>,MAT,85738,OK,2010,Ortega Gómez et al. (2019),2011-05-02,10,575,precip_mm,21.60680423060938,26.800332068270546,17.288073237665174
25,episodes,1.0,2011-10-27,0.0,400,0.0,2,25,>=,EST,85738,OK,2011,Li et al. 2025a,2011-10-12,34,400,tmax_c,21.60680423060938,0,0
25,episodes,1.0,2012-01-31,0.0,1225,0.0,2,25,>=,VEG,85738,OK,2011,Li et al. 2025a,2011-12-14,34.6,1225,tmax_c,21.60680423060938,0,0
25,episodes,1.0,2012-03-02,0.0,425,0.0,2,25,>=,REP,85738,OK,2011,Li et al. (2025b),2012-02-15,33.7,425,tmax_c,21.60680423060938,0,0
25,episodes,1.0,2012-02-14,0.0,350,0.0,2,25,>=,FLO,85738,OK,2011,Li et al. (2025b),2012-02-01,33.7,350,tmax_c,21.60680423060938,0,0
25,episodes,1.0,2012-05-01,0.0,1500,0.0,2,25,>=,FIL,85738,OK,2011,Li et al. (2025b),2012-03-03,32.7,1500,tmax_c,21.60680423060938,0,0
25,days,1.0,2012-05-24,0.16000036554162755,575,0.16000036554162755,1,25,>,MAT,85738,OK,2011,Ortega Gómez et al. (2019),2012-05-02,10,575,precip_mm,21.60680423060938,3.4570965750838853,3.4570965750838853
25,episodes,1.0,2012-10-27,0.0,400,0.0,2,25,>=,EST,85738,OK,2012,Li et al. 2025a,2012-10-12,34,400,tmax_c,21.60680423060938,0,0
25,episodes,1.0,2013-01-31,0.0,1225,0.0,2,25,>=,VEG,85738,OK,2012,Li et al. 2025a,2012-12-14,34.6,1225,tmax_c,21.60680423060938,0,0
25,episodes,1.0,2013-03-02,0.0,400,0.0,2,25,>=,REP,85738,OK,2012,Li et al. (2025b),2013-02-15,33.7,400,tmax_c,21.60680423060938,0,0
25,episodes,1.0,2013-02-14,0.0,350,0.0,2,25,>=,FLO,85738,OK,2012,Li et al. (2025b),2013-02-01,33.7,350,tmax_c,21.60680423060938,0,0
25,episodes,1.0,2013-05-01,0.0,1500,0.0,2,25,>=,FIL,85738,OK,2012,Li et al. (2025b),2013-03-03,32.7,1500,tmax_c,21.60680423060938,0,0
25,days,1.0,2013-05-24,0.0,575,0.0,1,25,>,MAT,85738,OK,2012,Ortega Gómez et al. (2019),2013-05-02,10,575,precip_mm,21.60680423060938,0,0
25,episodes,1.0,1997-11-08,0.0,225,0.0,2,25,>=,EST,85981,OK,1997,Li et al. 2025a,1997-10-31,34,225,tmax_c,21.60680423060938,0,0
25,episodes,1.0,1998-01-04,0.0,725,0.0,2,25,>=,VEG,85981,OK,1997,Li et al. 2025a,1997-12-07,34.6,725,tmax_c,21.60680423060938,0,0
25,episodes,1.0,1998-01-21,0.0,250,0.0,2,25,>=,REP,85981,OK,1997,Li et al. (2025b),1998-01-12,33.7,250,tmax_c,21.60680423060938,0,0
25,episodes,1.0,1998-01-11,0.0,175,0.0,2,25,>=,FLO,85981,OK,1997,Li et al. (2025b),1998-01-05,33.7,175,tmax_c,21.60680423060938,0,0
25,episodes,1.0,1998-02-25,0.9201219578150752,875,1.3599995126112128,2,25,>=,FIL,85981,OK,1997,Li et al. (2025b),1998-01-22,32.7,875,tmax_c,21.60680423060938,29.38524322271465,19.880895010795353
25,days,1.0,1998-03-10,0.0,325,0.0,1,25,>,MAT,85981,OK,1997,Ortega Gómez et al. (2019),1998-02-26,10,325,precip_mm,21.60680423060938,0,0
25,episodes,1.0,1998-11-08,0.0,225,0.0,2,25,>=,EST,85981,OK,1998,Li et al. 2025a,1998-10-31,34,225,tmax_c,21.60680423060938,0,0
25,episodes,1.0,1999-01-04,0.0,725,0.0,2,25,>=,VEG,85981,OK,1998,Li et al. 2025a,1998-12-07,34.6,725,tmax_c,21.60680423060938,0,0
25,episodes,1.0,1999-01-21,0.0,250,0.0,2,25,>=,REP,85981,OK,1998,Li et al. (2025b),1999-01-12,33.7,250,tmax_c,21.60680423060938,0,0
25,episodes,1.0,1999-01-11,0.0,175,0.0,2,25,>=,FLO,85981,OK,1998,Li et al. (2025b),1999-01-05,33.7,175,tmax_c,21.60680423060938,0,0
25,episodes,1.0,1999-02-25,0.19967469796960516,875,0.19967469796960516,2,25,>=,FIL,85981,OK,1998,Li et al. (2025b),1999-01-22,32.7,875,tmax_c,21.60680423060938,4.314332108835315,4.314332108835315
25,days,1.0,1999-03-10,1.0,325,2.080040815109224,1,25,>,MAT,85981,OK,1998,Ortega Gómez et al. (2019),1999-02-26,10,325,precip_mm,21.60680423060938,44.94303468374217,21.60680423060938
25,episodes,1.0,1999-11-08,0.0,225,0.0,2,25,>=,EST,85981,OK,1999,Li et al. 2025a,1999-10-31,34,225,tmax_c,21.60680423060938,0,0
25,episodes,1.0,2000-01-04,0.0,725,0.0,2,25,>=,VEG,85981,OK,1999,Li et al. 2025a,1999-12-07,34.6,725,tmax_c,21.60680423060938,0,0
25,episodes,1.0,2000-01-21,0.12024342811755283,250,0.12024342811755283,2,25,>=,REP,85981,OK,1999,Li et al. (2025b),2000-01-12,33.7,250,tmax_c,21.60680423060938,2.5980762113533156,2.5980762113533156
25,episodes,1.0,2000-01-11,0.0,175,0.0,2,25,>=,FLO,85981,OK,1999,Li et al. (2025b),2000-01-05,33.7,175,tmax_c,21.60680423060938,0,0
25,episodes,1.0,2000-02-25,0.0,875,0.0,2,25,>=,FIL,85981,OK,1999,Li et al. (2025b),2000-01-22,32.7,875,tmax_c,21.60680423060938,0,0
25,days,1.0,2000-03-10,1.0,350,1.3199591848907757,1,25,>,MAT,85981,OK,1999,Ortega Gómez et al. (2019),2000-02-26,10,350,precip_mm,21.60680423060938,28.52009970032972,21.60680423060938
25,episodes,1.0,2000-11-08,0.0,225,0.0,2,25,>=,EST,85981,OK,2000,Li et al. 2025a,2000-10-31,34,225,tmax_c,21.60680423060938,0,0
25,episodes,1.0,2001-01-04,0.0,725,0.0,2,25,>=,VEG,85981,OK,2000,Li et al. 2025a,2000-12-07,34.6,725,tmax_c,21.60680423060938,0,0
25,episodes,1.0,2001-01-21,0.7200404495675966,250,0.7200404495675966,2,25,>=,REP,85981,OK,2000,Li et al. (2025b),2001-01-12,33.7,250,tmax_c,21.60680423060938,15.557773031927027,15.557773031927027
25,episodes,1.0,2001-01-11,0.0,175,0.0,2,25,>=,FLO,85981,OK,2000,Li et al. (2025b),2001-01-05,33.7,175,tmax_c,21.60680423060938,0,0
25,episodes,1.0,2001-02-25,0.8801218359678412,875,1.4004065667072156,2,25,>=,FIL,85981,OK,2000,Li et al. (2025b),2001-01-22,32.7,875,tmax_c,21.60680423060938,30.258310530102627,19.016620208841648
25,days,1.0,2001-03-10,0.9600813864002445,325,0.9600813864002445,1,25,>,MAT,85981,OK,2000,Ortega Gómez et al. (2019),2001-02-26,10,325,precip_mm,21.60680423060938,20.744290561402124,20.744290561402124
25,episodes,1.0,2005-11-08,0.0,225,0.0,2,25,>=,EST,85979,OK,2005,Li et al. 2025a,2005-10-31,34,225,tmax_c,21.60680423060938,0,0
25,episodes,1.0,2006-01-04,1.0,725,2.480040327720363,2,25,>=,VEG,85979,OK,2005,Li et al. 2025a,2005-12-07,34.6,725,tmax_c,21.60680423060938,53.58574584507022,21.60680423060938
25,episodes,1.0,2006-01-21,0.9198781640321587,250,1.080162285411702,2,25,>=,REP,85979,OK,2005,Li et al. (2025b),2006-01-12,33.7,250,tmax_c,21.60680423060938,23.33885503817826,19.875627406255237
25,episodes,1.0,2006-01-11,1.0,175,1.3597971431734674,2,25,>=,FLO,85979,OK,2005,Li et al. (2025b),2006-01-05,33.7,175,tmax_c,21.60680423060938,29.380870665891027,21.60680423060938
25,episodes,1.0,2006-02-25,1.0,875,3.2798372271995118,2,25,>=,FIL,85979,OK,2005,Li et al. (2025b),2006-01-22,32.7,875,tmax_c,21.60680423060938,70.86680087636455,21.60680423060938
25,days,1.0,2006-03-10,0.0,325,0.0,1,25,>,MAT,85979,OK,2005,Ortega Gómez et al. (2019),2006-02-26,10,325,precip_mm,21.60680423060938,0,0
25,episodes,1.0,2006-11-08,0.0,225,0.0,2,25,>=,EST,85979,OK,2006,Li et al. 2025a,2006-10-31,34,225,tmax_c,21.60680423060938,0,0
25,episodes,1.0,2007-01-04,0.400081020858617,725,0.400081020858617,2,25,>=,VEG,85979,OK,2006,Li et al. 2025a,2006-12-07,34.6,725,tmax_c,21.60680423060938,8.644472294074486,8.644472294074486
25,episodes,1.0,2007-01-21,1.0,250,1.9599188572941488,2,25,>=,REP,85979,OK,2006,Li et al. (2025b),2007-01-12,33.7,250,tmax_c,21.60680423060938,42.34758305743432,21.60680423060938
25,episodes,1.0,2007-01-11,1.0,175,1.0,2,25,>=,FLO,85979,OK,2006,Li et al. (2025b),2007-01-05,33.7,175,tmax_c,21.60680423060938,21.60680423060938,21.60680423060938
25,episodes,1.0,2007-02-25,1.0,875,3.0000000000000018,2,25,>=,FIL,85979,OK,2006,Li et al. (2025b),2007-01-22,32.7,875,tmax_c,21.60680423060938,64.82041269182818,21.60680423060938
25,days,1.0,2007-03-10,0.959918857294149,325,1.4794724502554315,1,25,>,MAT,85979,OK,2006,Ortega Gómez et al. (2019),2007-02-26,10,325,precip_mm,21.60680423060938,31.966671597249086,20.740778826824943
25,episodes,1.0,2007-11-08,0.0,225,0.0,2,25,>=,EST,85979,OK,2007,Li et al. 2025a,2007-10-31,34,225,tmax_c,21.60680423060938,0,0
25,episodes,1.0,2008-01-04,0.0,725,0.0,2,25,>=,VEG,85979,OK,2007,Li et al. 2025a,2007-12-07,34.6,725,tmax_c,21.60680423060938,0,0
25,episodes,1.0,2008-01-21,0.9599593067380098,250,0.9599593067380098,2,25,>=,REP,85979,OK,2007,Li et al. (2025b),2008-01-12,33.7,250,tmax_c,21.60680423060938,20.741652810039678,20.741652810039678
25,episodes,1.0,2008-01-11,0.0,175,0.0,2,25,>=,FLO,85979,OK,2007,Li et al. (2025b),2008-01-05,33.7,175,tmax_c,21.60680423060938,0,0
25,episodes,1.0,2008-02-25,0.9198781640321587,875,0.9198781640321587,2,25,>=,FIL,85979,OK,2007,Li et al. (2025b),2008-01-22,32.7,875,tmax_c,21.60680423060938,19.875627406255237,19.875627406255237
25,days,1.0,2008-03-10,0.7603658734452255,350,0.7603658734452255,1,25,>,MAT,85979,OK,2007,Ortega Gómez et al. (2019),2008-02-26,10,350,precip_mm,21.60680423060938,16.429076571167297,16.429076571167297
25,episodes,1.0,2008-11-08,0.0,225,0.0,2,25,>=,EST,85979,OK,2008,Li et al. 2025a,2008-10-31,34,225,tmax_c,21.60680423060938,0,0
25,episodes,1.0,2009-01-04,0.0,725,0.0,2,25,>=,VEG,85979,OK,2008,Li et al. 2025a,2008-12-07,34.6,725,tmax_c,21.60680423060938,0,0
25,episodes,1.0,2009-01-21,1.0,250,1.0,2,25,>=,REP,85979,OK,2008,Li et al. (2025b),2009-01-12,33.7,250,tmax_c,21.60680423060938,21.60680423060938,21.60680423060938
25,episodes,1.0,2009-01-11,0.8399594285851694,175,0.8399594285851694,2,25,>=,FLO,85979,OK,2008,Li et al. (2025b),2009-01-05,33.7,175,tmax_c,21.60680423060938,18.148838935094275,18.148838935094275
25,episodes,1.0,2009-02-25,1.0,875,1.2804871000532352,2,25,>=,FIL,85979,OK,2008,Li et al. (2025b),2009-01-22,32.7,875,tmax_c,21.60680423060938,27.66723409067098,21.60680423060938
25,days,1.0,2009-03-10,0.0,325,0.0,1,25,>,MAT,85979,OK,2008,Ortega Gómez et al. (2019),2009-02-26,10,325,precip_mm,21.60680423060938,0,0
25,episodes,1.0,2001-11-08,0.0,225,0.0,2,25,>=,EST,85980,OK,2001,Li et al. 2025a,2001-10-31,34,225,tmax_c,21.60680423060938,0,0
25,episodes,1.0,2002-01-04,0.07983722719951092,725,0.11975584079926639,2,25,>=,VEG,85980,OK,2001,Li et al. 2025a,2001-12-07,34.6,725,tmax_c,21.60680423060938,2.5875410076217724,1.725027338414515
25,episodes,1.0,2002-01-21,0.0,250,0.0,2,25,>=,REP,85980,OK,2001,Li et al. (2025b),2002-01-12,33.7,250,tmax_c,21.60680423060938,0,0
25,episodes,1.0,2002-01-11,0.0,175,0.0,2,25,>=,FLO,85980,OK,2001,Li et al. (2025b),2002-01-05,33.7,175,tmax_c,21.60680423060938,0,0
25,episodes,1.0,2002-02-25,0.28024294072876565,875,0.4001613106341276,2,25,>=,FIL,85980,OK,2001,Li et al. (2025b),2002-01-22,32.7,875,tmax_c,21.60680423060938,8.646207099535662,6.055154357336708
25,days,1.0,2002-03-10,0.0,325,0.0,1,25,>,MAT,85980,OK,2001,Ortega Gómez et al. (2019),2002-02-26,10,325,precip_mm,21.60680423060938,0,0
25,episodes,1.0,2002-11-08,0.03991861359975546,225,0.03991861359975546,2,25,>=,EST,85980,OK,2002,Li et al. 2025a,2002-10-31,34,225,tmax_c,21.60680423060938,0.8625136692072574,0.8625136692072574
25,episodes,1.0,2003-01-04,0.03991861359975546,725,0.03991861359975546,2,25,>=,VEG,85980,OK,2002,Li et al. 2025a,2002-12-07,34.6,725,tmax_c,21.60680423060938,0.8625136692072574,0.8625136692072574
25,episodes,1.0,2003-01-21,0.9600405714148306,250,0.9600405714148306,2,25,>=,REP,85980,OK,2002,Li et al. (2025b),2003-01-12,33.7,250,tmax_c,21.60680423060938,20.74340868000261,20.74340868000261
25,episodes,1.0,2003-01-11,0.03991861359975546,175,0.03991861359975546,2,25,>=,FLO,85980,OK,2002,Li et al. (2025b),2003-01-05,33.7,175,tmax_c,21.60680423060938,0.8625136692072575,0.8625136692072575
25,episodes,1.0,2003-02-25,1.0,875,1.6802433065178652,2,25,>=,FIL,85980,OK,2002,Li et al. (2025b),2003-01-22,32.7,875,tmax_c,21.60680423060938,36.30468818372331,21.60680423060938
25,days,1.0,2003-03-10,0.0,325,0.0,1,25,>,MAT,85980,OK,2002,Ortega Gómez et al. (2019),2003-02-26,10,325,precip_mm,21.60680423060938,0,0
25,episodes,1.0,2003-11-08,0.0,225,0.0,2,25,>=,EST,85980,OK,2003,Li et al. 2025a,2003-10-31,34,225,tmax_c,21.60680423060938,0,0
25,episodes,1.0,2004-01-04,0.6803656297507577,725,1.2406495075596435,2,25,>=,VEG,85980,OK,2003,Li et al. 2025a,2003-12-07,34.6,725,tmax_c,21.60680423060938,26.806471028643152,14.700526967259886
25,episodes,1.0,2004-01-21,0.0,250,0.0,2,25,>=,REP,85980,OK,2003,Li et al. (2025b),2004-01-12,33.7,250,tmax_c,21.60680423060938,0,0
25,episodes,1.0,2004-01-11,1.0,175,1.0,2,25,>=,FLO,85980,OK,2003,Li et al. (2025b),2004-01-05,33.7,175,tmax_c,21.60680423060938,21.60680423060938,21.60680423060938
25,episodes,1.0,2004-02-25,1.0,875,1.9600813864002447,2,25,>=,FIL,85980,OK,2003,Li et al. (2025b),2004-01-22,32.7,875,tmax_c,21.60680423060938,42.35109479201151,21.60680423060938
25,days,1.0,2004-03-10,0.2804466506093746,350,0.2804466506093746,1,25,>,MAT,85980,OK,2003,Ortega Gómez et al. (2019),2004-02-26,10,350,precip_mm,21.60680423060938,6.059555876846867,6.059555876846867
25,episodes,1.0,2004-11-08,0.0,225,0.0,2,25,>=,EST,85980,OK,2004,Li et al. 2025a,2004-10-31,34,225,tmax_c,21.60680423060938,0,0
25,episodes,1.0,2005-01-04,0.0,725,0.0,2,25,>=,VEG,85980,OK,2004,Li et al. 2025a,2004-12-07,34.6,725,tmax_c,21.60680423060938,0,0
25,episodes,1.0,2005-01-21,0.9201219578150752,250,0.9201219578150752,2,25,>=,REP,85980,OK,2004,Li et al. (2025b),2005-01-12,33.7,250,tmax_c,21.60680423060938,19.880895010795353,19.880895010795353
25,episodes,1.0,2005-01-11,0.0,175,0.0,2,25,>=,FLO,85980,OK,2004,Li et al. (2025b),2005-01-05,33.7,175,tmax_c,21.60680423060938,0,0
25,episodes,1.0,2005-02-25,0.5604059574711204,875,1.3606891041968252,2,25,>=,FIL,85980,OK,2004,Li et al. (2025b),2005-01-22,32.7,875,tmax_c,21.60680423060938,29.400143093104052,12.108581812745705
25,days,1.0,2005-03-10,0.0,325,0.0,1,25,>,MAT,85980,OK,2004,Ortega Gómez et al. (2019),2005-02-26,10,325,precip_mm,21.60680423060938,0,0
25,episodes,1.0,1997-11-08,0.0,225,0.0,2,25,>=,EST,85979,OK,1997,Li et al. 2025a,1997-10-31,34,225,tmax_c,21.60680423060938,0,0
25,episodes,1.0,1998-01-04,0.9199591848907759,725,1.2404869782060013,2,25,>=,VEG,85979,OK,1997,Li et al. 2025a,1997-12-07,34.6,725,tmax_c,21.60680423060938,26.802959288717275,19.877378008085973
25,episodes,1.0,1998-01-21,1.0,250,1.0,2,25,>=,REP,85979,OK,1997,Li et al. (2025b),1998-01-12,33.7,250,tmax_c,21.60680423060938,21.60680423060938,21.60680423060938
25,episodes,1.0,1998-01-11,0.3202029786736922,175,0.3202029786736922,2,25,>=,FLO,85979,OK,1997,Li et al. (2025b),1998-01-05,33.7,175,tmax_c,21.60680423060938,6.918563074260458,6.918563074260458
25,episodes,1.0,1998-02-25,1.0,875,2.239877798614342,2,25,>=,FIL,85979,OK,1997,Li et al. (2025b),1998-01-22,32.7,875,tmax_c,21.60680423060938,48.39660109514839,21.60680423060938
25,days,1.0,1998-03-10,0.0,325,0.0,1,25,>,MAT,85979,OK,1997,Ortega Gómez et al. (2019),1998-02-26,10,325,precip_mm,21.60680423060938,0,0
25,episodes,1.0,1998-11-08,0.0,225,0.0,2,25,>=,EST,85979,OK,1998,Li et al. 2025a,1998-10-31,34,225,tmax_c,21.60680423060938,0,0
25,episodes,1.0,1999-01-04,0.1601620417173083,725,0.1601620417173083,2,25,>=,VEG,85979,OK,1998,Li et al. 2025a,1998-12-07,34.6,725,tmax_c,21.60680423060938,3.460589880560573,3.460589880560573
25,episodes,1.0,1999-01-21,1.0,250,1.5197966557846803,2,25,>=,REP,85979,OK,1998,Li et al. (2025b),1999-01-12,33.7,250,tmax_c,21.60680423060938,32.83794881187442,21.60680423060938
25,episodes,1.0,1999-01-11,0.03991861359975546,175,0.03991861359975546,2,25,>=,FLO,85979,OK,1998,Li et al. (2025b),1999-01-05,33.7,175,tmax_c,21.60680423060938,0.8625136692072575,0.8625136692072575
25,episodes,1.0,1999-02-25,1.0,875,1.1601620417173082,2,25,>=,FIL,85979,OK,1998,Li et al. (2025b),1999-01-22,32.7,875,tmax_c,21.60680423060938,25.067394111169953,21.60680423060938
25,days,1.0,1999-03-10,1.0,325,2.7604475034160543,1,25,>,MAT,85979,OK,1998,Ortega Gómez et al. (2019),1999-02-26,10,325,precip_mm,21.60680423060938,59.644448795185106,21.60680423060938
25,episodes,1.0,1999-11-08,0.0,225,0.0,2,25,>=,EST,85979,OK,1999,Li et al. 2025a,1999-10-31,34,225,tmax_c,21.60680423060938,0,0
25,episodes,1.0,2000-01-04,0.0,725,0.0,2,25,>=,VEG,85979,OK,1999,Li et al. 2025a,1999-12-07,34.6,725,tmax_c,21.60680423060938,0,0
25,episodes,1.0,2000-01-21,1.0,250,1.0,2,25,>=,REP,85979,OK,1999,Li et al. (2025b),2000-01-12,33.7,250,tmax_c,21.60680423060938,21.60680423060938,21.60680423060938
25,episodes,1.0,2000-01-11,0.0,175,0.0,2,25,>=,FLO,85979,OK,1999,Li et al. (2025b),2000-01-05,33.7,175,tmax_c,21.60680423060938,0,0
25,episodes,1.0,2000-02-25,0.7998777984904569,875,0.8800400839021588,2,25,>=,FIL,85979,OK,1999,Li et al. (2025b),2000-01-22,32.7,875,tmax_c,21.60680423060938,19.014853807963,17.28280300039412
25,days,1.0,2000-03-10,1.0,350,3.0000000000000018,1,25,>,MAT,85979,OK,1999,Ortega Gómez et al. (2019),2000-02-26,10,350,precip_mm,21.60680423060938,64.82041269182818,21.60680423060938
25,episodes,1.0,2000-11-08,0.0,225,0.0,2,25,>=,EST,85979,OK,2000,Li et al. 2025a,2000-10-31,34,225,tmax_c,21.60680423060938,0,0
25,episodes,1.0,2001-01-04,0.28008077716422347,725,0.3599180043637344,2,25,>=,VEG,85979,OK,2000,Li et al. 2025a,2000-12-07,34.6,725,tmax_c,21.60680423060938,7.776677859358822,6.051650520944307
25,episodes,1.0,2001-01-21,1.0,250,1.0,2,25,>=,REP,85979,OK,2000,Li et al. (2025b),2001-01-12,33.7,250,tmax_c,21.60680423060938,21.60680423060938,21.60680423060938
25,episodes,1.0,2001-01-11,0.8398779203376908,175,0.8398779203376908,2,25,>=,FLO,85979,OK,2000,Li et al. (2025b),2001-01-05,33.7,175,tmax_c,21.60680423060938,18.147077802347827,18.147077802347827
25,episodes,1.0,2001-02-25,1.0,875,2.3193900890774657,2,25,>=,FIL,85979,OK,2000,Li et al. (2025b),2001-01-22,32.7,875,tmax_c,21.60680423060938,50.11460758911245,21.60680423060938
25,days,1.0,2001-03-10,0.04008114270585094,325,0.04008114270585094,1,25,>,MAT,85979,OK,2000,Ortega Gómez et al. (2019),2001-02-26,10,325,precip_mm,21.60680423060938,0.8660254037844385,0.8660254037844385
25,episodes,1.0,1989-11-08,0.0,225,0.0,2,25,>=,EST,85979,OK,1989,Li et al. 2025a,1989-10-31,34,225,tmax_c,21.60680423060938,0,0
25,episodes,1.0,1990-01-04,1.0,725,1.4805276714679916,2,25,>=,VEG,85979,OK,1989,Li et al. 2025a,1989-12-07,34.6,725,tmax_c,21.60680423060938,31.989471555408855,21.60680423060938
25,episodes,1.0,1990-01-21,0.8398779203376908,250,0.8799590630435419,2,25,>=,REP,85979,OK,1989,Li et al. (2025b),1990-01-12,33.7,250,tmax_c,21.60680423060938,19.013103206132268,18.147077802347827
25,episodes,1.0,1990-01-11,1.0,175,1.0,2,25,>=,FLO,85979,OK,1989,Li et al. (2025b),1990-01-05,33.7,175,tmax_c,21.60680423060938,21.60680423060938,21.60680423060938
25,episodes,1.0,1990-02-25,1.0,875,1.680283999532384,2,25,>=,FIL,85979,OK,1989,Li et al. (2025b),1990-01-22,32.7,875,tmax_c,21.60680423060938,36.30556742972156,21.60680423060938
25,days,1.0,1990-03-10,0.0,325,0.0,1,25,>,MAT,85979,OK,1989,Ortega Gómez et al. (2019),1990-02-26,10,325,precip_mm,21.60680423060938,0,0
25,episodes,1.0,1990-11-08,0.0,225,0.0,2,25,>=,EST,85979,OK,1990,Li et al. 2025a,1990-10-31,34,225,tmax_c,21.60680423060938,0,0
25,episodes,1.0,1991-01-04,1.0,725,1.1600405714148307,2,25,>=,VEG,85979,OK,1990,Li et al. 2025a,1990-12-07,34.6,725,tmax_c,21.60680423060938,25.064769526124486,21.60680423060938
25,episodes,1.0,1991-01-21,0.0,250,0.0,2,25,>=,REP,85979,OK,1990,Li et al. (2025b),1991-01-12,33.7,250,tmax_c,21.60680423060938,0,0
25,episodes,1.0,1991-01-11,0.0,175,0.0,2,25,>=,FLO,85979,OK,1990,Li et al. (2025b),1991-01-05,33.7,175,tmax_c,21.60680423060938,0,0
25,episodes,1.0,1991-02-25,0.9599593067380098,875,1.679918857170339,2,25,>=,FIL,85979,OK,1990,Li et al. (2025b),1991-01-22,32.7,875,tmax_c,21.60680423060938,36.29767787018856,20.741652810039678
25,days,1.0,1991-03-10,0.0,325,0.0,1,25,>,MAT,85979,OK,1990,Ortega Gómez et al. (2019),1991-02-26,10,325,precip_mm,21.60680423060938,0,0
25,episodes,1.0,1991-11-08,0.0,225,0.0,2,25,>=,EST,85979,OK,1991,Li et al. 2025a,1991-10-31,34,225,tmax_c,21.60680423060938,0,0
25,episodes,1.0,1992-01-04,0.9599593067380098,725,0.9599593067380098,2,25,>=,VEG,85979,OK,1991,Li et al. 2025a,1991-12-07,34.6,725,tmax_c,21.60680423060938,20.741652810039678,20.741652810039678
25,episodes,1.0,1992-01-21,1.0,250,2.0,2,25,>=,REP,85979,OK,1991,Li et al. (2025b),1992-01-12,33.7,250,tmax_c,21.60680423060938,43.21360846121876,21.60680423060938
25,episodes,1.0,1992-01-11,0.0,175,0.0,2,25,>=,FLO,85979,OK,1991,Li et al. (2025b),1992-01-05,33.7,175,tmax_c,21.60680423060938,0,0
25,episodes,1.0,1992-02-25,1.0,875,2.7196749416640005,2,25,>=,FIL,85979,OK,1991,Li et al. (2025b),1992-01-22,32.7,875,tmax_c,21.60680423060938,58.76348403542804,21.60680423060938
25,days,1.0,1992-03-10,0.0,350,0.0,1,25,>,MAT,85979,OK,1991,Ortega Gómez et al. (2019),1992-02-26,10,350,precip_mm,21.60680423060938,0,0
25,episodes,1.0,1992-11-08,0.0,225,0.0,2,25,>=,EST,85979,OK,1992,Li et al. 2025a,1992-10-31,34,225,tmax_c,21.60680423060938,0,0
25,episodes,1.0,1993-01-04,0.0,725,0.0,2,25,>=,VEG,85979,OK,1992,Li et al. 2025a,1992-12-07,34.6,725,tmax_c,21.60680423060938,0,0
25,episodes,1.0,1993-01-21,1.0,250,1.0,2,25,>=,REP,85979,OK,1992,Li et al. (2025b),1993-01-12,33.7,250,tmax_c,21.60680423060938,21.60680423060938,21.60680423060938
25,episodes,1.0,1993-01-11,0.4003248146415334,175,0.4003248146415334,2,25,>=,FLO,85979,OK,1992,Li et al. (2025b),1993-01-05,33.7,175,tmax_c,21.60680423060938,8.6497398986146,8.6497398986146
25,episodes,1.0,1993-02-25,1.0,875,3.0000000000000018,2,25,>=,FIL,85979,OK,1992,Li et al. (2025b),1993-01-22,32.7,875,tmax_c,21.60680423060938,64.82041269182818,21.60680423060938
25,days,1.0,1993-03-10,0.20024379378291637,325,0.20024379378291637,1,25,>,MAT,85979,OK,1992,Ortega Gómez et al. (2019),1993-02-26,10,325,precip_mm,21.60680423060938,4.32662845066199,4.32662845066199
25,episodes,1.0,1997-11-08,0.0,225,0.0,2,25,>=,EST,85978,OK,1997,Li et al. 2025a,1997-10-31,34,225,tmax_c,21.60680423060938,0,0
25,episodes,1.0,1998-01-04,1.0,725,3.5205288898162985,2,25,>=,VEG,85978,OK,1997,Li et al. 2025a,1997-12-07,34.6,725,tmax_c,21.60680423060938,76.06737851046535,21.60680423060938
25,episodes,1.0,1998-01-21,1.0,250,1.0,2,25,>=,REP,85978,OK,1997,Li et al. (2025b),1998-01-12,33.7,250,tmax_c,21.60680423060938,21.60680423060938,21.60680423060938
25,episodes,1.0,1998-01-11,1.0,175,1.0,2,25,>=,FLO,85978,OK,1997,Li et al. (2025b),1998-01-05,33.7,175,tmax_c,21.60680423060938,21.60680423060938,21.60680423060938
25,episodes,1.0,1998-02-25,1.0,875,2.199593067998778,2,25,>=,FIL,85978,OK,1997,Li et al. (2025b),1998-01-22,32.7,875,tmax_c,21.60680423060938,47.52617680725506,21.60680423060938
25,days,1.0,1998-03-10,0.0,325,0.0,1,25,>,MAT,85978,OK,1997,Ortega Gómez et al. (2019),1998-02-26,10,325,precip_mm,21.60680423060938,0,0
25,episodes,1.0,1998-11-08,0.0,225,0.0,2,25,>=,EST,85978,OK,1998,Li et al. 2025a,1998-10-31,34,225,tmax_c,21.60680423060938,0,0
25,episodes,1.0,1999-01-04,1.0,725,1.0,2,25,>=,VEG,85978,OK,1998,Li et al. 2025a,1998-12-07,34.6,725,tmax_c,21.60680423060938,21.60680423060938,21.60680423060938
25,episodes,1.0,1999-01-21,1.0,250,1.0,2,25,>=,REP,85978,OK,1998,Li et al. (2025b),1999-01-12,33.7,250,tmax_c,21.60680423060938,21.60680423060938,21.60680423060938
25,episodes,1.0,1999-01-11,0.7997562062170835,175,0.7997562062170835,2,25,>=,FLO,85978,OK,1998,Li et al. (2025b),1999-01-05,33.7,175,tmax_c,21.60680423060938,17.28017577994739,17.28017577994739
25,episodes,1.0,1999-02-25,1.0,875,1.920040449567597,2,25,>=,FIL,85978,OK,1998,Li et al. (2025b),1999-01-22,32.7,875,tmax_c,21.60680423060938,41.48593810865829,21.60680423060938
25,days,1.0,1999-03-10,0.800366117015809,325,1.2406097888277552,1,25,>,MAT,85978,OK,1998,Ortega Gómez et al. (2019),1999-02-26,10,325,precip_mm,21.60680423060938,26.80561283377895,17.293354003173583
25,episodes,1.0,1999-11-08,0.0,225,0.0,2,25,>=,EST,85978,OK,1999,Li et al. 2025a,1999-10-31,34,225,tmax_c,21.60680423060938,0,0
25,episodes,1.0,2000-01-04,0.0,725,0.0,2,25,>=,VEG,85978,OK,1999,Li et al. 2025a,1999-12-07,34.6,725,tmax_c,21.60680423060938,0,0
25,episodes,1.0,2000-01-21,1.0,250,1.0,2,25,>=,REP,85978,OK,1999,Li et al. (2025b),2000-01-12,33.7,250,tmax_c,21.60680423060938,21.60680423060938,21.60680423060938
25,episodes,1.0,2000-01-11,0.0,175,0.0,2,25,>=,FLO,85978,OK,1999,Li et al. (2025b),2000-01-05,33.7,175,tmax_c,21.60680423060938,0,0
25,episodes,1.0,2000-02-25,1.0,875,1.8003661170158098,2,25,>=,FIL,85978,OK,1999,Li et al. (2025b),2000-01-22,32.7,875,tmax_c,21.60680423060938,38.90015823378298,21.60680423060938
25,days,1.0,2000-03-10,1.0,350,2.8397968994790754,1,25,>,MAT,85978,OK,1999,Ortega Gómez et al. (2019),2000-02-26,10,350,precip_mm,21.60680423060938,61.35893566173589,21.60680423060938
25,episodes,1.0,2000-11-08,0.0,225,0.0,2,25,>=,EST,85978,OK,2000,Li et al. 2025a,2000-10-31,34,225,tmax_c,21.60680423060938,0,0
25,episodes,1.0,2001-01-04,1.0,725,1.0,2,25,>=,VEG,85978,OK,2000,Li et al. 2025a,2000-12-07,34.6,725,tmax_c,21.60680423060938,21.60680423060938,21.60680423060938
25,episodes,1.0,2001-01-21,1.0,250,1.0,2,25,>=,REP,85978,OK,2000,Li et al. (2025b),2001-01-12,33.7,250,tmax_c,21.60680423060938,21.60680423060938,21.60680423060938
25,episodes,1.0,2001-01-11,1.0,175,1.0,2,25,>=,FLO,85978,OK,2000,Li et al. (2025b),2001-01-05,33.7,175,tmax_c,21.60680423060938,21.60680423060938,21.60680423060938
25,episodes,1.0,2001-02-25,1.0,875,2.8798780421849264,2,25,>=,FIL,85978,OK,2000,Li et al. (2025b),2001-01-22,32.7,875,tmax_c,21.60680423060938,62.224961065520326,21.60680423060938
25,days,1.0,2001-03-10,0.0,325,0.0,1,25,>,MAT,85978,OK,2000,Ortega Gómez et al. (2019),2001-02-26,10,325,precip_mm,21.60680423060938,0,0
25,episodes,1.0,2005-11-08,0.0,225,0.0,2,25,>=,EST,85978,OK,2005,Li et al. 2025a,2005-10-31,34,225,tmax_c,21.60680423060938,0,0
25,episodes,1.0,2006-01-04,1.0,725,3.9599998781527663,2,25,>=,VEG,85978,OK,2005,Li et al. 2025a,2005-12-07,34.6,725,tmax_c,21.60680423060938,85.56294212048383,21.60680423060938
25,episodes,1.0,2006-01-21,1.0,250,1.6405285243984815,2,25,>=,REP,85978,OK,2005,Li et al. (2025b),2006-01-12,33.7,250,tmax_c,21.60680423060938,35.44657866140847,21.60680423060938
25,episodes,1.0,2006-01-11,1.0,175,1.1597967776319142,2,25,>=,FLO,85978,OK,2005,Li et al. (2025b),2006-01-05,33.7,175,tmax_c,21.60680423060938,25.05950192158437,21.60680423060938
25,episodes,1.0,2006-02-25,1.0,875,3.0000000000000018,2,25,>=,FIL,85978,OK,2005,Li et al. (2025b),2006-01-22,32.7,875,tmax_c,21.60680423060938,64.82041269182818,21.60680423060938
25,days,1.0,2006-03-10,0.0,325,0.0,1,25,>,MAT,85978,OK,2005,Ortega Gómez et al. (2019),2006-02-26,10,325,precip_mm,21.60680423060938,0,0
25,episodes,1.0,2006-11-08,0.0,225,0.0,2,25,>=,EST,85978,OK,2006,Li et al. 2025a,2006-10-31,34,225,tmax_c,21.60680423060938,0,0
25,episodes,1.0,2007-01-04,1.0,725,1.319389723783458,2,25,>=,VEG,85978,OK,2006,Li et al. 2025a,2006-12-07,34.6,725,tmax_c,21.60680423060938,28.507795465666963,21.60680423060938
25,episodes,1.0,2007-01-21,1.0,250,2.0,2,25,>=,REP,85978,OK,2006,Li et al. (2025b),2007-01-12,33.7,250,tmax_c,21.60680423060938,43.21360846121876,21.60680423060938
25,episodes,1.0,2007-01-11,1.0,175,1.0,2,25,>=,FLO,85978,OK,2006,Li et al. (2025b),2007-01-05,33.7,175,tmax_c,21.60680423060938,21.60680423060938,21.60680423060938
25,episodes,1.0,2007-02-25,1.0,875,3.0000000000000018,2,25,>=,FIL,85978,OK,2006,Li et al. (2025b),2007-01-22,32.7,875,tmax_c,21.60680423060938,64.82041269182818,21.60680423060938
25,days,1.0,2007-03-10,0.639431513422784,325,1.0789440477041852,1,25,>,MAT,85978,OK,2006,Ortega Gómez et al. (2019),2007-02-26,10,325,precip_mm,21.60680423060938,23.312532814525596,13.816071529408369
25,episodes,1.0,2007-11-08,0.0,225,0.0,2,25,>=,EST,85978,OK,2007,Li et al. 2025a,2007-10-31,34,225,tmax_c,21.60680423060938,0,0
25,episodes,1.0,2008-01-04,0.0,725,0.0,2,25,>=,VEG,85978,OK,2007,Li et al. 2025a,2007-12-07,34.6,725,tmax_c,21.60680423060938,0,0
25,episodes,1.0,2008-01-21,1.0,250,1.0,2,25,>=,REP,85978,OK,2007,Li et al. (2025b),2008-01-12,33.7,250,tmax_c,21.60680423060938,21.60680423060938,21.60680423060938
25,episodes,1.0,2008-01-11,0.47979702132630775,175,0.47979702132630775,2,25,>=,FLO,85978,OK,2007,Li et al. (2025b),2008-01-05,33.7,175,tmax_c,21.60680423060938,10.366880310227046,10.366880310227046
25,episodes,1.0,2008-02-25,1.0,875,1.160122079662309,2,25,>=,FIL,85978,OK,2007,Li et al. (2025b),2008-01-22,32.7,875,tmax_c,21.60680423060938,25.06653065887093,21.60680423060938
25,days,1.0,2008-03-10,0.8397158786204568,350,0.8397158786204568,1,25,>,MAT,85978,OK,2007,Ortega Gómez et al. (2019),2008-02-26,10,350,precip_mm,21.60680423060938,18.14357659868636,18.14357659868636
25,episodes,1.0,2008-11-08,0.0,225,0.0,2,25,>=,EST,85978,OK,2008,Li et al. 2025a,2008-10-31,34,225,tmax_c,21.60680423060938,0,0
25,episodes,1.0,2009-01-04,0.39999999999999997,725,0.44008114270585086,2,25,>=,VEG,85978,OK,2008,Li et al. 2025a,2008-12-07,34.6,725,tmax_c,21.60680423060938,9.50874709602819,8.642721692243752
25,episodes,1.0,2009-01-21,1.0,250,1.0,2,25,>=,REP,85978,OK,2008,Li et al. (2025b),2009-01-12,33.7,250,tmax_c,21.60680423060938,21.60680423060938,21.60680423060938
25,episodes,1.0,2009-01-11,1.0,175,1.0,2,25,>=,FLO,85978,OK,2008,Li et al. (2025b),2009-01-05,33.7,175,tmax_c,21.60680423060938,21.60680423060938,21.60680423060938
25,episodes,1.0,2009-02-25,1.0,875,1.0,2,25,>=,FIL,85978,OK,2008,Li et al. (2025b),2009-01-22,32.7,875,tmax_c,21.60680423060938,21.60680423060938,21.60680423060938
25,days,1.0,2009-03-10,0.0,325,0.0,1,25,>,MAT,85978,OK,2008,Ortega Gómez et al. (2019),2009-02-26,10,325,precip_mm,21.60680423060938,0,0
25,episodes,1.0,2005-11-08,0.0,225,0.0,2,25,>=,EST,85981,OK,2005,Li et al. 2025a,2005-10-31,34,225,tmax_c,21.60680423060938,0,0
25,episodes,1.0,2006-01-04,0.7201214704262138,725,1.0800802897753619,2,25,>=,VEG,85981,OK,2005,Li et al. 2025a,2005-12-07,34.6,725,tmax_c,21.60680423060938,23.337083374516094,15.559523633757763
25,episodes,1.0,2006-01-21,0.0,250,0.0,2,25,>=,REP,85981,OK,2005,Li et al. (2025b),2006-01-12,33.7,250,tmax_c,21.60680423060938,0,0
25,episodes,1.0,2006-01-11,0.0,175,0.0,2,25,>=,FLO,85981,OK,2005,Li et al. (2025b),2006-01-05,33.7,175,tmax_c,21.60680423060938,0,0
25,episodes,1.0,2006-02-25,1.0,875,1.0,2,25,>=,FIL,85981,OK,2005,Li et al. (2025b),2006-01-22,32.7,875,tmax_c,21.60680423060938,21.60680423060938,21.60680423060938
25,days,1.0,2006-03-10,0.7196343702492423,325,0.7997562062170835,1,25,>,MAT,85981,OK,2005,Ortega Gómez et al. (2019),2006-02-26,10,325,precip_mm,21.60680423060938,17.28017577994739,15.548998955593245
25,episodes,1.0,2006-11-08,0.0,225,0.0,2,25,>=,EST,85981,OK,2006,Li et al. 2025a,2006-10-31,34,225,tmax_c,21.60680423060938,0,0
25,episodes,1.0,2007-01-04,0.0,725,0.0,2,25,>=,VEG,85981,OK,2006,Li et al. 2025a,2006-12-07,34.6,725,tmax_c,21.60680423060938,0,0
25,episodes,1.0,2007-01-21,0.840081142705851,250,0.840081142705851,2,25,>=,REP,85981,OK,2006,Li et al. (2025b),2007-01-12,33.7,250,tmax_c,21.60680423060938,18.151468788271945,18.151468788271945
25,episodes,1.0,2007-01-11,0.0,175,0.0,2,25,>=,FLO,85981,OK,2006,Li et al. (2025b),2007-01-05,33.7,175,tmax_c,21.60680423060938,0,0
25,episodes,1.0,2007-02-25,0.7200404495675966,875,1.8799177606692663,2,25,>=,FIL,85981,OK,2006,Li et al. (2025b),2007-01-22,32.7,875,tmax_c,21.60680423060938,40.61901502442642,15.557773031927027
25,days,1.0,2007-03-10,1.0,325,1.799634735914606,1,25,>,MAT,85981,OK,2006,Ortega Gómez et al. (2019),2007-02-26,10,325,precip_mm,21.60680423060938,38.88435542551131,21.60680423060938
25,episodes,1.0,2007-11-08,0.0,225,0.0,2,25,>=,EST,85981,OK,2007,Li et al. 2025a,2007-10-31,34,225,tmax_c,21.60680423060938,0,0
25,episodes,1.0,2008-01-04,0.0,725,0.0,2,25,>=,VEG,85981,OK,2007,Li et al. 2025a,2007-12-07,34.6,725,tmax_c,21.60680423060938,0,0
25,episodes,1.0,2008-01-21,0.0,250,0.0,2,25,>=,REP,85981,OK,2007,Li et al. (2025b),2008-01-12,33.7,250,tmax_c,21.60680423060938,0,0
25,episodes,1.0,2008-01-11,0.0,175,0.0,2,25,>=,FLO,85981,OK,2007,Li et al. (2025b),2008-01-05,33.7,175,tmax_c,21.60680423060938,0,0
25,episodes,1.0,2008-02-25,0.0,875,0.0,2,25,>=,FIL,85981,OK,2007,Li et al. (2025b),2008-01-22,32.7,875,tmax_c,21.60680423060938,0,0
25,days,1.0,2008-03-10,0.7196343702492423,350,0.7196343702492423,1,25,>,MAT,85981,OK,2007,Ortega Gómez et al. (2019),2008-02-26,10,350,precip_mm,21.60680423060938,15.548998955593245,15.548998955593245
25,episodes,1.0,2008-11-08,0.0,225,0.0,2,25,>=,EST,85981,OK,2008,Li et al. 2025a,2008-10-31,34,225,tmax_c,21.60680423060938,0,0
25,episodes,1.0,2009-01-04,0.0,725,0.0,2,25,>=,VEG,85981,OK,2008,Li et al. 2025a,2008-12-07,34.6,725,tmax_c,21.60680423060938,0,0
25,episodes,1.0,2009-01-21,0.0,250,0.0,2,25,>=,REP,85981,OK,2008,Li et al. (2025b),2009-01-12,33.7,250,tmax_c,21.60680423060938,0,0
25,episodes,1.0,2009-01-11,0.0,175,0.0,2,25,>=,FLO,85981,OK,2008,Li et al. (2025b),2009-01-05,33.7,175,tmax_c,21.60680423060938,0,0
25,episodes,1.0,2009-02-25,1.0,875,1.0,2,25,>=,FIL,85981,OK,2008,Li et al. (2025b),2009-01-22,32.7,875,tmax_c,21.60680423060938,21.60680423060938,21.60680423060938
25,days,1.0,2009-03-10,0.0,325,0.0,1,25,>,MAT,85981,OK,2008,Ortega Gómez et al. (2019),2009-02-26,10,325,precip_mm,21.60680423060938,0,0
25,episodes,1.0,1981-10-27,0.0,400,0.0,2,25,>=,EST,85738,OK,1981,Li et al. 2025a,1981-10-12,34,400,tmax_c,21.60680423060938,0,0
25,episodes,1.0,1982-01-31,0.0,1225,0.0,2,25,>=,VEG,85738,OK,1981,Li et al. 2025a,1981-12-14,34.6,1225,tmax_c,21.60680423060938,0,0
25,episodes,1.0,1982-03-02,0.0,400,0.0,2,25,>=,REP,85738,OK,1981,Li et al. (2025b),1982-02-15,33.7,400,tmax_c,21.60680423060938,0,0
25,episodes,1.0,1982-02-14,0.0,350,0.0,2,25,>=,FLO,85738,OK,1981,Li et al. (2025b),1982-02-01,33.7,350,tmax_c,21.60680423060938,0,0
25,episodes,1.0,1982-05-01,0.0,1500,0.0,2,25,>=,FIL,85738,OK,1981,Li et al. (2025b),1982-03-03,32.7,1500,tmax_c,21.60680423060938,0,0
25,days,1.0,1982-05-24,0.0,575,0.0,1,25,>,MAT,85738,OK,1981,Ortega Gómez et al. (2019),1982-05-02,10,575,precip_mm,21.60680423060938,0,0
25,episodes,1.0,1982-10-27,0.0,400,0.0,2,25,>=,EST,85738,OK,1982,Li et al. 2025a,1982-10-12,34,400,tmax_c,21.60680423060938,0,0
25,episodes,1.0,1983-01-31,0.0,1225,0.0,2,25,>=,VEG,85738,OK,1982,Li et al. 2025a,1982-12-14,34.6,1225,tmax_c,21.60680423060938,0,0
25,episodes,1.0,1983-03-02,0.0,400,0.0,2,25,>=,REP,85738,OK,1982,Li et al. (2025b),1983-02-15,33.7,400,tmax_c,21.60680423060938,0,0
25,episodes,1.0,1983-02-14,0.0,350,0.0,2,25,>=,FLO,85738,OK,1982,Li et al. (2025b),1983-02-01,33.7,350,tmax_c,21.60680423060938,0,0
25,episodes,1.0,1983-05-01,0.0,1500,0.0,2,25,>=,FIL,85738,OK,1982,Li et al. (2025b),1983-03-03,32.7,1500,tmax_c,21.60680423060938,0,0
25,days,1.0,1983-05-24,0.8403255456009783,575,0.8403255456009783,1,25,>,MAT,85738,OK,1982,Ortega Gómez et al. (2019),1983-05-02,10,575,precip_mm,21.60680423060938,18.156749553780354,18.156749553780354
25,episodes,1.0,1983-10-27,0.0,400,0.0,2,25,>=,EST,85738,OK,1983,Li et al. 2025a,1983-10-12,34,400,tmax_c,21.60680423060938,0,0
25,episodes,1.0,1984-01-31,0.0,1225,0.0,2,25,>=,VEG,85738,OK,1983,Li et al. 2025a,1983-12-14,34.6,1225,tmax_c,21.60680423060938,0,0
25,episodes,1.0,1984-03-02,0.0,425,0.0,2,25,>=,REP,85738,OK,1983,Li et al. (2025b),1984-02-15,33.7,425,tmax_c,21.60680423060938,0,0
25,episodes,1.0,1984-02-14,0.0,350,0.0,2,25,>=,FLO,85738,OK,1983,Li et al. (2025b),1984-02-01,33.7,350,tmax_c,21.60680423060938,0,0
25,episodes,1.0,1984-05-01,0.0,1500,0.0,2,25,>=,FIL,85738,OK,1983,Li et al. (2025b),1984-03-03,32.7,1500,tmax_c,21.60680423060938,0,0
25,days,1.0,1984-05-24,0.0,575,0.0,1,25,>,MAT,85738,OK,1983,Ortega Gómez et al. (2019),1984-05-02,10,575,precip_mm,21.60680423060938,0,0
25,episodes,1.0,1984-10-27,0.0,400,0.0,2,25,>=,EST,85738,OK,1984,Li et al. 2025a,1984-10-12,34,400,tmax_c,21.60680423060938,0,0
25,episodes,1.0,1985-01-31,0.0,1225,0.0,2,25,>=,VEG,85738,OK,1984,Li et al. 2025a,1984-12-14,34.6,1225,tmax_c,21.60680423060938,0,0
25,episodes,1.0,1985-03-02,0.0,400,0.0,2,25,>=,REP,85738,OK,1984,Li et al. (2025b),1985-02-15,33.7,400,tmax_c,21.60680423060938,0,0
25,episodes,1.0,1985-02-14,0.0,350,0.0,2,25,>=,FLO,85738,OK,1984,Li et al. (2025b),1985-02-01,33.7,350,tmax_c,21.60680423060938,0,0
25,episodes,1.0,1985-05-01,0.0,1500,0.0,2,25,>=,FIL,85738,OK,1984,Li et al. (2025b),1985-03-03,32.7,1500,tmax_c,21.60680423060938,0,0
25,days,1.0,1985-05-24,0.04008114270585094,575,0.04008114270585094,1,25,>,MAT,85738,OK,1984,Ortega Gómez et al. (2019),1985-05-02,10,575,precip_mm,21.60680423060938,0.8660254037844385,0.8660254037844385
25,episodes,1.0,2013-11-08,0.0,225,0.0,2,25,>=,EST,85980,OK,2013,Li et al. 2025a,2013-10-31,34,225,tmax_c,21.60680423060938,0,0
25,episodes,1.0,2014-01-04,0.9201219578150752,725,1.6007302846001314,2,25,>=,VEG,85980,OK,2013,Li et al. 2025a,2013-12-07,34.6,725,tmax_c,21.60680423060938,34.58666588536268,19.880895010795353
25,episodes,1.0,2014-01-21,0.9600405714148306,250,1.000081264676821,2,25,>=,REP,85980,OK,2013,Li et al. (2025b),2014-01-12,33.7,250,tmax_c,21.60680423060938,21.608560100572316,20.74340868000261
25,episodes,1.0,2014-01-11,0.36032432725274627,175,0.36032432725274627,2,25,>=,FLO,85980,OK,2013,Li et al. (2025b),2014-01-05,33.7,175,tmax_c,21.60680423060938,7.7854571984761165,7.7854571984761165
25,episodes,1.0,2014-02-25,0.9600405714148306,875,2.1604465287622903,2,25,>=,FIL,85980,OK,2013,Li et al. (2025b),2014-01-22,32.7,875,tmax_c,21.60680423060938,46.680345197666405,20.74340868000261
25,days,1.0,2014-03-10,0.0,325,0.0,1,25,>,MAT,85980,OK,2013,Ortega Gómez et al. (2019),2014-02-26,10,325,precip_mm,21.60680423060938,0,0
25,episodes,1.0,2014-11-08,0.03991861359975546,225,0.03991861359975546,2,25,>=,EST,85980,OK,2014,Li et al. 2025a,2014-10-31,34,225,tmax_c,21.60680423060938,0.8625136692072575,0.8625136692072575
25,episodes,1.0,2015-01-04,0.32028363399075593,725,0.32028363399075593,2,25,>=,VEG,85980,OK,2014,Li et al. 2025a,2014-12-07,34.6,725,tmax_c,21.60680423060938,6.920305777906412,6.920305777906412
25,episodes,1.0,2015-01-21,0.03991861359975546,250,0.03991861359975546,2,25,>=,REP,85980,OK,2014,Li et al. (2025b),2015-01-12,33.7,250,tmax_c,21.60680423060938,0.8625136692072575,0.8625136692072575
25,episodes,1.0,2015-01-11,0.0,175,0.0,2,25,>=,FLO,85980,OK,2014,Li et al. (2025b),2015-01-05,33.7,175,tmax_c,21.60680423060938,0,0
25,episodes,1.0,2015-02-25,0.40028375583791564,875,0.880404373333789,2,25,>=,FIL,85980,OK,2014,Li et al. (2025b),2015-01-22,32.7,875,tmax_c,21.60680423060938,19.022724938395513,8.648852749082888
25,days,1.0,2015-03-10,0.6,325,0.6,1,25,>,MAT,85980,OK,2014,Ortega Gómez et al. (2019),2015-02-26,10,325,precip_mm,21.60680423060938,12.964082538365627,12.964082538365627
25,episodes,1.0,2015-11-08,0.0,225,0.0,2,25,>=,EST,85980,OK,2015,Li et al. 2025a,2015-10-31,34,225,tmax_c,21.60680423060938,0,0
25,episodes,1.0,2016-01-04,0.0,725,0.0,2,25,>=,VEG,85980,OK,2015,Li et al. 2025a,2015-12-07,34.6,725,tmax_c,21.60680423060938,0,0
25,episodes,1.0,2016-01-21,0.6004060793183543,250,0.6802433065178654,2,25,>=,REP,85980,OK,2015,Li et al. (2025b),2016-01-12,33.7,250,tmax_c,21.60680423060938,14.697883953113926,12.97285661469941
25,episodes,1.0,2016-01-11,0.0,175,0.0,2,25,>=,FLO,85980,OK,2015,Li et al. (2025b),2016-01-05,33.7,175,tmax_c,21.60680423060938,0,0
25,episodes,1.0,2016-02-25,0.7202842433505131,875,1.160486612788184,2,25,>=,FIL,85980,OK,2015,Li et al. (2025b),2016-01-22,32.7,875,tmax_c,21.60680423060938,25.074407054757287,15.563040636467143
25,days,1.0,2016-03-10,0.0,350,0.0,1,25,>,MAT,85980,OK,2015,Ortega Gómez et al. (2019),2016-02-26,10,350,precip_mm,21.60680423060938,0,0
25,episodes,1.0,2016-11-08,0.0,225,0.0,2,25,>=,EST,85980,OK,2016,Li et al. 2025a,2016-10-31,34,225,tmax_c,21.60680423060938,0,0
25,episodes,1.0,2017-01-04,0.7202842433505131,725,0.7602028569502687,2,25,>=,VEG,85980,OK,2016,Li et al. 2025a,2016-12-07,34.6,725,tmax_c,21.60680423060938,16.425554305674403,15.563040636467143
25,episodes,1.0,2017-01-21,1.0,250,1.4005281589805891,2,25,>=,REP,85980,OK,2016,Li et al. (2025b),2017-01-12,33.7,250,tmax_c,21.60680423060938,30.26093775054936,21.60680423060938
25,episodes,1.0,2017-01-11,0.6802841215032791,175,0.6802841215032791,2,25,>=,FLO,85980,OK,2016,Li et al. (2025b),2017-01-05,33.7,175,tmax_c,21.60680423060938,14.698765834513438,14.698765834513438
25,episodes,1.0,2017-02-25,1.0,875,3.6001621635645424,2,25,>=,FIL,85980,OK,2016,Li et al. (2025b),2017-01-22,32.7,875,tmax_c,21.60680423060938,77.78799906658618,21.60680423060938
25,days,1.0,2017-03-10,1.0,325,1.0,1,25,>,MAT,85980,OK,2016,Ortega Gómez et al. (2019),2017-02-26,10,325,precip_mm,21.60680423060938,21.60680423060938,21.60680423060938
25,episodes,1.0,1989-11-08,0.0,225,0.0,2,25,>=,EST,85980,OK,1989,Li et al. 2025a,1989-10-31,34,225,tmax_c,21.60680423060938,0,0
25,episodes,1.0,1990-01-04,0.760284365197747,725,0.760284365197747,2,25,>=,VEG,85980,OK,1989,Li et al. 2025a,1989-12-07,34.6,725,tmax_c,21.60680423060938,16.427315438420848,16.427315438420848
25,episodes,1.0,1990-01-21,0.03991861359975546,250,0.03991861359975546,2,25,>=,REP,85980,OK,1989,Li et al. (2025b),1990-01-12,33.7,250,tmax_c,21.60680423060938,0.8625136692072574,0.8625136692072574
25,episodes,1.0,1990-01-11,0.32020236931393503,175,0.32020236931393503,2,25,>=,FLO,85980,OK,1989,Li et al. (2025b),1990-01-05,33.7,175,tmax_c,21.60680423060938,6.918549907943479,6.918549907943479
25,episodes,1.0,1990-02-25,0.9600405714148306,875,0.9600405714148306,2,25,>=,FIL,85980,OK,1989,Li et al. (2025b),1990-01-22,32.7,875,tmax_c,21.60680423060938,20.74340868000261,20.74340868000261
25,days,1.0,1990-03-10,0.0,325,0.0,1,25,>,MAT,85980,OK,1989,Ortega Gómez et al. (2019),1990-02-26,10,325,precip_mm,21.60680423060938,0,0
25,episodes,1.0,1990-11-08,0.0,225,0.0,2,25,>=,EST,85980,OK,1990,Li et al. 2025a,1990-10-31,34,225,tmax_c,21.60680423060938,0,0
25,episodes,1.0,1991-01-04,0.7202842433505131,725,1.0004461632206616,2,25,>=,VEG,85980,OK,1990,Li et al. 2025a,1990-12-07,34.6,725,tmax_c,21.60680423060938,21.616444391973115,15.563040636467143
25,episodes,1.0,1991-01-21,0.0,250,0.0,2,25,>=,REP,85980,OK,1990,Li et al. (2025b),1991-01-12,33.7,250,tmax_c,21.60680423060938,0,0
25,episodes,1.0,1991-01-11,0.0,175,0.0,2,25,>=,FLO,85980,OK,1990,Li et al. (2025b),1991-01-05,33.7,175,tmax_c,21.60680423060938,0,0
25,episodes,1.0,1991-02-25,0.03991861359975546,875,0.03991861359975546,2,25,>=,FIL,85980,OK,1990,Li et al. (2025b),1991-01-22,32.7,875,tmax_c,21.60680423060938,0.8625136692072575,0.8625136692072575
25,days,1.0,1991-03-10,0.0,325,0.0,1,25,>,MAT,85980,OK,1990,Ortega Gómez et al. (2019),1991-02-26,10,325,precip_mm,21.60680423060938,0,0
25,episodes,1.0,1991-11-08,0.0,225,0.0,2,25,>=,EST,85980,OK,1991,Li et al. 2025a,1991-10-31,34,225,tmax_c,21.60680423060938,0,0
25,episodes,1.0,1992-01-04,0.03991861359975546,725,0.03991861359975546,2,25,>=,VEG,85980,OK,1991,Li et al. 2025a,1991-12-07,34.6,725,tmax_c,21.60680423060938,0.8625136692072575,0.8625136692072575
25,episodes,1.0,1992-01-21,0.6003245710708758,250,0.6803243273764823,2,25,>=,REP,85980,OK,1991,Li et al. (2025b),1992-01-12,33.7,250,tmax_c,21.60680423060938,14.699634554944659,12.971095481952961
25,episodes,1.0,1992-01-11,0.0,175,0.0,2,25,>=,FLO,85980,OK,1991,Li et al. (2025b),1992-01-05,33.7,175,tmax_c,21.60680423060938,0,0
25,episodes,1.0,1992-02-25,0.1601620417173083,875,0.2800804116226701,2,25,>=,FIL,85980,OK,1991,Li et al. (2025b),1992-01-22,32.7,875,tmax_c,21.60680423060938,6.051642622759526,3.460589880560573
25,days,1.0,1992-03-10,0.0,350,0.0,1,25,>,MAT,85980,OK,1991,Ortega Gómez et al. (2019),1992-02-26,10,350,precip_mm,21.60680423060938,0,0
25,episodes,1.0,1992-11-08,0.0,225,0.0,2,25,>=,EST,85980,OK,1992,Li et al. 2025a,1992-10-31,34,225,tmax_c,21.60680423060938,0,0
25,episodes,1.0,1993-01-04,0.0,725,0.0,2,25,>=,VEG,85980,OK,1992,Li et al. 2025a,1992-12-07,34.6,725,tmax_c,21.60680423060938,0,0
25,episodes,1.0,1993-01-21,0.4803245709471398,250,0.5204057136529907,2,25,>=,REP,85980,OK,1992,Li et al. (2025b),1993-01-12,33.7,250,tmax_c,21.60680423060938,11.244304375390733,10.378278971606296
25,episodes,1.0,1993-01-11,0.0,175,0.0,2,25,>=,FLO,85980,OK,1992,Li et al. (2025b),1993-01-05,33.7,175,tmax_c,21.60680423060938,0,0
25,episodes,1.0,1993-02-25,0.9600405714148306,875,2.1208119149422417,2,25,>=,FIL,85980,OK,1992,Li et al. (2025b),1993-01-22,32.7,875,tmax_c,21.60680423060938,45.823967856100815,20.74340868000261
25,days,1.0,1993-03-10,0.0,325,0.0,1,25,>,MAT,85980,OK,1992,Ortega Gómez et al. (2019),1993-02-26,10,325,precip_mm,21.60680423060938,0,0
25,episodes,1.0,2009-11-08,0.0,225,0.0,2,25,>=,EST,85980,OK,2009,Li et al. 2025a,2009-10-31,34,225,tmax_c,21.60680423060938,0,0
25,episodes,1.0,2010-01-04,0.7602028569502685,725,0.8400400841497795,2,25,>=,VEG,85980,OK,2009,Li et al. 2025a,2009-12-07,34.6,725,tmax_c,21.60680423060938,18.150581644088916,16.4255543056744
25,episodes,1.0,2010-01-21,0.0,250,0.0,2,25,>=,REP,85980,OK,2009,Li et al. (2025b),2010-01-12,33.7,250,tmax_c,21.60680423060938,0,0
25,episodes,1.0,2010-01-11,0.03991861359975546,175,0.03991861359975546,2,25,>=,FLO,85980,OK,2009,Li et al. (2025b),2010-01-05,33.7,175,tmax_c,21.60680423060938,0.8625136692072574,0.8625136692072574
25,episodes,1.0,2010-02-25,0.7602028569502685,875,0.7602028569502685,2,25,>=,FIL,85980,OK,2009,Li et al. (2025b),2010-01-22,32.7,875,tmax_c,21.60680423060938,16.4255543056744,16.4255543056744
25,days,1.0,2010-03-10,1.0,325,1.4006900787269276,1,25,>,MAT,85980,OK,2009,Ortega Gómez et al. (2019),2010-02-26,10,325,precip_mm,21.60680423060938,30.264436318809565,21.60680423060938
25,episodes,1.0,2010-11-08,0.0,225,0.0,2,25,>=,EST,85980,OK,2010,Li et al. 2025a,2010-10-31,34,225,tmax_c,21.60680423060938,0,0
25,episodes,1.0,2011-01-04,0.0,725,0.0,2,25,>=,VEG,85980,OK,2010,Li et al. 2025a,2010-12-07,34.6,725,tmax_c,21.60680423060938,0,0
25,episodes,1.0,2011-01-21,0.0,250,0.0,2,25,>=,REP,85980,OK,2010,Li et al. (2025b),2011-01-12,33.7,250,tmax_c,21.60680423060938,0,0
25,episodes,1.0,2011-01-11,0.0,175,0.0,2,25,>=,FLO,85980,OK,2010,Li et al. (2025b),2011-01-05,33.7,175,tmax_c,21.60680423060938,0,0
25,episodes,1.0,2011-02-25,1.0,875,1.8001214705500241,2,25,>=,FIL,85980,OK,2010,Li et al. (2025b),2011-01-22,32.7,875,tmax_c,21.60680423060938,38.89487220549104,21.60680423060938
25,days,1.0,2011-03-10,0.4404877094130667,325,0.4404877094130667,1,25,>,MAT,85980,OK,2010,Ortega Gómez et al. (2019),2011-02-26,10,325,precip_mm,21.60680423060938,9.517531703277685,9.517531703277685
25,episodes,1.0,2011-11-08,0.0,225,0.0,2,25,>=,EST,85980,OK,2011,Li et al. 2025a,2011-10-31,34,225,tmax_c,21.60680423060938,0,0
25,episodes,1.0,2012-01-04,0.0,725,0.0,2,25,>=,VEG,85980,OK,2011,Li et al. 2025a,2011-12-07,34.6,725,tmax_c,21.60680423060938,0,0
25,episodes,1.0,2012-01-21,0.0,250,0.0,2,25,>=,REP,85980,OK,2011,Li et al. (2025b),2012-01-12,33.7,250,tmax_c,21.60680423060938,0,0
25,episodes,1.0,2012-01-11,0.0,175,0.0,2,25,>=,FLO,85980,OK,2011,Li et al. (2025b),2012-01-05,33.7,175,tmax_c,21.60680423060938,0,0
25,episodes,1.0,2012-02-25,0.0,875,0.0,2,25,>=,FIL,85980,OK,2011,Li et al. (2025b),2012-01-22,32.7,875,tmax_c,21.60680423060938,0,0
25,days,1.0,2012-03-10,0.7200817519418721,350,0.7200817519418721,1,25,>,MAT,85980,OK,2011,Ortega Gómez et al. (2019),2012-02-26,10,350,precip_mm,21.60680423060938,15.558665444242257,15.558665444242257
25,episodes,1.0,2012-11-08,0.0,225,0.0,2,25,>=,EST,85980,OK,2012,Li et al. 2025a,2012-10-31,34,225,tmax_c,21.60680423060938,0,0
25,episodes,1.0,2013-01-04,0.36032432725274627,725,0.40024294085250167,2,25,>=,VEG,85980,OK,2012,Li et al. 2025a,2012-12-07,34.6,725,tmax_c,21.60680423060938,8.647970867683373,7.7854571984761165
25,episodes,1.0,2013-01-21,1.0,250,1.6004060793183548,2,25,>=,REP,85980,OK,2012,Li et al. (2025b),2013-01-12,33.7,250,tmax_c,21.60680423060938,34.5796608453088,21.60680423060938
25,episodes,1.0,2013-01-11,0.9201219578150752,175,1.0402436718119465,2,25,>=,FLO,85980,OK,2012,Li et al. (2025b),2013-01-05,33.7,175,tmax_c,21.60680423060938,22.476341368971003,19.880895010795353
25,episodes,1.0,2013-02-25,0.0,875,0.0,2,25,>=,FIL,85980,OK,2012,Li et al. (2025b),2013-01-22,32.7,875,tmax_c,21.60680423060938,0,0
25,days,1.0,2013-03-10,1.0,325,2.0399186135997556,1,25,>,MAT,85980,OK,2012,Ortega Gómez et al. (2019),2013-02-26,10,325,precip_mm,21.60680423060938,44.07612213042602,21.60680423060938
25,episodes,1.0,2013-11-08,0.0,225,0.0,2,25,>=,EST,85981,OK,2013,Li et al. 2025a,2013-10-31,34,225,tmax_c,21.60680423060938,0,0
25,episodes,1.0,2014-01-04,0.840081142705851,725,1.0003652640853942,2,25,>=,VEG,85981,OK,2013,Li et al. 2025a,2013-12-07,34.6,725,tmax_c,21.60680423060938,21.614696420194964,18.151468788271945
25,episodes,1.0,2014-01-21,0.9201219578150752,250,0.9201219578150752,2,25,>=,REP,85981,OK,2013,Li et al. (2025b),2014-01-12,33.7,250,tmax_c,21.60680423060938,19.880895010795353,19.880895010795353
25,episodes,1.0,2014-01-11,0.20036526408539404,175,0.20036526408539404,2,25,>=,FLO,85981,OK,2013,Li et al. (2025b),2014-01-05,33.7,175,tmax_c,21.60680423060938,4.329253035707458,4.329253035707458
25,episodes,1.0,2014-02-25,1.0,875,1.9201219578150754,2,25,>=,FIL,85981,OK,2013,Li et al. (2025b),2014-01-22,32.7,875,tmax_c,21.60680423060938,41.48769924140474,21.60680423060938
25,days,1.0,2014-03-10,0.0,325,0.0,1,25,>,MAT,85981,OK,2013,Ortega Gómez et al. (2019),2014-02-26,10,325,precip_mm,21.60680423060938,0,0
25,episodes,1.0,2014-11-08,0.0,225,0.0,2,25,>=,EST,85981,OK,2014,Li et al. 2025a,2014-10-31,34,225,tmax_c,21.60680423060938,0,0
25,episodes,1.0,2015-01-04,0.0,725,0.0,2,25,>=,VEG,85981,OK,2014,Li et al. 2025a,2014-12-07,34.6,725,tmax_c,21.60680423060938,0,0
25,episodes,1.0,2015-01-21,0.0,250,0.0,2,25,>=,REP,85981,OK,2014,Li et al. (2025b),2015-01-12,33.7,250,tmax_c,21.60680423060938,0,0
25,episodes,1.0,2015-01-11,0.0,175,0.0,2,25,>=,FLO,85981,OK,2014,Li et al. (2025b),2015-01-05,33.7,175,tmax_c,21.60680423060938,0,0
25,episodes,1.0,2015-02-25,0.0,875,0.0,2,25,>=,FIL,85981,OK,2014,Li et al. (2025b),2015-01-22,32.7,875,tmax_c,21.60680423060938,0,0
25,days,1.0,2015-03-10,1.0,325,1.0,1,25,>,MAT,85981,OK,2014,Ortega Gómez et al. (2019),2015-02-26,10,325,precip_mm,21.60680423060938,21.60680423060938,21.60680423060938
25,episodes,1.0,2015-11-08,0.0,225,0.0,2,25,>=,EST,85981,OK,2015,Li et al. 2025a,2015-10-31,34,225,tmax_c,21.60680423060938,0,0
25,episodes,1.0,2016-01-04,0.0,725,0.0,2,25,>=,VEG,85981,OK,2015,Li et al. 2025a,2015-12-07,34.6,725,tmax_c,21.60680423060938,0,0
25,episodes,1.0,2016-01-21,0.44004008390223304,250,0.44004008390223304,2,25,>=,REP,85981,OK,2015,Li et al. (2025b),2016-01-12,33.7,250,tmax_c,21.60680423060938,9.507859946496476,9.507859946496476
25,episodes,1.0,2016-01-11,0.0,175,0.0,2,25,>=,FLO,85981,OK,2015,Li et al. (2025b),2016-01-05,33.7,175,tmax_c,21.60680423060938,0,0
25,episodes,1.0,2016-02-25,0.7201214704262138,875,0.7602026131320646,2,25,>=,FIL,85981,OK,2015,Li et al. (2025b),2016-01-22,32.7,875,tmax_c,21.60680423060938,16.4255490375422,15.559523633757763
25,days,1.0,2016-03-10,0.0,350,0.0,1,25,>,MAT,85981,OK,2015,Ortega Gómez et al. (2019),2016-02-26,10,350,precip_mm,21.60680423060938,0,0
25,episodes,1.0,2016-11-08,0.0,225,0.0,2,25,>=,EST,85981,OK,2016,Li et al. 2025a,2016-10-31,34,225,tmax_c,21.60680423060938,0,0
25,episodes,1.0,2017-01-04,0.6001215922733734,725,0.6001215922733734,2,25,>=,VEG,85981,OK,2016,Li et al. 2025a,2016-12-07,34.6,725,tmax_c,21.60680423060938,12.96670975881236,12.96670975881236
25,episodes,1.0,2017-01-21,0.9600405714148306,250,1.0802435500885228,2,25,>=,REP,85981,OK,2016,Li et al. (2025b),2017-01-12,33.7,250,tmax_c,21.60680423060938,23.34061090814119,20.74340868000261
25,episodes,1.0,2017-01-11,0.3598777984905313,175,0.3598777984905313,2,25,>=,FLO,85981,OK,2016,Li et al. (2025b),2017-01-05,33.7,175,tmax_c,21.60680423060938,7.775809138927602,7.775809138927602
25,episodes,1.0,2017-02-25,1.0,875,3.119999512734875,2,25,>=,FIL,85981,OK,2016,Li et al. (2025b),2017-01-22,32.7,875,tmax_c,21.60680423060938,67.4132186712591,21.60680423060938
25,days,1.0,2017-03-10,1.0,325,1.0,1,25,>,MAT,85981,OK,2016,Ortega Gómez et al. (2019),2017-02-26,10,325,precip_mm,21.60680423060938,21.60680423060938,21.60680423060938
25,episodes,1.0,1997-11-08,0.0,225,0.0,2,25,>=,EST,85980,OK,1997,Li et al. 2025a,1997-10-31,34,225,tmax_c,21.60680423060938,0,0
25,episodes,1.0,1998-01-04,0.03991861359975546,725,0.03991861359975546,2,25,>=,VEG,85980,OK,1997,Li et al. 2025a,1997-12-07,34.6,725,tmax_c,21.60680423060938,0.8625136692072575,0.8625136692072575
25,episodes,1.0,1998-01-21,0.0799997563056064,250,0.0799997563056064,2,25,>=,REP,85980,OK,1997,Li et al. (2025b),1998-01-12,33.7,250,tmax_c,21.60680423060938,1.7285390729916958,1.7285390729916958
25,episodes,1.0,1998-01-11,0.0,175,0.0,2,25,>=,FLO,85980,OK,1997,Li et al. (2025b),1998-01-05,33.7,175,tmax_c,21.60680423060938,0,0
25,episodes,1.0,1998-02-25,0.9200404495675967,875,1.4804457976789602,2,25,>=,FIL,85980,OK,1997,Li et al. (2025b),1998-01-22,32.7,875,tmax_c,21.60680423060938,31.987702524477637,19.879133878048904
25,days,1.0,1998-03-10,0.0,325,0.0,1,25,>,MAT,85980,OK,1997,Ortega Gómez et al. (2019),1998-02-26,10,325,precip_mm,21.60680423060938,0,0
25,episodes,1.0,1998-11-08,0.0,225,0.0,2,25,>=,EST,85980,OK,1998,Li et al. 2025a,1998-10-31,34,225,tmax_c,21.60680423060938,0,0
25,episodes,1.0,1999-01-04,0.0,725,0.0,2,25,>=,VEG,85980,OK,1998,Li et al. 2025a,1998-12-07,34.6,725,tmax_c,21.60680423060938,0,0
25,episodes,1.0,1999-01-21,0.07983722719951092,250,0.07983722719951092,2,25,>=,REP,85980,OK,1998,Li et al. (2025b),1999-01-12,33.7,250,tmax_c,21.60680423060938,1.7250273384145147,1.7250273384145147
25,episodes,1.0,1999-01-11,0.0,175,0.0,2,25,>=,FLO,85980,OK,1998,Li et al. (2025b),1999-01-05,33.7,175,tmax_c,21.60680423060938,0,0
25,episodes,1.0,1999-02-25,0.6003248146415335,875,0.6003248146415335,2,25,>=,FIL,85980,OK,1998,Li et al. (2025b),1999-01-22,32.7,875,tmax_c,21.60680423060938,12.971100744736479,12.971100744736479
25,days,1.0,1999-03-10,1.0,325,2.6802852180043524,1,25,>,MAT,85980,OK,1998,Ortega Gómez et al. (2019),1999-02-26,10,325,precip_mm,21.60680423060938,57.91239798761623,21.60680423060938
25,episodes,1.0,1999-11-08,0.0,225,0.0,2,25,>=,EST,85980,OK,1999,Li et al. 2025a,1999-10-31,34,225,tmax_c,21.60680423060938,0,0
25,episodes,1.0,2000-01-04,0.0,725,0.0,2,25,>=,VEG,85980,OK,1999,Li et al. 2025a,1999-12-07,34.6,725,tmax_c,21.60680423060938,0,0
25,episodes,1.0,2000-01-21,0.5604059574711204,250,0.5604059574711204,2,25,>=,REP,85980,OK,1999,Li et al. (2025b),2000-01-12,33.7,250,tmax_c,21.60680423060938,12.108581812745705,12.108581812745705
25,episodes,1.0,2000-01-11,0.0,175,0.0,2,25,>=,FLO,85980,OK,1999,Li et al. (2025b),2000-01-05,33.7,175,tmax_c,21.60680423060938,0,0
25,episodes,1.0,2000-02-25,0.03991861359975546,875,0.03991861359975546,2,25,>=,FIL,85980,OK,1999,Li et al. (2025b),2000-01-22,32.7,875,tmax_c,21.60680423060938,0.8625136692072575,0.8625136692072575
25,days,1.0,2000-03-10,1.0,350,2.8797970213263095,1,25,>,MAT,85980,OK,1999,Ortega Gómez et al. (2019),2000-02-26,10,350,precip_mm,21.60680423060938,62.2232104636896,21.60680423060938
25,episodes,1.0,2000-11-08,0.0,225,0.0,2,25,>=,EST,85980,OK,2000,Li et al. 2025a,2000-10-31,34,225,tmax_c,21.60680423060938,0,0
25,episodes,1.0,2001-01-04,0.0,725,0.0,2,25,>=,VEG,85980,OK,2000,Li et al. 2025a,2000-12-07,34.6,725,tmax_c,21.60680423060938,0,0
25,episodes,1.0,2001-01-21,0.9600405714148306,250,0.9600405714148306,2,25,>=,REP,85980,OK,2000,Li et al. (2025b),2001-01-12,33.7,250,tmax_c,21.60680423060938,20.74340868000261,20.74340868000261
25,episodes,1.0,2001-01-11,0.03991861359975546,175,0.03991861359975546,2,25,>=,FLO,85980,OK,2000,Li et al. (2025b),2001-01-05,33.7,175,tmax_c,21.60680423060938,0.8625136692072574,0.8625136692072574
25,episodes,1.0,2001-02-25,1.0,875,1.3597157567732971,2,25,>=,FIL,85980,OK,2000,Li et al. (2025b),2001-01-22,32.7,875,tmax_c,21.60680423060938,29.37911216587551,21.60680423060938
25,days,1.0,2001-03-10,0.6405285243984807,325,0.6405285243984807,1,25,>,MAT,85980,OK,2000,Ortega Gómez et al. (2019),2001-02-26,10,325,precip_mm,21.60680423060938,13.839774430799078,13.839774430799078
