complete_cells,count_unit,coverage_fraction,end,evaluated_area_fraction_with_event,expected_cell_days,mean_count_per_native_cell,min_days,native_cells,operator,phase,pixel_id,quality,season_year,source,start,threshold,valid_cell_days,variable,weight,weighted_count,weighted_exposed
25,episodes,1.0,2001-11-08,0.0,225,0.0,2,25,>=,EST,85983,OK,2001,Li et al. 2025a,2001-10-31,34,225,tmax_c,21.60680423060938,0,0
25,episodes,1.0,2002-01-04,0.0,725,0.0,2,25,>=,VEG,85983,OK,2001,Li et al. 2025a,2001-12-07,34.6,725,tmax_c,21.60680423060938,0,0
25,episodes,1.0,2002-01-21,0.0,250,0.0,2,25,>=,REP,85983,OK,2001,Li et al. (2025b),2002-01-12,33.7,250,tmax_c,21.60680423060938,0,0
25,episodes,1.0,2002-01-11,0.0,175,0.0,2,25,>=,FLO,85983,OK,2001,Li et al. (2025b),2002-01-05,33.7,175,tmax_c,21.60680423060938,0,0
25,episodes,1.0,2002-02-25,0.0,875,0.0,2,25,>=,FIL,85983,OK,2001,Li et al. (2025b),2002-01-22,32.7,875,tmax_c,21.60680423060938,0,0
25,days,1.0,2002-03-10,0.0,325,0.0,1,25,>,MAT,85983,OK,2001,Ortega Gómez et al. (2019),2002-02-26,10,325,precip_mm,21.60680423060938,0,0
25,episodes,1.0,2002-11-08,0.0,225,0.0,2,25,>=,EST,85983,OK,2002,Li et al. 2025a,2002-10-31,34,225,tmax_c,21.60680423060938,0,0
25,episodes,1.0,2003-01-04,0.0,725,0.0,2,25,>=,VEG,85983,OK,2002,Li et al. 2025a,2002-12-07,34.6,725,tmax_c,21.60680423060938,0,0
25,episodes,1.0,2003-01-21,0.0,250,0.0,2,25,>=,REP,85983,OK,2002,Li et al. (2025b),2003-01-12,33.7,250,tmax_c,21.60680423060938,0,0
25,episodes,1.0,2003-01-11,0.0,175,0.0,2,25,>=,FLO,85983,OK,2002,Li et al. (2025b),2003-01-05,33.7,175,tmax_c,21.60680423060938,0,0
25,episodes,1.0,2003-02-25,0.0,875,0.0,2,25,>=,FIL,85983,OK,2002,Li et al. (2025b),2003-01-22,32.7,875,tmax_c,21.60680423060938,0,0
25,days,1.0,2003-03-10,0.0,325,0.0,1,25,>,MAT,85983,OK,2002,Ortega Gómez et al. (2019),2003-02-26,10,325,precip_mm,21.60680423060938,0,0
25,episodes,1.0,2003-11-08,0.0,225,0.0,2,25,>=,EST,85983,OK,2003,Li et al. 2025a,2003-10-31,34,225,tmax_c,21.60680423060938,0,0
25,episodes,1.0,2004-01-04,0.0,725,0.0,2,25,>=,VEG,85983,OK,2003,Li et al. 2025a,2003-12-07,34.6,725,tmax_c,21.60680423060938,0,0
25,episodes,1.0,2004-01-21,0.0,250,0.0,2,25,>=,REP,85983,OK,2003,Li et al. (2025b),2004-01-12,33.7,250,tmax_c,21.60680423060938,0,0
25,episodes,1.0,2004-01-11,0.0,175,0.0,2,25,>=,FLO,85983,OK,2003,Li et al. (2025b),2004-01-05,33.7,175,tmax_c,21.60680423060938,0,0
25,episodes,1.0,2004-02-25,0.0,875,0.0,2,25,>=,FIL,85983,OK,2003,Li et al. (2025b),2004-01-22,32.7,875,tmax_c,21.60680423060938,0,0
25,days,1.0,2004-03-10,0.7999999999999999,350,0.7999999999999999,1,25,>,MAT,85983,OK,2003,Ortega Gómez et al. (2019),2004-02-26,10,350,precip_mm,21.60680423060938,17.285443384487504,17.285443384487504
25,episodes,1.0,2004-11-08,0.0,225,0.0,2,25,>=,EST,85983,OK,2004,Li et al. 2025a,2004-10-31,34,225,tmax_c,21.60680423060938,0,0
25,episodes,1.0,2005-01-04,0.0,725,0.0,2,25,>=,VEG,85983,OK,2004,Li et al. 2025a,2004-12-07,34.6,725,tmax_c,21.60680423060938,0,0
25,episodes,1.0,2005-01-21,0.0,250,0.0,2,25,>=,REP,85983,OK,2004,Li et al. (2025b),2005-01-12,33.7,250,tmax_c,21.60680423060938,0,0
25,episodes,1.0,2005-01-11,0.0,175,0.0,2,25,>=,FLO,85983,OK,2004,Li et al. (2025b),2005-01-05,33.7,175,tmax_c,21.60680423060938,0,0
25,episodes,1.0,2005-02-25,0.0,875,0.0,2,25,>=,FIL,85983,OK,2004,Li et al. (2025b),2005-01-22,32.7,875,tmax_c,21.60680423060938,0,0
25,days,1.0,2005-03-10,0.0,325,0.0,1,25,>,MAT,85983,OK,2004,Ortega Gómez et al. (2019),2005-02-26,10,325,precip_mm,21.60680423060938,0,0
25,episodes,1.0,2009-11-02,1.0,275,1.0,2,25,>=,EST,86277,OK,2009,Li et al. 2025a,2009-10-23,34,275,tmax_c,21.60680423060938,21.60680423060938,21.60680423060938
25,episodes,1.0,2010-01-07,0.0,850,0.0,2,25,>=,VEG,86277,OK,2009,Li et al. 2025a,2009-12-05,34.6,850,tmax_c,21.60680423060938,0,0
25,episodes,1.0,2010-01-27,0.0,275,0.0,2,25,>=,REP,86277,OK,2009,Li et al. (2025b),2010-01-17,33.7,275,tmax_c,21.60680423060938,0,0
25,episodes,1.0,2010-01-16,0.0,225,0.0,2,25,>=,FLO,86277,OK,2009,Li et al. (2025b),2010-01-08,33.7,225,tmax_c,21.60680423060938,0,0
25,episodes,1.0,2010-03-10,1.0,1050,3.5606906880867593,2,25,>=,FIL,86277,OK,2009,Li et al. (2025b),2010-01-28,32.7,1050,tmax_c,21.60680423060938,76.93514662324442,21.60680423060938
25,days,1.0,2010-03-25,1.0,375,3.4403655079035245,1,25,>,MAT,86277,OK,2009,Ortega Gómez et al. (2019),2010-03-11,10,375,precip_mm,21.60680423060938,74.33530401101247,21.60680423060938
25,episodes,1.0,2010-11-02,0.0,275,0.0,2,25,>=,EST,86277,OK,2010,Li et al. 2025a,2010-10-23,34,275,tmax_c,21.60680423060938,0,0
25,episodes,1.0,2011-01-07,0.03991861359975546,850,0.03991861359975546,2,25,>=,VEG,86277,OK,2010,Li et al. 2025a,2010-12-05,34.6,850,tmax_c,21.60680423060938,0.8625136692072575,0.8625136692072575
25,episodes,1.0,2011-01-27,0.07987804218492485,275,0.07987804218492485,2,25,>=,REP,86277,OK,2010,Li et al. (2025b),2011-01-17,33.7,275,tmax_c,21.60680423060938,1.725909219814029,1.725909219814029
25,episodes,1.0,2011-01-16,1.0,225,1.0,2,25,>=,FLO,86277,OK,2010,Li et al. (2025b),2011-01-08,33.7,225,tmax_c,21.60680423060938,21.60680423060938,21.60680423060938
25,episodes,1.0,2011-03-10,0.919837714588298,1050,0.919837714588298,2,25,>=,FIL,86277,OK,2010,Li et al. (2025b),2011-01-28,32.7,1050,tmax_c,21.60680423060938,19.874753423040502,19.874753423040502
25,days,1.0,2011-03-25,1.0,375,3.0000000000000018,1,25,>,MAT,86277,OK,2010,Ortega Gómez et al. (2019),2011-03-11,10,375,precip_mm,21.60680423060938,64.82041269182818,21.60680423060938
25,episodes,1.0,2011-11-02,0.0,275,0.0,2,25,>=,EST,86277,OK,2011,Li et al. 2025a,2011-10-23,34,275,tmax_c,21.60680423060938,0,0
25,episodes,1.0,2012-01-07,1.0,850,2.321016355658783,2,25,>=,VEG,86277,OK,2011,Li et al. 2025a,2011-12-05,34.6,850,tmax_c,21.60680423060938,50.14974601276176,21.60680423060938
25,episodes,1.0,2012-01-27,1.0,275,2.0,2,25,>=,REP,86277,OK,2011,Li et al. (2025b),2012-01-17,33.7,275,tmax_c,21.60680423060938,43.21360846121876,21.60680423060938
25,episodes,1.0,2012-01-16,1.0,225,1.0,2,25,>=,FLO,86277,OK,2011,Li et al. (2025b),2012-01-08,33.7,225,tmax_c,21.60680423060938,21.60680423060938,21.60680423060938
25,episodes,1.0,2012-03-10,1.0,1075,6.0000000000000036,2,25,>=,FIL,86277,OK,2011,Li et al. (2025b),2012-01-28,32.7,1075,tmax_c,21.60680423060938,129.64082538365636,21.60680423060938
25,days,1.0,2012-03-25,0.7200404495675966,375,0.9602436719356825,1,25,>,MAT,86277,OK,2011,Ortega Gómez et al. (2019),2012-03-11,10,375,precip_mm,21.60680423060938,20.74779703319579,15.557773031927027
25,episodes,1.0,2012-11-02,0.0,275,0.0,2,25,>=,EST,86277,OK,2012,Li et al. 2025a,2012-10-23,34,275,tmax_c,21.60680423060938,0,0
25,episodes,1.0,2013-01-07,0.0,850,0.0,2,25,>=,VEG,86277,OK,2012,Li et al. 2025a,2012-12-05,34.6,850,tmax_c,21.60680423060938,0,0
25,episodes,1.0,2013-01-27,1.0,275,1.0,2,25,>=,REP,86277,OK,2012,Li et al. (2025b),2013-01-17,33.7,275,tmax_c,21.60680423060938,21.60680423060938,21.60680423060938
25,episodes,1.0,2013-01-16,0.0,225,0.0,2,25,>=,FLO,86277,OK,2012,Li et al. (2025b),2013-01-08,33.7,225,tmax_c,21.60680423060938,0,0
25,episodes,1.0,2013-03-10,1.0,1050,3.399512412434168,2,25,>=,FIL,86277,OK,2012,Li et al. (2025b),2013-01-28,32.7,1050,tmax_c,21.60680423060938,73.45259917499168,21.60680423060938
25,days,1.0,2013-03-25,0.0,375,0.0,1,25,>,MAT,86277,OK,2012,Ortega Gómez et al. (2019),2013-03-11,10,375,precip_mm,21.60680423060938,0,0
25,episodes,1.0,1985-11-11,0.0,275,0.0,2,25,>=,EST,86276,OK,1985,Li et al. 2025a,1985-11-01,34,275,tmax_c,21.60680423060938,0,0
25,episodes,1.0,1986-01-19,0.0,875,0.0,2,25,>=,VEG,86276,OK,1985,Li et al. 2025a,1985-12-16,34.6,875,tmax_c,21.60680423060938,0,0
25,episodes,1.0,1986-02-09,1.0,275,1.0,2,25,>=,REP,86276,OK,1985,Li et al. (2025b),1986-01-30,33.7,275,tmax_c,21.60680423060938,21.60680423060938,21.60680423060938
25,episodes,1.0,1986-01-29,1.0,250,1.0,2,25,>=,FLO,86276,OK,1985,Li et al. (2025b),1986-01-20,33.7,250,tmax_c,21.60680423060938,21.60680423060938,21.60680423060938
25,episodes,1.0,1986-03-24,1.0,1075,1.0,2,25,>=,FIL,86276,OK,1985,Li et al. (2025b),1986-02-10,32.7,1075,tmax_c,21.60680423060938,21.60680423060938,21.60680423060938
25,days,1.0,1986-04-09,1.0,400,2.0801622854117023,1,25,>,MAT,86276,OK,1985,Ortega Gómez et al. (2019),1986-03-25,10,400,precip_mm,21.60680423060938,44.945659268787644,21.60680423060938
25,episodes,1.0,1986-11-11,0.0,275,0.0,2,25,>=,EST,86276,OK,1986,Li et al. 2025a,1986-11-01,34,275,tmax_c,21.60680423060938,0,0
25,episodes,1.0,1987-01-19,0.0,875,0.0,2,25,>=,VEG,86276,OK,1986,Li et al. 2025a,1986-12-16,34.6,875,tmax_c,21.60680423060938,0,0
25,episodes,1.0,1987-02-09,0.0,275,0.0,2,25,>=,REP,86276,OK,1986,Li et al. (2025b),1987-01-30,33.7,275,tmax_c,21.60680423060938,0,0
25,episodes,1.0,1987-01-29,1.0,250,1.0,2,25,>=,FLO,86276,OK,1986,Li et al. (2025b),1987-01-20,33.7,250,tmax_c,21.60680423060938,21.60680423060938,21.60680423060938
25,episodes,1.0,1987-03-24,1.0,1075,1.7202844869211709,2,25,>=,FIL,86276,OK,1986,Li et al. (2025b),1987-02-10,32.7,1075,tmax_c,21.60680423060938,37.169850129860045,21.60680423060938
25,days,1.0,1987-04-09,1.0,400,3.439227194553552,1,25,>,MAT,86276,OK,1986,Ortega Gómez et al. (2019),1987-03-25,10,400,precip_mm,21.60680423060938,74.31070869730652,21.60680423060938
25,episodes,1.0,1987-11-11,0.0,275,0.0,2,25,>=,EST,86276,OK,1987,Li et al. 2025a,1987-11-01,34,275,tmax_c,21.60680423060938,0,0
25,episodes,1.0,1988-01-19,0.7203253019065847,875,0.7203253019065847,2,25,>=,VEG,86276,OK,1987,Li et al. 2025a,1987-12-16,34.6,875,tmax_c,21.60680423060938,15.563927780650175,15.563927780650175
25,episodes,1.0,1988-02-09,0.0,275,0.0,2,25,>=,REP,86276,OK,1987,Li et al. (2025b),1988-01-30,33.7,275,tmax_c,21.60680423060938,0,0
25,episodes,1.0,1988-01-29,0.0,250,0.0,2,25,>=,FLO,86276,OK,1987,Li et al. (2025b),1988-01-20,33.7,250,tmax_c,21.60680423060938,0,0
25,episodes,1.0,1988-03-24,1.0,1100,1.8801218359678415,2,25,>=,FIL,86276,OK,1987,Li et al. (2025b),1988-02-10,32.7,1100,tmax_c,21.60680423060938,40.623424439451036,21.60680423060938
25,days,1.0,1988-04-09,1.0,400,3.0400001218472354,1,25,>,MAT,86276,OK,1987,Ortega Gómez et al. (2019),1988-03-25,10,400,precip_mm,21.60680423060938,65.68468749378188,21.60680423060938
25,episodes,1.0,1988-11-11,1.0,275,1.0,2,25,>=,EST,86276,OK,1988,Li et al. 2025a,1988-11-01,34,275,tmax_c,21.60680423060938,21.60680423060938,21.60680423060938
25,episodes,1.0,1989-01-19,1.0,875,2.56040668843064,2,25,>=,VEG,86276,OK,1988,Li et al. 2025a,1988-12-16,34.6,875,tmax_c,21.60680423060938,55.32220606766371,21.60680423060938
25,episodes,1.0,1989-02-09,1.0,275,1.959999878152766,2,25,>=,REP,86276,OK,1988,Li et al. (2025b),1989-01-30,33.7,275,tmax_c,21.60680423060938,42.349333659265056,21.60680423060938
25,episodes,1.0,1989-01-29,0.6802031003971158,250,0.6802031003971158,2,25,>=,FLO,86276,OK,1988,Li et al. (2025b),1989-01-20,33.7,250,tmax_c,21.60680423060938,14.69701522733402,14.69701522733402
25,episodes,1.0,1989-03-24,1.0,1075,3.0000000000000018,2,25,>=,FIL,86276,OK,1988,Li et al. (2025b),1989-02-10,32.7,1075,tmax_c,21.60680423060938,64.82041269182818,21.60680423060938
25,days,1.0,1989-04-09,1.0,400,1.7204880748308848,1,25,>,MAT,86276,OK,1988,Ortega Gómez et al. (2019),1989-03-25,10,400,precip_mm,21.60680423060938,37.174249013968954,21.60680423060938
25,episodes,1.0,1993-11-08,0.0,225,0.0,2,25,>=,EST,85982,OK,1993,Li et al. 2025a,1993-10-31,34,225,tmax_c,21.60680423060938,0,0
25,episodes,1.0,1994-01-04,0.0,725,0.0,2,25,>=,VEG,85982,OK,1993,Li et al. 2025a,1993-12-07,34.6,725,tmax_c,21.60680423060938,0,0
25,episodes,1.0,1994-01-21,0.0,250,0.0,2,25,>=,REP,85982,OK,1993,Li et al. (2025b),1994-01-12,33.7,250,tmax_c,21.60680423060938,0,0
25,episodes,1.0,1994-01-11,0.1600409369563839,175,0.1600409369563839,2,25,>=,FLO,85982,OK,1993,Li et al. (2025b),1994-01-05,33.7,175,tmax_c,21.60680423060938,3.457973193699885,3.457973193699885
25,episodes,1.0,1994-02-25,0.0,875,0.0,2,25,>=,FIL,85982,OK,1993,Li et al. (2025b),1994-01-22,32.7,875,tmax_c,21.60680423060938,0,0
25,days,1.0,1994-03-10,1.0,325,1.4405687302716839,1,25,>,MAT,85982,OK,1993,Ortega Gómez et al. (2019),1994-02-26,10,325,precip_mm,21.60680423060938,31.126086535717803,21.60680423060938
25,episodes,1.0,1994-11-08,0.0,225,0.0,2,25,>=,EST,85982,OK,1994,Li et al. 2025a,1994-10-31,34,225,tmax_c,21.60680423060938,0,0
25,episodes,1.0,1995-01-04,0.0,725,0.0,2,25,>=,VEG,85982,OK,1994,Li et al. 2025a,1994-12-07,34.6,725,tmax_c,21.60680423060938,0,0
25,episodes,1.0,1995-01-21,0.0,250,0.0,2,25,>=,REP,85982,OK,1994,Li et al. (2025b),1995-01-12,33.7,250,tmax_c,21.60680423060938,0,0
25,episodes,1.0,1995-01-11,0.0,175,0.0,2,25,>=,FLO,85982,OK,1994,Li et al. (2025b),1995-01-05,33.7,175,tmax_c,21.60680423060938,0,0
25,episodes,1.0,1995-02-25,0.0,875,0.0,2,25,>=,FIL,85982,OK,1994,Li et al. (2025b),1995-01-22,32.7,875,tmax_c,21.60680423060938,0,0
25,days,1.0,1995-03-10,0.0,325,0.0,1,25,>,MAT,85982,OK,1994,Ortega Gómez et al. (2019),1995-02-26,10,325,precip_mm,21.60680423060938,0,0
25,episodes,1.0,1995-11-08,0.0,225,0.0,2,25,>=,EST,85982,OK,1995,Li et al. 2025a,1995-10-31,34,225,tmax_c,21.60680423060938,0,0
25,episodes,1.0,1996-01-04,0.0,725,0.0,2,25,>=,VEG,85982,OK,1995,Li et al. 2025a,1995-12-07,34.6,725,tmax_c,21.60680423060938,0,0
25,episodes,1.0,1996-01-21,0.0,250,0.0,2,25,>=,REP,85982,OK,1995,Li et al. (2025b),1996-01-12,33.7,250,tmax_c,21.60680423060938,0,0
25,episodes,1.0,1996-01-11,0.0,175,0.0,2,25,>=,FLO,85982,OK,1995,Li et al. (2025b),1996-01-05,33.7,175,tmax_c,21.60680423060938,0,0
25,episodes,1.0,1996-02-25,0.0,875,0.0,2,25,>=,FIL,85982,OK,1995,Li et al. (2025b),1996-01-22,32.7,875,tmax_c,21.60680423060938,0,0
25,days,1.0,1996-03-10,1.0,350,1.0,1,25,>,MAT,85982,OK,1995,Ortega Gómez et al. (2019),1996-02-26,10,350,precip_mm,21.60680423060938,21.60680423060938,21.60680423060938
25,episodes,1.0,1996-11-08,0.0,225,0.0,2,25,>=,EST,85982,OK,1996,Li et al. 2025a,1996-10-31,34,225,tmax_c,21.60680423060938,0,0
25,episodes,1.0,1997-01-04,0.0,725,0.0,2,25,>=,VEG,85982,OK,1996,Li et al. 2025a,1996-12-07,34.6,725,tmax_c,21.60680423060938,0,0
25,episodes,1.0,1997-01-21,0.0,250,0.0,2,25,>=,REP,85982,OK,1996,Li et al. (2025b),1997-01-12,33.7,250,tmax_c,21.60680423060938,0,0
25,episodes,1.0,1997-01-11,0.0,175,0.0,2,25,>=,FLO,85982,OK,1996,Li et al. (2025b),1997-01-05,33.7,175,tmax_c,21.60680423060938,0,0
25,episodes,1.0,1997-02-25,0.0,875,0.0,2,25,>=,FIL,85982,OK,1996,Li et al. (2025b),1997-01-22,32.7,875,tmax_c,21.60680423060938,0,0
25,days,1.0,1997-03-10,1.0,325,3.0000000000000018,1,25,>,MAT,85982,OK,1996,Ortega Gómez et al. (2019),1997-02-26,10,325,precip_mm,21.60680423060938,64.82041269182818,21.60680423060938
25,episodes,1.0,1989-11-08,0.0,225,0.0,2,25,>=,EST,85982,OK,1989,Li et al. 2025a,1989-10-31,34,225,tmax_c,21.60680423060938,0,0
25,episodes,1.0,1990-01-04,0.0,725,0.0,2,25,>=,VEG,85982,OK,1989,Li et al. 2025a,1989-12-07,34.6,725,tmax_c,21.60680423060938,0,0
25,episodes,1.0,1990-01-21,0.0,250,0.0,2,25,>=,REP,85982,OK,1989,Li et al. (2025b),1990-01-12,33.7,250,tmax_c,21.60680423060938,0,0
25,episodes,1.0,1990-01-11,0.0,175,0.0,2,25,>=,FLO,85982,OK,1989,Li et al. (2025b),1990-01-05,33.7,175,tmax_c,21.60680423060938,0,0
25,episodes,1.0,1990-02-25,0.0,875,0.0,2,25,>=,FIL,85982,OK,1989,Li et al. (2025b),1990-01-22,32.7,875,tmax_c,21.60680423060938,0,0
25,days,1.0,1990-03-10,0.0,325,0.0,1,25,>,MAT,85982,OK,1989,Ortega Gómez et al. (2019),1990-02-26,10,325,precip_mm,21.60680423060938,0,0
25,episodes,1.0,1990-11-08,0.0,225,0.0,2,25,>=,EST,85982,OK,1990,Li et al. 2025a,1990-10-31,34,225,tmax_c,21.60680423060938,0,0
25,episodes,1.0,1991-01-04,0.0,725,0.0,2,25,>=,VEG,85982,OK,1990,Li et al. 2025a,1990-12-07,34.6,725,tmax_c,21.60680423060938,0,0
25,episodes,1.0,1991-01-21,0.0,250,0.0,2,25,>=,REP,85982,OK,1990,Li et al. (2025b),1991-01-12,33.7,250,tmax_c,21.60680423060938,0,0
25,episodes,1.0,1991-01-11,0.0,175,0.0,2,25,>=,FLO,85982,OK,1990,Li et al. (2025b),1991-01-05,33.7,175,tmax_c,21.60680423060938,0,0
25,episodes,1.0,1991-02-25,0.0,875,0.0,2,25,>=,FIL,85982,OK,1990,Li et al. (2025b),1991-01-22,32.7,875,tmax_c,21.60680423060938,0,0
25,days,1.0,1991-03-10,0.0,325,0.0,1,25,>,MAT,85982,OK,1990,Ortega Gómez et al. (2019),1991-02-26,10,325,precip_mm,21.60680423060938,0,0
25,episodes,1.0,1991-11-08,0.0,225,0.0,2,25,>=,EST,85982,OK,1991,Li et al. 2025a,1991-10-31,34,225,tmax_c,21.60680423060938,0,0
25,episodes,1.0,1992-01-04,0.0,725,0.0,2,25,>=,VEG,85982,OK,1991,Li et al. 2025a,1991-12-07,34.6,725,tmax_c,21.60680423060938,0,0
25,episodes,1.0,1992-01-21,0.0,250,0.0,2,25,>=,REP,85982,OK,1991,Li et al. (2025b),1992-01-12,33.7,250,tmax_c,21.60680423060938,0,0
25,episodes,1.0,1992-01-11,0.0,175,0.0,2,25,>=,FLO,85982,OK,1991,Li et al. (2025b),1992-01-05,33.7,175,tmax_c,21.60680423060938,0,0
25,episodes,1.0,1992-02-25,0.0,875,0.0,2,25,>=,FIL,85982,OK,1991,Li et al. (2025b),1992-01-22,32.7,875,tmax_c,21.60680423060938,0,0
25,days,1.0,1992-03-10,0.0,350,0.0,1,25,>,MAT,85982,OK,1991,Ortega Gómez et al. (2019),1992-02-26,10,350,precip_mm,21.60680423060938,0,0
25,episodes,1.0,1992-11-08,0.0,225,0.0,2,25,>=,EST,85982,OK,1992,Li et al. 2025a,1992-10-31,34,225,tmax_c,21.60680423060938,0,0
25,episodes,1.0,1993-01-04,0.0,725,0.0,2,25,>=,VEG,85982,OK,1992,Li et al. 2025a,1992-12-07,34.6,725,tmax_c,21.60680423060938,0,0
25,episodes,1.0,1993-01-21,0.0,250,0.0,2,25,>=,REP,85982,OK,1992,Li et al. (2025b),1993-01-12,33.7,250,tmax_c,21.60680423060938,0,0
25,episodes,1.0,1993-01-11,0.0,175,0.0,2,25,>=,FLO,85982,OK,1992,Li et al. (2025b),1993-01-05,33.7,175,tmax_c,21.60680423060938,0,0
25,episodes,1.0,1993-02-25,0.0,875,0.0,2,25,>=,FIL,85982,OK,1992,Li et al. (2025b),1993-01-22,32.7,875,tmax_c,21.60680423060938,0,0
25,days,1.0,1993-03-10,0.0,325,0.0,1,25,>,MAT,85982,OK,1992,Ortega Gómez et al. (2019),1993-02-26,10,325,precip_mm,21.60680423060938,0,0
25,episodes,1.0,1997-11-08,0.0,225,0.0,2,25,>=,EST,85982,OK,1997,Li et al. 2025a,1997-10-31,34,225,tmax_c,21.60680423060938,0,0
25,episodes,1.0,1998-01-04,0.0,725,0.0,2,25,>=,VEG,85982,OK,1997,Li et al. 2025a,1997-12-07,34.6,725,tmax_c,21.60680423060938,0,0
25,episodes,1.0,1998-01-21,0.0,250,0.0,2,25,>=,REP,85982,OK,1997,Li et al. (2025b),1998-01-12,33.7,250,tmax_c,21.60680423060938,0,0
25,episodes,1.0,1998-01-11,0.0,175,0.0,2,25,>=,FLO,85982,OK,1997,Li et al. (2025b),1998-01-05,33.7,175,tmax_c,21.60680423060938,0,0
25,episodes,1.0,1998-02-25,0.3199192228357766,875,0.3199192228357766,2,25,>=,FIL,85982,OK,1997,Li et al. (2025b),1998-01-22,32.7,875,tmax_c,21.60680423060938,6.912432017421323,6.912432017421323
25,days,1.0,1998-03-10,0.0,325,0.0,1,25,>,MAT,85982,OK,1997,Ortega Gómez et al. (2019),1998-02-26,10,325,precip_mm,21.60680423060938,0,0
25,episodes,1.0,1998-11-08,0.0,225,0.0,2,25,>=,EST,85982,OK,1998,Li et al. 2025a,1998-10-31,34,225,tmax_c,21.60680423060938,0,0
25,episodes,1.0,1999-01-04,0.0,725,0.0,2,25,>=,VEG,85982,OK,1998,Li et al. 2025a,1998-12-07,34.6,725,tmax_c,21.60680423060938,0,0
25,episodes,1.0,1999-01-21,0.0,250,0.0,2,25,>=,REP,85982,OK,1998,Li et al. (2025b),1999-01-12,33.7,250,tmax_c,21.60680423060938,0,0
25,episodes,1.0,1999-01-11,0.0,175,0.0,2,25,>=,FLO,85982,OK,1998,Li et al. (2025b),1999-01-05,33.7,175,tmax_c,21.60680423060938,0,0
25,episodes,1.0,1999-02-25,0.0,875,0.0,2,25,>=,FIL,85982,OK,1998,Li et al. (2025b),1999-01-22,32.7,875,tmax_c,21.60680423060938,0,0
25,days,1.0,1999-03-10,1.0,325,2.2000815082474787,1,25,>,MAT,85982,OK,1998,Ortega Gómez et al. (2019),1999-02-26,10,325,precip_mm,21.60680423060938,47.53673044008709,21.60680423060938
25,episodes,1.0,1999-11-08,0.0,225,0.0,2,25,>=,EST,85982,OK,1999,Li et al. 2025a,1999-10-31,34,225,tmax_c,21.60680423060938,0,0
25,episodes,1.0,2000-01-04,0.0,725,0.0,2,25,>=,VEG,85982,OK,1999,Li et al. 2025a,1999-12-07,34.6,725,tmax_c,21.60680423060938,0,0
25,episodes,1.0,2000-01-21,0.0,250,0.0,2,25,>=,REP,85982,OK,1999,Li et al. (2025b),2000-01-12,33.7,250,tmax_c,21.60680423060938,0,0
25,episodes,1.0,2000-01-11,0.0,175,0.0,2,25,>=,FLO,85982,OK,1999,Li et al. (2025b),2000-01-05,33.7,175,tmax_c,21.60680423060938,0,0
25,episodes,1.0,2000-02-25,0.0,875,0.0,2,25,>=,FIL,85982,OK,1999,Li et al. (2025b),2000-01-22,32.7,875,tmax_c,21.60680423060938,0,0
25,days,1.0,2000-03-10,1.0,350,1.5605689739660775,1,25,>,MAT,85982,OK,1999,Ortega Gómez et al. (2019),2000-02-26,10,350,precip_mm,21.60680423060938,33.718908308847986,21.60680423060938
25,episodes,1.0,2000-11-08,0.0,225,0.0,2,25,>=,EST,85982,OK,2000,Li et al. 2025a,2000-10-31,34,225,tmax_c,21.60680423060938,0,0
25,episodes,1.0,2001-01-04,0.0,725,0.0,2,25,>=,VEG,85982,OK,2000,Li et al. 2025a,2000-12-07,34.6,725,tmax_c,21.60680423060938,0,0
25,episodes,1.0,2001-01-21,0.12004093695645815,250,0.12004093695645815,2,25,>=,REP,85982,OK,2000,Li et al. (2025b),2001-01-12,33.7,250,tmax_c,21.60680423060938,2.593701024477114,2.593701024477114
25,episodes,1.0,2001-01-11,0.0,175,0.0,2,25,>=,FLO,85982,OK,2000,Li et al. (2025b),2001-01-05,33.7,175,tmax_c,21.60680423060938,0,0
25,episodes,1.0,2001-02-25,0.519837714588298,875,0.559837836435532,2,25,>=,FIL,85982,OK,2000,Li et al. (2025b),2001-01-22,32.7,875,tmax_c,21.60680423060938,12.096306532750454,11.232031730796749
25,days,1.0,2001-03-10,1.0,325,1.6001625291060955,1,25,>,MAT,85982,OK,2000,Ortega Gómez et al. (2019),2001-02-26,10,325,precip_mm,21.60680423060938,34.57439850355219,21.60680423060938
25,episodes,1.0,2013-11-08,0.0,225,0.0,2,25,>=,EST,85982,OK,2013,Li et al. 2025a,2013-10-31,34,225,tmax_c,21.60680423060938,0,0
25,episodes,1.0,2014-01-04,0.12008150837121452,725,0.12008150837121452,2,25,>=,VEG,85982,OK,2013,Li et al. 2025a,2013-12-07,34.6,725,tmax_c,21.60680423060938,2.5945776430931136,2.5945776430931136
25,episodes,1.0,2014-01-21,0.3600003655416275,250,0.40000048738886146,2,25,>=,REP,85982,OK,2013,Li et al. (2025b),2014-01-12,33.7,250,tmax_c,21.60680423060938,8.642732223159467,7.778457421205761
25,episodes,1.0,2014-01-11,0.0,175,0.0,2,25,>=,FLO,85982,OK,2013,Li et al. (2025b),2014-01-05,33.7,175,tmax_c,21.60680423060938,0,0
25,episodes,1.0,2014-02-25,0.3600003655416275,875,0.520081995760076,2,25,>=,FIL,85982,OK,2013,Li et al. (2025b),2014-01-22,32.7,875,tmax_c,21.60680423060938,11.237309866252579,7.778457421205761
25,days,1.0,2014-03-10,0.0,325,0.0,1,25,>,MAT,85982,OK,2013,Ortega Gómez et al. (2019),2014-02-26,10,325,precip_mm,21.60680423060938,0,0
25,episodes,1.0,2014-11-08,0.0,225,0.0,2,25,>=,EST,85982,OK,2014,Li et al. 2025a,2014-10-31,34,225,tmax_c,21.60680423060938,0,0
25,episodes,1.0,2015-01-04,0.0,725,0.0,2,25,>=,VEG,85982,OK,2014,Li et al. 2025a,2014-12-07,34.6,725,tmax_c,21.60680423060938,0,0
25,episodes,1.0,2015-01-21,0.0,250,0.0,2,25,>=,REP,85982,OK,2014,Li et al. (2025b),2015-01-12,33.7,250,tmax_c,21.60680423060938,0,0
25,episodes,1.0,2015-01-11,0.0,175,0.0,2,25,>=,FLO,85982,OK,2014,Li et al. (2025b),2015-01-05,33.7,175,tmax_c,21.60680423060938,0,0
25,episodes,1.0,2015-02-25,0.0,875,0.0,2,25,>=,FIL,85982,OK,2014,Li et al. (2025b),2015-01-22,32.7,875,tmax_c,21.60680423060938,0,0
25,days,1.0,2015-03-10,0.20000000000000004,325,0.20000000000000004,1,25,>,MAT,85982,OK,2014,Ortega Gómez et al. (2019),2015-02-26,10,325,precip_mm,21.60680423060938,4.321360846121877,4.321360846121877
25,episodes,1.0,2015-11-08,0.0,225,0.0,2,25,>=,EST,85982,OK,2015,Li et al. 2025a,2015-10-31,34,225,tmax_c,21.60680423060938,0,0
25,episodes,1.0,2016-01-04,0.0,725,0.0,2,25,>=,VEG,85982,OK,2015,Li et al. 2025a,2015-12-07,34.6,725,tmax_c,21.60680423060938,0,0
25,episodes,1.0,2016-01-21,0.0,250,0.0,2,25,>=,REP,85982,OK,2015,Li et al. (2025b),2016-01-12,33.7,250,tmax_c,21.60680423060938,0,0
25,episodes,1.0,2016-01-11,0.0,175,0.0,2,25,>=,FLO,85982,OK,2015,Li et al. (2025b),2016-01-05,33.7,175,tmax_c,21.60680423060938,0,0
25,episodes,1.0,2016-02-25,0.20000036554155332,875,0.20000036554155332,2,25,>=,FIL,85982,OK,2015,Li et al. (2025b),2016-01-22,32.7,875,tmax_c,21.60680423060938,4.321368744306657,4.321368744306657
25,days,1.0,2016-03-10,0.0,350,0.0,1,25,>,MAT,85982,OK,2015,Ortega Gómez et al. (2019),2016-02-26,10,350,precip_mm,21.60680423060938,0,0
25,episodes,1.0,2016-11-08,0.0,225,0.0,2,25,>=,EST,85982,OK,2016,Li et al. 2025a,2016-10-31,34,225,tmax_c,21.60680423060938,0,0
25,episodes,1.0,2017-01-04,0.0,725,0.0,2,25,>=,VEG,85982,OK,2016,Li et al. 2025a,2016-12-07,34.6,725,tmax_c,21.60680423060938,0,0
25,episodes,1.0,2017-01-21,0.24000048738878724,250,0.24000048738878724,2,25,>=,REP,85982,OK,2016,Li et al. (2025b),2017-01-12,33.7,250,tmax_c,21.60680423060938,5.185643546260361,5.185643546260361
25,episodes,1.0,2017-01-11,0.0,175,0.0,2,25,>=,FLO,85982,OK,2016,Li et al. (2025b),2017-01-05,33.7,175,tmax_c,21.60680423060938,0,0
25,episodes,1.0,2017-02-25,1.0,875,1.7597967776319139,2,25,>=,FIL,85982,OK,2016,Li et al. (2025b),2017-01-22,32.7,875,tmax_c,21.60680423060938,38.023584459949994,21.60680423060938
25,days,1.0,2017-03-10,1.0,325,1.0,1,25,>,MAT,85982,OK,2016,Ortega Gómez et al. (2019),2017-02-26,10,325,precip_mm,21.60680423060938,21.60680423060938,21.60680423060938
25,episodes,1.0,1989-11-08,0.0,225,0.0,2,25,>=,EST,85983,OK,1989,Li et al. 2025a,1989-10-31,34,225,tmax_c,21.60680423060938,0,0
25,episodes,1.0,1990-01-04,0.0,725,0.0,2,25,>=,VEG,85983,OK,1989,Li et al. 2025a,1989-12-07,34.6,725,tmax_c,21.60680423060938,0,0
25,episodes,1.0,1990-01-21,0.0,250,0.0,2,25,>=,REP,85983,OK,1989,Li et al. (2025b),1990-01-12,33.7,250,tmax_c,21.60680423060938,0,0
25,episodes,1.0,1990-01-11,0.0,175,0.0,2,25,>=,FLO,85983,OK,1989,Li et al. (2025b),1990-01-05,33.7,175,tmax_c,21.60680423060938,0,0
25,episodes,1.0,1990-02-25,0.0,875,0.0,2,25,>=,FIL,85983,OK,1989,Li et al. (2025b),1990-01-22,32.7,875,tmax_c,21.60680423060938,0,0
25,days,1.0,1990-03-10,0.03991861359975546,325,0.03991861359975546,1,25,>,MAT,85983,OK,1989,Ortega Gómez et al. (2019),1990-02-26,10,325,precip_mm,21.60680423060938,0.8625136692072574,0.8625136692072574
25,episodes,1.0,1990-11-08,0.0,225,0.0,2,25,>=,EST,85983,OK,1990,Li et al. 2025a,1990-10-31,34,225,tmax_c,21.60680423060938,0,0
25,episodes,1.0,1991-01-04,0.0,725,0.0,2,25,>=,VEG,85983,OK,1990,Li et al. 2025a,1990-12-07,34.6,725,tmax_c,21.60680423060938,0,0
25,episodes,1.0,1991-01-21,0.0,250,0.0,2,25,>=,REP,85983,OK,1990,Li et al. (2025b),1991-01-12,33.7,250,tmax_c,21.60680423060938,0,0
25,episodes,1.0,1991-01-11,0.0,175,0.0,2,25,>=,FLO,85983,OK,1990,Li et al. (2025b),1991-01-05,33.7,175,tmax_c,21.60680423060938,0,0
25,episodes,1.0,1991-02-25,0.0,875,0.0,2,25,>=,FIL,85983,OK,1990,Li et al. (2025b),1991-01-22,32.7,875,tmax_c,21.60680423060938,0,0
25,days,1.0,1991-03-10,0.0,325,0.0,1,25,>,MAT,85983,OK,1990,Ortega Gómez et al. (2019),1991-02-26,10,325,precip_mm,21.60680423060938,0,0
25,episodes,1.0,1991-11-08,0.0,225,0.0,2,25,>=,EST,85983,OK,1991,Li et al. 2025a,1991-10-31,34,225,tmax_c,21.60680423060938,0,0
25,episodes,1.0,1992-01-04,0.0,725,0.0,2,25,>=,VEG,85983,OK,1991,Li et al. 2025a,1991-12-07,34.6,725,tmax_c,21.60680423060938,0,0
25,episodes,1.0,1992-01-21,0.0,250,0.0,2,25,>=,REP,85983,OK,1991,Li et al. (2025b),1992-01-12,33.7,250,tmax_c,21.60680423060938,0,0
25,episodes,1.0,1992-01-11,0.0,175,0.0,2,25,>=,FLO,85983,OK,1991,Li et al. (2025b),1992-01-05,33.7,175,tmax_c,21.60680423060938,0,0
25,episodes,1.0,1992-02-25,0.0,875,0.0,2,25,>=,FIL,85983,OK,1991,Li et al. (2025b),1992-01-22,32.7,875,tmax_c,21.60680423060938,0,0
25,days,1.0,1992-03-10,0.0,350,0.0,1,25,>,MAT,85983,OK,1991,Ortega Gómez et al. (2019),1992-02-26,10,350,precip_mm,21.60680423060938,0,0
25,episodes,1.0,1992-11-08,0.0,225,0.0,2,25,>=,EST,85983,OK,1992,Li et al. 2025a,1992-10-31,34,225,tmax_c,21.60680423060938,0,0
25,episodes,1.0,1993-01-04,0.0,725,0.0,2,25,>=,VEG,85983,OK,1992,Li et al. 2025a,1992-12-07,34.6,725,tmax_c,21.60680423060938,0,0
25,episodes,1.0,1993-01-21,0.0,250,0.0,2,25,>=,REP,85983,OK,1992,Li et al. (2025b),1993-01-12,33.7,250,tmax_c,21.60680423060938,0,0
25,episodes,1.0,1993-01-11,0.0,175,0.0,2,25,>=,FLO,85983,OK,1992,Li et al. (2025b),1993-01-05,33.7,175,tmax_c,21.60680423060938,0,0
25,episodes,1.0,1993-02-25,0.0,875,0.0,2,25,>=,FIL,85983,OK,1992,Li et al. (2025b),1993-01-22,32.7,875,tmax_c,21.60680423060938,0,0
25,days,1.0,1993-03-10,0.0,325,0.0,1,25,>,MAT,85983,OK,1992,Ortega Gómez et al. (2019),1993-02-26,10,325,precip_mm,21.60680423060938,0,0
25,episodes,1.0,1985-10-26,0.0,275,0.0,2,25,>=,EST,86286,OK,1985,Li et al. 2025a,1985-10-16,34,275,tmax_c,21.60680423060938,0,0
25,episodes,1.0,1986-01-03,1.0,875,2.2804466506093743,2,25,>=,VEG,86286,OK,1985,Li et al. 2025a,1985-11-30,34.6,875,tmax_c,21.60680423060938,49.27316433806563,21.60680423060938
25,episodes,1.0,1986-01-24,1.0,275,2.0,2,25,>=,REP,86286,OK,1985,Li et al. (2025b),1986-01-14,33.7,275,tmax_c,21.60680423060938,43.21360846121876,21.60680423060938
25,episodes,1.0,1986-01-13,1.0,250,2.0,2,25,>=,FLO,86286,OK,1985,Li et al. (2025b),1986-01-04,33.7,250,tmax_c,21.60680423060938,43.21360846121876,21.60680423060938
25,episodes,1.0,1986-03-09,1.0,1100,1.7603658734452263,2,25,>=,FIL,86286,OK,1985,Li et al. (2025b),1986-01-25,32.7,1100,tmax_c,21.60680423060938,38.03588080177669,21.60680423060938
25,days,1.0,1986-03-25,1.0,400,4.840120860942647,1,25,>,MAT,86286,OK,1985,Ortega Gómez et al. (2019),1986-03-10,10,400,precip_mm,21.60680423060938,104.5795438948763,21.60680423060938
25,episodes,1.0,1986-10-26,0.0,275,0.0,2,25,>=,EST,86286,OK,1986,Li et al. 2025a,1986-10-16,34,275,tmax_c,21.60680423060938,0,0
25,episodes,1.0,1987-01-03,0.0,875,0.0,2,25,>=,VEG,86286,OK,1986,Li et al. 2025a,1986-11-30,34.6,875,tmax_c,21.60680423060938,0,0
25,episodes,1.0,1987-01-24,0.0,275,0.0,2,25,>=,REP,86286,OK,1986,Li et al. (2025b),1987-01-14,33.7,275,tmax_c,21.60680423060938,0,0
25,episodes,1.0,1987-01-13,0.0,250,0.0,2,25,>=,FLO,86286,OK,1986,Li et al. (2025b),1987-01-04,33.7,250,tmax_c,21.60680423060938,0,0
25,episodes,1.0,1987-03-09,1.0,1100,2.440447016151002,2,25,>=,FIL,86286,OK,1986,Li et al. (2025b),1987-01-25,32.7,1100,tmax_c,21.60680423060938,52.730260913149515,21.60680423060938
25,days,1.0,1987-03-25,1.0,400,1.5599188572941491,1,25,>,MAT,86286,OK,1986,Ortega Gómez et al. (2019),1987-03-10,10,400,precip_mm,21.60680423060938,33.704861365190574,21.60680423060938
25,episodes,1.0,1987-10-26,0.0,275,0.0,2,25,>=,EST,86286,OK,1987,Li et al. 2025a,1987-10-16,34,275,tmax_c,21.60680423060938,0,0
25,episodes,1.0,1988-01-03,0.7204880748308841,875,0.7204880748308841,2,25,>=,VEG,86286,OK,1987,Li et al. 2025a,1987-11-30,34.6,875,tmax_c,21.60680423060938,15.567444783359555,15.567444783359555
25,episodes,1.0,1988-01-24,0.0,275,0.0,2,25,>=,REP,86286,OK,1987,Li et al. (2025b),1988-01-14,33.7,275,tmax_c,21.60680423060938,0,0
25,episodes,1.0,1988-01-13,1.0,250,1.0,2,25,>=,FLO,86286,OK,1987,Li et al. (2025b),1988-01-04,33.7,250,tmax_c,21.60680423060938,21.60680423060938,21.60680423060938
25,episodes,1.0,1988-03-09,0.8004069320012229,1125,1.801179371906044,2,25,>=,FIL,86286,OK,1987,Li et al. (2025b),1988-01-25,32.7,1125,tmax_c,21.60680423060938,38.91773007298586,17.294235884573098
25,days,1.0,1988-03-25,1.0,400,1.6003661170158094,1,25,>,MAT,86286,OK,1987,Ortega Gómez et al. (2019),1988-03-10,10,400,precip_mm,21.60680423060938,34.5787973876611,21.60680423060938
25,episodes,1.0,1988-10-26,0.0,275,0.0,2,25,>=,EST,86286,OK,1988,Li et al. 2025a,1988-10-16,34,275,tmax_c,21.60680423060938,0,0
25,episodes,1.0,1989-01-03,1.0,875,1.2803657517216533,2,25,>=,VEG,86286,OK,1988,Li et al. 2025a,1988-11-30,34.6,875,tmax_c,21.60680423060938,27.66461214102678,21.60680423060938
25,episodes,1.0,1989-01-24,1.0,275,1.0,2,25,>=,REP,86286,OK,1988,Li et al. (2025b),1989-01-14,33.7,275,tmax_c,21.60680423060938,21.60680423060938,21.60680423060938
25,episodes,1.0,1989-01-13,1.0,250,1.3204063230127479,2,25,>=,FLO,86286,OK,1988,Li et al. (2025b),1989-01-04,33.7,250,tmax_c,21.60680423060938,28.529760926195216,21.60680423060938
25,episodes,1.0,1989-03-09,1.0,1100,3.719959672279637,2,25,>=,FIL,86286,OK,1988,Li et al. (2025b),1989-01-25,32.7,1100,tmax_c,21.60680423060938,80.37644038470795,21.60680423060938
25,days,1.0,1989-03-25,0.6797970213263076,400,0.6797970213263076,1,25,>,MAT,86286,OK,1988,Ortega Gómez et al. (2019),1989-03-10,10,400,precip_mm,21.60680423060938,14.68824115634892,14.68824115634892
25,episodes,1.0,2001-11-08,0.0,225,0.0,2,25,>=,EST,85982,OK,2001,Li et al. 2025a,2001-10-31,34,225,tmax_c,21.60680423060938,0,0
25,episodes,1.0,2002-01-04,0.0,725,0.0,2,25,>=,VEG,85982,OK,2001,Li et al. 2025a,2001-12-07,34.6,725,tmax_c,21.60680423060938,0,0
25,episodes,1.0,2002-01-21,0.0,250,0.0,2,25,>=,REP,85982,OK,2001,Li et al. (2025b),2002-01-12,33.7,250,tmax_c,21.60680423060938,0,0
25,episodes,1.0,2002-01-11,0.0,175,0.0,2,25,>=,FLO,85982,OK,2001,Li et al. (2025b),2002-01-05,33.7,175,tmax_c,21.60680423060938,0,0
25,episodes,1.0,2002-02-25,0.0,875,0.0,2,25,>=,FIL,85982,OK,2001,Li et al. (2025b),2002-01-22,32.7,875,tmax_c,21.60680423060938,0,0
25,days,1.0,2002-03-10,0.0,325,0.0,1,25,>,MAT,85982,OK,2001,Ortega Gómez et al. (2019),2002-02-26,10,325,precip_mm,21.60680423060938,0,0
25,episodes,1.0,2002-11-08,0.0,225,0.0,2,25,>=,EST,85982,OK,2002,Li et al. 2025a,2002-10-31,34,225,tmax_c,21.60680423060938,0,0
25,episodes,1.0,2003-01-04,0.0,725,0.0,2,25,>=,VEG,85982,OK,2002,Li et al. 2025a,2002-12-07,34.6,725,tmax_c,21.60680423060938,0,0
25,episodes,1.0,2003-01-21,0.3997564500352875,250,0.3997564500352875,2,25,>=,REP,85982,OK,2002,Li et al. (2025b),2003-01-12,33.7,250,tmax_c,21.60680423060938,8.637459355835837,8.637459355835837
25,episodes,1.0,2003-01-11,0.0,175,0.0,2,25,>=,FLO,85982,OK,2002,Li et al. (2025b),2003-01-05,33.7,175,tmax_c,21.60680423060938,0,0
25,episodes,1.0,2003-02-25,0.719715634926063,875,1.1596753073294364,2,25,>=,FIL,85982,OK,2002,Li et al. (2025b),2003-01-22,32.7,875,tmax_c,21.60680423060938,25.0568773365389,15.550754825556176
25,days,1.0,2003-03-10,0.0,325,0.0,1,25,>,MAT,85982,OK,2002,Ortega Gómez et al. (2019),2003-02-26,10,325,precip_mm,21.60680423060938,0,0
25,episodes,1.0,2003-11-08,0.0,225,0.0,2,25,>=,EST,85982,OK,2003,Li et al. 2025a,2003-10-31,34,225,tmax_c,21.60680423060938,0,0
25,episodes,1.0,2004-01-04,0.0,725,0.0,2,25,>=,VEG,85982,OK,2003,Li et al. 2025a,2003-12-07,34.6,725,tmax_c,21.60680423060938,0,0
25,episodes,1.0,2004-01-21,0.0,250,0.0,2,25,>=,REP,85982,OK,2003,Li et al. (2025b),2004-01-12,33.7,250,tmax_c,21.60680423060938,0,0
25,episodes,1.0,2004-01-11,0.6397968994790738,175,0.6397968994790738,2,25,>=,FLO,85982,OK,2003,Li et al. (2025b),2004-01-05,33.7,175,tmax_c,21.60680423060938,13.823966354395218,13.823966354395218
25,episodes,1.0,2004-02-25,0.8399186135997554,875,1.3998374708939045,2,25,>=,FIL,85982,OK,2003,Li et al. (2025b),2004-01-22,32.7,875,tmax_c,21.60680423060938,30.24601418827595,18.14795705369476
25,days,1.0,2004-03-10,0.23967481981683908,350,0.23967481981683908,1,25,>,MAT,85982,OK,2003,Ortega Gómez et al. (2019),2004-02-26,10,350,precip_mm,21.60680423060938,5.17860691078902,5.17860691078902
25,episodes,1.0,2004-11-08,0.0,225,0.0,2,25,>=,EST,85982,OK,2004,Li et al. 2025a,2004-10-31,34,225,tmax_c,21.60680423060938,0,0
25,episodes,1.0,2005-01-04,0.0,725,0.0,2,25,>=,VEG,85982,OK,2004,Li et al. 2025a,2004-12-07,34.6,725,tmax_c,21.60680423060938,0,0
25,episodes,1.0,2005-01-21,0.7198781640321587,250,0.7198781640321587,2,25,>=,REP,85982,OK,2004,Li et al. (2025b),2005-01-12,33.7,250,tmax_c,21.60680423060938,15.554266560133359,15.554266560133359
25,episodes,1.0,2005-01-11,0.0,175,0.0,2,25,>=,FLO,85982,OK,2004,Li et al. (2025b),2005-01-05,33.7,175,tmax_c,21.60680423060938,0,0
25,episodes,1.0,2005-02-25,0.0,875,0.0,2,25,>=,FIL,85982,OK,2004,Li et al. (2025b),2005-01-22,32.7,875,tmax_c,21.60680423060938,0,0
25,days,1.0,2005-03-10,0.0,325,0.0,1,25,>,MAT,85982,OK,2004,Ortega Gómez et al. (2019),2005-02-26,10,325,precip_mm,21.60680423060938,0,0
25,episodes,1.0,1981-11-08,0.0,225,0.0,2,25,>=,EST,85982,OK,1981,Li et al. 2025a,1981-10-31,34,225,tmax_c,21.60680423060938,0,0
25,episodes,1.0,1982-01-04,0.0,725,0.0,2,25,>=,VEG,85982,OK,1981,Li et al. 2025a,1981-12-07,34.6,725,tmax_c,21.60680423060938,0,0
25,episodes,1.0,1982-01-21,0.0,250,0.0,2,25,>=,REP,85982,OK,1981,Li et al. (2025b),1982-01-12,33.7,250,tmax_c,21.60680423060938,0,0
25,episodes,1.0,1982-01-11,0.0,175,0.0,2,25,>=,FLO,85982,OK,1981,Li et al. (2025b),1982-01-05,33.7,175,tmax_c,21.60680423060938,0,0
25,episodes,1.0,1982-02-25,0.4398375927411384,875,0.4398375927411384,2,25,>=,FIL,85982,OK,1981,Li et al. (2025b),1982-01-22,32.7,875,tmax_c,21.60680423060938,9.503484759620275,9.503484759620275
25,days,1.0,1982-03-10,1.0,325,4.320283999532309,1,25,>,MAT,85982,OK,1981,Ortega Gómez et al. (2019),1982-02-26,10,325,precip_mm,21.60680423060938,93.34753059852872,21.60680423060938
25,episodes,1.0,1982-11-08,0.0,225,0.0,2,25,>=,EST,85982,OK,1982,Li et al. 2025a,1982-10-31,34,225,tmax_c,21.60680423060938,0,0
25,episodes,1.0,1983-01-04,0.0,725,0.0,2,25,>=,VEG,85982,OK,1982,Li et al. 2025a,1982-12-07,34.6,725,tmax_c,21.60680423060938,0,0
25,episodes,1.0,1983-01-21,0.0,250,0.0,2,25,>=,REP,85982,OK,1982,Li et al. (2025b),1983-01-12,33.7,250,tmax_c,21.60680423060938,0,0
25,episodes,1.0,1983-01-11,0.0,175,0.0,2,25,>=,FLO,85982,OK,1982,Li et al. (2025b),1983-01-05,33.7,175,tmax_c,21.60680423060938,0,0
25,episodes,1.0,1983-02-25,0.7597967776319141,875,1.3999597941267967,2,25,>=,FIL,85982,OK,1982,Li et al. (2025b),1983-01-22,32.7,875,tmax_c,21.60680423060938,30.24865720242191,16.416780229340617
25,days,1.0,1983-03-10,0.0,325,0.0,1,25,>,MAT,85982,OK,1982,Ortega Gómez et al. (2019),1983-02-26,10,325,precip_mm,21.60680423060938,0,0
25,episodes,1.0,1983-11-08,0.0,225,0.0,2,25,>=,EST,85982,OK,1983,Li et al. 2025a,1983-10-31,34,225,tmax_c,21.60680423060938,0,0
25,episodes,1.0,1984-01-04,0.0,725,0.0,2,25,>=,VEG,85982,OK,1983,Li et al. 2025a,1983-12-07,34.6,725,tmax_c,21.60680423060938,0,0
25,episodes,1.0,1984-01-21,0.0,250,0.0,2,25,>=,REP,85982,OK,1983,Li et al. (2025b),1984-01-12,33.7,250,tmax_c,21.60680423060938,0,0
25,episodes,1.0,1984-01-11,0.0,175,0.0,2,25,>=,FLO,85982,OK,1983,Li et al. (2025b),1984-01-05,33.7,175,tmax_c,21.60680423060938,0,0
25,episodes,1.0,1984-02-25,0.0,875,0.0,2,25,>=,FIL,85982,OK,1983,Li et al. (2025b),1984-01-22,32.7,875,tmax_c,21.60680423060938,0,0
25,days,1.0,1984-03-10,0.08016228541170188,350,0.08016228541170188,1,25,>,MAT,85982,OK,1983,Ortega Gómez et al. (2019),1984-02-26,10,350,precip_mm,21.60680423060938,1.732050807568877,1.732050807568877
25,episodes,1.0,1984-11-08,0.0,225,0.0,2,25,>=,EST,85982,OK,1984,Li et al. 2025a,1984-10-31,34,225,tmax_c,21.60680423060938,0,0
25,episodes,1.0,1985-01-04,0.0,725,0.0,2,25,>=,VEG,85982,OK,1984,Li et al. 2025a,1984-12-07,34.6,725,tmax_c,21.60680423060938,0,0
25,episodes,1.0,1985-01-21,0.12000024369439362,250,0.12000024369439362,2,25,>=,REP,85982,OK,1984,Li et al. (2025b),1985-01-12,33.7,250,tmax_c,21.60680423060938,2.5928217731301806,2.5928217731301806
25,episodes,1.0,1985-01-11,0.0,175,0.0,2,25,>=,FLO,85982,OK,1984,Li et al. (2025b),1985-01-05,33.7,175,tmax_c,21.60680423060938,0,0
25,episodes,1.0,1985-02-25,0.0,875,0.0,2,25,>=,FIL,85982,OK,1984,Li et al. (2025b),1985-01-22,32.7,875,tmax_c,21.60680423060938,0,0
25,days,1.0,1985-03-10,0.919837714588298,325,0.919837714588298,1,25,>,MAT,85982,OK,1984,Ortega Gómez et al. (2019),1985-02-26,10,325,precip_mm,21.60680423060938,19.874753423040502,19.874753423040502
25,episodes,1.0,2001-11-11,0.0,275,0.0,2,25,>=,EST,86276,OK,2001,Li et al. 2025a,2001-11-01,34,275,tmax_c,21.60680423060938,0,0
25,episodes,1.0,2002-01-19,0.8801218359678412,875,0.8801218359678412,2,25,>=,VEG,86276,OK,2001,Li et al. 2025a,2001-12-16,34.6,875,tmax_c,21.60680423060938,19.016620208841648,19.016620208841648
25,episodes,1.0,2002-02-09,0.0,275,0.0,2,25,>=,REP,86276,OK,2001,Li et al. (2025b),2002-01-30,33.7,275,tmax_c,21.60680423060938,0,0
25,episodes,1.0,2002-01-29,0.0,250,0.0,2,25,>=,FLO,86276,OK,2001,Li et al. (2025b),2002-01-20,33.7,250,tmax_c,21.60680423060938,0,0
25,episodes,1.0,2002-03-24,1.0,1075,3.8,2,25,>=,FIL,86276,OK,2001,Li et al. (2025b),2002-02-10,32.7,1075,tmax_c,21.60680423060938,82.10585607631565,21.60680423060938
25,days,1.0,2002-04-09,1.0,400,4.440486856235106,1,25,>,MAT,86276,OK,2001,Ortega Gómez et al. (2019),2002-03-25,10,400,precip_mm,21.60680423060938,95.94473019126603,21.60680423060938
25,episodes,1.0,2002-11-11,0.0,275,0.0,2,25,>=,EST,86276,OK,2002,Li et al. 2025a,2002-11-01,34,275,tmax_c,21.60680423060938,0,0
25,episodes,1.0,2003-01-19,0.0,875,0.0,2,25,>=,VEG,86276,OK,2002,Li et al. 2025a,2002-12-16,34.6,875,tmax_c,21.60680423060938,0,0
25,episodes,1.0,2003-02-09,1.0,275,1.0400811427058512,2,25,>=,REP,86276,OK,2002,Li et al. (2025b),2003-01-30,33.7,275,tmax_c,21.60680423060938,22.472829634393822,21.60680423060938
25,episodes,1.0,2003-01-29,0.08016228541170188,250,0.08016228541170188,2,25,>=,FLO,86276,OK,2002,Li et al. (2025b),2003-01-20,33.7,250,tmax_c,21.60680423060938,1.732050807568877,1.732050807568877
25,episodes,1.0,2003-03-24,1.0,1075,1.0,2,25,>=,FIL,86276,OK,2002,Li et al. (2025b),2003-02-10,32.7,1075,tmax_c,21.60680423060938,21.60680423060938,21.60680423060938
25,days,1.0,2003-04-09,1.0,400,3.0400811427058527,1,25,>,MAT,86276,OK,2002,Ortega Gómez et al. (2019),2003-03-25,10,400,precip_mm,21.60680423060938,65.68643809561262,21.60680423060938
25,episodes,1.0,2003-11-11,0.0,275,0.0,2,25,>=,EST,86276,OK,2003,Li et al. 2025a,2003-11-01,34,275,tmax_c,21.60680423060938,0,0
25,episodes,1.0,2004-01-19,0.6004878311364905,875,0.6004878311364905,2,25,>=,VEG,86276,OK,2003,Li et al. 2025a,2003-12-16,34.6,875,tmax_c,21.60680423060938,12.974623010229374,12.974623010229374
25,episodes,1.0,2004-02-09,1.0,275,1.0,2,25,>=,REP,86276,OK,2003,Li et al. (2025b),2004-01-30,33.7,275,tmax_c,21.60680423060938,21.60680423060938,21.60680423060938
25,episodes,1.0,2004-01-29,1.0,250,1.0,2,25,>=,FLO,86276,OK,2003,Li et al. (2025b),2004-01-20,33.7,250,tmax_c,21.60680423060938,21.60680423060938,21.60680423060938
25,episodes,1.0,2004-03-24,0.4405687302716838,1100,0.4405687302716838,2,25,>=,FIL,86276,OK,2003,Li et al. (2025b),2004-02-10,32.7,1100,tmax_c,21.60680423060938,9.51928230510842,9.51928230510842
25,days,1.0,2004-04-09,1.0,400,2.5202844869211716,1,25,>,MAT,86276,OK,2003,Ortega Gómez et al. (2019),2004-03-25,10,400,precip_mm,21.60680423060938,54.45529351434756,21.60680423060938
25,episodes,1.0,2004-11-11,0.0,275,0.0,2,25,>=,EST,86276,OK,2004,Li et al. 2025a,2004-11-01,34,275,tmax_c,21.60680423060938,0,0
25,episodes,1.0,2005-01-19,1.0,875,2.0,2,25,>=,VEG,86276,OK,2004,Li et al. 2025a,2004-12-16,34.6,875,tmax_c,21.60680423060938,43.21360846121876,21.60680423060938
25,episodes,1.0,2005-02-09,0.0,275,0.0,2,25,>=,REP,86276,OK,2004,Li et al. (2025b),2005-01-30,33.7,275,tmax_c,21.60680423060938,0,0
25,episodes,1.0,2005-01-29,1.0,250,1.0,2,25,>=,FLO,86276,OK,2004,Li et al. (2025b),2005-01-20,33.7,250,tmax_c,21.60680423060938,21.60680423060938,21.60680423060938
25,episodes,1.0,2005-03-24,1.0,1075,1.8802441592007342,2,25,>=,FIL,86276,OK,2004,Li et al. (2025b),2005-02-10,32.7,1075,tmax_c,21.60680423060938,40.626067453597,21.60680423060938
25,days,1.0,2005-04-09,1.0,400,2.6395533495143626,1,25,>,MAT,86276,OK,2004,Ortega Gómez et al. (2019),2005-03-25,10,400,precip_mm,21.60680423060938,57.03231247920609,21.60680423060938
25,episodes,1.0,1985-11-02,0.0,275,0.0,2,25,>=,EST,86277,OK,1985,Li et al. 2025a,1985-10-23,34,275,tmax_c,21.60680423060938,0,0
25,episodes,1.0,1986-01-07,0.24032493648876735,850,0.24032493648876735,2,25,>=,VEG,86277,OK,1985,Li et al. 2025a,1985-12-05,34.6,850,tmax_c,21.60680423060938,5.192653854446429,5.192653854446429
25,episodes,1.0,1986-01-27,1.0,275,1.0,2,25,>=,REP,86277,OK,1985,Li et al. (2025b),1986-01-17,33.7,275,tmax_c,21.60680423060938,21.60680423060938,21.60680423060938
25,episodes,1.0,1986-01-16,0.9600813864002445,225,0.9600813864002445,2,25,>=,FLO,86277,OK,1985,Li et al. (2025b),1986-01-08,33.7,225,tmax_c,21.60680423060938,20.744290561402124,20.744290561402124
25,episodes,1.0,1986-03-10,1.0,1050,2.200405713529255,2,25,>=,FIL,86277,OK,1985,Li et al. (2025b),1986-01-28,32.7,1050,tmax_c,21.60680423060938,47.54373548014096,21.60680423060938
25,days,1.0,1986-03-25,1.0,375,1.0,1,25,>,MAT,86277,OK,1985,Ortega Gómez et al. (2019),1986-03-11,10,375,precip_mm,21.60680423060938,21.60680423060938,21.60680423060938
25,episodes,1.0,1986-11-02,0.0,275,0.0,2,25,>=,EST,86277,OK,1986,Li et al. 2025a,1986-10-23,34,275,tmax_c,21.60680423060938,0,0
25,episodes,1.0,1987-01-07,0.0,850,0.0,2,25,>=,VEG,86277,OK,1986,Li et al. 2025a,1986-12-05,34.6,850,tmax_c,21.60680423060938,0,0
25,episodes,1.0,1987-01-27,0.0,275,0.0,2,25,>=,REP,86277,OK,1986,Li et al. (2025b),1987-01-17,33.7,275,tmax_c,21.60680423060938,0,0
25,episodes,1.0,1987-01-16,0.0,225,0.0,2,25,>=,FLO,86277,OK,1986,Li et al. (2025b),1987-01-08,33.7,225,tmax_c,21.60680423060938,0,0
25,episodes,1.0,1987-03-10,1.0,1050,4.040406200918041,2,25,>=,FIL,86277,OK,1986,Li et al. (2025b),1987-01-28,32.7,1050,tmax_c,21.60680423060938,87.30026579537632,21.60680423060938
25,days,1.0,1987-03-25,1.0,375,4.320487343871365,1,25,>,MAT,86277,OK,1986,Ortega Gómez et al. (2019),1987-03-11,10,375,precip_mm,21.60680423060938,93.3519242198541,21.60680423060938
25,episodes,1.0,1987-11-02,0.0,275,0.0,2,25,>=,EST,86277,OK,1987,Li et al. 2025a,1987-10-23,34,275,tmax_c,21.60680423060938,0,0
25,episodes,1.0,1988-01-07,0.6404470161510023,850,0.6404470161510023,2,25,>=,VEG,86277,OK,1987,Li et al. 2025a,1987-12-05,34.6,850,tmax_c,21.60680423060938,13.83801329805263,13.83801329805263
25,episodes,1.0,1988-01-27,0.0,275,0.0,2,25,>=,REP,86277,OK,1987,Li et al. (2025b),1988-01-17,33.7,275,tmax_c,21.60680423060938,0,0
25,episodes,1.0,1988-01-16,0.8802441592007337,225,0.8802441592007337,2,25,>=,FLO,86277,OK,1987,Li et al. (2025b),1988-01-08,33.7,225,tmax_c,21.60680423060938,19.01926322298761,19.01926322298761
25,episodes,1.0,1988-03-10,1.0,1075,1.1602841213795432,2,25,>=,FIL,86277,OK,1987,Li et al. (2025b),1988-01-28,32.7,1075,tmax_c,21.60680423060938,25.0700318625324,21.60680423060938
25,days,1.0,1988-03-25,1.0,375,2.5604877092892573,1,25,>,MAT,86277,OK,1987,Ortega Gómez et al. (2019),1988-03-11,10,375,precip_mm,21.60680423060938,55.32395666949444,21.60680423060938
25,episodes,1.0,1988-11-02,0.0,275,0.0,2,25,>=,EST,86277,OK,1988,Li et al. 2025a,1988-10-23,34,275,tmax_c,21.60680423060938,0,0
25,episodes,1.0,1989-01-07,1.0,850,1.0801218359678413,2,25,>=,VEG,86277,OK,1988,Li et al. 2025a,1988-12-05,34.6,850,tmax_c,21.60680423060938,23.337981054963524,21.60680423060938
25,episodes,1.0,1989-01-27,0.7204880748308841,275,1.0009347254402587,2,25,>=,REP,86277,OK,1988,Li et al. (2025b),1989-01-17,33.7,275,tmax_c,21.60680423060938,21.62700066020642,15.567444783359555
25,episodes,1.0,1989-01-16,0.32040620104185213,225,0.5206904442686292,2,25,>=,FLO,86277,OK,1988,Li et al. (2025b),1989-01-08,33.7,225,tmax_c,21.60680423060938,11.250456494061297,6.922954060184571
25,episodes,1.0,1989-03-10,1.0,1050,4.719715634926064,2,25,>=,FIL,86277,OK,1988,Li et al. (2025b),1989-01-28,32.7,1050,tmax_c,21.60680423060938,101.9779717479937,21.60680423060938
25,days,1.0,1989-03-25,1.0,375,2.0399186135997556,1,25,>,MAT,86277,OK,1988,Ortega Gómez et al. (2019),1989-03-11,10,375,precip_mm,21.60680423060938,44.07612213042602,21.60680423060938
25,episodes,1.0,1993-11-11,0.0,275,0.0,2,25,>=,EST,86276,OK,1993,Li et al. 2025a,1993-11-01,34,275,tmax_c,21.60680423060938,0,0
25,episodes,1.0,1994-01-19,0.0,875,0.0,2,25,>=,VEG,86276,OK,1993,Li et al. 2025a,1993-12-16,34.6,875,tmax_c,21.60680423060938,0,0
25,episodes,1.0,1994-02-09,0.0,275,0.0,2,25,>=,REP,86276,OK,1993,Li et al. (2025b),1994-01-30,33.7,275,tmax_c,21.60680423060938,0,0
25,episodes,1.0,1994-01-29,0.0,250,0.0,2,25,>=,FLO,86276,OK,1993,Li et al. (2025b),1994-01-20,33.7,250,tmax_c,21.60680423060938,0,0
25,episodes,1.0,1994-03-24,0.04008114270585094,1075,0.04008114270585094,2,25,>=,FIL,86276,OK,1993,Li et al. (2025b),1994-02-10,32.7,1075,tmax_c,21.60680423060938,0.8660254037844385,0.8660254037844385
25,days,1.0,1994-04-09,1.0,400,2.8402847306155654,1,25,>,MAT,86276,OK,1993,Ortega Gómez et al. (2019),1994-03-25,10,400,precip_mm,21.60680423060938,61.369476133599626,21.60680423060938
25,episodes,1.0,1994-11-11,0.0,275,0.0,2,25,>=,EST,86276,OK,1994,Li et al. 2025a,1994-11-01,34,275,tmax_c,21.60680423060938,0,0
25,episodes,1.0,1995-01-19,1.0,875,2.200405713529255,2,25,>=,VEG,86276,OK,1994,Li et al. 2025a,1994-12-16,34.6,875,tmax_c,21.60680423060938,47.54373548014096,21.60680423060938
25,episodes,1.0,1995-02-09,0.0,275,0.0,2,25,>=,REP,86276,OK,1994,Li et al. (2025b),1995-01-30,33.7,275,tmax_c,21.60680423060938,0,0
25,episodes,1.0,1995-01-29,0.0,250,0.0,2,25,>=,FLO,86276,OK,1994,Li et al. (2025b),1995-01-20,33.7,250,tmax_c,21.60680423060938,0,0
25,episodes,1.0,1995-03-24,0.0,1075,0.0,2,25,>=,FIL,86276,OK,1994,Li et al. (2025b),1995-02-10,32.7,1075,tmax_c,21.60680423060938,0,0
25,days,1.0,1995-04-09,1.0,400,2.3993902109246252,1,25,>,MAT,86276,OK,1994,Ortega Gómez et al. (2019),1995-03-25,10,400,precip_mm,21.60680423060938,51.84315456028893,21.60680423060938
25,episodes,1.0,1995-11-11,1.0,275,1.0,2,25,>=,EST,86276,OK,1995,Li et al. 2025a,1995-11-01,34,275,tmax_c,21.60680423060938,21.60680423060938,21.60680423060938
25,episodes,1.0,1996-01-19,1.0,875,2.0,2,25,>=,VEG,86276,OK,1995,Li et al. 2025a,1995-12-16,34.6,875,tmax_c,21.60680423060938,43.21360846121876,21.60680423060938
25,episodes,1.0,1996-02-09,0.0,275,0.0,2,25,>=,REP,86276,OK,1995,Li et al. (2025b),1996-01-30,33.7,275,tmax_c,21.60680423060938,0,0
25,episodes,1.0,1996-01-29,0.0,250,0.0,2,25,>=,FLO,86276,OK,1995,Li et al. (2025b),1996-01-20,33.7,250,tmax_c,21.60680423060938,0,0
25,episodes,1.0,1996-03-24,0.0,1100,0.0,2,25,>=,FIL,86276,OK,1995,Li et al. (2025b),1996-02-10,32.7,1100,tmax_c,21.60680423060938,0,0
25,days,1.0,1996-04-09,1.0,400,2.1201219578150754,1,25,>,MAT,86276,OK,1995,Ortega Gómez et al. (2019),1996-03-25,10,400,precip_mm,21.60680423060938,45.80906008752661,21.60680423060938
25,episodes,1.0,1996-11-11,0.0,275,0.0,2,25,>=,EST,86276,OK,1996,Li et al. 2025a,1996-11-01,34,275,tmax_c,21.60680423060938,0,0
25,episodes,1.0,1997-01-19,1.0,875,1.960365629627022,2,25,>=,VEG,86276,OK,1996,Li et al. 2025a,1996-12-16,34.6,875,tmax_c,21.60680423060938,42.35723637976636,21.60680423060938
25,episodes,1.0,1997-02-09,0.0,275,0.0,2,25,>=,REP,86276,OK,1996,Li et al. (2025b),1997-01-30,33.7,275,tmax_c,21.60680423060938,0,0
25,episodes,1.0,1997-01-29,0.0,250,0.0,2,25,>=,FLO,86276,OK,1996,Li et al. (2025b),1997-01-20,33.7,250,tmax_c,21.60680423060938,0,0
25,episodes,1.0,1997-03-24,0.0,1075,0.0,2,25,>=,FIL,86276,OK,1996,Li et al. (2025b),1997-02-10,32.7,1075,tmax_c,21.60680423060938,0,0
25,days,1.0,1997-04-09,0.0,400,0.0,1,25,>,MAT,86276,OK,1996,Ortega Gómez et al. (2019),1997-03-25,10,400,precip_mm,21.60680423060938,0,0
25,episodes,1.0,1981-11-11,0.0,275,0.0,2,25,>=,EST,86276,OK,1981,Li et al. 2025a,1981-11-01,34,275,tmax_c,21.60680423060938,0,0
25,episodes,1.0,1982-01-19,0.6005284025512468,875,0.6005284025512468,2,25,>=,VEG,86276,OK,1981,Li et al. 2025a,1981-12-16,34.6,875,tmax_c,21.60680423060938,12.975499628845373,12.975499628845373
25,episodes,1.0,1982-02-09,0.7203253019065847,275,0.7203253019065847,2,25,>=,REP,86276,OK,1981,Li et al. (2025b),1982-01-30,33.7,275,tmax_c,21.60680423060938,15.563927780650175,15.563927780650175
25,episodes,1.0,1982-01-29,0.0,250,0.0,2,25,>=,FLO,86276,OK,1981,Li et al. (2025b),1982-01-20,33.7,250,tmax_c,21.60680423060938,0,0
25,episodes,1.0,1982-03-24,1.0,1075,1.2403249364887672,2,25,>=,FIL,86276,OK,1981,Li et al. (2025b),1982-02-10,32.7,1075,tmax_c,21.60680423060938,26.799458085055807,21.60680423060938
25,days,1.0,1982-04-09,1.0,400,3.5601617981466513,1,25,>,MAT,86276,OK,1981,Ortega Gómez et al. (2019),1982-03-25,10,400,precip_mm,21.60680423060938,76.92371900184897,21.60680423060938
25,episodes,1.0,1982-11-11,0.0,275,0.0,2,25,>=,EST,86276,OK,1982,Li et al. 2025a,1982-11-01,34,275,tmax_c,21.60680423060938,0,0
25,episodes,1.0,1983-01-19,0.0,875,0.0,2,25,>=,VEG,86276,OK,1982,Li et al. 2025a,1982-12-16,34.6,875,tmax_c,21.60680423060938,0,0
25,episodes,1.0,1983-02-09,0.0,275,0.0,2,25,>=,REP,86276,OK,1982,Li et al. (2025b),1983-01-30,33.7,275,tmax_c,21.60680423060938,0,0
25,episodes,1.0,1983-01-29,1.0,250,1.0,2,25,>=,FLO,86276,OK,1982,Li et al. (2025b),1983-01-20,33.7,250,tmax_c,21.60680423060938,21.60680423060938,21.60680423060938
25,episodes,1.0,1983-03-24,0.20032481464153346,1075,0.20032481464153346,2,25,>=,FIL,86276,OK,1982,Li et al. (2025b),1983-02-10,32.7,1075,tmax_c,21.60680423060938,4.328379052492725,4.328379052492725
25,days,1.0,1983-04-09,1.0,400,4.8400001218472335,1,25,>,MAT,86276,OK,1982,Ortega Gómez et al. (2019),1983-03-25,10,400,precip_mm,21.60680423060938,104.57693510887873,21.60680423060938
25,episodes,1.0,1983-11-11,0.0,275,0.0,2,25,>=,EST,86276,OK,1983,Li et al. 2025a,1983-11-01,34,275,tmax_c,21.60680423060938,0,0
25,episodes,1.0,1984-01-19,1.0,875,1.360406201041778,2,25,>=,VEG,86276,OK,1983,Li et al. 2025a,1983-12-16,34.6,875,tmax_c,21.60680423060938,29.394030460016722,21.60680423060938
25,episodes,1.0,1984-02-09,0.0,275,0.0,2,25,>=,REP,86276,OK,1983,Li et al. (2025b),1984-01-30,33.7,275,tmax_c,21.60680423060938,0,0
25,episodes,1.0,1984-01-29,0.0,250,0.0,2,25,>=,FLO,86276,OK,1983,Li et al. (2025b),1984-01-20,33.7,250,tmax_c,21.60680423060938,0,0
25,episodes,1.0,1984-03-24,0.800366117015809,1100,0.800366117015809,2,25,>=,FIL,86276,OK,1983,Li et al. (2025b),1984-02-10,32.7,1100,tmax_c,21.60680423060938,17.293354003173583,17.293354003173583
25,days,1.0,1984-04-09,1.0,400,1.0,1,25,>,MAT,86276,OK,1983,Ortega Gómez et al. (2019),1984-03-25,10,400,precip_mm,21.60680423060938,21.60680423060938,21.60680423060938
25,episodes,1.0,1984-11-11,0.0,275,0.0,2,25,>=,EST,86276,OK,1984,Li et al. 2025a,1984-11-01,34,275,tmax_c,21.60680423060938,0,0
25,episodes,1.0,1985-01-19,0.0,875,0.0,2,25,>=,VEG,86276,OK,1984,Li et al. 2025a,1984-12-16,34.6,875,tmax_c,21.60680423060938,0,0
25,episodes,1.0,1985-02-09,0.0,275,0.0,2,25,>=,REP,86276,OK,1984,Li et al. (2025b),1985-01-30,33.7,275,tmax_c,21.60680423060938,0,0
25,episodes,1.0,1985-01-29,0.0,250,0.0,2,25,>=,FLO,86276,OK,1984,Li et al. (2025b),1985-01-20,33.7,250,tmax_c,21.60680423060938,0,0
25,episodes,1.0,1985-03-24,0.0,1075,0.0,2,25,>=,FIL,86276,OK,1984,Li et al. (2025b),1985-02-10,32.7,1075,tmax_c,21.60680423060938,0,0
25,days,1.0,1985-04-09,1.0,400,3.44113709487793,1,25,>,MAT,86276,OK,1984,Ortega Gómez et al. (2019),1985-03-25,10,400,precip_mm,21.60680423060938,74.35197553971533,21.60680423060938
25,episodes,1.0,1997-10-26,0.0,275,0.0,2,25,>=,EST,86286,OK,1997,Li et al. 2025a,1997-10-16,34,275,tmax_c,21.60680423060938,0,0
25,episodes,1.0,1998-01-03,0.0,875,0.0,2,25,>=,VEG,86286,OK,1997,Li et al. 2025a,1997-11-30,34.6,875,tmax_c,21.60680423060938,0,0
25,episodes,1.0,1998-01-24,1.0,275,1.0,2,25,>=,REP,86286,OK,1997,Li et al. (2025b),1998-01-14,33.7,275,tmax_c,21.60680423060938,21.60680423060938,21.60680423060938
25,episodes,1.0,1998-01-13,0.0,250,0.0,2,25,>=,FLO,86286,OK,1997,Li et al. (2025b),1998-01-04,33.7,250,tmax_c,21.60680423060938,0,0
25,episodes,1.0,1998-03-09,0.0,1100,0.0,2,25,>=,FIL,86286,OK,1997,Li et al. (2025b),1998-01-25,32.7,1100,tmax_c,21.60680423060938,0,0
25,days,1.0,1998-03-25,1.0,400,5.120243428117552,1,25,>,MAT,86286,OK,1997,Ortega Gómez et al. (2019),1998-03-10,10,400,precip_mm,21.60680423060938,110.63209736440021,21.60680423060938
25,episodes,1.0,1998-10-26,0.0,275,0.0,2,25,>=,EST,86286,OK,1998,Li et al. 2025a,1998-10-16,34,275,tmax_c,21.60680423060938,0,0
25,episodes,1.0,1999-01-03,0.0,875,0.0,2,25,>=,VEG,86286,OK,1998,Li et al. 2025a,1998-11-30,34.6,875,tmax_c,21.60680423060938,0,0
25,episodes,1.0,1999-01-24,0.5601626510770654,275,0.5601626510770654,2,25,>=,REP,86286,OK,1998,Li et al. (2025b),1999-01-14,33.7,275,tmax_c,21.60680423060938,12.103324739121303,12.103324739121303
25,episodes,1.0,1999-01-13,0.0,250,0.0,2,25,>=,FLO,86286,OK,1998,Li et al. (2025b),1999-01-04,33.7,250,tmax_c,21.60680423060938,0,0
25,episodes,1.0,1999-03-09,1.0,1100,2.2802846088921407,2,25,>=,FIL,86286,OK,1998,Li et al. (2025b),1999-01-25,32.7,1100,tmax_c,21.60680423060938,49.26966313440416,21.60680423060938
25,days,1.0,1999-03-25,1.0,400,1.1601215922734478,1,25,>,MAT,86286,OK,1998,Ortega Gómez et al. (2019),1999-03-10,10,400,precip_mm,21.60680423060938,25.066520127955222,21.60680423060938
25,episodes,1.0,1999-10-26,0.0,275,0.0,2,25,>=,EST,86286,OK,1999,Li et al. 2025a,1999-10-16,34,275,tmax_c,21.60680423060938,0,0
25,episodes,1.0,2000-01-03,1.0,875,1.6805286462457154,2,25,>=,VEG,86286,OK,1999,Li et al. 2025a,1999-11-30,34.6,875,tmax_c,21.60680423060938,36.31085346336218,21.60680423060938
25,episodes,1.0,2000-01-24,0.0,275,0.0,2,25,>=,REP,86286,OK,1999,Li et al. (2025b),2000-01-14,33.7,275,tmax_c,21.60680423060938,0,0
25,episodes,1.0,2000-01-13,1.0,250,1.0,2,25,>=,FLO,86286,OK,1999,Li et al. (2025b),2000-01-04,33.7,250,tmax_c,21.60680423060938,21.60680423060938,21.60680423060938
25,episodes,1.0,2000-03-09,1.0,1125,1.0399186135997553,2,25,>=,FIL,86286,OK,1999,Li et al. (2025b),2000-01-25,32.7,1125,tmax_c,21.60680423060938,22.469317899816637,21.60680423060938
25,days,1.0,2000-03-25,1.0,400,2.239796899479074,1,25,>,MAT,86286,OK,1999,Ortega Gómez et al. (2019),2000-03-10,10,400,precip_mm,21.60680423060938,48.39485312337023,21.60680423060938
25,episodes,1.0,2000-10-26,0.0,275,0.0,2,25,>=,EST,86286,OK,2000,Li et al. 2025a,2000-10-16,34,275,tmax_c,21.60680423060938,0,0
25,episodes,1.0,2001-01-03,0.0,875,0.0,2,25,>=,VEG,86286,OK,2000,Li et al. 2025a,2000-11-30,34.6,875,tmax_c,21.60680423060938,0,0
25,episodes,1.0,2001-01-24,0.0,275,0.0,2,25,>=,REP,86286,OK,2000,Li et al. (2025b),2001-01-14,33.7,275,tmax_c,21.60680423060938,0,0
25,episodes,1.0,2001-01-13,0.0,250,0.0,2,25,>=,FLO,86286,OK,2000,Li et al. (2025b),2001-01-04,33.7,250,tmax_c,21.60680423060938,0,0
25,episodes,1.0,2001-03-09,1.0,1100,2.0,2,25,>=,FIL,86286,OK,2000,Li et al. (2025b),2001-01-25,32.7,1100,tmax_c,21.60680423060938,43.21360846121876,21.60680423060938
25,days,1.0,2001-03-25,1.0,400,4.68024379365918,1,25,>,MAT,86286,OK,2000,Ortega Gómez et al. (2019),2001-03-10,10,400,precip_mm,21.60680423060938,101.12511140111847,21.60680423060938
25,episodes,1.0,2005-11-08,0.0,225,0.0,2,25,>=,EST,85983,OK,2005,Li et al. 2025a,2005-10-31,34,225,tmax_c,21.60680423060938,0,0
25,episodes,1.0,2006-01-04,0.0,725,0.0,2,25,>=,VEG,85983,OK,2005,Li et al. 2025a,2005-12-07,34.6,725,tmax_c,21.60680423060938,0,0
25,episodes,1.0,2006-01-21,0.0,250,0.0,2,25,>=,REP,85983,OK,2005,Li et al. (2025b),2006-01-12,33.7,250,tmax_c,21.60680423060938,0,0
25,episodes,1.0,2006-01-11,0.0,175,0.0,2,25,>=,FLO,85983,OK,2005,Li et al. (2025b),2006-01-05,33.7,175,tmax_c,21.60680423060938,0,0
25,episodes,1.0,2006-02-25,0.0,875,0.0,2,25,>=,FIL,85983,OK,2005,Li et al. (2025b),2006-01-22,32.7,875,tmax_c,21.60680423060938,0,0
25,days,1.0,2006-03-10,1.0,325,3.599390089201276,1,25,>,MAT,85983,OK,2005,Ortega Gómez et al. (2019),2006-02-26,10,325,precip_mm,21.60680423060938,77.7713170069676,21.60680423060938
25,episodes,1.0,2006-11-08,0.0,225,0.0,2,25,>=,EST,85983,OK,2006,Li et al. 2025a,2006-10-31,34,225,tmax_c,21.60680423060938,0,0
25,episodes,1.0,2007-01-04,0.0,725,0.0,2,25,>=,VEG,85983,OK,2006,Li et al. 2025a,2006-12-07,34.6,725,tmax_c,21.60680423060938,0,0
25,episodes,1.0,2007-01-21,0.0,250,0.0,2,25,>=,REP,85983,OK,2006,Li et al. (2025b),2007-01-12,33.7,250,tmax_c,21.60680423060938,0,0
25,episodes,1.0,2007-01-11,0.0,175,0.0,2,25,>=,FLO,85983,OK,2006,Li et al. (2025b),2007-01-05,33.7,175,tmax_c,21.60680423060938,0,0
25,episodes,1.0,2007-02-25,0.0,875,0.0,2,25,>=,FIL,85983,OK,2006,Li et al. (2025b),2007-01-22,32.7,875,tmax_c,21.60680423060938,0,0
25,days,1.0,2007-03-10,1.0,325,1.9602852178806165,1,25,>,MAT,85983,OK,2006,Ortega Gómez et al. (2019),2007-02-26,10,325,precip_mm,21.60680423060938,42.355498938903935,21.60680423060938
25,episodes,1.0,2007-11-08,0.0,225,0.0,2,25,>=,EST,85983,OK,2007,Li et al. 2025a,2007-10-31,34,225,tmax_c,21.60680423060938,0,0
25,episodes,1.0,2008-01-04,0.0,725,0.0,2,25,>=,VEG,85983,OK,2007,Li et al. 2025a,2007-12-07,34.6,725,tmax_c,21.60680423060938,0,0
25,episodes,1.0,2008-01-21,0.0,250,0.0,2,25,>=,REP,85983,OK,2007,Li et al. (2025b),2008-01-12,33.7,250,tmax_c,21.60680423060938,0,0
25,episodes,1.0,2008-01-11,0.0,175,0.0,2,25,>=,FLO,85983,OK,2007,Li et al. (2025b),2008-01-05,33.7,175,tmax_c,21.60680423060938,0,0
25,episodes,1.0,2008-02-25,0.0,875,0.0,2,25,>=,FIL,85983,OK,2007,Li et al. (2025b),2008-01-22,32.7,875,tmax_c,21.60680423060938,0,0
25,days,1.0,2008-03-10,1.0,350,1.0,1,25,>,MAT,85983,OK,2007,Ortega Gómez et al. (2019),2008-02-26,10,350,precip_mm,21.60680423060938,21.60680423060938,21.60680423060938
25,episodes,1.0,2008-11-08,0.0,225,0.0,2,25,>=,EST,85983,OK,2008,Li et al. 2025a,2008-10-31,34,225,tmax_c,21.60680423060938,0,0
25,episodes,1.0,2009-01-04,0.0,725,0.0,2,25,>=,VEG,85983,OK,2008,Li et al. 2025a,2008-12-07,34.6,725,tmax_c,21.60680423060938,0,0
25,episodes,1.0,2009-01-21,0.0,250,0.0,2,25,>=,REP,85983,OK,2008,Li et al. (2025b),2009-01-12,33.7,250,tmax_c,21.60680423060938,0,0
25,episodes,1.0,2009-01-11,0.0,175,0.0,2,25,>=,FLO,85983,OK,2008,Li et al. (2025b),2009-01-05,33.7,175,tmax_c,21.60680423060938,0,0
25,episodes,1.0,2009-02-25,0.0,875,0.0,2,25,>=,FIL,85983,OK,2008,Li et al. (2025b),2009-01-22,32.7,875,tmax_c,21.60680423060938,0,0
25,days,1.0,2009-03-10,0.0,325,0.0,1,25,>,MAT,85983,OK,2008,Ortega Gómez et al. (2019),2009-02-26,10,325,precip_mm,21.60680423060938,0,0
25,episodes,1.0,1981-10-26,0.0,275,0.0,2,25,>=,EST,86286,OK,1981,Li et al. 2025a,1981-10-16,34,275,tmax_c,21.60680423060938,0,0
25,episodes,1.0,1982-01-03,0.0,875,0.0,2,25,>=,VEG,86286,OK,1981,Li et al. 2025a,1981-11-30,34.6,875,tmax_c,21.60680423060938,0,0
25,episodes,1.0,1982-01-24,0.6803661171396193,275,0.6803661171396193,2,25,>=,REP,86286,OK,1981,Li et al. (2025b),1982-01-14,33.7,275,tmax_c,21.60680423060938,14.700537498175603,14.700537498175603
25,episodes,1.0,1982-01-13,0.0,250,0.0,2,25,>=,FLO,86286,OK,1981,Li et al. (2025b),1982-01-04,33.7,250,tmax_c,21.60680423060938,0,0
25,episodes,1.0,1982-03-09,1.0,1100,1.0,2,25,>=,FIL,86286,OK,1981,Li et al. (2025b),1982-01-25,32.7,1100,tmax_c,21.60680423060938,21.60680423060938,21.60680423060938
25,days,1.0,1982-03-25,1.0,400,1.0,1,25,>,MAT,86286,OK,1981,Ortega Gómez et al. (2019),1982-03-10,10,400,precip_mm,21.60680423060938,21.60680423060938,21.60680423060938
25,episodes,1.0,1982-10-26,0.0,275,0.0,2,25,>=,EST,86286,OK,1982,Li et al. 2025a,1982-10-16,34,275,tmax_c,21.60680423060938,0,0
25,episodes,1.0,1983-01-03,0.0,875,0.0,2,25,>=,VEG,86286,OK,1982,Li et al. 2025a,1982-11-30,34.6,875,tmax_c,21.60680423060938,0,0
25,episodes,1.0,1983-01-24,1.0,275,1.0,2,25,>=,REP,86286,OK,1982,Li et al. (2025b),1983-01-14,33.7,275,tmax_c,21.60680423060938,21.60680423060938,21.60680423060938
25,episodes,1.0,1983-01-13,1.0,250,1.0,2,25,>=,FLO,86286,OK,1982,Li et al. (2025b),1983-01-04,33.7,250,tmax_c,21.60680423060938,21.60680423060938,21.60680423060938
25,episodes,1.0,1983-03-09,0.0,1100,0.0,2,25,>=,FIL,86286,OK,1982,Li et al. (2025b),1983-01-25,32.7,1100,tmax_c,21.60680423060938,0,0
25,days,1.0,1983-03-25,1.0,400,3.4806094235336746,1,25,>,MAT,86286,OK,1982,Ortega Gómez et al. (2019),1983-03-10,10,400,precip_mm,21.60680423060938,75.20484641750627,21.60680423060938
25,episodes,1.0,1983-10-26,0.0,275,0.0,2,25,>=,EST,86286,OK,1983,Li et al. 2025a,1983-10-16,34,275,tmax_c,21.60680423060938,0,0
25,episodes,1.0,1984-01-03,1.0,875,1.0,2,25,>=,VEG,86286,OK,1983,Li et al. 2025a,1983-11-30,34.6,875,tmax_c,21.60680423060938,21.60680423060938,21.60680423060938
25,episodes,1.0,1984-01-24,0.0,275,0.0,2,25,>=,REP,86286,OK,1983,Li et al. (2025b),1984-01-14,33.7,275,tmax_c,21.60680423060938,0,0
25,episodes,1.0,1984-01-13,1.0,250,1.0,2,25,>=,FLO,86286,OK,1983,Li et al. (2025b),1984-01-04,33.7,250,tmax_c,21.60680423060938,21.60680423060938,21.60680423060938
25,episodes,1.0,1984-03-09,1.0,1125,1.0,2,25,>=,FIL,86286,OK,1983,Li et al. (2025b),1984-01-25,32.7,1125,tmax_c,21.60680423060938,21.60680423060938,21.60680423060938
25,days,1.0,1984-03-25,1.0,400,1.0400811427058512,1,25,>,MAT,86286,OK,1983,Ortega Gómez et al. (2019),1984-03-10,10,400,precip_mm,21.60680423060938,22.472829634393822,21.60680423060938
25,episodes,1.0,1984-10-26,0.0,275,0.0,2,25,>=,EST,86286,OK,1984,Li et al. 2025a,1984-10-16,34,275,tmax_c,21.60680423060938,0,0
25,episodes,1.0,1985-01-03,0.40056860842444986,875,0.40056860842444986,2,25,>=,VEG,86286,OK,1984,Li et al. 2025a,1984-11-30,34.6,875,tmax_c,21.60680423060938,8.655007503154716,8.655007503154716
25,episodes,1.0,1985-01-24,0.0,275,0.0,2,25,>=,REP,86286,OK,1984,Li et al. (2025b),1985-01-14,33.7,275,tmax_c,21.60680423060938,0,0
25,episodes,1.0,1985-01-13,1.0,250,2.0,2,25,>=,FLO,86286,OK,1984,Li et al. (2025b),1985-01-04,33.7,250,tmax_c,21.60680423060938,43.21360846121876,21.60680423060938
25,episodes,1.0,1985-03-09,0.7604066884306395,1100,0.9206503603663219,2,25,>=,FIL,86286,OK,1984,Li et al. (2025b),1985-01-25,32.7,1100,tmax_c,21.60680423060938,19.892312101275095,16.42995845256681
25,days,1.0,1985-03-25,1.0,400,2.760569217536736,1,25,>,MAT,86286,OK,1984,Ortega Gómez et al. (2019),1985-03-10,10,400,precip_mm,21.60680423060938,59.64707864836277,21.60680423060938
25,episodes,1.0,1989-11-11,0.0,275,0.0,2,25,>=,EST,86276,OK,1989,Li et al. 2025a,1989-11-01,34,275,tmax_c,21.60680423060938,0,0
25,episodes,1.0,1990-01-19,1.0,875,1.0,2,25,>=,VEG,86276,OK,1989,Li et al. 2025a,1989-12-16,34.6,875,tmax_c,21.60680423060938,21.60680423060938,21.60680423060938
25,episodes,1.0,1990-02-09,0.04008114270585094,275,0.04008114270585094,2,25,>=,REP,86276,OK,1989,Li et al. (2025b),1990-01-30,33.7,275,tmax_c,21.60680423060938,0.8660254037844385,0.8660254037844385
25,episodes,1.0,1990-01-29,1.0,250,1.0,2,25,>=,FLO,86276,OK,1989,Li et al. (2025b),1990-01-20,33.7,250,tmax_c,21.60680423060938,21.60680423060938,21.60680423060938
25,episodes,1.0,1990-03-24,0.0,1075,0.0,2,25,>=,FIL,86276,OK,1989,Li et al. (2025b),1990-02-10,32.7,1075,tmax_c,21.60680423060938,0,0
25,days,1.0,1990-04-09,1.0,400,1.0,1,25,>,MAT,86276,OK,1989,Ortega Gómez et al. (2019),1990-03-25,10,400,precip_mm,21.60680423060938,21.60680423060938,21.60680423060938
25,episodes,1.0,1990-11-11,0.0,275,0.0,2,25,>=,EST,86276,OK,1990,Li et al. 2025a,1990-11-01,34,275,tmax_c,21.60680423060938,0,0
25,episodes,1.0,1991-01-19,0.0,875,0.0,2,25,>=,VEG,86276,OK,1990,Li et al. 2025a,1990-12-16,34.6,875,tmax_c,21.60680423060938,0,0
25,episodes,1.0,1991-02-09,0.0,275,0.0,2,25,>=,REP,86276,OK,1990,Li et al. (2025b),1991-01-30,33.7,275,tmax_c,21.60680423060938,0,0
25,episodes,1.0,1991-01-29,0.0,250,0.0,2,25,>=,FLO,86276,OK,1990,Li et al. (2025b),1991-01-20,33.7,250,tmax_c,21.60680423060938,0,0
25,episodes,1.0,1991-03-24,0.08016228541170188,1075,0.08016228541170188,2,25,>=,FIL,86276,OK,1990,Li et al. (2025b),1991-02-10,32.7,1075,tmax_c,21.60680423060938,1.732050807568877,1.732050807568877
25,days,1.0,1991-04-09,1.0,400,1.320162772800489,1,25,>,MAT,86276,OK,1990,Ortega Gómez et al. (2019),1991-03-25,10,400,precip_mm,21.60680423060938,28.524498584438614,21.60680423060938
25,episodes,1.0,1991-11-11,0.0,275,0.0,2,25,>=,EST,86276,OK,1991,Li et al. 2025a,1991-11-01,34,275,tmax_c,21.60680423060938,0,0
25,episodes,1.0,1992-01-19,0.0,875,0.0,2,25,>=,VEG,86276,OK,1991,Li et al. 2025a,1991-12-16,34.6,875,tmax_c,21.60680423060938,0,0
25,episodes,1.0,1992-02-09,0.08016228541170188,275,0.08016228541170188,2,25,>=,REP,86276,OK,1991,Li et al. (2025b),1992-01-30,33.7,275,tmax_c,21.60680423060938,1.732050807568877,1.732050807568877
25,episodes,1.0,1992-01-29,0.0,250,0.0,2,25,>=,FLO,86276,OK,1991,Li et al. (2025b),1992-01-20,33.7,250,tmax_c,21.60680423060938,0,0
25,episodes,1.0,1992-03-24,0.04008114270585094,1100,0.04008114270585094,2,25,>=,FIL,86276,OK,1991,Li et al. (2025b),1992-02-10,32.7,1100,tmax_c,21.60680423060938,0.8660254037844385,0.8660254037844385
25,days,1.0,1992-04-09,1.0,400,2.5603656296270225,1,25,>,MAT,86276,OK,1991,Ortega Gómez et al. (2019),1992-03-25,10,400,precip_mm,21.60680423060938,55.321318918132,21.60680423060938
25,episodes,1.0,1992-11-11,0.0,275,0.0,2,25,>=,EST,86276,OK,1992,Li et al. 2025a,1992-11-01,34,275,tmax_c,21.60680423060938,0,0
25,episodes,1.0,1993-01-19,0.0,875,0.0,2,25,>=,VEG,86276,OK,1992,Li et al. 2025a,1992-12-16,34.6,875,tmax_c,21.60680423060938,0,0
25,episodes,1.0,1993-02-09,0.0,275,0.0,2,25,>=,REP,86276,OK,1992,Li et al. (2025b),1993-01-30,33.7,275,tmax_c,21.60680423060938,0,0
25,episodes,1.0,1993-01-29,0.44020322236808573,250,0.44020322236808573,2,25,>=,FLO,86276,OK,1992,Li et al. (2025b),1993-01-20,33.7,250,tmax_c,21.60680423060938,9.511384847390637,9.511384847390637
25,episodes,1.0,1993-03-24,1.0,1075,1.0,2,25,>=,FIL,86276,OK,1992,Li et al. (2025b),1993-02-10,32.7,1075,tmax_c,21.60680423060938,21.60680423060938,21.60680423060938
25,days,1.0,1993-04-09,1.0,400,2.3199585757785655,1,25,>,MAT,86276,OK,1992,Ortega Gómez et al. (2019),1993-03-25,10,400,precip_mm,21.60680423060938,50.12689076997082,21.60680423060938
25,episodes,1.0,2005-11-02,0.0,275,0.0,2,25,>=,EST,86277,OK,2005,Li et al. 2025a,2005-10-23,34,275,tmax_c,21.60680423060938,0,0
25,episodes,1.0,2006-01-07,1.0,850,1.0,2,25,>=,VEG,86277,OK,2005,Li et al. 2025a,2005-12-05,34.6,850,tmax_c,21.60680423060938,21.60680423060938,21.60680423060938
25,episodes,1.0,2006-01-27,0.0,275,0.0,2,25,>=,REP,86277,OK,2005,Li et al. (2025b),2006-01-17,33.7,275,tmax_c,21.60680423060938,0,0
25,episodes,1.0,2006-01-16,1.0,225,1.599959794126797,2,25,>=,FLO,86277,OK,2005,Li et al. (2025b),2006-01-08,33.7,225,tmax_c,21.60680423060938,34.57001804854379,21.60680423060938
25,episodes,1.0,2006-03-10,1.0,1050,2.0,2,25,>=,FIL,86277,OK,2005,Li et al. (2025b),2006-01-28,32.7,1050,tmax_c,21.60680423060938,43.21360846121876,21.60680423060938
25,days,1.0,2006-03-25,1.0,375,3.0397560844936615,1,25,>,MAT,86277,OK,2005,Ortega Gómez et al. (2019),2006-03-11,10,375,precip_mm,21.60680423060938,65.67941462645825,21.60680423060938
25,episodes,1.0,2006-11-02,0.0,275,0.0,2,25,>=,EST,86277,OK,2006,Li et al. 2025a,2006-10-23,34,275,tmax_c,21.60680423060938,0,0
25,episodes,1.0,2007-01-07,0.7204472598454702,850,0.8005690958133114,2,25,>=,VEG,86277,OK,2006,Li et al. 2025a,2006-12-05,34.6,850,tmax_c,21.60680423060938,17.297739726314184,15.56656290196004
25,episodes,1.0,2007-01-27,0.0,275,0.0,2,25,>=,REP,86277,OK,2006,Li et al. (2025b),2007-01-17,33.7,275,tmax_c,21.60680423060938,0,0
25,episodes,1.0,2007-01-16,1.0,225,1.0,2,25,>=,FLO,86277,OK,2006,Li et al. (2025b),2007-01-08,33.7,225,tmax_c,21.60680423060938,21.60680423060938,21.60680423060938
25,episodes,1.0,2007-03-10,1.0,1050,2.8402847306155654,2,25,>=,FIL,86277,OK,2006,Li et al. (2025b),2007-01-28,32.7,1050,tmax_c,21.60680423060938,61.369476133599626,21.60680423060938
25,days,1.0,2007-03-25,0.8000408149854139,375,0.840121957691265,1,25,>,MAT,86277,OK,2006,Ortega Gómez et al. (2019),2007-03-11,10,375,precip_mm,21.60680423060938,18.15235066967146,17.28632526588702
25,episodes,1.0,2007-11-02,0.0,275,0.0,2,25,>=,EST,86277,OK,2007,Li et al. 2025a,2007-10-23,34,275,tmax_c,21.60680423060938,0,0
25,episodes,1.0,2008-01-07,1.0,850,2.2406096672279947,2,25,>=,VEG,86277,OK,2007,Li et al. 2025a,2007-12-05,34.6,850,tmax_c,21.60680423060938,48.41241443700611,21.60680423060938
25,episodes,1.0,2008-01-27,0.0,275,0.0,2,25,>=,REP,86277,OK,2007,Li et al. (2025b),2008-01-17,33.7,275,tmax_c,21.60680423060938,0,0
25,episodes,1.0,2008-01-16,1.0,225,2.0,2,25,>=,FLO,86277,OK,2007,Li et al. (2025b),2008-01-08,33.7,225,tmax_c,21.60680423060938,43.21360846121876,21.60680423060938
25,episodes,1.0,2008-03-10,1.0,1075,1.5202844869211707,2,25,>=,FIL,86277,OK,2007,Li et al. (2025b),2008-01-28,32.7,1075,tmax_c,21.60680423060938,32.84848928373816,21.60680423060938
25,days,1.0,2008-03-25,0.8802033442153198,375,0.8802033442153198,1,25,>,MAT,86277,OK,2007,Ortega Gómez et al. (2019),2008-03-11,10,375,precip_mm,21.60680423060938,19.018381341588096,19.018381341588096
25,episodes,1.0,2008-11-02,0.0,275,0.0,2,25,>=,EST,86277,OK,2008,Li et al. 2025a,2008-10-23,34,275,tmax_c,21.60680423060938,0,0
25,episodes,1.0,2009-01-07,1.0,850,1.0,2,25,>=,VEG,86277,OK,2008,Li et al. 2025a,2008-12-05,34.6,850,tmax_c,21.60680423060938,21.60680423060938,21.60680423060938
25,episodes,1.0,2009-01-27,1.0,275,1.0,2,25,>=,REP,86277,OK,2008,Li et al. (2025b),2009-01-17,33.7,275,tmax_c,21.60680423060938,21.60680423060938,21.60680423060938
25,episodes,1.0,2009-01-16,1.0,225,1.0,2,25,>=,FLO,86277,OK,2008,Li et al. (2025b),2009-01-08,33.7,225,tmax_c,21.60680423060938,21.60680423060938,21.60680423060938
25,episodes,1.0,2009-03-10,1.0,1050,3.440366238863043,2,25,>=,FIL,86277,OK,2008,Li et al. (2025b),2009-01-28,32.7,1050,tmax_c,21.60680423060938,74.33531980471169,21.60680423060938
25,days,1.0,2009-03-25,0.0,375,0.0,1,25,>,MAT,86277,OK,2008,Ortega Gómez et al. (2019),2009-03-11,10,375,precip_mm,21.60680423060938,0,0
25,episodes,1.0,2001-10-26,0.0,275,0.0,2,25,>=,EST,86286,OK,2001,Li et al. 2025a,2001-10-16,34,275,tmax_c,21.60680423060938,0,0
25,episodes,1.0,2002-01-03,0.0,875,0.0,2,25,>=,VEG,86286,OK,2001,Li et al. 2025a,2001-11-30,34.6,875,tmax_c,21.60680423060938,0,0
25,episodes,1.0,2002-01-24,0.0,275,0.0,2,25,>=,REP,86286,OK,2001,Li et al. (2025b),2002-01-14,33.7,275,tmax_c,21.60680423060938,0,0
25,episodes,1.0,2002-01-13,0.0,250,0.0,2,25,>=,FLO,86286,OK,2001,Li et al. (2025b),2002-01-04,33.7,250,tmax_c,21.60680423060938,0,0
25,episodes,1.0,2002-03-09,1.0,1100,1.8802441592007342,2,25,>=,FIL,86286,OK,2001,Li et al. (2025b),2002-01-25,32.7,1100,tmax_c,21.60680423060938,40.626067453597,21.60680423060938
25,days,1.0,2002-03-25,1.0,400,6.08040595747127,1,25,>,MAT,86286,OK,2001,Ortega Gómez et al. (2019),2002-03-10,10,400,precip_mm,21.60680423060938,131.37814116571272,21.60680423060938
25,episodes,1.0,2002-10-26,0.0,275,0.0,2,25,>=,EST,86286,OK,2002,Li et al. 2025a,2002-10-16,34,275,tmax_c,21.60680423060938,0,0
25,episodes,1.0,2003-01-03,0.0,875,0.0,2,25,>=,VEG,86286,OK,2002,Li et al. 2025a,2002-11-30,34.6,875,tmax_c,21.60680423060938,0,0
25,episodes,1.0,2003-01-24,0.0,275,0.0,2,25,>=,REP,86286,OK,2002,Li et al. (2025b),2003-01-14,33.7,275,tmax_c,21.60680423060938,0,0
25,episodes,1.0,2003-01-13,0.0,250,0.0,2,25,>=,FLO,86286,OK,2002,Li et al. (2025b),2003-01-04,33.7,250,tmax_c,21.60680423060938,0,0
25,episodes,1.0,2003-03-09,1.0,1100,1.6004880749546948,2,25,>=,FIL,86286,OK,2002,Li et al. (2025b),2003-01-25,32.7,1100,tmax_c,21.60680423060938,34.58143250897096,21.60680423060938
25,days,1.0,2003-03-25,1.0,400,3.920162772800489,1,25,>,MAT,86286,OK,2002,Ortega Gómez et al. (2019),2003-03-10,10,400,precip_mm,21.60680423060938,84.702189584023,21.60680423060938
25,episodes,1.0,2003-10-26,0.0,275,0.0,2,25,>=,EST,86286,OK,2003,Li et al. 2025a,2003-10-16,34,275,tmax_c,21.60680423060938,0,0
25,episodes,1.0,2004-01-03,0.0,875,0.0,2,25,>=,VEG,86286,OK,2003,Li et al. 2025a,2003-11-30,34.6,875,tmax_c,21.60680423060938,0,0
25,episodes,1.0,2004-01-24,0.0,275,0.0,2,25,>=,REP,86286,OK,2003,Li et al. (2025b),2004-01-14,33.7,275,tmax_c,21.60680423060938,0,0
25,episodes,1.0,2004-01-13,0.0,250,0.0,2,25,>=,FLO,86286,OK,2003,Li et al. (2025b),2004-01-04,33.7,250,tmax_c,21.60680423060938,0,0
25,episodes,1.0,2004-03-09,1.0,1125,1.359796777631914,2,25,>=,FIL,86286,OK,2003,Li et al. (2025b),2004-01-25,32.7,1125,tmax_c,21.60680423060938,29.380862767706244,21.60680423060938
25,days,1.0,2004-03-25,0.0,400,0.0,1,25,>,MAT,86286,OK,2003,Ortega Gómez et al. (2019),2004-03-10,10,400,precip_mm,21.60680423060938,0,0
25,episodes,1.0,2004-10-26,0.0,275,0.0,2,25,>=,EST,86286,OK,2004,Li et al. 2025a,2004-10-16,34,275,tmax_c,21.60680423060938,0,0
25,episodes,1.0,2005-01-03,0.0,875,0.0,2,25,>=,VEG,86286,OK,2004,Li et al. 2025a,2004-11-30,34.6,875,tmax_c,21.60680423060938,0,0
25,episodes,1.0,2005-01-24,1.0,275,1.0,2,25,>=,REP,86286,OK,2004,Li et al. (2025b),2005-01-14,33.7,275,tmax_c,21.60680423060938,21.60680423060938,21.60680423060938
25,episodes,1.0,2005-01-13,1.0,250,2.0,2,25,>=,FLO,86286,OK,2004,Li et al. (2025b),2005-01-04,33.7,250,tmax_c,21.60680423060938,43.21360846121876,21.60680423060938
25,episodes,1.0,2005-03-09,1.0,1100,3.6000817520656825,2,25,>=,FIL,86286,OK,2004,Li et al. (2025b),2005-01-25,32.7,1100,tmax_c,21.60680423060938,77.78626163107242,21.60680423060938
25,days,1.0,2005-03-25,1.0,400,2.3598786514209467,1,25,>,MAT,86286,OK,2004,Ortega Gómez et al. (2019),2005-03-10,10,400,precip_mm,21.60680423060938,50.989436029246875,21.60680423060938
25,episodes,1.0,2009-11-08,0.0,225,0.0,2,25,>=,EST,85983,OK,2009,Li et al. 2025a,2009-10-31,34,225,tmax_c,21.60680423060938,0,0
25,episodes,1.0,2010-01-04,0.0,725,0.0,2,25,>=,VEG,85983,OK,2009,Li et al. 2025a,2009-12-07,34.6,725,tmax_c,21.60680423060938,0,0
25,episodes,1.0,2010-01-21,0.0,250,0.0,2,25,>=,REP,85983,OK,2009,Li et al. (2025b),2010-01-12,33.7,250,tmax_c,21.60680423060938,0,0
25,episodes,1.0,2010-01-11,0.0,175,0.0,2,25,>=,FLO,85983,OK,2009,Li et al. (2025b),2010-01-05,33.7,175,tmax_c,21.60680423060938,0,0
25,episodes,1.0,2010-02-25,0.0,875,0.0,2,25,>=,FIL,85983,OK,2009,Li et al. (2025b),2010-01-22,32.7,875,tmax_c,21.60680423060938,0,0
25,days,1.0,2010-03-10,0.8402032223680859,325,1.2803663607102764,1,25,>,MAT,85983,OK,2009,Ortega Gómez et al. (2019),2010-02-26,10,325,precip_mm,21.60680423060938,27.664625299324737,18.15410653963439
25,episodes,1.0,2010-11-08,0.0,225,0.0,2,25,>=,EST,85983,OK,2010,Li et al. 2025a,2010-10-31,34,225,tmax_c,21.60680423060938,0,0
25,episodes,1.0,2011-01-04,0.0,725,0.0,2,25,>=,VEG,85983,OK,2010,Li et al. 2025a,2010-12-07,34.6,725,tmax_c,21.60680423060938,0,0
25,episodes,1.0,2011-01-21,0.0,250,0.0,2,25,>=,REP,85983,OK,2010,Li et al. (2025b),2011-01-12,33.7,250,tmax_c,21.60680423060938,0,0
25,episodes,1.0,2011-01-11,0.0,175,0.0,2,25,>=,FLO,85983,OK,2010,Li et al. (2025b),2011-01-05,33.7,175,tmax_c,21.60680423060938,0,0
25,episodes,1.0,2011-02-25,0.0,875,0.0,2,25,>=,FIL,85983,OK,2010,Li et al. (2025b),2011-01-22,32.7,875,tmax_c,21.60680423060938,0,0
25,days,1.0,2011-03-10,1.0,325,1.6799997563056066,1,25,>,MAT,85983,OK,2010,Ortega Gómez et al. (2019),2011-02-26,10,325,precip_mm,21.60680423060938,36.29942584196671,21.60680423060938
25,episodes,1.0,2011-11-08,0.0,225,0.0,2,25,>=,EST,85983,OK,2011,Li et al. 2025a,2011-10-31,34,225,tmax_c,21.60680423060938,0,0
25,episodes,1.0,2012-01-04,0.0,725,0.0,2,25,>=,VEG,85983,OK,2011,Li et al. 2025a,2011-12-07,34.6,725,tmax_c,21.60680423060938,0,0
25,episodes,1.0,2012-01-21,0.0,250,0.0,2,25,>=,REP,85983,OK,2011,Li et al. (2025b),2012-01-12,33.7,250,tmax_c,21.60680423060938,0,0
25,episodes,1.0,2012-01-11,0.0,175,0.0,2,25,>=,FLO,85983,OK,2011,Li et al. (2025b),2012-01-05,33.7,175,tmax_c,21.60680423060938,0,0
25,episodes,1.0,2012-02-25,0.0,875,0.0,2,25,>=,FIL,85983,OK,2011,Li et al. (2025b),2012-01-22,32.7,875,tmax_c,21.60680423060938,0,0
25,days,1.0,2012-03-10,0.5198374707700941,350,0.5198374707700941,1,25,>,MAT,85983,OK,2011,Ortega Gómez et al. (2019),2012-02-26,10,350,precip_mm,21.60680423060938,11.23202646266455,11.23202646266455
25,episodes,1.0,2012-11-08,0.0,225,0.0,2,25,>=,EST,85983,OK,2012,Li et al. 2025a,2012-10-31,34,225,tmax_c,21.60680423060938,0,0
25,episodes,1.0,2013-01-04,0.0,725,0.0,2,25,>=,VEG,85983,OK,2012,Li et al. 2025a,2012-12-07,34.6,725,tmax_c,21.60680423060938,0,0
25,episodes,1.0,2013-01-21,0.03991861359975546,250,0.03991861359975546,2,25,>=,REP,85983,OK,2012,Li et al. (2025b),2013-01-12,33.7,250,tmax_c,21.60680423060938,0.8625136692072575,0.8625136692072575
25,episodes,1.0,2013-01-11,0.0,175,0.0,2,25,>=,FLO,85983,OK,2012,Li et al. (2025b),2013-01-05,33.7,175,tmax_c,21.60680423060938,0,0
25,episodes,1.0,2013-02-25,0.0,875,0.0,2,25,>=,FIL,85983,OK,2012,Li et al. (2025b),2013-01-22,32.7,875,tmax_c,21.60680423060938,0,0
25,days,1.0,2013-03-10,1.0,325,3.0000000000000018,1,25,>,MAT,85983,OK,2012,Ortega Gómez et al. (2019),2013-02-26,10,325,precip_mm,21.60680423060938,64.82041269182818,21.60680423060938
25,episodes,1.0,2005-10-26,0.0,275,0.0,2,25,>=,EST,86286,OK,2005,Li et al. 2025a,2005-10-16,34,275,tmax_c,21.60680423060938,0,0
25,episodes,1.0,2006-01-03,0.0,875,0.0,2,25,>=,VEG,86286,OK,2005,Li et al. 2025a,2005-11-30,34.6,875,tmax_c,21.60680423060938,0,0
25,episodes,1.0,2006-01-24,1.0,275,1.0,2,25,>=,REP,86286,OK,2005,Li et al. (2025b),2006-01-14,33.7,275,tmax_c,21.60680423060938,21.60680423060938,21.60680423060938
25,episodes,1.0,2006-01-13,1.0,250,1.0,2,25,>=,FLO,86286,OK,2005,Li et al. (2025b),2006-01-04,33.7,250,tmax_c,21.60680423060938,21.60680423060938,21.60680423060938
25,episodes,1.0,2006-03-09,1.0,1100,3.0000000000000018,2,25,>=,FIL,86286,OK,2005,Li et al. (2025b),2006-01-25,32.7,1100,tmax_c,21.60680423060938,64.82041269182818,21.60680423060938
25,days,1.0,2006-03-25,1.0,400,1.0,1,25,>,MAT,86286,OK,2005,Ortega Gómez et al. (2019),2006-03-10,10,400,precip_mm,21.60680423060938,21.60680423060938,21.60680423060938
25,episodes,1.0,2006-10-26,0.0,275,0.0,2,25,>=,EST,86286,OK,2006,Li et al. 2025a,2006-10-16,34,275,tmax_c,21.60680423060938,0,0
25,episodes,1.0,2007-01-03,0.24020322236808575,875,0.24020322236808575,2,25,>=,VEG,86286,OK,2006,Li et al. 2025a,2006-11-30,34.6,875,tmax_c,21.60680423060938,5.190024001268761,5.190024001268761
25,episodes,1.0,2007-01-24,0.0,275,0.0,2,25,>=,REP,86286,OK,2006,Li et al. (2025b),2007-01-14,33.7,275,tmax_c,21.60680423060938,0,0
25,episodes,1.0,2007-01-13,0.0,250,0.0,2,25,>=,FLO,86286,OK,2006,Li et al. (2025b),2007-01-04,33.7,250,tmax_c,21.60680423060938,0,0
25,episodes,1.0,2007-03-09,1.0,1100,2.0,2,25,>=,FIL,86286,OK,2006,Li et al. (2025b),2007-01-25,32.7,1100,tmax_c,21.60680423060938,43.21360846121876,21.60680423060938
25,days,1.0,2007-03-25,0.9600813864002445,400,1.5202853398515856,1,25,>,MAT,86286,OK,2006,Ortega Gómez et al. (2019),2007-03-10,10,400,precip_mm,21.60680423060938,32.84850771283866,20.744290561402124
25,episodes,1.0,2007-10-26,0.0,275,0.0,2,25,>=,EST,86286,OK,2007,Li et al. 2025a,2007-10-16,34,275,tmax_c,21.60680423060938,0,0
25,episodes,1.0,2008-01-03,1.0,875,1.0,2,25,>=,VEG,86286,OK,2007,Li et al. 2025a,2007-11-30,34.6,875,tmax_c,21.60680423060938,21.60680423060938,21.60680423060938
25,episodes,1.0,2008-01-24,0.560325180183161,275,0.560325180183161,2,25,>=,REP,86286,OK,2007,Li et al. (2025b),2008-01-14,33.7,275,tmax_c,21.60680423060938,12.106836473698486,12.106836473698486
25,episodes,1.0,2008-01-13,1.0,250,1.0,2,25,>=,FLO,86286,OK,2007,Li et al. (2025b),2008-01-04,33.7,250,tmax_c,21.60680423060938,21.60680423060938,21.60680423060938
25,episodes,1.0,2008-03-09,1.0,1125,2.5208537047053783,2,25,>=,FIL,86286,OK,2007,Li et al. (2025b),2008-01-25,32.7,1125,tmax_c,21.60680423060938,54.467592491575495,21.60680423060938
25,days,1.0,2008-03-25,0.4006091798392062,400,0.4006091798392062,1,25,>,MAT,86286,OK,2007,Ortega Gómez et al. (2019),2008-03-10,10,400,precip_mm,21.60680423060938,8.655884121770715,8.655884121770715
25,episodes,1.0,2008-10-26,0.0,275,0.0,2,25,>=,EST,86286,OK,2008,Li et al. 2025a,2008-10-16,34,275,tmax_c,21.60680423060938,0,0
25,episodes,1.0,2009-01-03,1.0,875,1.0,2,25,>=,VEG,86286,OK,2008,Li et al. 2025a,2008-11-30,34.6,875,tmax_c,21.60680423060938,21.60680423060938,21.60680423060938
25,episodes,1.0,2009-01-24,0.559918857294149,275,0.559918857294149,2,25,>=,REP,86286,OK,2008,Li et al. (2025b),2009-01-14,33.7,275,tmax_c,21.60680423060938,12.09805713458119,12.09805713458119
25,episodes,1.0,2009-01-13,0.0,250,0.0,2,25,>=,FLO,86286,OK,2008,Li et al. (2025b),2009-01-04,33.7,250,tmax_c,21.60680423060938,0,0
25,episodes,1.0,2009-03-09,1.0,1100,1.2798782860031288,2,25,>=,FIL,86286,OK,2008,Li et al. (2025b),2009-01-25,32.7,1100,tmax_c,21.60680423060938,27.654079564677485,21.60680423060938
25,days,1.0,2009-03-25,1.0,400,1.0,1,25,>,MAT,86286,OK,2008,Ortega Gómez et al. (2019),2009-03-10,10,400,precip_mm,21.60680423060938,21.60680423060938,21.60680423060938
25,episodes,1.0,2005-11-08,0.0,225,0.0,2,25,>=,EST,85982,OK,2005,Li et al. 2025a,2005-10-31,34,225,tmax_c,21.60680423060938,0,0
25,episodes,1.0,2006-01-04,0.0,725,0.0,2,25,>=,VEG,85982,OK,2005,Li et al. 2025a,2005-12-07,34.6,725,tmax_c,21.60680423060938,0,0
25,episodes,1.0,2006-01-21,0.0,250,0.0,2,25,>=,REP,85982,OK,2005,Li et al. (2025b),2006-01-12,33.7,250,tmax_c,21.60680423060938,0,0
25,episodes,1.0,2006-01-11,0.0,175,0.0,2,25,>=,FLO,85982,OK,2005,Li et al. (2025b),2006-01-05,33.7,175,tmax_c,21.60680423060938,0,0
25,episodes,1.0,2006-02-25,0.8399186135997554,875,0.8399186135997554,2,25,>=,FIL,85982,OK,2005,Li et al. (2025b),2006-01-22,32.7,875,tmax_c,21.60680423060938,18.14795705369476,18.14795705369476
25,days,1.0,2006-03-10,0.9198781640321587,325,1.6399599159740308,1,25,>,MAT,85982,OK,2005,Ortega Gómez et al. (2019),2006-02-26,10,325,precip_mm,21.60680423060938,35.43429285049749,19.875627406255237
25,episodes,1.0,2006-11-08,0.0,225,0.0,2,25,>=,EST,85982,OK,2006,Li et al. 2025a,2006-10-31,34,225,tmax_c,21.60680423060938,0,0
25,episodes,1.0,2007-01-04,0.0,725,0.0,2,25,>=,VEG,85982,OK,2006,Li et al. 2025a,2006-12-07,34.6,725,tmax_c,21.60680423060938,0,0
25,episodes,1.0,2007-01-21,0.04000012184723392,250,0.04000012184723392,2,25,>=,REP,85982,OK,2006,Li et al. (2025b),2007-01-12,33.7,250,tmax_c,21.60680423060938,0.8642748019537047,0.8642748019537047
25,episodes,1.0,2007-01-11,0.0,175,0.0,2,25,>=,FLO,85982,OK,2006,Li et al. (2025b),2007-01-05,33.7,175,tmax_c,21.60680423060938,0,0
25,episodes,1.0,2007-02-25,0.0,875,0.0,2,25,>=,FIL,85982,OK,2006,Li et al. (2025b),2007-01-22,32.7,875,tmax_c,21.60680423060938,0,0
25,days,1.0,2007-03-10,1.0,325,2.0395539586265725,1,25,>,MAT,85982,OK,2006,Ortega Gómez et al. (2019),2007-02-26,10,325,precip_mm,21.60680423060938,44.06824310180873,21.60680423060938
25,episodes,1.0,2007-11-08,0.0,225,0.0,2,25,>=,EST,85982,OK,2007,Li et al. 2025a,2007-10-31,34,225,tmax_c,21.60680423060938,0,0
25,episodes,1.0,2008-01-04,0.0,725,0.0,2,25,>=,VEG,85982,OK,2007,Li et al. 2025a,2007-12-07,34.6,725,tmax_c,21.60680423060938,0,0
25,episodes,1.0,2008-01-21,0.0,250,0.0,2,25,>=,REP,85982,OK,2007,Li et al. (2025b),2008-01-12,33.7,250,tmax_c,21.60680423060938,0,0
25,episodes,1.0,2008-01-11,0.0,175,0.0,2,25,>=,FLO,85982,OK,2007,Li et al. (2025b),2008-01-05,33.7,175,tmax_c,21.60680423060938,0,0
25,episodes,1.0,2008-02-25,0.0,875,0.0,2,25,>=,FIL,85982,OK,2007,Li et al. (2025b),2008-01-22,32.7,875,tmax_c,21.60680423060938,0,0
25,days,1.0,2008-03-10,1.0,350,1.0,1,25,>,MAT,85982,OK,2007,Ortega Gómez et al. (2019),2008-02-26,10,350,precip_mm,21.60680423060938,21.60680423060938,21.60680423060938
25,episodes,1.0,2008-11-08,0.0,225,0.0,2,25,>=,EST,85982,OK,2008,Li et al. 2025a,2008-10-31,34,225,tmax_c,21.60680423060938,0,0
25,episodes,1.0,2009-01-04,0.0,725,0.0,2,25,>=,VEG,85982,OK,2008,Li et al. 2025a,2008-12-07,34.6,725,tmax_c,21.60680423060938,0,0
25,episodes,1.0,2009-01-21,0.0,250,0.0,2,25,>=,REP,85982,OK,2008,Li et al. (2025b),2009-01-12,33.7,250,tmax_c,21.60680423060938,0,0
25,episodes,1.0,2009-01-11,0.0,175,0.0,2,25,>=,FLO,85982,OK,2008,Li et al. (2025b),2009-01-05,33.7,175,tmax_c,21.60680423060938,0,0
25,episodes,1.0,2009-02-25,0.5997157567732228,875,0.5997157567732228,2,25,>=,FIL,85982,OK,2008,Li et al. (2025b),2009-01-22,32.7,875,tmax_c,21.60680423060938,12.957940950610777,12.957940950610777
25,days,1.0,2009-03-10,0.0,325,0.0,1,25,>,MAT,85982,OK,2008,Ortega Gómez et al. (2019),2009-02-26,10,325,precip_mm,21.60680423060938,0,0
25,episodes,1.0,2013-11-02,0.0,275,0.0,2,25,>=,EST,86277,OK,2013,Li et al. 2025a,2013-10-23,34,275,tmax_c,21.60680423060938,0,0
25,episodes,1.0,2014-01-07,1.0,850,2.3206908098101837,2,25,>=,VEG,86277,OK,2013,Li et al. 2025a,2013-12-05,34.6,850,tmax_c,21.60680423060938,50.142712007342986,21.60680423060938
25,episodes,1.0,2014-01-27,1.0,275,1.0,2,25,>=,REP,86277,OK,2013,Li et al. (2025b),2014-01-17,33.7,275,tmax_c,21.60680423060938,21.60680423060938,21.60680423060938
25,episodes,1.0,2014-01-16,1.0,225,1.840325545600979,2,25,>=,FLO,86277,OK,2013,Li et al. (2025b),2014-01-08,33.7,225,tmax_c,21.60680423060938,39.76355378438975,21.60680423060938
25,episodes,1.0,2014-03-10,1.0,1050,1.8797970213263078,2,25,>=,FIL,86277,OK,2013,Li et al. (2025b),2014-01-28,32.7,1050,tmax_c,21.60680423060938,40.61640623308018,21.60680423060938
25,days,1.0,2014-03-25,1.0,375,1.0,1,25,>,MAT,86277,OK,2013,Ortega Gómez et al. (2019),2014-03-11,10,375,precip_mm,21.60680423060938,21.60680423060938,21.60680423060938
25,episodes,1.0,2014-11-02,1.0,275,1.0,2,25,>=,EST,86277,OK,2014,Li et al. 2025a,2014-10-23,34,275,tmax_c,21.60680423060938,21.60680423060938,21.60680423060938
25,episodes,1.0,2015-01-07,0.0,850,0.0,2,25,>=,VEG,86277,OK,2014,Li et al. 2025a,2014-12-05,34.6,850,tmax_c,21.60680423060938,0,0
25,episodes,1.0,2015-01-27,0.08016228541170188,275,0.08016228541170188,2,25,>=,REP,86277,OK,2014,Li et al. (2025b),2015-01-17,33.7,275,tmax_c,21.60680423060938,1.732050807568877,1.732050807568877
25,episodes,1.0,2015-01-16,0.0,225,0.0,2,25,>=,FLO,86277,OK,2014,Li et al. (2025b),2015-01-08,33.7,225,tmax_c,21.60680423060938,0,0
25,episodes,1.0,2015-03-10,0.4806094235336741,1050,0.4806094235336741,2,25,>=,FIL,86277,OK,2014,Li et al. (2025b),2015-01-28,32.7,1050,tmax_c,21.60680423060938,10.384433725678125,10.384433725678125
25,days,1.0,2015-03-25,0.0,375,0.0,1,25,>,MAT,86277,OK,2014,Ortega Gómez et al. (2019),2015-03-11,10,375,precip_mm,21.60680423060938,0,0
25,episodes,1.0,2015-11-02,0.0,275,0.0,2,25,>=,EST,86277,OK,2015,Li et al. 2025a,2015-10-23,34,275,tmax_c,21.60680423060938,0,0
25,episodes,1.0,2016-01-07,0.0,850,0.0,2,25,>=,VEG,86277,OK,2015,Li et al. 2025a,2015-12-05,34.6,850,tmax_c,21.60680423060938,0,0
25,episodes,1.0,2016-01-27,1.0,275,1.0,2,25,>=,REP,86277,OK,2015,Li et al. (2025b),2016-01-17,33.7,275,tmax_c,21.60680423060938,21.60680423060938,21.60680423060938
25,episodes,1.0,2016-01-16,1.0,225,2.0,2,25,>=,FLO,86277,OK,2015,Li et al. (2025b),2016-01-08,33.7,225,tmax_c,21.60680423060938,43.21360846121876,21.60680423060938
25,episodes,1.0,2016-03-10,1.0,1075,2.2806091797154706,2,25,>=,FIL,86277,OK,2015,Li et al. (2025b),2016-01-28,32.7,1075,tmax_c,21.60680423060938,49.27667607264282,21.60680423060938
25,days,1.0,2016-03-25,1.0,375,2.9599188572941513,1,25,>,MAT,86277,OK,2015,Ortega Gómez et al. (2019),2016-03-11,10,375,precip_mm,21.60680423060938,63.95438728804375,21.60680423060938
25,episodes,1.0,2016-11-02,0.0,275,0.0,2,25,>=,EST,86277,OK,2016,Li et al. 2025a,2016-10-23,34,275,tmax_c,21.60680423060938,0,0
25,episodes,1.0,2017-01-07,0.8403255456009783,850,0.8403255456009783,2,25,>=,VEG,86277,OK,2016,Li et al. 2025a,2016-12-05,34.6,850,tmax_c,21.60680423060938,18.156749553780354,18.156749553780354
25,episodes,1.0,2017-01-27,0.12020297867369217,275,0.12020297867369217,2,25,>=,REP,86277,OK,2016,Li et al. (2025b),2017-01-17,33.7,275,tmax_c,21.60680423060938,2.597202228138581,2.597202228138581
25,episodes,1.0,2017-01-16,0.04008114270585094,225,0.04008114270585094,2,25,>=,FLO,86277,OK,2016,Li et al. (2025b),2017-01-08,33.7,225,tmax_c,21.60680423060938,0.8660254037844385,0.8660254037844385
25,episodes,1.0,2017-03-10,1.0,1050,2.280365629750758,2,25,>=,FIL,86277,OK,2016,Li et al. (2025b),2017-01-28,32.7,1050,tmax_c,21.60680423060938,49.2714137362349,21.60680423060938
25,days,1.0,2017-03-25,1.0,375,1.4802843650739366,1,25,>,MAT,86277,OK,2016,Ortega Gómez et al. (2019),2017-03-11,10,375,precip_mm,21.60680423060938,31.984214481784456,21.60680423060938
25,episodes,1.0,1997-11-08,0.0,225,0.0,2,25,>=,EST,85983,OK,1997,Li et al. 2025a,1997-10-31,34,225,tmax_c,21.60680423060938,0,0
25,episodes,1.0,1998-01-04,0.0,725,0.0,2,25,>=,VEG,85983,OK,1997,Li et al. 2025a,1997-12-07,34.6,725,tmax_c,21.60680423060938,0,0
25,episodes,1.0,1998-01-21,0.0,250,0.0,2,25,>=,REP,85983,OK,1997,Li et al. (2025b),1998-01-12,33.7,250,tmax_c,21.60680423060938,0,0
25,episodes,1.0,1998-01-11,0.0,175,0.0,2,25,>=,FLO,85983,OK,1997,Li et al. (2025b),1998-01-05,33.7,175,tmax_c,21.60680423060938,0,0
25,episodes,1.0,1998-02-25,0.0,875,0.0,2,25,>=,FIL,85983,OK,1997,Li et al. (2025b),1998-01-22,32.7,875,tmax_c,21.60680423060938,0,0
25,days,1.0,1998-03-10,0.0,325,0.0,1,25,>,MAT,85983,OK,1997,Ortega Gómez et al. (2019),1998-02-26,10,325,precip_mm,21.60680423060938,0,0
25,episodes,1.0,1998-11-08,0.0,225,0.0,2,25,>=,EST,85983,OK,1998,Li et al. 2025a,1998-10-31,34,225,tmax_c,21.60680423060938,0,0
25,episodes,1.0,1999-01-04,0.0,725,0.0,2,25,>=,VEG,85983,OK,1998,Li et al. 2025a,1998-12-07,34.6,725,tmax_c,21.60680423060938,0,0
25,episodes,1.0,1999-01-21,0.0,250,0.0,2,25,>=,REP,85983,OK,1998,Li et al. (2025b),1999-01-12,33.7,250,tmax_c,21.60680423060938,0,0
25,episodes,1.0,1999-01-11,0.0,175,0.0,2,25,>=,FLO,85983,OK,1998,Li et al. (2025b),1999-01-05,33.7,175,tmax_c,21.60680423060938,0,0
25,episodes,1.0,1999-02-25,0.0,875,0.0,2,25,>=,FIL,85983,OK,1998,Li et al. (2025b),1999-01-22,32.7,875,tmax_c,21.60680423060938,0,0
25,days,1.0,1999-03-10,1.0,325,2.800406932001224,1,25,>,MAT,85983,OK,1998,Ortega Gómez et al. (2019),1999-02-26,10,325,precip_mm,21.60680423060938,60.50784434579188,21.60680423060938
25,episodes,1.0,1999-11-08,0.0,225,0.0,2,25,>=,EST,85983,OK,1999,Li et al. 2025a,1999-10-31,34,225,tmax_c,21.60680423060938,0,0
25,episodes,1.0,2000-01-04,0.0,725,0.0,2,25,>=,VEG,85983,OK,1999,Li et al. 2025a,1999-12-07,34.6,725,tmax_c,21.60680423060938,0,0
25,episodes,1.0,2000-01-21,0.0,250,0.0,2,25,>=,REP,85983,OK,1999,Li et al. (2025b),2000-01-12,33.7,250,tmax_c,21.60680423060938,0,0
25,episodes,1.0,2000-01-11,0.0,175,0.0,2,25,>=,FLO,85983,OK,1999,Li et al. (2025b),2000-01-05,33.7,175,tmax_c,21.60680423060938,0,0
25,episodes,1.0,2000-02-25,0.0,875,0.0,2,25,>=,FIL,85983,OK,1999,Li et al. (2025b),2000-01-22,32.7,875,tmax_c,21.60680423060938,0,0
25,days,1.0,2000-03-10,1.0,350,2.1998782858793193,1,25,>,MAT,85983,OK,1999,Ortega Gómez et al. (2019),2000-02-26,10,350,precip_mm,21.60680423060938,47.53233945416299,21.60680423060938
25,episodes,1.0,2000-11-08,0.0,225,0.0,2,25,>=,EST,85983,OK,2000,Li et al. 2025a,2000-10-31,34,225,tmax_c,21.60680423060938,0,0
25,episodes,1.0,2001-01-04,0.0,725,0.0,2,25,>=,VEG,85983,OK,2000,Li et al. 2025a,2000-12-07,34.6,725,tmax_c,21.60680423060938,0,0
25,episodes,1.0,2001-01-21,0.0,250,0.0,2,25,>=,REP,85983,OK,2000,Li et al. (2025b),2001-01-12,33.7,250,tmax_c,21.60680423060938,0,0
25,episodes,1.0,2001-01-11,0.0,175,0.0,2,25,>=,FLO,85983,OK,2000,Li et al. (2025b),2001-01-05,33.7,175,tmax_c,21.60680423060938,0,0
25,episodes,1.0,2001-02-25,0.0,875,0.0,2,25,>=,FIL,85983,OK,2000,Li et al. (2025b),2001-01-22,32.7,875,tmax_c,21.60680423060938,0,0
25,days,1.0,2001-03-10,1.0,325,2.6402032223680867,1,25,>,MAT,85983,OK,2000,Ortega Gómez et al. (2019),2001-02-26,10,325,precip_mm,21.60680423060938,57.0463541547313,21.60680423060938
25,episodes,1.0,2013-10-26,0.0,275,0.0,2,25,>=,EST,86286,OK,2013,Li et al. 2025a,2013-10-16,34,275,tmax_c,21.60680423060938,0,0
25,episodes,1.0,2014-01-03,1.0,875,1.7998371051048048,2,25,>=,VEG,86286,OK,2013,Li et al. 2025a,2013-11-30,34.6,875,tmax_c,21.60680423060938,38.88872797698624,21.60680423060938
25,episodes,1.0,2014-01-24,1.0,275,1.0,2,25,>=,REP,86286,OK,2013,Li et al. (2025b),2014-01-14,33.7,275,tmax_c,21.60680423060938,21.60680423060938,21.60680423060938
25,episodes,1.0,2014-01-13,1.0,250,1.080162285411702,2,25,>=,FLO,86286,OK,2013,Li et al. (2025b),2014-01-04,33.7,250,tmax_c,21.60680423060938,23.33885503817826,21.60680423060938
25,episodes,1.0,2014-03-09,1.0,1100,2.0,2,25,>=,FIL,86286,OK,2013,Li et al. (2025b),2014-01-25,32.7,1100,tmax_c,21.60680423060938,43.21360846121876,21.60680423060938
25,days,1.0,2014-03-25,1.0,400,4.720162529229831,1,25,>,MAT,86286,OK,2013,Ortega Gómez et al. (2019),2014-03-10,10,400,precip_mm,21.60680423060938,101.987627705727,21.60680423060938
25,episodes,1.0,2014-10-26,0.0,275,0.0,2,25,>=,EST,86286,OK,2014,Li et al. 2025a,2014-10-16,34,275,tmax_c,21.60680423060938,0,0
25,episodes,1.0,2015-01-03,0.0,875,0.0,2,25,>=,VEG,86286,OK,2014,Li et al. 2025a,2014-11-30,34.6,875,tmax_c,21.60680423060938,0,0
25,episodes,1.0,2015-01-24,0.0,275,0.0,2,25,>=,REP,86286,OK,2014,Li et al. (2025b),2015-01-14,33.7,275,tmax_c,21.60680423060938,0,0
25,episodes,1.0,2015-01-13,0.0,250,0.0,2,25,>=,FLO,86286,OK,2014,Li et al. (2025b),2015-01-04,33.7,250,tmax_c,21.60680423060938,0,0
25,episodes,1.0,2015-03-09,0.0,1100,0.0,2,25,>=,FIL,86286,OK,2014,Li et al. (2025b),2015-01-25,32.7,1100,tmax_c,21.60680423060938,0,0
25,days,1.0,2015-03-25,0.0,400,0.0,1,25,>,MAT,86286,OK,2014,Ortega Gómez et al. (2019),2015-03-10,10,400,precip_mm,21.60680423060938,0,0
25,episodes,1.0,2015-10-26,0.0,275,0.0,2,25,>=,EST,86286,OK,2015,Li et al. 2025a,2015-10-16,34,275,tmax_c,21.60680423060938,0,0
25,episodes,1.0,2016-01-03,0.0,875,0.0,2,25,>=,VEG,86286,OK,2015,Li et al. 2025a,2015-11-30,34.6,875,tmax_c,21.60680423060938,0,0
25,episodes,1.0,2016-01-24,1.0,275,1.5604879531074605,2,25,>=,REP,86286,OK,2015,Li et al. (2025b),2016-01-14,33.7,275,tmax_c,21.60680423060938,33.71715770701725,21.60680423060938
25,episodes,1.0,2016-01-13,0.0,250,0.0,2,25,>=,FLO,86286,OK,2015,Li et al. (2025b),2016-01-04,33.7,250,tmax_c,21.60680423060938,0,0
25,episodes,1.0,2016-03-09,1.0,1125,2.2808131332906965,2,25,>=,FIL,86286,OK,2015,Li et al. (2025b),2016-01-25,32.7,1125,tmax_c,21.60680423060938,49.281082857614855,21.60680423060938
25,days,1.0,2016-03-25,1.0,400,2.4406908099339195,1,25,>,MAT,86286,OK,2015,Ortega Gómez et al. (2019),2016-03-10,10,400,precip_mm,21.60680423060938,52.735528517689644,21.60680423060938
25,episodes,1.0,2016-10-26,0.0,275,0.0,2,25,>=,EST,86286,OK,2016,Li et al. 2025a,2016-10-16,34,275,tmax_c,21.60680423060938,0,0
25,episodes,1.0,2017-01-03,0.9600813864002445,875,0.9600813864002445,2,25,>=,VEG,86286,OK,2016,Li et al. 2025a,2016-11-30,34.6,875,tmax_c,21.60680423060938,20.744290561402124,20.744290561402124
25,episodes,1.0,2017-01-24,0.0,275,0.0,2,25,>=,REP,86286,OK,2016,Li et al. (2025b),2017-01-14,33.7,275,tmax_c,21.60680423060938,0,0
25,episodes,1.0,2017-01-13,0.0,250,0.0,2,25,>=,FLO,86286,OK,2016,Li et al. (2025b),2017-01-04,33.7,250,tmax_c,21.60680423060938,0,0
25,episodes,1.0,2017-03-09,0.0,1100,0.0,2,25,>=,FIL,86286,OK,2016,Li et al. (2025b),2017-01-25,32.7,1100,tmax_c,21.60680423060938,0,0
25,days,1.0,2017-03-25,1.0,400,2.960081386400246,1,25,>,MAT,86286,OK,2016,Ortega Gómez et al. (2019),2017-03-10,10,400,precip_mm,21.60680423060938,63.95789902262092,21.60680423060938
25,episodes,1.0,2005-11-11,0.0,275,0.0,2,25,>=,EST,86276,OK,2005,Li et al. 2025a,2005-11-01,34,275,tmax_c,21.60680423060938,0,0
25,episodes,1.0,2006-01-19,1.0,875,1.0400811427058512,2,25,>=,VEG,86276,OK,2005,Li et al. 2025a,2005-12-16,34.6,875,tmax_c,21.60680423060938,22.472829634393822,21.60680423060938
25,episodes,1.0,2006-02-09,1.0,275,1.0,2,25,>=,REP,86276,OK,2005,Li et al. (2025b),2006-01-30,33.7,275,tmax_c,21.60680423060938,21.60680423060938,21.60680423060938
25,episodes,1.0,2006-01-29,0.03991861359975546,250,0.03991861359975546,2,25,>=,FLO,86276,OK,2005,Li et al. (2025b),2006-01-20,33.7,250,tmax_c,21.60680423060938,0.8625136692072575,0.8625136692072575
25,episodes,1.0,2006-03-24,1.0,1075,1.0,2,25,>=,FIL,86276,OK,2005,Li et al. (2025b),2006-02-10,32.7,1075,tmax_c,21.60680423060938,21.60680423060938,21.60680423060938
25,days,1.0,2006-04-09,1.0,400,2.0,1,25,>,MAT,86276,OK,2005,Ortega Gómez et al. (2019),2006-03-25,10,400,precip_mm,21.60680423060938,43.21360846121876,21.60680423060938
25,episodes,1.0,2006-11-11,0.0,275,0.0,2,25,>=,EST,86276,OK,2006,Li et al. 2025a,2006-11-01,34,275,tmax_c,21.60680423060938,0,0
25,episodes,1.0,2007-01-19,0.20036526408539404,875,0.48093326302635075,2,25,>=,VEG,86276,OK,2006,Li et al. 2025a,2006-12-16,34.6,875,tmax_c,21.60680423060938,10.39143086219853,4.329253035707458
25,episodes,1.0,2007-02-09,0.0,275,0.0,2,25,>=,REP,86276,OK,2006,Li et al. (2025b),2007-01-30,33.7,275,tmax_c,21.60680423060938,0,0
25,episodes,1.0,2007-01-29,0.0,250,0.0,2,25,>=,FLO,86276,OK,2006,Li et al. (2025b),2007-01-20,33.7,250,tmax_c,21.60680423060938,0,0
25,episodes,1.0,2007-03-24,1.0,1075,1.8801218359678415,2,25,>=,FIL,86276,OK,2006,Li et al. (2025b),2007-02-10,32.7,1075,tmax_c,21.60680423060938,40.623424439451036,21.60680423060938
25,days,1.0,2007-04-09,1.0,400,6.799837470893904,1,25,>,MAT,86276,OK,2006,Ortega Gómez et al. (2019),2007-03-25,10,400,precip_mm,21.60680423060938,146.9227570335666,21.60680423060938
25,episodes,1.0,2007-11-11,0.0,275,0.0,2,25,>=,EST,86276,OK,2007,Li et al. 2025a,2007-11-01,34,275,tmax_c,21.60680423060938,0,0
25,episodes,1.0,2008-01-19,1.0,875,2.6407724399047474,2,25,>=,VEG,86276,OK,2007,Li et al. 2025a,2007-12-16,34.6,875,tmax_c,21.60680423060938,57.05865312661055,21.60680423060938
25,episodes,1.0,2008-02-09,0.0,275,0.0,2,25,>=,REP,86276,OK,2007,Li et al. (2025b),2008-01-30,33.7,275,tmax_c,21.60680423060938,0,0
25,episodes,1.0,2008-01-29,0.0,250,0.0,2,25,>=,FLO,86276,OK,2007,Li et al. (2025b),2008-01-20,33.7,250,tmax_c,21.60680423060938,0,0
25,episodes,1.0,2008-03-24,1.0,1100,1.840081142705851,2,25,>=,FIL,86276,OK,2007,Li et al. (2025b),2008-02-10,32.7,1100,tmax_c,21.60680423060938,39.758273018881326,21.60680423060938
25,days,1.0,2008-04-09,1.0,400,1.3594307823394547,1,25,>,MAT,86276,OK,2007,Ortega Gómez et al. (2019),2008-03-25,10,400,precip_mm,21.60680423060938,29.37295477907275,21.60680423060938
25,episodes,1.0,2008-11-11,0.15983698350511732,275,0.15983698350511732,2,25,>=,EST,86276,OK,2008,Li et al. 2025a,2008-11-01,34,275,tmax_c,21.60680423060938,3.453566411406211,3.453566411406211
25,episodes,1.0,2009-01-19,0.9600405714148306,875,1.7602031005209262,2,25,>=,VEG,86276,OK,2008,Li et al. 2025a,2008-12-16,34.6,875,tmax_c,21.60680423060938,38.0323637990673,20.74340868000261
25,episodes,1.0,2009-02-09,0.8002846087683304,275,0.8002846087683304,2,25,>=,REP,86276,OK,2008,Li et al. (2025b),2009-01-30,33.7,275,tmax_c,21.60680423060938,17.291592870427134,17.291592870427134
25,episodes,1.0,2009-01-29,1.0,250,1.0,2,25,>=,FLO,86276,OK,2008,Li et al. (2025b),2009-01-20,33.7,250,tmax_c,21.60680423060938,21.60680423060938,21.60680423060938
25,episodes,1.0,2009-03-24,1.0,1075,2.0,2,25,>=,FIL,86276,OK,2008,Li et al. (2025b),2009-02-10,32.7,1075,tmax_c,21.60680423060938,43.21360846121876,21.60680423060938
25,days,1.0,2009-04-09,0.6402032223680857,400,0.6402032223680857,1,25,>,MAT,86276,OK,2008,Ortega Gómez et al. (2019),2009-03-25,10,400,precip_mm,21.60680423060938,13.832745693512512,13.832745693512512
25,episodes,1.0,2013-11-08,0.0,225,0.0,2,25,>=,EST,85983,OK,2013,Li et al. 2025a,2013-10-31,34,225,tmax_c,21.60680423060938,0,0
25,episodes,1.0,2014-01-04,0.0,725,0.0,2,25,>=,VEG,85983,OK,2013,Li et al. 2025a,2013-12-07,34.6,725,tmax_c,21.60680423060938,0,0
25,episodes,1.0,2014-01-21,0.0,250,0.0,2,25,>=,REP,85983,OK,2013,Li et al. (2025b),2014-01-12,33.7,250,tmax_c,21.60680423060938,0,0
25,episodes,1.0,2014-01-11,0.0,175,0.0,2,25,>=,FLO,85983,OK,2013,Li et al. (2025b),2014-01-05,33.7,175,tmax_c,21.60680423060938,0,0
25,episodes,1.0,2014-02-25,0.0,875,0.0,2,25,>=,FIL,85983,OK,2013,Li et al. (2025b),2014-01-22,32.7,875,tmax_c,21.60680423060938,0,0
25,days,1.0,2014-03-10,0.28020334421531967,325,0.3202844869211707,1,25,>,MAT,85983,OK,2013,Ortega Gómez et al. (2019),2014-02-26,10,325,precip_mm,21.60680423060938,6.920324207006905,6.054298803222466
25,episodes,1.0,2014-11-08,0.0,225,0.0,2,25,>=,EST,85983,OK,2014,Li et al. 2025a,2014-10-31,34,225,tmax_c,21.60680423060938,0,0
25,episodes,1.0,2015-01-04,0.0,725,0.0,2,25,>=,VEG,85983,OK,2014,Li et al. 2025a,2014-12-07,34.6,725,tmax_c,21.60680423060938,0,0
25,episodes,1.0,2015-01-21,0.0,250,0.0,2,25,>=,REP,85983,OK,2014,Li et al. (2025b),2015-01-12,33.7,250,tmax_c,21.60680423060938,0,0
25,episodes,1.0,2015-01-11,0.0,175,0.0,2,25,>=,FLO,85983,OK,2014,Li et al. (2025b),2015-01-05,33.7,175,tmax_c,21.60680423060938,0,0
25,episodes,1.0,2015-02-25,0.0,875,0.0,2,25,>=,FIL,85983,OK,2014,Li et al. (2025b),2015-01-22,32.7,875,tmax_c,21.60680423060938,0,0
25,days,1.0,2015-03-10,0.39999999999999997,325,0.39999999999999997,1,25,>,MAT,85983,OK,2014,Ortega Gómez et al. (2019),2015-02-26,10,325,precip_mm,21.60680423060938,8.642721692243752,8.642721692243752
25,episodes,1.0,2015-11-08,0.0,225,0.0,2,25,>=,EST,85983,OK,2015,Li et al. 2025a,2015-10-31,34,225,tmax_c,21.60680423060938,0,0
25,episodes,1.0,2016-01-04,0.0,725,0.0,2,25,>=,VEG,85983,OK,2015,Li et al. 2025a,2015-12-07,34.6,725,tmax_c,21.60680423060938,0,0
25,episodes,1.0,2016-01-21,0.0,250,0.0,2,25,>=,REP,85983,OK,2015,Li et al. (2025b),2016-01-12,33.7,250,tmax_c,21.60680423060938,0,0
25,episodes,1.0,2016-01-11,0.0,175,0.0,2,25,>=,FLO,85983,OK,2015,Li et al. (2025b),2016-01-05,33.7,175,tmax_c,21.60680423060938,0,0
25,episodes,1.0,2016-02-25,0.0,875,0.0,2,25,>=,FIL,85983,OK,2015,Li et al. (2025b),2016-01-22,32.7,875,tmax_c,21.60680423060938,0,0
25,days,1.0,2016-03-10,0.0,350,0.0,1,25,>,MAT,85983,OK,2015,Ortega Gómez et al. (2019),2016-02-26,10,350,precip_mm,21.60680423060938,0,0
25,episodes,1.0,2016-11-08,0.0,225,0.0,2,25,>=,EST,85983,OK,2016,Li et al. 2025a,2016-10-31,34,225,tmax_c,21.60680423060938,0,0
25,episodes,1.0,2017-01-04,0.0,725,0.0,2,25,>=,VEG,85983,OK,2016,Li et al. 2025a,2016-12-07,34.6,725,tmax_c,21.60680423060938,0,0
25,episodes,1.0,2017-01-21,0.0,250,0.0,2,25,>=,REP,85983,OK,2016,Li et al. (2025b),2017-01-12,33.7,250,tmax_c,21.60680423060938,0,0
25,episodes,1.0,2017-01-11,0.0,175,0.0,2,25,>=,FLO,85983,OK,2016,Li et al. (2025b),2017-01-05,33.7,175,tmax_c,21.60680423060938,0,0
25,episodes,1.0,2017-02-25,0.3997555971048728,875,0.3997555971048728,2,25,>=,FIL,85983,OK,2016,Li et al. (2025b),2017-01-22,32.7,875,tmax_c,21.60680423060938,8.637440926735344,8.637440926735344
25,days,1.0,2017-03-10,1.0,325,1.1599995126112128,1,25,>,MAT,85983,OK,2016,Ortega Gómez et al. (2019),2017-02-26,10,325,precip_mm,21.60680423060938,25.063882376592773,21.60680423060938
25,episodes,1.0,1989-11-02,0.0,275,0.0,2,25,>=,EST,86277,OK,1989,Li et al. 2025a,1989-10-23,34,275,tmax_c,21.60680423060938,0,0
25,episodes,1.0,1990-01-07,1.0,850,1.0,2,25,>=,VEG,86277,OK,1989,Li et al. 2025a,1989-12-05,34.6,850,tmax_c,21.60680423060938,21.60680423060938,21.60680423060938
25,episodes,1.0,1990-01-27,0.04000012184723392,275,0.04000012184723392,2,25,>=,REP,86277,OK,1989,Li et al. (2025b),1990-01-17,33.7,275,tmax_c,21.60680423060938,0.8642748019537047,0.8642748019537047
25,episodes,1.0,1990-01-16,0.35979677763191426,225,0.35979677763191426,2,25,>=,FLO,86277,OK,1989,Li et al. (2025b),1990-01-08,33.7,225,tmax_c,21.60680423060938,7.774058537096868,7.774058537096868
25,episodes,1.0,1990-03-10,1.0,1050,1.0,2,25,>=,FIL,86277,OK,1989,Li et al. (2025b),1990-01-28,32.7,1050,tmax_c,21.60680423060938,21.60680423060938,21.60680423060938
25,days,1.0,1990-03-25,1.0,375,3.0801218359678426,1,25,>,MAT,86277,OK,1989,Ortega Gómez et al. (2019),1990-03-11,10,375,precip_mm,21.60680423060938,66.55158951618232,21.60680423060938
25,episodes,1.0,1990-11-02,0.0,275,0.0,2,25,>=,EST,86277,OK,1990,Li et al. 2025a,1990-10-23,34,275,tmax_c,21.60680423060938,0,0
25,episodes,1.0,1991-01-07,0.0,850,0.0,2,25,>=,VEG,86277,OK,1990,Li et al. 2025a,1990-12-05,34.6,850,tmax_c,21.60680423060938,0,0
25,episodes,1.0,1991-01-27,0.0,275,0.0,2,25,>=,REP,86277,OK,1990,Li et al. (2025b),1991-01-17,33.7,275,tmax_c,21.60680423060938,0,0
25,episodes,1.0,1991-01-16,0.0,225,0.0,2,25,>=,FLO,86277,OK,1990,Li et al. (2025b),1991-01-08,33.7,225,tmax_c,21.60680423060938,0,0
25,episodes,1.0,1991-03-10,0.40040632288901185,1050,0.40040632288901185,2,25,>=,FIL,86277,OK,1990,Li et al. (2025b),1991-01-28,32.7,1050,tmax_c,21.60680423060938,8.651501031361047,8.651501031361047
25,days,1.0,1991-03-25,0.0,375,0.0,1,25,>,MAT,86277,OK,1990,Ortega Gómez et al. (2019),1991-03-11,10,375,precip_mm,21.60680423060938,0,0
25,episodes,1.0,1991-11-02,0.0,275,0.0,2,25,>=,EST,86277,OK,1991,Li et al. 2025a,1991-10-23,34,275,tmax_c,21.60680423060938,0,0
25,episodes,1.0,1992-01-07,0.0,850,0.0,2,25,>=,VEG,86277,OK,1991,Li et al. 2025a,1991-12-05,34.6,850,tmax_c,21.60680423060938,0,0
25,episodes,1.0,1992-01-27,0.0,275,0.0,2,25,>=,REP,86277,OK,1991,Li et al. (2025b),1992-01-17,33.7,275,tmax_c,21.60680423060938,0,0
25,episodes,1.0,1992-01-16,0.0,225,0.0,2,25,>=,FLO,86277,OK,1991,Li et al. (2025b),1992-01-08,33.7,225,tmax_c,21.60680423060938,0,0
25,episodes,1.0,1992-03-10,1.0,1075,1.2804466506093746,2,25,>=,FIL,86277,OK,1991,Li et al. (2025b),1992-01-28,32.7,1075,tmax_c,21.60680423060938,27.666360107456246,21.60680423060938
25,days,1.0,1992-03-25,1.0,375,2.0,1,25,>,MAT,86277,OK,1991,Ortega Gómez et al. (2019),1992-03-11,10,375,precip_mm,21.60680423060938,43.21360846121876,21.60680423060938
25,episodes,1.0,1992-11-02,0.0,275,0.0,2,25,>=,EST,86277,OK,1992,Li et al. 2025a,1992-10-23,34,275,tmax_c,21.60680423060938,0,0
25,episodes,1.0,1993-01-07,0.0,850,0.0,2,25,>=,VEG,86277,OK,1992,Li et al. 2025a,1992-12-05,34.6,850,tmax_c,21.60680423060938,0,0
25,episodes,1.0,1993-01-27,1.0,275,1.0,2,25,>=,REP,86277,OK,1992,Li et al. (2025b),1993-01-17,33.7,275,tmax_c,21.60680423060938,21.60680423060938,21.60680423060938
25,episodes,1.0,1993-01-16,0.08016228541170188,225,0.08016228541170188,2,25,>=,FLO,86277,OK,1992,Li et al. (2025b),1993-01-08,33.7,225,tmax_c,21.60680423060938,1.732050807568877,1.732050807568877
25,episodes,1.0,1993-03-10,0.0,1050,0.0,2,25,>=,FIL,86277,OK,1992,Li et al. (2025b),1993-01-28,32.7,1050,tmax_c,21.60680423060938,0,0
25,days,1.0,1993-03-25,1.0,375,2.9991069424755703,1,25,>,MAT,86277,OK,1992,Ortega Gómez et al. (2019),1993-03-11,10,375,precip_mm,21.60680423060938,64.80111657273112,21.60680423060938
25,episodes,1.0,1989-10-26,0.0,275,0.0,2,25,>=,EST,86286,OK,1989,Li et al. 2025a,1989-10-16,34,275,tmax_c,21.60680423060938,0,0
25,episodes,1.0,1990-01-03,0.959918857294149,875,0.959918857294149,2,25,>=,VEG,86286,OK,1989,Li et al. 2025a,1989-11-30,34.6,875,tmax_c,21.60680423060938,20.740778826824943,20.740778826824943
25,episodes,1.0,1990-01-24,0.0,275,0.0,2,25,>=,REP,86286,OK,1989,Li et al. (2025b),1990-01-14,33.7,275,tmax_c,21.60680423060938,0,0
25,episodes,1.0,1990-01-13,0.08004081510922423,250,0.08004081510922423,2,25,>=,FLO,86286,OK,1989,Li et al. (2025b),1990-01-04,33.7,250,tmax_c,21.60680423060938,1.7294262225234092,1.7294262225234092
25,episodes,1.0,1990-03-09,1.0,1100,1.0,2,25,>=,FIL,86286,OK,1989,Li et al. (2025b),1990-01-25,32.7,1100,tmax_c,21.60680423060938,21.60680423060938,21.60680423060938
25,days,1.0,1990-03-25,1.0,400,5.840488074707077,1,25,>,MAT,86286,OK,1989,Ortega Gómez et al. (2019),1990-03-10,10,400,precip_mm,21.60680423060938,126.19428244140451,21.60680423060938
25,episodes,1.0,1990-10-26,0.0,275,0.0,2,25,>=,EST,86286,OK,1990,Li et al. 2025a,1990-10-16,34,275,tmax_c,21.60680423060938,0,0
25,episodes,1.0,1991-01-03,0.0,875,0.0,2,25,>=,VEG,86286,OK,1990,Li et al. 2025a,1990-11-30,34.6,875,tmax_c,21.60680423060938,0,0
25,episodes,1.0,1991-01-24,0.0,275,0.0,2,25,>=,REP,86286,OK,1990,Li et al. (2025b),1991-01-14,33.7,275,tmax_c,21.60680423060938,0,0
25,episodes,1.0,1991-01-13,0.0,250,0.0,2,25,>=,FLO,86286,OK,1990,Li et al. (2025b),1991-01-04,33.7,250,tmax_c,21.60680423060938,0,0
25,episodes,1.0,1991-03-09,0.959918857294149,1100,1.9198379584065028,2,25,>=,FIL,86286,OK,1990,Li et al. (2025b),1991-01-25,32.7,1100,tmax_c,21.60680423060938,41.4815629217821,20.740778826824943
25,days,1.0,1991-03-25,1.0,400,2.600609789075376,1,25,>,MAT,86286,OK,1990,Ortega Gómez et al. (2019),1991-03-10,10,400,precip_mm,21.60680423060938,56.190866592758006,21.60680423060938
25,episodes,1.0,1991-10-26,0.0,275,0.0,2,25,>=,EST,86286,OK,1991,Li et al. 2025a,1991-10-16,34,275,tmax_c,21.60680423060938,0,0
25,episodes,1.0,1992-01-03,0.0,875,0.0,2,25,>=,VEG,86286,OK,1991,Li et al. 2025a,1991-11-30,34.6,875,tmax_c,21.60680423060938,0,0
25,episodes,1.0,1992-01-24,0.0,275,0.0,2,25,>=,REP,86286,OK,1991,Li et al. (2025b),1992-01-14,33.7,275,tmax_c,21.60680423060938,0,0
25,episodes,1.0,1992-01-13,0.0,250,0.0,2,25,>=,FLO,86286,OK,1991,Li et al. (2025b),1992-01-04,33.7,250,tmax_c,21.60680423060938,0,0
25,episodes,1.0,1992-03-09,0.6405692176605453,1125,0.7606911754756206,2,25,>=,FIL,86286,OK,1991,Li et al. (2025b),1992-01-25,32.7,1125,tmax_c,21.60680423060938,16.43610530845386,13.840653682146012
25,days,1.0,1992-03-25,1.0,400,1.5202844869211707,1,25,>,MAT,86286,OK,1991,Ortega Gómez et al. (2019),1992-03-10,10,400,precip_mm,21.60680423060938,32.84848928373816,21.60680423060938
25,episodes,1.0,1992-10-26,0.0,275,0.0,2,25,>=,EST,86286,OK,1992,Li et al. 2025a,1992-10-16,34,275,tmax_c,21.60680423060938,0,0
25,episodes,1.0,1993-01-03,0.0,875,0.0,2,25,>=,VEG,86286,OK,1992,Li et al. 2025a,1992-11-30,34.6,875,tmax_c,21.60680423060938,0,0
25,episodes,1.0,1993-01-24,0.5204068104016094,275,0.5204068104016094,2,25,>=,REP,86286,OK,1992,Li et al. (2025b),1993-01-14,33.7,275,tmax_c,21.60680423060938,11.244328072623428,11.244328072623428
25,episodes,1.0,1993-01-13,0.0,250,0.0,2,25,>=,FLO,86286,OK,1992,Li et al. (2025b),1993-01-04,33.7,250,tmax_c,21.60680423060938,0,0
25,episodes,1.0,1993-03-09,0.0,1100,0.0,2,25,>=,FIL,86286,OK,1992,Li et al. (2025b),1993-01-25,32.7,1100,tmax_c,21.60680423060938,0,0
25,days,1.0,1993-03-25,0.0,400,0.0,1,25,>,MAT,86286,OK,1992,Ortega Gómez et al. (2019),1993-03-10,10,400,precip_mm,21.60680423060938,0,0
25,episodes,1.0,2013-11-11,0.0,275,0.0,2,25,>=,EST,86276,OK,2013,Li et al. 2025a,2013-11-01,34,275,tmax_c,21.60680423060938,0,0
25,episodes,1.0,2014-01-19,1.0,875,2.960081386400246,2,25,>=,VEG,86276,OK,2013,Li et al. 2025a,2013-12-16,34.6,875,tmax_c,21.60680423060938,63.95789902262092,21.60680423060938
25,episodes,1.0,2014-02-09,1.0,275,1.959999878152766,2,25,>=,REP,86276,OK,2013,Li et al. (2025b),2014-01-30,33.7,275,tmax_c,21.60680423060938,42.349333659265056,21.60680423060938
25,episodes,1.0,2014-01-29,1.0,250,1.0,2,25,>=,FLO,86276,OK,2013,Li et al. (2025b),2014-01-20,33.7,250,tmax_c,21.60680423060938,21.60680423060938,21.60680423060938
25,episodes,1.0,2014-03-24,0.4805281588568532,1075,0.4805281588568532,2,25,>=,FIL,86276,OK,2013,Li et al. (2025b),2014-02-10,32.7,1075,tmax_c,21.60680423060938,10.382677855715192,10.382677855715192
25,days,1.0,2014-04-09,1.0,400,2.6399186135997565,1,25,>,MAT,86276,OK,2013,Ortega Gómez et al. (2019),2014-03-25,10,400,precip_mm,21.60680423060938,57.040204668791674,21.60680423060938
25,episodes,1.0,2014-11-11,0.0,275,0.0,2,25,>=,EST,86276,OK,2014,Li et al. 2025a,2014-11-01,34,275,tmax_c,21.60680423060938,0,0
25,episodes,1.0,2015-01-19,0.0,875,0.0,2,25,>=,VEG,86276,OK,2014,Li et al. 2025a,2014-12-16,34.6,875,tmax_c,21.60680423060938,0,0
25,episodes,1.0,2015-02-09,0.0,275,0.0,2,25,>=,REP,86276,OK,2014,Li et al. (2025b),2015-01-30,33.7,275,tmax_c,21.60680423060938,0,0
25,episodes,1.0,2015-01-29,0.0,250,0.0,2,25,>=,FLO,86276,OK,2014,Li et al. (2025b),2015-01-20,33.7,250,tmax_c,21.60680423060938,0,0
25,episodes,1.0,2015-03-24,0.0,1075,0.0,2,25,>=,FIL,86276,OK,2014,Li et al. (2025b),2015-02-10,32.7,1075,tmax_c,21.60680423060938,0,0
25,days,1.0,2015-04-09,0.7599599160977669,400,0.7599599160977669,1,25,>,MAT,86276,OK,2014,Ortega Gómez et al. (2019),2015-03-25,10,400,precip_mm,21.60680423060938,16.42030513023478,16.42030513023478
25,episodes,1.0,2015-11-11,0.0,275,0.0,2,25,>=,EST,86276,OK,2015,Li et al. 2025a,2015-11-01,34,275,tmax_c,21.60680423060938,0,0
25,episodes,1.0,2016-01-19,1.0,875,2.2003254237537453,2,25,>=,VEG,86276,OK,2015,Li et al. 2025a,2015-12-16,34.6,875,tmax_c,21.60680423060938,47.5420006746798,21.60680423060938
25,episodes,1.0,2016-02-09,0.0,275,0.0,2,25,>=,REP,86276,OK,2015,Li et al. (2025b),2016-01-30,33.7,275,tmax_c,21.60680423060938,0,0
25,episodes,1.0,2016-01-29,1.0,250,1.0,2,25,>=,FLO,86276,OK,2015,Li et al. (2025b),2016-01-20,33.7,250,tmax_c,21.60680423060938,21.60680423060938,21.60680423060938
25,episodes,1.0,2016-03-24,1.0,1100,2.440690809933919,2,25,>=,FIL,86276,OK,2015,Li et al. (2025b),2016-02-10,32.7,1100,tmax_c,21.60680423060938,52.73552851768964,21.60680423060938
25,days,1.0,2016-04-09,1.0,400,6.760406688430639,1,25,>,MAT,86276,OK,2015,Ortega Gómez et al. (2019),2016-03-25,10,400,precip_mm,21.60680423060938,146.0707838362231,21.60680423060938
25,episodes,1.0,2016-11-11,0.0,275,0.0,2,25,>=,EST,86276,OK,2016,Li et al. 2025a,2016-11-01,34,275,tmax_c,21.60680423060938,0,0
25,episodes,1.0,2017-01-19,0.7201219578150752,875,0.7201219578150752,2,25,>=,VEG,86276,OK,2016,Li et al. 2025a,2016-12-16,34.6,875,tmax_c,21.60680423060938,15.559534164673476,15.559534164673476
25,episodes,1.0,2017-02-09,1.0,275,1.0,2,25,>=,REP,86276,OK,2016,Li et al. (2025b),2017-01-30,33.7,275,tmax_c,21.60680423060938,21.60680423060938,21.60680423060938
25,episodes,1.0,2017-01-29,0.0,250,0.0,2,25,>=,FLO,86276,OK,2016,Li et al. (2025b),2017-01-20,33.7,250,tmax_c,21.60680423060938,0,0
25,episodes,1.0,2017-03-24,0.559999878152766,1075,0.559999878152766,2,25,>=,FIL,86276,OK,2016,Li et al. (2025b),2017-02-10,32.7,1075,tmax_c,21.60680423060938,12.099807736411922,12.099807736411922
25,days,1.0,2017-04-09,1.0,400,1.8799590630435419,1,25,>,MAT,86276,OK,2016,Ortega Gómez et al. (2019),2017-03-25,10,400,precip_mm,21.60680423060938,40.61990743674165,21.60680423060938
25,episodes,1.0,1981-11-02,0.0,275,0.0,2,25,>=,EST,86277,OK,1981,Li et al. 2025a,1981-10-23,34,275,tmax_c,21.60680423060938,0,0
25,episodes,1.0,1982-01-07,0.0,850,0.0,2,25,>=,VEG,86277,OK,1981,Li et al. 2025a,1981-12-05,34.6,850,tmax_c,21.60680423060938,0,0
25,episodes,1.0,1982-01-27,0.0,275,0.0,2,25,>=,REP,86277,OK,1981,Li et al. (2025b),1982-01-17,33.7,275,tmax_c,21.60680423060938,0,0
25,episodes,1.0,1982-01-16,0.6405285243984807,225,0.6405285243984807,2,25,>=,FLO,86277,OK,1981,Li et al. (2025b),1982-01-08,33.7,225,tmax_c,21.60680423060938,13.839774430799078,13.839774430799078
25,episodes,1.0,1982-03-10,1.0,1050,1.0,2,25,>=,FIL,86277,OK,1981,Li et al. (2025b),1982-01-28,32.7,1050,tmax_c,21.60680423060938,21.60680423060938,21.60680423060938
25,days,1.0,1982-03-25,0.0,375,0.0,1,25,>,MAT,86277,OK,1981,Ortega Gómez et al. (2019),1982-03-11,10,375,precip_mm,21.60680423060938,0,0
25,episodes,1.0,1982-11-02,0.0,275,0.0,2,25,>=,EST,86277,OK,1982,Li et al. 2025a,1982-10-23,34,275,tmax_c,21.60680423060938,0,0
25,episodes,1.0,1983-01-07,0.20032481464153346,850,0.20032481464153346,2,25,>=,VEG,86277,OK,1982,Li et al. 2025a,1982-12-05,34.6,850,tmax_c,21.60680423060938,4.328379052492725,4.328379052492725
25,episodes,1.0,1983-01-27,1.0,275,1.0,2,25,>=,REP,86277,OK,1982,Li et al. (2025b),1983-01-17,33.7,275,tmax_c,21.60680423060938,21.60680423060938,21.60680423060938
25,episodes,1.0,1983-01-16,0.44060930168644014,225,0.44060930168644014,2,25,>=,FLO,86277,OK,1982,Li et al. (2025b),1983-01-08,33.7,225,tmax_c,21.60680423060938,9.52015892372442,9.52015892372442
25,episodes,1.0,1983-03-10,1.0,1050,1.44060930168644,2,25,>=,FIL,86277,OK,1982,Li et al. (2025b),1983-01-28,32.7,1050,tmax_c,21.60680423060938,31.1269631543338,21.60680423060938
25,days,1.0,1983-03-25,1.0,375,2.0,1,25,>,MAT,86277,OK,1982,Ortega Gómez et al. (2019),1983-03-11,10,375,precip_mm,21.60680423060938,43.21360846121876,21.60680423060938
25,episodes,1.0,1983-11-02,0.0,275,0.0,2,25,>=,EST,86277,OK,1983,Li et al. 2025a,1983-10-23,34,275,tmax_c,21.60680423060938,0,0
25,episodes,1.0,1984-01-07,1.0,850,1.9600813864002447,2,25,>=,VEG,86277,OK,1983,Li et al. 2025a,1983-12-05,34.6,850,tmax_c,21.60680423060938,42.35109479201151,21.60680423060938
25,episodes,1.0,1984-01-27,0.0,275,0.0,2,25,>=,REP,86277,OK,1983,Li et al. (2025b),1984-01-17,33.7,275,tmax_c,21.60680423060938,0,0
25,episodes,1.0,1984-01-16,0.0,225,0.0,2,25,>=,FLO,86277,OK,1983,Li et al. (2025b),1984-01-08,33.7,225,tmax_c,21.60680423060938,0,0
25,episodes,1.0,1984-03-10,1.0,1075,1.0,2,25,>=,FIL,86277,OK,1983,Li et al. (2025b),1984-01-28,32.7,1075,tmax_c,21.60680423060938,21.60680423060938,21.60680423060938
25,days,1.0,1984-03-25,1.0,375,2.7604475034160543,1,25,>,MAT,86277,OK,1983,Ortega Gómez et al. (2019),1984-03-11,10,375,precip_mm,21.60680423060938,59.644448795185106,21.60680423060938
25,episodes,1.0,1984-11-02,0.0,275,0.0,2,25,>=,EST,86277,OK,1984,Li et al. 2025a,1984-10-23,34,275,tmax_c,21.60680423060938,0,0
25,episodes,1.0,1985-01-07,0.44032493648876725,850,0.44032493648876725,2,25,>=,VEG,86277,OK,1984,Li et al. 2025a,1984-12-05,34.6,850,tmax_c,21.60680423060938,9.514014700568303,9.514014700568303
25,episodes,1.0,1985-01-27,0.0,275,0.0,2,25,>=,REP,86277,OK,1984,Li et al. (2025b),1985-01-17,33.7,275,tmax_c,21.60680423060938,0,0
25,episodes,1.0,1985-01-16,0.0,225,0.0,2,25,>=,FLO,86277,OK,1984,Li et al. (2025b),1985-01-08,33.7,225,tmax_c,21.60680423060938,0,0
25,episodes,1.0,1985-03-10,0.360122079662309,1050,0.360122079662309,2,25,>=,FIL,86277,OK,1984,Li et al. (2025b),1985-01-28,32.7,1050,tmax_c,21.60680423060938,7.781087274383427,7.781087274383427
25,days,1.0,1985-03-25,1.0,375,1.2798780421849247,1,25,>,MAT,86277,OK,1984,Ortega Gómez et al. (2019),1985-03-11,10,375,precip_mm,21.60680423060938,27.654074296545286,21.60680423060938
25,episodes,1.0,2009-11-11,1.0,275,1.0,2,25,>=,EST,86276,OK,2009,Li et al. 2025a,2009-11-01,34,275,tmax_c,21.60680423060938,21.60680423060938,21.60680423060938
25,episodes,1.0,2010-01-19,0.0,875,0.0,2,25,>=,VEG,86276,OK,2009,Li et al. 2025a,2009-12-16,34.6,875,tmax_c,21.60680423060938,0,0
25,episodes,1.0,2010-02-09,0.20036526408539404,275,0.20036526408539404,2,25,>=,REP,86276,OK,2009,Li et al. (2025b),2010-01-30,33.7,275,tmax_c,21.60680423060938,4.329253035707458,4.329253035707458
25,episodes,1.0,2010-01-29,0.20036526408539404,250,0.20036526408539404,2,25,>=,FLO,86276,OK,2009,Li et al. (2025b),2010-01-20,33.7,250,tmax_c,21.60680423060938,4.329253035707458,4.329253035707458
25,episodes,1.0,2010-03-24,1.0,1075,1.0,2,25,>=,FIL,86276,OK,2009,Li et al. (2025b),2010-02-10,32.7,1075,tmax_c,21.60680423060938,21.60680423060938,21.60680423060938
25,days,1.0,2010-04-09,1.0,400,1.0,1,25,>,MAT,86276,OK,2009,Ortega Gómez et al. (2019),2010-03-25,10,400,precip_mm,21.60680423060938,21.60680423060938,21.60680423060938
25,episodes,1.0,2010-11-11,0.04008114270585094,275,0.04008114270585094,2,25,>=,EST,86276,OK,2010,Li et al. 2025a,2010-11-01,34,275,tmax_c,21.60680423060938,0.8660254037844385,0.8660254037844385
25,episodes,1.0,2011-01-19,1.0,875,1.1996746979696051,2,25,>=,VEG,86276,OK,2010,Li et al. 2025a,2010-12-16,34.6,875,tmax_c,21.60680423060938,25.921136339444693,21.60680423060938
25,episodes,1.0,2011-02-09,0.0,275,0.0,2,25,>=,REP,86276,OK,2010,Li et al. (2025b),2011-01-30,33.7,275,tmax_c,21.60680423060938,0,0
25,episodes,1.0,2011-01-29,0.5597155129550931,250,0.5597155129550931,2,25,>=,FLO,86276,OK,2010,Li et al. (2025b),2011-01-20,33.7,250,tmax_c,21.60680423060938,12.093663513255807,12.093663513255807
25,episodes,1.0,2011-03-24,1.0,1075,1.0,2,25,>=,FIL,86276,OK,2010,Li et al. (2025b),2011-02-10,32.7,1075,tmax_c,21.60680423060938,21.60680423060938,21.60680423060938
25,days,1.0,2011-04-09,1.0,400,1.0,1,25,>,MAT,86276,OK,2010,Ortega Gómez et al. (2019),2011-03-25,10,400,precip_mm,21.60680423060938,21.60680423060938,21.60680423060938
25,episodes,1.0,2011-11-11,0.08016228541170188,275,0.08016228541170188,2,25,>=,EST,86276,OK,2011,Li et al. 2025a,2011-11-01,34,275,tmax_c,21.60680423060938,1.732050807568877,1.732050807568877
25,episodes,1.0,2012-01-19,1.0,875,3.2402032223680863,2,25,>=,VEG,86276,OK,2011,Li et al. 2025a,2011-12-16,34.6,875,tmax_c,21.60680423060938,70.01043669309692,21.60680423060938
25,episodes,1.0,2012-02-09,1.0,275,1.520121957815075,2,25,>=,REP,86276,OK,2011,Li et al. (2025b),2012-01-30,33.7,275,tmax_c,21.60680423060938,32.84497754916098,21.60680423060938
25,episodes,1.0,2012-01-29,1.0,250,1.9600813864002447,2,25,>=,FLO,86276,OK,2011,Li et al. (2025b),2012-01-20,33.7,250,tmax_c,21.60680423060938,42.35109479201151,21.60680423060938
25,episodes,1.0,2012-03-24,1.0,1100,4.999999999999999,2,25,>=,FIL,86276,OK,2011,Li et al. (2025b),2012-02-10,32.7,1100,tmax_c,21.60680423060938,108.0340211530469,21.60680423060938
25,days,1.0,2012-04-09,1.0,400,1.8402032223680864,1,25,>,MAT,86276,OK,2011,Ortega Gómez et al. (2019),2012-03-25,10,400,precip_mm,21.60680423060938,39.76091077024378,21.60680423060938
25,episodes,1.0,2012-11-11,0.9599998781527661,275,0.9599998781527661,2,25,>=,EST,86276,OK,2012,Li et al. 2025a,2012-11-01,34,275,tmax_c,21.60680423060938,20.742529428655676,20.742529428655676
25,episodes,1.0,2013-01-19,0.0,875,0.0,2,25,>=,VEG,86276,OK,2012,Li et al. 2025a,2012-12-16,34.6,875,tmax_c,21.60680423060938,0,0
25,episodes,1.0,2013-02-09,0.16032457082340376,275,0.16032457082340376,2,25,>=,REP,86276,OK,2012,Li et al. (2025b),2013-01-30,33.7,275,tmax_c,21.60680423060938,3.464101615137754,3.464101615137754
25,episodes,1.0,2013-01-29,1.0,250,2.0,2,25,>=,FLO,86276,OK,2012,Li et al. (2025b),2013-01-20,33.7,250,tmax_c,21.60680423060938,43.21360846121876,21.60680423060938
25,episodes,1.0,2013-03-24,1.0,1075,1.8397968994790737,2,25,>=,FIL,86276,OK,2012,Li et al. (2025b),2013-02-10,32.7,1075,tmax_c,21.60680423060938,39.75213143112647,21.60680423060938
25,days,1.0,2013-04-09,1.0,400,1.0,1,25,>,MAT,86276,OK,2012,Ortega Gómez et al. (2019),2013-03-25,10,400,precip_mm,21.60680423060938,21.60680423060938,21.60680423060938
25,episodes,1.0,2009-11-08,0.0,225,0.0,2,25,>=,EST,85982,OK,2009,Li et al. 2025a,2009-10-31,34,225,tmax_c,21.60680423060938,0,0
25,episodes,1.0,2010-01-04,0.28000060923602116,725,0.28000060923602116,2,25,>=,VEG,85982,OK,2009,Li et al. 2025a,2009-12-07,34.6,725,tmax_c,21.60680423060938,6.0499183482140655,6.0499183482140655
25,episodes,1.0,2010-01-21,0.0,250,0.0,2,25,>=,REP,85982,OK,2009,Li et al. (2025b),2010-01-12,33.7,250,tmax_c,21.60680423060938,0,0
25,episodes,1.0,2010-01-11,0.0,175,0.0,2,25,>=,FLO,85982,OK,2009,Li et al. (2025b),2010-01-05,33.7,175,tmax_c,21.60680423060938,0,0
25,episodes,1.0,2010-02-25,0.3199192228357766,875,0.3199192228357766,2,25,>=,FIL,85982,OK,2009,Li et al. (2025b),2010-01-22,32.7,875,tmax_c,21.60680423060938,6.912432017421323,6.912432017421323
25,days,1.0,2010-03-10,0.4006091798392062,325,0.4006091798392062,1,25,>,MAT,85982,OK,2009,Ortega Gómez et al. (2019),2010-02-26,10,325,precip_mm,21.60680423060938,8.655884121770715,8.655884121770715
25,episodes,1.0,2010-11-08,0.0,225,0.0,2,25,>=,EST,85982,OK,2010,Li et al. 2025a,2010-10-31,34,225,tmax_c,21.60680423060938,0,0
25,episodes,1.0,2011-01-04,0.0,725,0.0,2,25,>=,VEG,85982,OK,2010,Li et al. 2025a,2010-12-07,34.6,725,tmax_c,21.60680423060938,0,0
25,episodes,1.0,2011-01-21,0.0,250,0.0,2,25,>=,REP,85982,OK,2010,Li et al. (2025b),2011-01-12,33.7,250,tmax_c,21.60680423060938,0,0
25,episodes,1.0,2011-01-11,0.0,175,0.0,2,25,>=,FLO,85982,OK,2010,Li et al. (2025b),2011-01-05,33.7,175,tmax_c,21.60680423060938,0,0
25,episodes,1.0,2011-02-25,0.6797970213263076,875,0.6797970213263076,2,25,>=,FIL,85982,OK,2010,Li et al. (2025b),2011-01-22,32.7,875,tmax_c,21.60680423060938,14.68824115634892,14.68824115634892
25,days,1.0,2011-03-10,1.0,325,1.9599188572941488,1,25,>,MAT,85982,OK,2010,Ortega Gómez et al. (2019),2011-02-26,10,325,precip_mm,21.60680423060938,42.34758305743432,21.60680423060938
25,episodes,1.0,2011-11-08,0.0,225,0.0,2,25,>=,EST,85982,OK,2011,Li et al. 2025a,2011-10-31,34,225,tmax_c,21.60680423060938,0,0
25,episodes,1.0,2012-01-04,0.0,725,0.0,2,25,>=,VEG,85982,OK,2011,Li et al. 2025a,2011-12-07,34.6,725,tmax_c,21.60680423060938,0,0
25,episodes,1.0,2012-01-21,0.0,250,0.0,2,25,>=,REP,85982,OK,2011,Li et al. (2025b),2012-01-12,33.7,250,tmax_c,21.60680423060938,0,0
25,episodes,1.0,2012-01-11,0.0,175,0.0,2,25,>=,FLO,85982,OK,2011,Li et al. (2025b),2012-01-05,33.7,175,tmax_c,21.60680423060938,0,0
25,episodes,1.0,2012-02-25,0.0,875,0.0,2,25,>=,FIL,85982,OK,2011,Li et al. (2025b),2012-01-22,32.7,875,tmax_c,21.60680423060938,0,0
25,days,1.0,2012-03-10,0.5198781640321587,350,0.5198781640321587,1,25,>,MAT,85982,OK,2011,Ortega Gómez et al. (2019),2012-02-26,10,350,precip_mm,21.60680423060938,11.232905714011483,11.232905714011483
25,episodes,1.0,2012-11-08,0.0,225,0.0,2,25,>=,EST,85982,OK,2012,Li et al. 2025a,2012-10-31,34,225,tmax_c,21.60680423060938,0,0
25,episodes,1.0,2013-01-04,0.0,725,0.0,2,25,>=,VEG,85982,OK,2012,Li et al. 2025a,2012-12-07,34.6,725,tmax_c,21.60680423060938,0,0
25,episodes,1.0,2013-01-21,0.7597967776319141,250,0.8798782860031287,2,25,>=,REP,85982,OK,2012,Li et al. (2025b),2013-01-12,33.7,250,tmax_c,21.60680423060938,19.01135787243373,16.416780229340617
25,episodes,1.0,2013-01-11,0.24000048738878724,175,0.24000048738878724,2,25,>=,FLO,85982,OK,2012,Li et al. (2025b),2013-01-05,33.7,175,tmax_c,21.60680423060938,5.185643546260361,5.185643546260361
25,episodes,1.0,2013-02-25,0.0,875,0.0,2,25,>=,FIL,85982,OK,2012,Li et al. (2025b),2013-01-22,32.7,875,tmax_c,21.60680423060938,0,0
25,days,1.0,2013-03-10,1.0,325,3.0000000000000018,1,25,>,MAT,85982,OK,2012,Ortega Gómez et al. (2019),2013-02-26,10,325,precip_mm,21.60680423060938,64.82041269182818,21.60680423060938
25,episodes,1.0,1997-11-11,0.0,275,0.0,2,25,>=,EST,86276,OK,1997,Li et al. 2025a,1997-11-01,34,275,tmax_c,21.60680423060938,0,0
25,episodes,1.0,1998-01-19,0.0,875,0.0,2,25,>=,VEG,86276,OK,1997,Li et al. 2025a,1997-12-16,34.6,875,tmax_c,21.60680423060938,0,0
25,episodes,1.0,1998-02-09,0.0,275,0.0,2,25,>=,REP,86276,OK,1997,Li et al. (2025b),1998-01-30,33.7,275,tmax_c,21.60680423060938,0,0
25,episodes,1.0,1998-01-29,1.0,250,1.0,2,25,>=,FLO,86276,OK,1997,Li et al. (2025b),1998-01-20,33.7,250,tmax_c,21.60680423060938,21.60680423060938,21.60680423060938
25,episodes,1.0,1998-03-24,0.0,1075,0.0,2,25,>=,FIL,86276,OK,1997,Li et al. (2025b),1998-02-10,32.7,1075,tmax_c,21.60680423060938,0,0
25,days,1.0,1998-04-09,0.0,400,0.0,1,25,>,MAT,86276,OK,1997,Ortega Gómez et al. (2019),1998-03-25,10,400,precip_mm,21.60680423060938,0,0
25,episodes,1.0,1998-11-11,0.0,275,0.0,2,25,>=,EST,86276,OK,1998,Li et al. 2025a,1998-11-01,34,275,tmax_c,21.60680423060938,0,0
25,episodes,1.0,1999-01-19,1.0,875,1.0400811427058512,2,25,>=,VEG,86276,OK,1998,Li et al. 2025a,1998-12-16,34.6,875,tmax_c,21.60680423060938,22.472829634393822,21.60680423060938
25,episodes,1.0,1999-02-09,0.0,275,0.0,2,25,>=,REP,86276,OK,1998,Li et al. (2025b),1999-01-30,33.7,275,tmax_c,21.60680423060938,0,0
25,episodes,1.0,1999-01-29,0.0,250,0.0,2,25,>=,FLO,86276,OK,1998,Li et al. (2025b),1999-01-20,33.7,250,tmax_c,21.60680423060938,0,0
25,episodes,1.0,1999-03-24,1.0,1075,1.0400811427058512,2,25,>=,FIL,86276,OK,1998,Li et al. (2025b),1999-02-10,32.7,1075,tmax_c,21.60680423060938,22.472829634393822,21.60680423060938
25,days,1.0,1999-04-09,1.0,400,2.279878042184925,1,25,>,MAT,86276,OK,1998,Ortega Gómez et al. (2019),1999-03-25,10,400,precip_mm,21.60680423060938,49.26087852715467,21.60680423060938
25,episodes,1.0,1999-11-11,0.0,275,0.0,2,25,>=,EST,86276,OK,1999,Li et al. 2025a,1999-11-01,34,275,tmax_c,21.60680423060938,0,0
25,episodes,1.0,2000-01-19,1.0,875,2.5204470160272674,2,25,>=,VEG,86276,OK,1999,Li et al. 2025a,1999-12-16,34.6,875,tmax_c,21.60680423060938,54.45880524892475,21.60680423060938
25,episodes,1.0,2000-02-09,0.0,275,0.0,2,25,>=,REP,86276,OK,1999,Li et al. (2025b),2000-01-30,33.7,275,tmax_c,21.60680423060938,0,0
25,episodes,1.0,2000-01-29,0.0,250,0.0,2,25,>=,FLO,86276,OK,1999,Li et al. (2025b),2000-01-20,33.7,250,tmax_c,21.60680423060938,0,0
25,episodes,1.0,2000-03-24,1.0,1100,1.0,2,25,>=,FIL,86276,OK,1999,Li et al. (2025b),2000-02-10,32.7,1100,tmax_c,21.60680423060938,21.60680423060938,21.60680423060938
25,days,1.0,2000-04-09,1.0,400,3.439471597448679,1,25,>,MAT,86276,OK,1999,Ortega Gómez et al. (2019),2000-03-25,10,400,precip_mm,21.60680423060938,74.31598946281493,21.60680423060938
25,episodes,1.0,2000-11-11,0.0,275,0.0,2,25,>=,EST,86276,OK,2000,Li et al. 2025a,2000-11-01,34,275,tmax_c,21.60680423060938,0,0
25,episodes,1.0,2001-01-19,0.52044725984547,875,0.52044725984547,2,25,>=,VEG,86276,OK,2000,Li et al. 2025a,2000-12-16,34.6,875,tmax_c,21.60680423060938,11.245202055838162,11.245202055838162
25,episodes,1.0,2001-02-09,1.0,275,1.0,2,25,>=,REP,86276,OK,2000,Li et al. (2025b),2001-01-30,33.7,275,tmax_c,21.60680423060938,21.60680423060938,21.60680423060938
25,episodes,1.0,2001-01-29,0.0,250,0.0,2,25,>=,FLO,86276,OK,2000,Li et al. (2025b),2001-01-20,33.7,250,tmax_c,21.60680423060938,0,0
25,episodes,1.0,2001-03-24,1.0,1075,2.5605284025513213,2,25,>=,FIL,86276,OK,2000,Li et al. (2025b),2001-02-10,32.7,1075,tmax_c,21.60680423060938,55.32483592084137,21.60680423060938
25,days,1.0,2001-04-09,1.0,400,2.0,1,25,>,MAT,86276,OK,2000,Ortega Gómez et al. (2019),2001-03-25,10,400,precip_mm,21.60680423060938,43.21360846121876,21.60680423060938
25,episodes,1.0,1993-11-08,0.0,225,0.0,2,25,>=,EST,85983,OK,1993,Li et al. 2025a,1993-10-31,34,225,tmax_c,21.60680423060938,0,0
25,episodes,1.0,1994-01-04,0.0,725,0.0,2,25,>=,VEG,85983,OK,1993,Li et al. 2025a,1993-12-07,34.6,725,tmax_c,21.60680423060938,0,0
25,episodes,1.0,1994-01-21,0.0,250,0.0,2,25,>=,REP,85983,OK,1993,Li et al. (2025b),1994-01-12,33.7,250,tmax_c,21.60680423060938,0,0
25,episodes,1.0,1994-01-11,0.0,175,0.0,2,25,>=,FLO,85983,OK,1993,Li et al. (2025b),1994-01-05,33.7,175,tmax_c,21.60680423060938,0,0
25,episodes,1.0,1994-02-25,0.0,875,0.0,2,25,>=,FIL,85983,OK,1993,Li et al. (2025b),1994-01-22,32.7,875,tmax_c,21.60680423060938,0,0
25,days,1.0,1994-03-10,1.0,325,2.0804482344993103,1,25,>,MAT,85983,OK,1993,Ortega Gómez et al. (2019),1994-02-26,10,325,precip_mm,21.60680423060938,44.95183771474352,21.60680423060938
25,episodes,1.0,1994-11-08,0.0,225,0.0,2,25,>=,EST,85983,OK,1994,Li et al. 2025a,1994-10-31,34,225,tmax_c,21.60680423060938,0,0
25,episodes,1.0,1995-01-04,0.0,725,0.0,2,25,>=,VEG,85983,OK,1994,Li et al. 2025a,1994-12-07,34.6,725,tmax_c,21.60680423060938,0,0
25,episodes,1.0,1995-01-21,0.0,250,0.0,2,25,>=,REP,85983,OK,1994,Li et al. (2025b),1995-01-12,33.7,250,tmax_c,21.60680423060938,0,0
25,episodes,1.0,1995-01-11,0.0,175,0.0,2,25,>=,FLO,85983,OK,1994,Li et al. (2025b),1995-01-05,33.7,175,tmax_c,21.60680423060938,0,0
25,episodes,1.0,1995-02-25,0.0,875,0.0,2,25,>=,FIL,85983,OK,1994,Li et al. (2025b),1995-01-22,32.7,875,tmax_c,21.60680423060938,0,0
25,days,1.0,1995-03-10,0.03991861359975546,325,0.03991861359975546,1,25,>,MAT,85983,OK,1994,Ortega Gómez et al. (2019),1995-02-26,10,325,precip_mm,21.60680423060938,0.8625136692072574,0.8625136692072574
25,episodes,1.0,1995-11-08,0.0,225,0.0,2,25,>=,EST,85983,OK,1995,Li et al. 2025a,1995-10-31,34,225,tmax_c,21.60680423060938,0,0
25,episodes,1.0,1996-01-04,0.0,725,0.0,2,25,>=,VEG,85983,OK,1995,Li et al. 2025a,1995-12-07,34.6,725,tmax_c,21.60680423060938,0,0
25,episodes,1.0,1996-01-21,0.0,250,0.0,2,25,>=,REP,85983,OK,1995,Li et al. (2025b),1996-01-12,33.7,250,tmax_c,21.60680423060938,0,0
25,episodes,1.0,1996-01-11,0.0,175,0.0,2,25,>=,FLO,85983,OK,1995,Li et al. (2025b),1996-01-05,33.7,175,tmax_c,21.60680423060938,0,0
25,episodes,1.0,1996-02-25,0.0,875,0.0,2,25,>=,FIL,85983,OK,1995,Li et al. (2025b),1996-01-22,32.7,875,tmax_c,21.60680423060938,0,0
25,days,1.0,1996-03-10,1.0,350,1.0,1,25,>,MAT,85983,OK,1995,Ortega Gómez et al. (2019),1996-02-26,10,350,precip_mm,21.60680423060938,21.60680423060938,21.60680423060938
25,episodes,1.0,1996-11-08,0.0,225,0.0,2,25,>=,EST,85983,OK,1996,Li et al. 2025a,1996-10-31,34,225,tmax_c,21.60680423060938,0,0
25,episodes,1.0,1997-01-04,0.0,725,0.0,2,25,>=,VEG,85983,OK,1996,Li et al. 2025a,1996-12-07,34.6,725,tmax_c,21.60680423060938,0,0
25,episodes,1.0,1997-01-21,0.0,250,0.0,2,25,>=,REP,85983,OK,1996,Li et al. (2025b),1997-01-12,33.7,250,tmax_c,21.60680423060938,0,0
25,episodes,1.0,1997-01-11,0.0,175,0.0,2,25,>=,FLO,85983,OK,1996,Li et al. (2025b),1997-01-05,33.7,175,tmax_c,21.60680423060938,0,0
25,episodes,1.0,1997-02-25,0.0,875,0.0,2,25,>=,FIL,85983,OK,1996,Li et al. (2025b),1997-01-22,32.7,875,tmax_c,21.60680423060938,0,0
25,days,1.0,1997-03-10,1.0,325,3.0000000000000018,1,25,>,MAT,85983,OK,1996,Ortega Gómez et al. (2019),1997-02-26,10,325,precip_mm,21.60680423060938,64.82041269182818,21.60680423060938
25,episodes,1.0,1993-11-02,0.0,275,0.0,2,25,>=,EST,86277,OK,1993,Li et al. 2025a,1993-10-23,34,275,tmax_c,21.60680423060938,0,0
25,episodes,1.0,1994-01-07,0.0,850,0.0,2,25,>=,VEG,86277,OK,1993,Li et al. 2025a,1993-12-05,34.6,850,tmax_c,21.60680423060938,0,0
25,episodes,1.0,1994-01-27,1.0,275,1.0,2,25,>=,REP,86277,OK,1993,Li et al. (2025b),1994-01-17,33.7,275,tmax_c,21.60680423060938,21.60680423060938,21.60680423060938
25,episodes,1.0,1994-01-16,0.0,225,0.0,2,25,>=,FLO,86277,OK,1993,Li et al. (2025b),1994-01-08,33.7,225,tmax_c,21.60680423060938,0,0
25,episodes,1.0,1994-03-10,0.3204467724566085,1050,0.3204467724566085,2,25,>=,FIL,86277,OK,1993,Li et al. (2025b),1994-01-28,32.7,1050,tmax_c,21.60680423060938,6.923830678800571,6.923830678800571
25,days,1.0,1994-03-25,1.0,375,2.5597967776319144,1,25,>,MAT,86277,OK,1993,Ortega Gómez et al. (2019),1994-03-11,10,375,precip_mm,21.60680423060938,55.30902784443751,21.60680423060938
25,episodes,1.0,1994-11-02,0.0,275,0.0,2,25,>=,EST,86277,OK,1994,Li et al. 2025a,1994-10-23,34,275,tmax_c,21.60680423060938,0,0
25,episodes,1.0,1995-01-07,1.0,850,2.7205288898162996,2,25,>=,VEG,86277,OK,1994,Li et al. 2025a,1994-12-05,34.6,850,tmax_c,21.60680423060938,58.78193512597786,21.60680423060938
25,episodes,1.0,1995-01-27,0.0,275,0.0,2,25,>=,REP,86277,OK,1994,Li et al. (2025b),1995-01-17,33.7,275,tmax_c,21.60680423060938,0,0
25,episodes,1.0,1995-01-16,0.0,225,0.0,2,25,>=,FLO,86277,OK,1994,Li et al. (2025b),1995-01-08,33.7,225,tmax_c,21.60680423060938,0,0
25,episodes,1.0,1995-03-10,0.0,1050,0.0,2,25,>=,FIL,86277,OK,1994,Li et al. (2025b),1995-01-28,32.7,1050,tmax_c,21.60680423060938,0,0
25,days,1.0,1995-03-25,1.0,375,1.5204472598454704,1,25,>,MAT,86277,OK,1994,Ortega Gómez et al. (2019),1995-03-11,10,375,precip_mm,21.60680423060938,32.85200628644755,21.60680423060938
25,episodes,1.0,1995-11-02,0.0,275,0.0,2,25,>=,EST,86277,OK,1995,Li et al. 2025a,1995-10-23,34,275,tmax_c,21.60680423060938,0,0
25,episodes,1.0,1996-01-07,1.0,850,2.0,2,25,>=,VEG,86277,OK,1995,Li et al. 2025a,1995-12-05,34.6,850,tmax_c,21.60680423060938,43.21360846121876,21.60680423060938
25,episodes,1.0,1996-01-27,0.0,275,0.0,2,25,>=,REP,86277,OK,1995,Li et al. (2025b),1996-01-17,33.7,275,tmax_c,21.60680423060938,0,0
25,episodes,1.0,1996-01-16,0.0,225,0.0,2,25,>=,FLO,86277,OK,1995,Li et al. (2025b),1996-01-08,33.7,225,tmax_c,21.60680423060938,0,0
25,episodes,1.0,1996-03-10,0.0,1075,0.0,2,25,>=,FIL,86277,OK,1995,Li et al. (2025b),1996-01-28,32.7,1075,tmax_c,21.60680423060938,0,0
25,days,1.0,1996-03-25,1.0,375,1.4405687302716839,1,25,>,MAT,86277,OK,1995,Ortega Gómez et al. (2019),1996-03-11,10,375,precip_mm,21.60680423060938,31.126086535717803,21.60680423060938
25,episodes,1.0,1996-11-02,0.0,275,0.0,2,25,>=,EST,86277,OK,1996,Li et al. 2025a,1996-10-23,34,275,tmax_c,21.60680423060938,0,0
25,episodes,1.0,1997-01-07,1.0,850,1.8802441592007342,2,25,>=,VEG,86277,OK,1996,Li et al. 2025a,1996-12-05,34.6,850,tmax_c,21.60680423060938,40.626067453597,21.60680423060938
25,episodes,1.0,1997-01-27,0.0,275,0.0,2,25,>=,REP,86277,OK,1996,Li et al. (2025b),1997-01-17,33.7,275,tmax_c,21.60680423060938,0,0
25,episodes,1.0,1997-01-16,1.0,225,1.0,2,25,>=,FLO,86277,OK,1996,Li et al. (2025b),1997-01-08,33.7,225,tmax_c,21.60680423060938,21.60680423060938,21.60680423060938
25,episodes,1.0,1997-03-10,0.16028412137954312,1050,0.16028412137954312,2,25,>=,FIL,86277,OK,1996,Li et al. (2025b),1997-01-28,32.7,1050,tmax_c,21.60680423060938,3.46322763192302,3.46322763192302
25,days,1.0,1997-03-25,0.4801625292299057,375,0.4801625292299057,1,25,>,MAT,86277,OK,1996,Ortega Gómez et al. (2019),1997-03-11,10,375,precip_mm,21.60680423060938,10.374777767944828,10.374777767944828
25,episodes,1.0,1985-11-08,0.0,225,0.0,2,25,>=,EST,85982,OK,1985,Li et al. 2025a,1985-10-31,34,225,tmax_c,21.60680423060938,0,0
25,episodes,1.0,1986-01-04,0.0,725,0.0,2,25,>=,VEG,85982,OK,1985,Li et al. 2025a,1985-12-07,34.6,725,tmax_c,21.60680423060938,0,0
25,episodes,1.0,1986-01-21,0.0,250,0.0,2,25,>=,REP,85982,OK,1985,Li et al. (2025b),1986-01-12,33.7,250,tmax_c,21.60680423060938,0,0
25,episodes,1.0,1986-01-11,0.0,175,0.0,2,25,>=,FLO,85982,OK,1985,Li et al. (2025b),1986-01-05,33.7,175,tmax_c,21.60680423060938,0,0
25,episodes,1.0,1986-02-25,0.3600003655416275,875,0.3600003655416275,2,25,>=,FIL,85982,OK,1985,Li et al. (2025b),1986-01-22,32.7,875,tmax_c,21.60680423060938,7.778457421205761,7.778457421205761
25,days,1.0,1986-03-10,0.0,325,0.0,1,25,>,MAT,85982,OK,1985,Ortega Gómez et al. (2019),1986-02-26,10,325,precip_mm,21.60680423060938,0,0
25,episodes,1.0,1986-11-08,0.0,225,0.0,2,25,>=,EST,85982,OK,1986,Li et al. 2025a,1986-10-31,34,225,tmax_c,21.60680423060938,0,0
25,episodes,1.0,1987-01-04,0.0,725,0.0,2,25,>=,VEG,85982,OK,1986,Li et al. 2025a,1986-12-07,34.6,725,tmax_c,21.60680423060938,0,0
25,episodes,1.0,1987-01-21,0.0,250,0.0,2,25,>=,REP,85982,OK,1986,Li et al. (2025b),1987-01-12,33.7,250,tmax_c,21.60680423060938,0,0
25,episodes,1.0,1987-01-11,0.0,175,0.0,2,25,>=,FLO,85982,OK,1986,Li et al. (2025b),1987-01-05,33.7,175,tmax_c,21.60680423060938,0,0
25,episodes,1.0,1987-02-25,0.0,875,0.0,2,25,>=,FIL,85982,OK,1986,Li et al. (2025b),1987-01-22,32.7,875,tmax_c,21.60680423060938,0,0
25,days,1.0,1987-03-10,1.0,325,1.7995942864707453,1,25,>,MAT,85982,OK,1986,Ortega Gómez et al. (2019),1987-02-26,10,325,precip_mm,21.60680423060938,38.88348144229657,21.60680423060938
25,episodes,1.0,1987-11-08,0.0,225,0.0,2,25,>=,EST,85982,OK,1987,Li et al. 2025a,1987-10-31,34,225,tmax_c,21.60680423060938,0,0
25,episodes,1.0,1988-01-04,0.0,725,0.0,2,25,>=,VEG,85982,OK,1987,Li et al. 2025a,1987-12-07,34.6,725,tmax_c,21.60680423060938,0,0
25,episodes,1.0,1988-01-21,0.04004069326199029,250,0.04004069326199029,2,25,>=,REP,85982,OK,1987,Li et al. (2025b),1988-01-12,33.7,250,tmax_c,21.60680423060938,0.8651514205697044,0.8651514205697044
25,episodes,1.0,1988-01-11,0.0,175,0.0,2,25,>=,FLO,85982,OK,1987,Li et al. (2025b),1988-01-05,33.7,175,tmax_c,21.60680423060938,0,0
25,episodes,1.0,1988-02-25,0.0,875,0.0,2,25,>=,FIL,85982,OK,1987,Li et al. (2025b),1988-01-22,32.7,875,tmax_c,21.60680423060938,0,0
25,days,1.0,1988-03-10,0.0,350,0.0,1,25,>,MAT,85982,OK,1987,Ortega Gómez et al. (2019),1988-02-26,10,350,precip_mm,21.60680423060938,0,0
25,episodes,1.0,1988-11-08,0.0,225,0.0,2,25,>=,EST,85982,OK,1988,Li et al. 2025a,1988-10-31,34,225,tmax_c,21.60680423060938,0,0
25,episodes,1.0,1989-01-04,0.0,725,0.0,2,25,>=,VEG,85982,OK,1988,Li et al. 2025a,1988-12-07,34.6,725,tmax_c,21.60680423060938,0,0
25,episodes,1.0,1989-01-21,0.0,250,0.0,2,25,>=,REP,85982,OK,1988,Li et al. (2025b),1989-01-12,33.7,250,tmax_c,21.60680423060938,0,0
25,episodes,1.0,1989-01-11,0.0,175,0.0,2,25,>=,FLO,85982,OK,1988,Li et al. (2025b),1989-01-05,33.7,175,tmax_c,21.60680423060938,0,0
25,episodes,1.0,1989-02-25,0.0,875,0.0,2,25,>=,FIL,85982,OK,1988,Li et al. (2025b),1989-01-22,32.7,875,tmax_c,21.60680423060938,0,0
25,days,1.0,1989-03-10,0.0,325,0.0,1,25,>,MAT,85982,OK,1988,Ortega Gómez et al. (2019),1989-02-26,10,325,precip_mm,21.60680423060938,0,0
25,episodes,1.0,2001-11-02,0.800366117015809,275,0.800366117015809,2,25,>=,EST,86277,OK,2001,Li et al. 2025a,2001-10-23,34,275,tmax_c,21.60680423060938,17.293354003173583,17.293354003173583
25,episodes,1.0,2002-01-07,0.0,850,0.0,2,25,>=,VEG,86277,OK,2001,Li et al. 2025a,2001-12-05,34.6,850,tmax_c,21.60680423060938,0,0
25,episodes,1.0,2002-01-27,0.0,275,0.0,2,25,>=,REP,86277,OK,2001,Li et al. (2025b),2002-01-17,33.7,275,tmax_c,21.60680423060938,0,0
25,episodes,1.0,2002-01-16,1.0,225,1.0,2,25,>=,FLO,86277,OK,2001,Li et al. (2025b),2002-01-08,33.7,225,tmax_c,21.60680423060938,21.60680423060938,21.60680423060938
25,episodes,1.0,2002-03-10,1.0,1050,2.0799595504324033,2,25,>=,FIL,86277,OK,2001,Li et al. (2025b),2002-01-28,32.7,1050,tmax_c,21.60680423060938,44.94127881377924,21.60680423060938
25,days,1.0,2002-03-25,1.0,375,3.399430904186689,1,25,>,MAT,86277,OK,2001,Ortega Gómez et al. (2019),2002-03-11,10,375,precip_mm,21.60680423060938,73.45083804224522,21.60680423060938
25,episodes,1.0,2002-11-02,0.0,275,0.0,2,25,>=,EST,86277,OK,2002,Li et al. 2025a,2002-10-23,34,275,tmax_c,21.60680423060938,0,0
25,episodes,1.0,2003-01-07,0.0,850,0.0,2,25,>=,VEG,86277,OK,2002,Li et al. 2025a,2002-12-05,34.6,850,tmax_c,21.60680423060938,0,0
25,episodes,1.0,2003-01-27,0.0,275,0.0,2,25,>=,REP,86277,OK,2002,Li et al. (2025b),2003-01-17,33.7,275,tmax_c,21.60680423060938,0,0
25,episodes,1.0,2003-01-16,0.0,225,0.0,2,25,>=,FLO,86277,OK,2002,Li et al. (2025b),2003-01-08,33.7,225,tmax_c,21.60680423060938,0,0
25,episodes,1.0,2003-03-10,1.0,1050,2.59951289982303,2,25,>=,FIL,86277,OK,2002,Li et al. (2025b),2003-01-28,32.7,1050,tmax_c,21.60680423060938,56.167166321419906,21.60680423060938
25,days,1.0,2003-03-25,0.1995930679987773,375,0.1995930679987773,1,25,>,MAT,86277,OK,2002,Ortega Gómez et al. (2019),2003-03-11,10,375,precip_mm,21.60680423060938,4.312568346036287,4.312568346036287
25,episodes,1.0,2003-11-02,0.0,275,0.0,2,25,>=,EST,86277,OK,2003,Li et al. 2025a,2003-10-23,34,275,tmax_c,21.60680423060938,0,0
25,episodes,1.0,2004-01-07,0.0,850,0.0,2,25,>=,VEG,86277,OK,2003,Li et al. 2025a,2003-12-05,34.6,850,tmax_c,21.60680423060938,0,0
25,episodes,1.0,2004-01-27,1.0,275,1.0,2,25,>=,REP,86277,OK,2003,Li et al. (2025b),2004-01-17,33.7,275,tmax_c,21.60680423060938,21.60680423060938,21.60680423060938
25,episodes,1.0,2004-01-16,1.0,225,1.0,2,25,>=,FLO,86277,OK,2003,Li et al. (2025b),2004-01-08,33.7,225,tmax_c,21.60680423060938,21.60680423060938,21.60680423060938
25,episodes,1.0,2004-03-10,1.0,1075,1.520609545380908,2,25,>=,FIL,86277,OK,2003,Li et al. (2025b),2004-01-28,32.7,1075,tmax_c,21.60680423060938,32.85551275824121,21.60680423060938
25,days,1.0,2004-03-25,1.0,375,2.0,1,25,>,MAT,86277,OK,2003,Ortega Gómez et al. (2019),2004-03-11,10,375,precip_mm,21.60680423060938,43.21360846121876,21.60680423060938
25,episodes,1.0,2004-11-02,0.0,275,0.0,2,25,>=,EST,86277,OK,2004,Li et al. 2025a,2004-10-23,34,275,tmax_c,21.60680423060938,0,0
25,episodes,1.0,2005-01-07,1.0,850,1.0,2,25,>=,VEG,86277,OK,2004,Li et al. 2025a,2004-12-05,34.6,850,tmax_c,21.60680423060938,21.60680423060938,21.60680423060938
25,episodes,1.0,2005-01-27,0.0,275,0.0,2,25,>=,REP,86277,OK,2004,Li et al. (2025b),2005-01-17,33.7,275,tmax_c,21.60680423060938,0,0
25,episodes,1.0,2005-01-16,1.0,225,1.8003661170158098,2,25,>=,FLO,86277,OK,2004,Li et al. (2025b),2005-01-08,33.7,225,tmax_c,21.60680423060938,38.90015823378298,21.60680423060938
25,episodes,1.0,2005-03-10,1.0,1050,2.4406093016864405,2,25,>=,FIL,86277,OK,2004,Li et al. (2025b),2005-01-28,32.7,1050,tmax_c,21.60680423060938,52.733767384943185,21.60680423060938
25,days,1.0,2005-03-25,1.0,375,2.600609789075376,1,25,>,MAT,86277,OK,2004,Ortega Gómez et al. (2019),2005-03-11,10,375,precip_mm,21.60680423060938,56.190866592758006,21.60680423060938
25,episodes,1.0,1981-11-08,0.0,225,0.0,2,25,>=,EST,85983,OK,1981,Li et al. 2025a,1981-10-31,34,225,tmax_c,21.60680423060938,0,0
25,episodes,1.0,1982-01-04,0.0,725,0.0,2,25,>=,VEG,85983,OK,1981,Li et al. 2025a,1981-12-07,34.6,725,tmax_c,21.60680423060938,0,0
25,episodes,1.0,1982-01-21,0.0,250,0.0,2,25,>=,REP,85983,OK,1981,Li et al. (2025b),1982-01-12,33.7,250,tmax_c,21.60680423060938,0,0
25,episodes,1.0,1982-01-11,0.0,175,0.0,2,25,>=,FLO,85983,OK,1981,Li et al. (2025b),1982-01-05,33.7,175,tmax_c,21.60680423060938,0,0
25,episodes,1.0,1982-02-25,0.0,875,0.0,2,25,>=,FIL,85983,OK,1981,Li et al. (2025b),1982-01-22,32.7,875,tmax_c,21.60680423060938,0,0
25,days,1.0,1982-03-10,1.0,325,3.8807302844763947,1,25,>,MAT,85983,OK,1981,Ortega Gómez et al. (2019),1982-02-26,10,325,precip_mm,21.60680423060938,83.8501795284785,21.60680423060938
25,episodes,1.0,1982-11-08,0.0,225,0.0,2,25,>=,EST,85983,OK,1982,Li et al. 2025a,1982-10-31,34,225,tmax_c,21.60680423060938,0,0
25,episodes,1.0,1983-01-04,0.0,725,0.0,2,25,>=,VEG,85983,OK,1982,Li et al. 2025a,1982-12-07,34.6,725,tmax_c,21.60680423060938,0,0
25,episodes,1.0,1983-01-21,0.0,250,0.0,2,25,>=,REP,85983,OK,1982,Li et al. (2025b),1983-01-12,33.7,250,tmax_c,21.60680423060938,0,0
25,episodes,1.0,1983-01-11,0.0,175,0.0,2,25,>=,FLO,85983,OK,1982,Li et al. (2025b),1983-01-05,33.7,175,tmax_c,21.60680423060938,0,0
25,episodes,1.0,1983-02-25,0.0,875,0.0,2,25,>=,FIL,85983,OK,1982,Li et al. (2025b),1983-01-22,32.7,875,tmax_c,21.60680423060938,0,0
25,days,1.0,1983-03-10,0.6801218359678411,325,0.9198781640321586,1,25,>,MAT,85983,OK,1982,Ortega Gómez et al. (2019),1983-02-26,10,325,precip_mm,21.60680423060938,19.875627406255234,14.695259362719769
25,episodes,1.0,1983-11-08,0.0,225,0.0,2,25,>=,EST,85983,OK,1983,Li et al. 2025a,1983-10-31,34,225,tmax_c,21.60680423060938,0,0
25,episodes,1.0,1984-01-04,0.0,725,0.0,2,25,>=,VEG,85983,OK,1983,Li et al. 2025a,1983-12-07,34.6,725,tmax_c,21.60680423060938,0,0
25,episodes,1.0,1984-01-21,0.0,250,0.0,2,25,>=,REP,85983,OK,1983,Li et al. (2025b),1984-01-12,33.7,250,tmax_c,21.60680423060938,0,0
25,episodes,1.0,1984-01-11,0.0,175,0.0,2,25,>=,FLO,85983,OK,1983,Li et al. (2025b),1984-01-05,33.7,175,tmax_c,21.60680423060938,0,0
25,episodes,1.0,1984-02-25,0.0,875,0.0,2,25,>=,FIL,85983,OK,1983,Li et al. (2025b),1984-01-22,32.7,875,tmax_c,21.60680423060938,0,0
25,days,1.0,1984-03-10,0.04008114270585094,350,0.04008114270585094,1,25,>,MAT,85983,OK,1983,Ortega Gómez et al. (2019),1984-02-26,10,350,precip_mm,21.60680423060938,0.8660254037844385,0.8660254037844385
25,episodes,1.0,1984-11-08,0.0,225,0.0,2,25,>=,EST,85983,OK,1984,Li et al. 2025a,1984-10-31,34,225,tmax_c,21.60680423060938,0,0
25,episodes,1.0,1985-01-04,0.0,725,0.0,2,25,>=,VEG,85983,OK,1984,Li et al. 2025a,1984-12-07,34.6,725,tmax_c,21.60680423060938,0,0
25,episodes,1.0,1985-01-21,0.0,250,0.0,2,25,>=,REP,85983,OK,1984,Li et al. (2025b),1985-01-12,33.7,250,tmax_c,21.60680423060938,0,0
25,episodes,1.0,1985-01-11,0.0,175,0.0,2,25,>=,FLO,85983,OK,1984,Li et al. (2025b),1985-01-05,33.7,175,tmax_c,21.60680423060938,0,0
25,episodes,1.0,1985-02-25,0.0,875,0.0,2,25,>=,FIL,85983,OK,1984,Li et al. (2025b),1985-01-22,32.7,875,tmax_c,21.60680423060938,0,0
25,days,1.0,1985-03-10,1.0,325,1.0,1,25,>,MAT,85983,OK,1984,Ortega Gómez et al. (2019),1985-02-26,10,325,precip_mm,21.60680423060938,21.60680423060938,21.60680423060938
25,episodes,1.0,1985-11-08,0.0,225,0.0,2,25,>=,EST,85983,OK,1985,Li et al. 2025a,1985-10-31,34,225,tmax_c,21.60680423060938,0,0
25,episodes,1.0,1986-01-04,0.0,725,0.0,2,25,>=,VEG,85983,OK,1985,Li et al. 2025a,1985-12-07,34.6,725,tmax_c,21.60680423060938,0,0
25,episodes,1.0,1986-01-21,0.0,250,0.0,2,25,>=,REP,85983,OK,1985,Li et al. (2025b),1986-01-12,33.7,250,tmax_c,21.60680423060938,0,0
25,episodes,1.0,1986-01-11,0.0,175,0.0,2,25,>=,FLO,85983,OK,1985,Li et al. (2025b),1986-01-05,33.7,175,tmax_c,21.60680423060938,0,0
25,episodes,1.0,1986-02-25,0.0,875,0.0,2,25,>=,FIL,85983,OK,1985,Li et al. (2025b),1986-01-22,32.7,875,tmax_c,21.60680423060938,0,0
25,days,1.0,1986-03-10,0.12020297867369217,325,0.12020297867369217,1,25,>,MAT,85983,OK,1985,Ortega Gómez et al. (2019),1986-02-26,10,325,precip_mm,21.60680423060938,2.597202228138581,2.597202228138581
25,episodes,1.0,1986-11-08,0.0,225,0.0,2,25,>=,EST,85983,OK,1986,Li et al. 2025a,1986-10-31,34,225,tmax_c,21.60680423060938,0,0
25,episodes,1.0,1987-01-04,0.0,725,0.0,2,25,>=,VEG,85983,OK,1986,Li et al. 2025a,1986-12-07,34.6,725,tmax_c,21.60680423060938,0,0
25,episodes,1.0,1987-01-21,0.0,250,0.0,2,25,>=,REP,85983,OK,1986,Li et al. (2025b),1987-01-12,33.7,250,tmax_c,21.60680423060938,0,0
25,episodes,1.0,1987-01-11,0.0,175,0.0,2,25,>=,FLO,85983,OK,1986,Li et al. (2025b),1987-01-05,33.7,175,tmax_c,21.60680423060938,0,0
25,episodes,1.0,1987-02-25,0.0,875,0.0,2,25,>=,FIL,85983,OK,1986,Li et al. (2025b),1987-01-22,32.7,875,tmax_c,21.60680423060938,0,0
25,days,1.0,1987-03-10,1.0,325,1.919837714588298,1,25,>,MAT,85983,OK,1986,Ortega Gómez et al. (2019),1987-02-26,10,325,precip_mm,21.60680423060938,41.48155765364989,21.60680423060938
25,episodes,1.0,1987-11-08,0.0,225,0.0,2,25,>=,EST,85983,OK,1987,Li et al. 2025a,1987-10-31,34,225,tmax_c,21.60680423060938,0,0
25,episodes,1.0,1988-01-04,0.0,725,0.0,2,25,>=,VEG,85983,OK,1987,Li et al. 2025a,1987-12-07,34.6,725,tmax_c,21.60680423060938,0,0
25,episodes,1.0,1988-01-21,0.0,250,0.0,2,25,>=,REP,85983,OK,1987,Li et al. (2025b),1988-01-12,33.7,250,tmax_c,21.60680423060938,0,0
25,episodes,1.0,1988-01-11,0.0,175,0.0,2,25,>=,FLO,85983,OK,1987,Li et al. (2025b),1988-01-05,33.7,175,tmax_c,21.60680423060938,0,0
25,episodes,1.0,1988-02-25,0.0,875,0.0,2,25,>=,FIL,85983,OK,1987,Li et al. (2025b),1988-01-22,32.7,875,tmax_c,21.60680423060938,0,0
25,days,1.0,1988-03-10,0.0,350,0.0,1,25,>,MAT,85983,OK,1987,Ortega Gómez et al. (2019),1988-02-26,10,350,precip_mm,21.60680423060938,0,0
25,episodes,1.0,1988-11-08,0.0,225,0.0,2,25,>=,EST,85983,OK,1988,Li et al. 2025a,1988-10-31,34,225,tmax_c,21.60680423060938,0,0
25,episodes,1.0,1989-01-04,0.0,725,0.0,2,25,>=,VEG,85983,OK,1988,Li et al. 2025a,1988-12-07,34.6,725,tmax_c,21.60680423060938,0,0
25,episodes,1.0,1989-01-21,0.0,250,0.0,2,25,>=,REP,85983,OK,1988,Li et al. (2025b),1989-01-12,33.7,250,tmax_c,21.60680423060938,0,0
25,episodes,1.0,1989-01-11,0.0,175,0.0,2,25,>=,FLO,85983,OK,1988,Li et al. (2025b),1989-01-05,33.7,175,tmax_c,21.60680423060938,0,0
25,episodes,1.0,1989-02-25,0.0,875,0.0,2,25,>=,FIL,85983,OK,1988,Li et al. (2025b),1989-01-22,32.7,875,tmax_c,21.60680423060938,0,0
25,days,1.0,1989-03-10,0.0,325,0.0,1,25,>,MAT,85983,OK,1988,Ortega Gómez et al. (2019),1989-02-26,10,325,precip_mm,21.60680423060938,0,0
25,episodes,1.0,1993-10-26,0.0,275,0.0,2,25,>=,EST,86286,OK,1993,Li et al. 2025a,1993-10-16,34,275,tmax_c,21.60680423060938,0,0
25,episodes,1.0,1994-01-03,0.0,875,0.0,2,25,>=,VEG,86286,OK,1993,Li et al. 2025a,1993-11-30,34.6,875,tmax_c,21.60680423060938,0,0
25,episodes,1.0,1994-01-24,0.560609667228142,275,0.560609667228142,2,25,>=,REP,86286,OK,1993,Li et al. (2025b),1994-01-14,33.7,275,tmax_c,21.60680423060938,12.112983329585536,12.112983329585536
25,episodes,1.0,1994-01-13,0.0,250,0.0,2,25,>=,FLO,86286,OK,1993,Li et al. (2025b),1994-01-04,33.7,250,tmax_c,21.60680423060938,0,0
25,episodes,1.0,1994-03-09,0.28032518030689696,1100,0.28032518030689696,2,25,>=,FIL,86286,OK,1993,Li et al. (2025b),1994-01-25,32.7,1100,tmax_c,21.60680423060938,6.056931291801399,6.056931291801399
25,days,1.0,1994-03-25,1.0,400,2.679918248058129,1,25,>,MAT,86286,OK,1993,Ortega Gómez et al. (2019),1994-03-10,10,400,precip_mm,21.60680423060938,57.90446893982966,21.60680423060938
25,episodes,1.0,1994-10-26,0.0,275,0.0,2,25,>=,EST,86286,OK,1994,Li et al. 2025a,1994-10-16,34,275,tmax_c,21.60680423060938,0,0
25,episodes,1.0,1995-01-03,1.0,875,3.400285096157193,2,25,>=,VEG,86286,OK,1994,Li et al. 2025a,1994-11-30,34.6,875,tmax_c,21.60680423060938,73.46929440092727,21.60680423060938
25,episodes,1.0,1995-01-24,0.0,275,0.0,2,25,>=,REP,86286,OK,1994,Li et al. (2025b),1995-01-14,33.7,275,tmax_c,21.60680423060938,0,0
25,episodes,1.0,1995-01-13,0.24040595734738435,250,0.24040595734738435,2,25,>=,FLO,86286,OK,1994,Li et al. (2025b),1995-01-04,33.7,250,tmax_c,21.60680423060938,5.194404456277162,5.194404456277162
25,episodes,1.0,1995-03-09,0.0,1100,0.0,2,25,>=,FIL,86286,OK,1994,Li et al. (2025b),1995-01-25,32.7,1100,tmax_c,21.60680423060938,0,0
25,days,1.0,1995-03-25,1.0,400,1.0,1,25,>,MAT,86286,OK,1994,Ortega Gómez et al. (2019),1995-03-10,10,400,precip_mm,21.60680423060938,21.60680423060938,21.60680423060938
25,episodes,1.0,1995-10-26,0.0,275,0.0,2,25,>=,EST,86286,OK,1995,Li et al. 2025a,1995-10-16,34,275,tmax_c,21.60680423060938,0,0
25,episodes,1.0,1996-01-03,1.0,875,1.9201627728004895,2,25,>=,VEG,86286,OK,1995,Li et al. 2025a,1995-11-30,34.6,875,tmax_c,21.60680423060938,41.488581122804256,21.60680423060938
25,episodes,1.0,1996-01-24,0.0,275,0.0,2,25,>=,REP,86286,OK,1995,Li et al. (2025b),1996-01-14,33.7,275,tmax_c,21.60680423060938,0,0
25,episodes,1.0,1996-01-13,1.0,250,1.0,2,25,>=,FLO,86286,OK,1995,Li et al. (2025b),1996-01-04,33.7,250,tmax_c,21.60680423060938,21.60680423060938,21.60680423060938
25,episodes,1.0,1996-03-09,0.0,1125,0.0,2,25,>=,FIL,86286,OK,1995,Li et al. (2025b),1996-01-25,32.7,1125,tmax_c,21.60680423060938,0,0
25,days,1.0,1996-03-25,1.0,400,2.520406566583406,1,25,>,MAT,86286,OK,1995,Ortega Gómez et al. (2019),1996-03-10,10,400,precip_mm,21.60680423060938,54.45793126571,21.60680423060938
25,episodes,1.0,1996-10-26,0.0,275,0.0,2,25,>=,EST,86286,OK,1996,Li et al. 2025a,1996-10-16,34,275,tmax_c,21.60680423060938,0,0
25,episodes,1.0,1997-01-03,1.0,875,1.0,2,25,>=,VEG,86286,OK,1996,Li et al. 2025a,1996-11-30,34.6,875,tmax_c,21.60680423060938,21.60680423060938,21.60680423060938
25,episodes,1.0,1997-01-24,0.9201627728004892,275,0.9201627728004892,2,25,>=,REP,86286,OK,1996,Li et al. (2025b),1997-01-14,33.7,275,tmax_c,21.60680423060938,19.881776892194868,19.881776892194868
25,episodes,1.0,1997-01-13,1.0,250,1.0400406932619903,2,25,>=,FLO,86286,OK,1996,Li et al. (2025b),1997-01-04,33.7,250,tmax_c,21.60680423060938,22.471955651179087,21.60680423060938
25,episodes,1.0,1997-03-09,1.0,1100,1.8802441592007342,2,25,>=,FIL,86286,OK,1996,Li et al. (2025b),1997-01-25,32.7,1100,tmax_c,21.60680423060938,40.626067453597,21.60680423060938
25,days,1.0,1997-03-25,1.0,400,1.1202029786736922,1,25,>,MAT,86286,OK,1996,Ortega Gómez et al. (2019),1997-03-10,10,400,precip_mm,21.60680423060938,24.204006458747962,21.60680423060938
25,episodes,1.0,2009-10-26,0.0,275,0.0,2,25,>=,EST,86286,OK,2009,Li et al. 2025a,2009-10-16,34,275,tmax_c,21.60680423060938,0,0
25,episodes,1.0,2010-01-03,0.0,875,0.0,2,25,>=,VEG,86286,OK,2009,Li et al. 2025a,2009-11-30,34.6,875,tmax_c,21.60680423060938,0,0
25,episodes,1.0,2010-01-24,0.0,275,0.0,2,25,>=,REP,86286,OK,2009,Li et al. (2025b),2010-01-14,33.7,275,tmax_c,21.60680423060938,0,0
25,episodes,1.0,2010-01-13,0.0,250,0.0,2,25,>=,FLO,86286,OK,2009,Li et al. (2025b),2010-01-04,33.7,250,tmax_c,21.60680423060938,0,0
25,episodes,1.0,2010-03-09,1.0,1100,2.8397158786204586,2,25,>=,FIL,86286,OK,2009,Li et al. (2025b),2010-01-25,32.7,1100,tmax_c,21.60680423060938,61.35718505990516,21.60680423060938
25,days,1.0,2010-03-25,1.0,400,1.0799997563056065,1,25,>,MAT,86286,OK,2009,Ortega Gómez et al. (2019),2010-03-10,10,400,precip_mm,21.60680423060938,23.33534330360108,21.60680423060938
25,episodes,1.0,2010-10-26,0.0,275,0.0,2,25,>=,EST,86286,OK,2010,Li et al. 2025a,2010-10-16,34,275,tmax_c,21.60680423060938,0,0
25,episodes,1.0,2011-01-03,0.0,875,0.0,2,25,>=,VEG,86286,OK,2010,Li et al. 2025a,2010-11-30,34.6,875,tmax_c,21.60680423060938,0,0
25,episodes,1.0,2011-01-24,0.8402439156301503,275,0.8402439156301503,2,25,>=,REP,86286,OK,2010,Li et al. (2025b),2011-01-14,33.7,275,tmax_c,21.60680423060938,18.154985790981325,18.154985790981325
25,episodes,1.0,2011-01-13,0.0,250,0.0,2,25,>=,FLO,86286,OK,2010,Li et al. (2025b),2011-01-04,33.7,250,tmax_c,21.60680423060938,0,0
25,episodes,1.0,2011-03-09,0.6405692176605453,1100,0.6405692176605453,2,25,>=,FIL,86286,OK,2010,Li et al. (2025b),2011-01-25,32.7,1100,tmax_c,21.60680423060938,13.840653682146012,13.840653682146012
25,days,1.0,2011-03-25,1.0,400,1.8794315136702562,1,25,>,MAT,86286,OK,2010,Ortega Gómez et al. (2019),2011-03-10,10,400,precip_mm,21.60680423060938,40.608508780711084,21.60680423060938
25,episodes,1.0,2011-10-26,0.0,275,0.0,2,25,>=,EST,86286,OK,2011,Li et al. 2025a,2011-10-16,34,275,tmax_c,21.60680423060938,0,0
25,episodes,1.0,2012-01-03,1.0,875,1.0,2,25,>=,VEG,86286,OK,2011,Li et al. 2025a,2011-11-30,34.6,875,tmax_c,21.60680423060938,21.60680423060938,21.60680423060938
25,episodes,1.0,2012-01-24,0.0,275,0.0,2,25,>=,REP,86286,OK,2011,Li et al. (2025b),2012-01-14,33.7,275,tmax_c,21.60680423060938,0,0
25,episodes,1.0,2012-01-13,1.0,250,1.0,2,25,>=,FLO,86286,OK,2011,Li et al. (2025b),2012-01-04,33.7,250,tmax_c,21.60680423060938,21.60680423060938,21.60680423060938
25,episodes,1.0,2012-03-09,1.0,1125,4.0,2,25,>=,FIL,86286,OK,2011,Li et al. (2025b),2012-01-25,32.7,1125,tmax_c,21.60680423060938,86.42721692243752,21.60680423060938
25,days,1.0,2012-03-25,0.0,400,0.0,1,25,>,MAT,86286,OK,2011,Ortega Gómez et al. (2019),2012-03-10,10,400,precip_mm,21.60680423060938,0,0
25,episodes,1.0,2012-10-26,0.0,275,0.0,2,25,>=,EST,86286,OK,2012,Li et al. 2025a,2012-10-16,34,275,tmax_c,21.60680423060938,0,0
25,episodes,1.0,2013-01-03,0.20024379378291637,875,0.20024379378291637,2,25,>=,VEG,86286,OK,2012,Li et al. 2025a,2012-11-30,34.6,875,tmax_c,21.60680423060938,4.32662845066199,4.32662845066199
25,episodes,1.0,2013-01-24,0.0,275,0.0,2,25,>=,REP,86286,OK,2012,Li et al. (2025b),2013-01-14,33.7,275,tmax_c,21.60680423060938,0,0
25,episodes,1.0,2013-01-13,0.0,250,0.0,2,25,>=,FLO,86286,OK,2012,Li et al. (2025b),2013-01-04,33.7,250,tmax_c,21.60680423060938,0,0
25,episodes,1.0,2013-03-09,1.0,1100,1.0,2,25,>=,FIL,86286,OK,2012,Li et al. (2025b),2013-01-25,32.7,1100,tmax_c,21.60680423060938,21.60680423060938,21.60680423060938
25,days,1.0,2013-03-25,1.0,400,3.0000000000000018,1,25,>,MAT,86286,OK,2012,Ortega Gómez et al. (2019),2013-03-10,10,400,precip_mm,21.60680423060938,64.82041269182818,21.60680423060938
25,episodes,1.0,1997-11-02,0.0,275,0.0,2,25,>=,EST,86277,OK,1997,Li et al. 2025a,1997-10-23,34,275,tmax_c,21.60680423060938,0,0
25,episodes,1.0,1998-01-07,0.8802441592007337,850,0.8802441592007337,2,25,>=,VEG,86277,OK,1997,Li et al. 2025a,1997-12-05,34.6,850,tmax_c,21.60680423060938,19.01926322298761,19.01926322298761
25,episodes,1.0,1998-01-27,1.0,275,1.0,2,25,>=,REP,86277,OK,1997,Li et al. (2025b),1998-01-17,33.7,275,tmax_c,21.60680423060938,21.60680423060938,21.60680423060938
25,episodes,1.0,1998-01-16,0.0,225,0.0,2,25,>=,FLO,86277,OK,1997,Li et al. (2025b),1998-01-08,33.7,225,tmax_c,21.60680423060938,0,0
25,episodes,1.0,1998-03-10,0.2804466506093746,1050,0.2804466506093746,2,25,>=,FIL,86277,OK,1997,Li et al. (2025b),1998-01-28,32.7,1050,tmax_c,21.60680423060938,6.059555876846867,6.059555876846867
25,days,1.0,1998-03-25,0.16008138640024455,375,0.16008138640024455,1,25,>,MAT,86277,OK,1997,Ortega Gómez et al. (2019),1998-03-11,10,375,precip_mm,21.60680423060938,3.458847176914619,3.458847176914619
25,episodes,1.0,1998-11-02,0.0,275,0.0,2,25,>=,EST,86277,OK,1998,Li et al. 2025a,1998-10-23,34,275,tmax_c,21.60680423060938,0,0
25,episodes,1.0,1999-01-07,1.0,850,1.0,2,25,>=,VEG,86277,OK,1998,Li et al. 2025a,1998-12-05,34.6,850,tmax_c,21.60680423060938,21.60680423060938,21.60680423060938
25,episodes,1.0,1999-01-27,0.0,275,0.0,2,25,>=,REP,86277,OK,1998,Li et al. (2025b),1999-01-17,33.7,275,tmax_c,21.60680423060938,0,0
25,episodes,1.0,1999-01-16,0.0,225,0.0,2,25,>=,FLO,86277,OK,1998,Li et al. (2025b),1999-01-08,33.7,225,tmax_c,21.60680423060938,0,0
25,episodes,1.0,1999-03-10,1.0,1050,1.3206086922029467,2,25,>=,FIL,86277,OK,1998,Li et al. (2025b),1999-01-28,32.7,1050,tmax_c,21.60680423060938,28.534133477670153,21.60680423060938
25,days,1.0,1999-03-25,1.0,375,4.720325058335926,1,25,>,MAT,86277,OK,1998,Ortega Gómez et al. (2019),1999-03-11,10,375,precip_mm,21.60680423060938,101.99113944030417,21.60680423060938
25,episodes,1.0,1999-11-02,0.0,275,0.0,2,25,>=,EST,86277,OK,1999,Li et al. 2025a,1999-10-23,34,275,tmax_c,21.60680423060938,0,0
25,episodes,1.0,2000-01-07,1.0,850,2.5606506039369066,2,25,>=,VEG,86277,OK,1999,Li et al. 2025a,1999-12-05,34.6,850,tmax_c,21.60680423060938,55.32747630225642,21.60680423060938
25,episodes,1.0,2000-01-27,0.0,275,0.0,2,25,>=,REP,86277,OK,1999,Li et al. (2025b),2000-01-17,33.7,275,tmax_c,21.60680423060938,0,0
25,episodes,1.0,2000-01-16,1.0,225,1.0,2,25,>=,FLO,86277,OK,1999,Li et al. (2025b),2000-01-08,33.7,225,tmax_c,21.60680423060938,21.60680423060938,21.60680423060938
25,episodes,1.0,2000-03-10,1.0,1075,1.0,2,25,>=,FIL,86277,OK,1999,Li et al. (2025b),2000-01-28,32.7,1075,tmax_c,21.60680423060938,21.60680423060938,21.60680423060938
25,days,1.0,2000-03-25,1.0,375,3.0000000000000018,1,25,>,MAT,86277,OK,1999,Ortega Gómez et al. (2019),2000-03-11,10,375,precip_mm,21.60680423060938,64.82041269182818,21.60680423060938
25,episodes,1.0,2000-11-02,0.0,275,0.0,2,25,>=,EST,86277,OK,2000,Li et al. 2025a,2000-10-23,34,275,tmax_c,21.60680423060938,0,0
25,episodes,1.0,2001-01-07,0.800325302030395,850,0.800325302030395,2,25,>=,VEG,86277,OK,2000,Li et al. 2025a,2000-12-05,34.6,850,tmax_c,21.60680423060938,17.29247212177407,17.29247212177407
25,episodes,1.0,2001-01-27,0.0,275,0.0,2,25,>=,REP,86277,OK,2000,Li et al. (2025b),2001-01-17,33.7,275,tmax_c,21.60680423060938,0,0
25,episodes,1.0,2001-01-16,0.0,225,0.0,2,25,>=,FLO,86277,OK,2000,Li et al. (2025b),2001-01-08,33.7,225,tmax_c,21.60680423060938,0,0
25,episodes,1.0,2001-03-10,1.0,1050,3.0000000000000018,2,25,>=,FIL,86277,OK,2000,Li et al. (2025b),2001-01-28,32.7,1050,tmax_c,21.60680423060938,64.82041269182818,21.60680423060938
25,days,1.0,2001-03-25,1.0,375,3.520365507779788,1,25,>,MAT,86277,OK,2000,Ortega Gómez et al. (2019),2001-03-11,10,375,precip_mm,21.60680423060938,76.06384834678767,21.60680423060938
