complete_cells,count_unit,coverage_fraction,end,evaluated_area_fraction_with_event,expected_cell_days,mean_count_per_native_cell,min_days,native_cells,operator,phase,pixel_id,quality,season_year,source,start,threshold,valid_cell_days,variable,weight,weighted_count,weighted_exposed,source_batch,latitude,longitude
25,episodes,1.0,1989-11-22,0.0,200,0.0,2,25,>=,EST,99997,OK,1989,Li et al. 2025a,1989-11-15,34.0,200,tmax_c,23.3860295326714,0.0,0.0,batch_000c7e20bbbf940aa25b.csv,-20.75,-41.25
25,episodes,1.0,1990-01-11,0.0,625,0.0,2,25,>=,VEG,99997,OK,1989,Li et al. 2025a,1989-12-18,34.6,625,tmax_c,23.3860295326714,0.0,0.0,batch_000c7e20bbbf940aa25b.csv,-20.75,-41.25
25,episodes,1.0,1990-01-27,0.279947848704729,200,0.279947848704729,2,25,>=,REP,99997,OK,1989,Li et al. (2025b),1990-01-20,33.7,200,tmax_c,23.3860295326714,6.546868657416619,6.546868657416619,batch_000c7e20bbbf940aa25b.csv,-20.75,-41.25
25,episodes,1.0,1990-01-19,0.0,200,0.0,2,25,>=,FLO,99997,OK,1989,Li et al. (2025b),1990-01-12,33.7,200,tmax_c,23.3860295326714,0.0,0.0,batch_000c7e20bbbf940aa25b.csv,-20.75,-41.25
25,episodes,1.0,1990-02-27,0.1599476050103353,775,0.3199216512099709,2,25,>=,FIL,99997,OK,1989,Li et al. (2025b),1990-01-28,32.7,775,tmax_c,23.3860295326714,7.48169718333738,3.740539414451763,batch_000c7e20bbbf940aa25b.csv,-20.75,-41.25
25,days,1.0,1990-03-11,0.0,300,0.0,1,25,>,MAT,99997,OK,1989,Ortega Gómez et al. (2019),1990-02-28,10.0,300,precip_mm,23.3860295326714,0.0,0.0,batch_000c7e20bbbf940aa25b.csv,-20.75,-41.25
25,episodes,1.0,1990-11-22,0.0,200,0.0,2,25,>=,EST,99997,OK,1990,Li et al. 2025a,1990-11-15,34.0,200,tmax_c,23.3860295326714,0.0,0.0,batch_000c7e20bbbf940aa25b.csv,-20.75,-41.25
25,episodes,1.0,1991-01-11,0.0,625,0.0,2,25,>=,VEG,99997,OK,1990,Li et al. 2025a,1990-12-18,34.6,625,tmax_c,23.3860295326714,0.0,0.0,batch_000c7e20bbbf940aa25b.csv,-20.75,-41.25
25,episodes,1.0,1991-01-27,0.0,200,0.0,2,25,>=,REP,99997,OK,1990,Li et al. (2025b),1991-01-20,33.7,200,tmax_c,23.3860295326714,0.0,0.0,batch_000c7e20bbbf940aa25b.csv,-20.75,-41.25
25,episodes,1.0,1991-01-19,0.0,200,0.0,2,25,>=,FLO,99997,OK,1990,Li et al. (2025b),1991-01-12,33.7,200,tmax_c,23.3860295326714,0.0,0.0,batch_000c7e20bbbf940aa25b.csv,-20.75,-41.25
25,episodes,1.0,1991-02-27,0.0,775,0.0,2,25,>=,FIL,99997,OK,1990,Li et al. (2025b),1991-01-28,32.7,775,tmax_c,23.3860295326714,0.0,0.0,batch_000c7e20bbbf940aa25b.csv,-20.75,-41.25
25,days,1.0,1991-03-11,0.4802376048401934,300,0.4802376048401934,1,25,>,MAT,99997,OK,1990,Ortega Gómez et al. (2019),1991-02-28,10.0,300,precip_mm,23.3860295326714,11.23085080949214,11.23085080949214,batch_000c7e20bbbf940aa25b.csv,-20.75,-41.25
25,episodes,1.0,1991-11-22,0.0,200,0.0,2,25,>=,EST,99997,OK,1991,Li et al. 2025a,1991-11-15,34.0,200,tmax_c,23.3860295326714,0.0,0.0,batch_000c7e20bbbf940aa25b.csv,-20.75,-41.25
25,episodes,1.0,1992-01-11,0.0,625,0.0,2,25,>=,VEG,99997,OK,1991,Li et al. 2025a,1991-12-18,34.6,625,tmax_c,23.3860295326714,0.0,0.0,batch_000c7e20bbbf940aa25b.csv,-20.75,-41.25
25,episodes,1.0,1992-01-27,0.0,200,0.0,2,25,>=,REP,99997,OK,1991,Li et al. (2025b),1992-01-20,33.7,200,tmax_c,23.3860295326714,0.0,0.0,batch_000c7e20bbbf940aa25b.csv,-20.75,-41.25
25,episodes,1.0,1992-01-19,0.0,200,0.0,2,25,>=,FLO,99997,OK,1991,Li et al. (2025b),1992-01-12,33.7,200,tmax_c,23.3860295326714,0.0,0.0,batch_000c7e20bbbf940aa25b.csv,-20.75,-41.25
25,episodes,1.0,1992-02-27,0.0799738025051677,775,0.0799738025051677,2,25,>=,FIL,99997,OK,1991,Li et al. (2025b),1992-01-28,32.7,775,tmax_c,23.3860295326714,1.8702697072258816,1.8702697072258816,batch_000c7e20bbbf940aa25b.csv,-20.75,-41.25
25,days,1.0,1992-03-11,1.0,325,3.840580608895889,1,25,>,MAT,99997,OK,1991,Ortega Gómez et al. (2019),1992-02-28,10.0,325,precip_mm,23.3860295326714,89.81593154224437,23.3860295326714,batch_000c7e20bbbf940aa25b.csv,-20.75,-41.25
25,episodes,1.0,1992-11-22,0.0,200,0.0,2,25,>=,EST,99997,OK,1992,Li et al. 2025a,1992-11-15,34.0,200,tmax_c,23.3860295326714,0.0,0.0,batch_000c7e20bbbf940aa25b.csv,-20.75,-41.25
25,episodes,1.0,1993-01-11,0.0,625,0.0,2,25,>=,VEG,99997,OK,1992,Li et al. 2025a,1992-12-18,34.6,625,tmax_c,23.3860295326714,0.0,0.0,batch_000c7e20bbbf940aa25b.csv,-20.75,-41.25
25,episodes,1.0,1993-01-27,0.0,200,0.0,2,25,>=,REP,99997,OK,1992,Li et al. (2025b),1993-01-20,33.7,200,tmax_c,23.3860295326714,0.0,0.0,batch_000c7e20bbbf940aa25b.csv,-20.75,-41.25
25,episodes,1.0,1993-01-19,0.0,200,0.0,2,25,>=,FLO,99997,OK,1992,Li et al. (2025b),1993-01-12,33.7,200,tmax_c,23.3860295326714,0.0,0.0,batch_000c7e20bbbf940aa25b.csv,-20.75,-41.25
25,episodes,1.0,1993-02-27,0.0,775,0.0,2,25,>=,FIL,99997,OK,1992,Li et al. (2025b),1993-01-28,32.7,775,tmax_c,23.3860295326714,0.0,0.0,batch_000c7e20bbbf940aa25b.csv,-20.75,-41.25
25,days,1.0,1993-03-11,0.0798942354037397,300,0.0798942354037397,1,25,>,MAT,99997,OK,1992,Ortega Gómez et al. (2019),1993-02-28,10.0,300,precip_mm,23.3860295326714,1.868408948642059,1.868408948642059,batch_000c7e20bbbf940aa25b.csv,-20.75,-41.25
25,episodes,1.0,2005-03-08,0.0,200,0.0,2,25,>=,EST,94221,OK,2005,Li et al. 2025a,2005-03-01,34.0,200,tmax_c,22.712635251373527,0.0,0.0,batch_00126dea39b0c51d7e6c.csv,-24.75,-49.25
25,episodes,1.0,2005-04-27,0.0,625,0.0,2,25,>=,VEG,94221,OK,2005,Li et al. 2025a,2005-04-03,34.6,625,tmax_c,22.712635251373527,0.0,0.0,batch_00126dea39b0c51d7e6c.csv,-24.75,-49.25
25,episodes,1.0,2005-05-13,0.0,200,0.0,2,25,>=,REP,94221,OK,2005,Li et al. (2025b),2005-05-06,33.7,200,tmax_c,22.712635251373527,0.0,0.0,batch_00126dea39b0c51d7e6c.csv,-24.75,-49.25
25,episodes,1.0,2005-05-05,0.0,200,0.0,2,25,>=,FLO,94221,OK,2005,Li et al. (2025b),2005-04-28,33.7,200,tmax_c,22.712635251373527,0.0,0.0,batch_00126dea39b0c51d7e6c.csv,-24.75,-49.25
25,episodes,1.0,2005-06-13,0.0,775,0.0,2,25,>=,FIL,94221,OK,2005,Li et al. (2025b),2005-05-14,32.7,775,tmax_c,22.712635251373527,0.0,0.0,batch_00126dea39b0c51d7e6c.csv,-24.75,-49.25
25,days,1.0,2005-06-25,1.0,300,1.0,1,25,>,MAT,94221,OK,2005,Ortega Gómez et al. (2019),2005-06-14,10.0,300,precip_mm,22.712635251373527,22.712635251373527,22.712635251373527,batch_00126dea39b0c51d7e6c.csv,-24.75,-49.25
25,episodes,1.0,2006-03-08,0.0,200,0.0,2,25,>=,EST,94221,OK,2006,Li et al. 2025a,2006-03-01,34.0,200,tmax_c,22.712635251373527,0.0,0.0,batch_00126dea39b0c51d7e6c.csv,-24.75,-49.25
25,episodes,1.0,2006-04-27,0.0,625,0.0,2,25,>=,VEG,94221,OK,2006,Li et al. 2025a,2006-04-03,34.6,625,tmax_c,22.712635251373527,0.0,0.0,batch_00126dea39b0c51d7e6c.csv,-24.75,-49.25
25,episodes,1.0,2006-05-13,0.0,200,0.0,2,25,>=,REP,94221,OK,2006,Li et al. (2025b),2006-05-06,33.7,200,tmax_c,22.712635251373527,0.0,0.0,batch_00126dea39b0c51d7e6c.csv,-24.75,-49.25
25,episodes,1.0,2006-05-05,0.0,200,0.0,2,25,>=,FLO,94221,OK,2006,Li et al. (2025b),2006-04-28,33.7,200,tmax_c,22.712635251373527,0.0,0.0,batch_00126dea39b0c51d7e6c.csv,-24.75,-49.25
25,episodes,1.0,2006-06-13,0.0,775,0.0,2,25,>=,FIL,94221,OK,2006,Li et al. (2025b),2006-05-14,32.7,775,tmax_c,22.712635251373527,0.0,0.0,batch_00126dea39b0c51d7e6c.csv,-24.75,-49.25
25,days,1.0,2006-06-25,0.0,300,0.0,1,25,>,MAT,94221,OK,2006,Ortega Gómez et al. (2019),2006-06-14,10.0,300,precip_mm,22.712635251373527,0.0,0.0,batch_00126dea39b0c51d7e6c.csv,-24.75,-49.25
25,episodes,1.0,2007-03-08,0.0,200,0.0,2,25,>=,EST,94221,OK,2007,Li et al. 2025a,2007-03-01,34.0,200,tmax_c,22.712635251373527,0.0,0.0,batch_00126dea39b0c51d7e6c.csv,-24.75,-49.25
25,episodes,1.0,2007-04-27,0.0,625,0.0,2,25,>=,VEG,94221,OK,2007,Li et al. 2025a,2007-04-03,34.6,625,tmax_c,22.712635251373527,0.0,0.0,batch_00126dea39b0c51d7e6c.csv,-24.75,-49.25
25,episodes,1.0,2007-05-13,0.0,200,0.0,2,25,>=,REP,94221,OK,2007,Li et al. (2025b),2007-05-06,33.7,200,tmax_c,22.712635251373527,0.0,0.0,batch_00126dea39b0c51d7e6c.csv,-24.75,-49.25
25,episodes,1.0,2007-05-05,0.0,200,0.0,2,25,>=,FLO,94221,OK,2007,Li et al. (2025b),2007-04-28,33.7,200,tmax_c,22.712635251373527,0.0,0.0,batch_00126dea39b0c51d7e6c.csv,-24.75,-49.25
25,episodes,1.0,2007-06-13,0.0,775,0.0,2,25,>=,FIL,94221,OK,2007,Li et al. (2025b),2007-05-14,32.7,775,tmax_c,22.712635251373527,0.0,0.0,batch_00126dea39b0c51d7e6c.csv,-24.75,-49.25
25,days,1.0,2007-06-25,0.0,300,0.0,1,25,>,MAT,94221,OK,2007,Ortega Gómez et al. (2019),2007-06-14,10.0,300,precip_mm,22.712635251373527,0.0,0.0,batch_00126dea39b0c51d7e6c.csv,-24.75,-49.25
25,episodes,1.0,2008-03-08,0.0,200,0.0,2,25,>=,EST,94221,OK,2008,Li et al. 2025a,2008-03-01,34.0,200,tmax_c,22.712635251373527,0.0,0.0,batch_00126dea39b0c51d7e6c.csv,-24.75,-49.25
25,episodes,1.0,2008-04-27,0.0,625,0.0,2,25,>=,VEG,94221,OK,2008,Li et al. 2025a,2008-04-03,34.6,625,tmax_c,22.712635251373527,0.0,0.0,batch_00126dea39b0c51d7e6c.csv,-24.75,-49.25
25,episodes,1.0,2008-05-13,0.0,200,0.0,2,25,>=,REP,94221,OK,2008,Li et al. (2025b),2008-05-06,33.7,200,tmax_c,22.712635251373527,0.0,0.0,batch_00126dea39b0c51d7e6c.csv,-24.75,-49.25
25,episodes,1.0,2008-05-05,0.0,200,0.0,2,25,>=,FLO,94221,OK,2008,Li et al. (2025b),2008-04-28,33.7,200,tmax_c,22.712635251373527,0.0,0.0,batch_00126dea39b0c51d7e6c.csv,-24.75,-49.25
25,episodes,1.0,2008-06-13,0.0,775,0.0,2,25,>=,FIL,94221,OK,2008,Li et al. (2025b),2008-05-14,32.7,775,tmax_c,22.712635251373527,0.0,0.0,batch_00126dea39b0c51d7e6c.csv,-24.75,-49.25
25,days,1.0,2008-06-25,0.0,300,0.0,1,25,>,MAT,94221,OK,2008,Ortega Gómez et al. (2019),2008-06-14,10.0,300,precip_mm,22.712635251373527,0.0,0.0,batch_00126dea39b0c51d7e6c.csv,-24.75,-49.25
25,episodes,1.0,2001-02-23,0.0,250,0.0,2,25,>=,EST,101428,OK,2001,Li et al. 2025a,2001-02-14,34.0,250,tmax_c,23.536691923280788,0.0,0.0,batch_00303b6ef8bc74f610fe.csv,-19.75,-45.75
25,episodes,1.0,2001-04-28,0.0,825,0.0,2,25,>=,VEG,101428,OK,2001,Li et al. 2025a,2001-03-27,34.6,825,tmax_c,23.536691923280788,0.0,0.0,batch_00303b6ef8bc74f610fe.csv,-19.75,-45.75
25,episodes,1.0,2001-05-17,0.0,275,0.0,2,25,>=,REP,101428,OK,2001,Li et al. (2025b),2001-05-07,33.7,275,tmax_c,23.536691923280788,0.0,0.0,batch_00303b6ef8bc74f610fe.csv,-19.75,-45.75
25,episodes,1.0,2001-05-06,0.0,200,0.0,2,25,>=,FLO,101428,OK,2001,Li et al. (2025b),2001-04-29,33.7,200,tmax_c,23.536691923280788,0.0,0.0,batch_00303b6ef8bc74f610fe.csv,-19.75,-45.75
25,episodes,1.0,2001-06-25,0.0,975,0.0,2,25,>=,FIL,101428,OK,2001,Li et al. (2025b),2001-05-18,32.7,975,tmax_c,23.536691923280788,0.0,0.0,batch_00303b6ef8bc74f610fe.csv,-19.75,-45.75
25,days,1.0,2001-07-10,0.0,375,0.0,1,25,>,MAT,101428,OK,2001,Ortega Gómez et al. (2019),2001-06-26,10.0,375,precip_mm,23.536691923280788,0.0,0.0,batch_00303b6ef8bc74f610fe.csv,-19.75,-45.75
25,episodes,1.0,2002-02-23,0.0,250,0.0,2,25,>=,EST,101428,OK,2002,Li et al. 2025a,2002-02-14,34.0,250,tmax_c,23.536691923280788,0.0,0.0,batch_00303b6ef8bc74f610fe.csv,-19.75,-45.75
25,episodes,1.0,2002-04-28,0.0,825,0.0,2,25,>=,VEG,101428,OK,2002,Li et al. 2025a,2002-03-27,34.6,825,tmax_c,23.536691923280788,0.0,0.0,batch_00303b6ef8bc74f610fe.csv,-19.75,-45.75
25,episodes,1.0,2002-05-17,0.0,275,0.0,2,25,>=,REP,101428,OK,2002,Li et al. (2025b),2002-05-07,33.7,275,tmax_c,23.536691923280788,0.0,0.0,batch_00303b6ef8bc74f610fe.csv,-19.75,-45.75
25,episodes,1.0,2002-05-06,0.0,200,0.0,2,25,>=,FLO,101428,OK,2002,Li et al. (2025b),2002-04-29,33.7,200,tmax_c,23.536691923280788,0.0,0.0,batch_00303b6ef8bc74f610fe.csv,-19.75,-45.75
25,episodes,1.0,2002-06-25,0.0,975,0.0,2,25,>=,FIL,101428,OK,2002,Li et al. (2025b),2002-05-18,32.7,975,tmax_c,23.536691923280788,0.0,0.0,batch_00303b6ef8bc74f610fe.csv,-19.75,-45.75
25,days,1.0,2002-07-10,0.0,375,0.0,1,25,>,MAT,101428,OK,2002,Ortega Gómez et al. (2019),2002-06-26,10.0,375,precip_mm,23.536691923280788,0.0,0.0,batch_00303b6ef8bc74f610fe.csv,-19.75,-45.75
25,episodes,1.0,2003-02-23,0.0,250,0.0,2,25,>=,EST,101428,OK,2003,Li et al. 2025a,2003-02-14,34.0,250,tmax_c,23.536691923280788,0.0,0.0,batch_00303b6ef8bc74f610fe.csv,-19.75,-45.75
25,episodes,1.0,2003-04-28,0.0,825,0.0,2,25,>=,VEG,101428,OK,2003,Li et al. 2025a,2003-03-27,34.6,825,tmax_c,23.536691923280788,0.0,0.0,batch_00303b6ef8bc74f610fe.csv,-19.75,-45.75
25,episodes,1.0,2003-05-17,0.0,275,0.0,2,25,>=,REP,101428,OK,2003,Li et al. (2025b),2003-05-07,33.7,275,tmax_c,23.536691923280788,0.0,0.0,batch_00303b6ef8bc74f610fe.csv,-19.75,-45.75
25,episodes,1.0,2003-05-06,0.0,200,0.0,2,25,>=,FLO,101428,OK,2003,Li et al. (2025b),2003-04-29,33.7,200,tmax_c,23.536691923280788,0.0,0.0,batch_00303b6ef8bc74f610fe.csv,-19.75,-45.75
25,episodes,1.0,2003-06-25,0.0,975,0.0,2,25,>=,FIL,101428,OK,2003,Li et al. (2025b),2003-05-18,32.7,975,tmax_c,23.536691923280788,0.0,0.0,batch_00303b6ef8bc74f610fe.csv,-19.75,-45.75
25,days,1.0,2003-07-10,0.0,375,0.0,1,25,>,MAT,101428,OK,2003,Ortega Gómez et al. (2019),2003-06-26,10.0,375,precip_mm,23.536691923280788,0.0,0.0,batch_00303b6ef8bc74f610fe.csv,-19.75,-45.75
25,episodes,1.0,2004-02-23,0.0,250,0.0,2,25,>=,EST,101428,OK,2004,Li et al. 2025a,2004-02-14,34.0,250,tmax_c,23.536691923280788,0.0,0.0,batch_00303b6ef8bc74f610fe.csv,-19.75,-45.75
25,episodes,1.0,2004-04-28,0.0,825,0.0,2,25,>=,VEG,101428,OK,2004,Li et al. 2025a,2004-03-27,34.6,825,tmax_c,23.536691923280788,0.0,0.0,batch_00303b6ef8bc74f610fe.csv,-19.75,-45.75
25,episodes,1.0,2004-05-17,0.0,275,0.0,2,25,>=,REP,101428,OK,2004,Li et al. (2025b),2004-05-07,33.7,275,tmax_c,23.536691923280788,0.0,0.0,batch_00303b6ef8bc74f610fe.csv,-19.75,-45.75
25,episodes,1.0,2004-05-06,0.0,200,0.0,2,25,>=,FLO,101428,OK,2004,Li et al. (2025b),2004-04-29,33.7,200,tmax_c,23.536691923280788,0.0,0.0,batch_00303b6ef8bc74f610fe.csv,-19.75,-45.75
25,episodes,1.0,2004-06-25,0.0,975,0.0,2,25,>=,FIL,101428,OK,2004,Li et al. (2025b),2004-05-18,32.7,975,tmax_c,23.536691923280788,0.0,0.0,batch_00303b6ef8bc74f610fe.csv,-19.75,-45.75
25,days,1.0,2004-07-10,0.0800749293920641,375,0.0800749293920641,1,25,>,MAT,101428,OK,2004,Ortega Gómez et al. (2019),2004-06-26,10.0,375,precip_mm,23.536691923280788,1.884698943879475,1.884698943879475,batch_00303b6ef8bc74f610fe.csv,-19.75,-45.75
25,episodes,1.0,2013-11-02,0.4396176618229311,275,0.4396176618229311,2,25,>=,EST,88437,OK,2013,Li et al. 2025a,2013-10-23,34.0,275,tmax_c,21.92858729419708,9.640194273354954,9.640194273354954,batch_003153e4ae25afa88800.csv,-28.75,-61.25
25,episodes,1.0,2014-01-07,1.0,850,2.959923678581222,2,25,>=,VEG,88437,OK,2013,Li et al. 2025a,2013-12-05,34.6,850,tmax_c,21.92858729419708,64.90694476992927,21.92858729419708,batch_003153e4ae25afa88800.csv,-28.75,-61.25
25,episodes,1.0,2014-01-27,1.0,275,1.0400763214187776,2,25,>=,REP,88437,OK,2013,Li et al. (2025b),2014-01-17,33.7,275,tmax_c,21.92858729419708,22.80740440685904,21.92858729419708,batch_003153e4ae25afa88800.csv,-28.75,-61.25
25,episodes,1.0,2014-01-16,1.0,225,1.4004586598287063,2,25,>=,FLO,88437,OK,2013,Li et al. (2025b),2014-01-08,33.7,225,tmax_c,21.92858729419708,30.71007997396804,21.92858729419708,batch_003153e4ae25afa88800.csv,-28.75,-61.25
25,episodes,1.0,2014-03-10,1.0,1050,1.039923434886829,2,25,>=,FIL,88437,OK,2013,Li et al. (2025b),2014-01-28,32.7,1050,tmax_c,21.92858729419708,22.804051821197096,21.92858729419708,batch_003153e4ae25afa88800.csv,-28.75,-61.25
25,days,1.0,2014-03-25,1.0,375,1.0400763214187776,1,25,>,MAT,88437,OK,2013,Ortega Gómez et al. (2019),2014-03-11,10.0,375,precip_mm,21.92858729419708,22.80740440685904,21.92858729419708,batch_003153e4ae25afa88800.csv,-28.75,-61.25
25,episodes,1.0,2014-11-02,1.0,275,1.0,2,25,>=,EST,88437,OK,2014,Li et al. 2025a,2014-10-23,34.0,275,tmax_c,21.92858729419708,21.92858729419708,21.92858729419708,batch_003153e4ae25afa88800.csv,-28.75,-61.25
25,episodes,1.0,2015-01-07,0.0,850,0.0,2,25,>=,VEG,88437,OK,2014,Li et al. 2025a,2014-12-05,34.6,850,tmax_c,21.92858729419708,0.0,0.0,batch_003153e4ae25afa88800.csv,-28.75,-61.25
25,episodes,1.0,2015-01-27,0.8802296953395139,275,0.8802296953395139,2,25,>=,REP,88437,OK,2014,Li et al. (2025b),2015-01-17,33.7,275,tmax_c,21.92858729419708,19.302193713197028,19.302193713197028,batch_003153e4ae25afa88800.csv,-28.75,-61.25
25,episodes,1.0,2015-01-16,0.5204969423270958,225,0.5204969423270958,2,25,>=,FLO,88437,OK,2014,Li et al. (2025b),2015-01-08,33.7,225,tmax_c,21.92858729419708,11.41376263618238,11.41376263618238,batch_003153e4ae25afa88800.csv,-28.75,-61.25
25,episodes,1.0,2015-03-10,1.0,1050,1.440534981247484,2,25,>=,FIL,88437,OK,2014,Li et al. (2025b),2015-01-28,32.7,1050,tmax_c,21.92858729419708,31.58889708663,21.92858729419708,batch_003153e4ae25afa88800.csv,-28.75,-61.25
25,days,1.0,2015-03-25,0.0,375,0.0,1,25,>,MAT,88437,OK,2014,Ortega Gómez et al. (2019),2015-03-11,10.0,375,precip_mm,21.92858729419708,0.0,0.0,batch_003153e4ae25afa88800.csv,-28.75,-61.25
25,episodes,1.0,2015-11-02,0.0,275,0.0,2,25,>=,EST,88437,OK,2015,Li et al. 2025a,2015-10-23,34.0,275,tmax_c,21.92858729419708,0.0,0.0,batch_003153e4ae25afa88800.csv,-28.75,-61.25
25,episodes,1.0,2016-01-07,0.0,850,0.0,2,25,>=,VEG,88437,OK,2015,Li et al. 2025a,2015-12-05,34.6,850,tmax_c,21.92858729419708,0.0,0.0,batch_003153e4ae25afa88800.csv,-28.75,-61.25
25,episodes,1.0,2016-01-27,1.0,275,1.0,2,25,>=,REP,88437,OK,2015,Li et al. (2025b),2016-01-17,33.7,275,tmax_c,21.92858729419708,21.92858729419708,21.92858729419708,batch_003153e4ae25afa88800.csv,-28.75,-61.25
25,episodes,1.0,2016-01-16,1.0,225,2.0,2,25,>=,FLO,88437,OK,2015,Li et al. (2025b),2016-01-08,33.7,225,tmax_c,21.92858729419708,43.85717458839415,21.92858729419708,batch_003153e4ae25afa88800.csv,-28.75,-61.25
25,episodes,1.0,2016-03-10,1.0,1075,4.120228964256333,2,25,>=,FIL,88437,OK,2015,Li et al. (2025b),2016-01-28,32.7,1075,tmax_c,21.92858729419708,90.3508005147742,21.92858729419708,batch_003153e4ae25afa88800.csv,-28.75,-61.25
25,days,1.0,2016-03-25,1.0,375,2.0,1,25,>,MAT,88437,OK,2015,Ortega Gómez et al. (2019),2016-03-11,10.0,375,precip_mm,21.92858729419708,43.85717458839415,21.92858729419708,batch_003153e4ae25afa88800.csv,-28.75,-61.25
25,episodes,1.0,2016-11-02,0.0,275,0.0,2,25,>=,EST,88437,OK,2016,Li et al. 2025a,2016-10-23,34.0,275,tmax_c,21.92858729419708,0.0,0.0,batch_003153e4ae25afa88800.csv,-28.75,-61.25
25,episodes,1.0,2017-01-07,1.0,850,2.240382094482676,2,25,>=,VEG,88437,OK,2016,Li et al. 2025a,2016-12-05,34.6,850,tmax_c,21.92858729419708,49.128414331219446,21.92858729419708,batch_003153e4ae25afa88800.csv,-28.75,-61.25
25,episodes,1.0,2017-01-27,1.0,275,1.0,2,25,>=,REP,88437,OK,2016,Li et al. (2025b),2017-01-17,33.7,275,tmax_c,21.92858729419708,21.92858729419708,21.92858729419708,batch_003153e4ae25afa88800.csv,-28.75,-61.25
25,episodes,1.0,2017-01-16,0.0,225,0.0,2,25,>=,FLO,88437,OK,2016,Li et al. (2025b),2017-01-08,33.7,225,tmax_c,21.92858729419708,0.0,0.0,batch_003153e4ae25afa88800.csv,-28.75,-61.25
25,episodes,1.0,2017-03-10,1.0,1050,4.399847722587607,2,25,>=,FIL,88437,OK,2016,Li et al. (2025b),2017-01-28,32.7,1050,tmax_c,21.92858729419708,96.48244486593651,21.92858729419708,batch_003153e4ae25afa88800.csv,-28.75,-61.25
25,days,1.0,2017-03-25,1.0,375,3.7204591471011033,1,25,>,MAT,88437,OK,2016,Ortega Gómez et al. (2019),2017-03-11,10.0,375,precip_mm,21.92858729419708,81.58441318170054,21.92858729419708,batch_003153e4ae25afa88800.csv,-28.75,-61.25
25,episodes,1.0,2005-03-08,0.0,200,0.0,2,25,>=,EST,95660,OK,2005,Li et al. 2025a,2005-03-01,34.0,200,tmax_c,22.89149510185507,0.0,0.0,batch_0036de0123522ec7788b.csv,-23.75,-49.75
25,episodes,1.0,2005-04-27,0.0,625,0.0,2,25,>=,VEG,95660,OK,2005,Li et al. 2025a,2005-04-03,34.6,625,tmax_c,22.89149510185507,0.0,0.0,batch_0036de0123522ec7788b.csv,-23.75,-49.75
25,episodes,1.0,2005-05-13,0.0,200,0.0,2,25,>=,REP,95660,OK,2005,Li et al. (2025b),2005-05-06,33.7,200,tmax_c,22.89149510185507,0.0,0.0,batch_0036de0123522ec7788b.csv,-23.75,-49.75
25,episodes,1.0,2005-05-05,0.0,200,0.0,2,25,>=,FLO,95660,OK,2005,Li et al. (2025b),2005-04-28,33.7,200,tmax_c,22.89149510185507,0.0,0.0,batch_0036de0123522ec7788b.csv,-23.75,-49.75
25,episodes,1.0,2005-06-13,0.0,775,0.0,2,25,>=,FIL,95660,OK,2005,Li et al. (2025b),2005-05-14,32.7,775,tmax_c,22.89149510185507,0.0,0.0,batch_0036de0123522ec7788b.csv,-23.75,-49.75
25,days,1.0,2005-06-25,1.0,300,1.0,1,25,>,MAT,95660,OK,2005,Ortega Gómez et al. (2019),2005-06-14,10.0,300,precip_mm,22.89149510185507,22.89149510185507,22.89149510185507,batch_0036de0123522ec7788b.csv,-23.75,-49.75
25,episodes,1.0,2006-03-08,0.0,200,0.0,2,25,>=,EST,95660,OK,2006,Li et al. 2025a,2006-03-01,34.0,200,tmax_c,22.89149510185507,0.0,0.0,batch_0036de0123522ec7788b.csv,-23.75,-49.75
25,episodes,1.0,2006-04-27,0.0,625,0.0,2,25,>=,VEG,95660,OK,2006,Li et al. 2025a,2006-04-03,34.6,625,tmax_c,22.89149510185507,0.0,0.0,batch_0036de0123522ec7788b.csv,-23.75,-49.75
25,episodes,1.0,2006-05-13,0.0,200,0.0,2,25,>=,REP,95660,OK,2006,Li et al. (2025b),2006-05-06,33.7,200,tmax_c,22.89149510185507,0.0,0.0,batch_0036de0123522ec7788b.csv,-23.75,-49.75
25,episodes,1.0,2006-05-05,0.0,200,0.0,2,25,>=,FLO,95660,OK,2006,Li et al. (2025b),2006-04-28,33.7,200,tmax_c,22.89149510185507,0.0,0.0,batch_0036de0123522ec7788b.csv,-23.75,-49.75
25,episodes,1.0,2006-06-13,0.0,775,0.0,2,25,>=,FIL,95660,OK,2006,Li et al. (2025b),2006-05-14,32.7,775,tmax_c,22.89149510185507,0.0,0.0,batch_0036de0123522ec7788b.csv,-23.75,-49.75
25,days,1.0,2006-06-25,0.0,300,0.0,1,25,>,MAT,95660,OK,2006,Ortega Gómez et al. (2019),2006-06-14,10.0,300,precip_mm,22.89149510185507,0.0,0.0,batch_0036de0123522ec7788b.csv,-23.75,-49.75
25,episodes,1.0,2007-03-08,0.0,200,0.0,2,25,>=,EST,95660,OK,2007,Li et al. 2025a,2007-03-01,34.0,200,tmax_c,22.89149510185507,0.0,0.0,batch_0036de0123522ec7788b.csv,-23.75,-49.75
25,episodes,1.0,2007-04-27,0.0,625,0.0,2,25,>=,VEG,95660,OK,2007,Li et al. 2025a,2007-04-03,34.6,625,tmax_c,22.89149510185507,0.0,0.0,batch_0036de0123522ec7788b.csv,-23.75,-49.75
25,episodes,1.0,2007-05-13,0.0,200,0.0,2,25,>=,REP,95660,OK,2007,Li et al. (2025b),2007-05-06,33.7,200,tmax_c,22.89149510185507,0.0,0.0,batch_0036de0123522ec7788b.csv,-23.75,-49.75
25,episodes,1.0,2007-05-05,0.0,200,0.0,2,25,>=,FLO,95660,OK,2007,Li et al. (2025b),2007-04-28,33.7,200,tmax_c,22.89149510185507,0.0,0.0,batch_0036de0123522ec7788b.csv,-23.75,-49.75
25,episodes,1.0,2007-06-13,0.0,775,0.0,2,25,>=,FIL,95660,OK,2007,Li et al. (2025b),2007-05-14,32.7,775,tmax_c,22.89149510185507,0.0,0.0,batch_0036de0123522ec7788b.csv,-23.75,-49.75
25,days,1.0,2007-06-25,0.0,300,0.0,1,25,>,MAT,95660,OK,2007,Ortega Gómez et al. (2019),2007-06-14,10.0,300,precip_mm,22.89149510185507,0.0,0.0,batch_0036de0123522ec7788b.csv,-23.75,-49.75
25,episodes,1.0,2008-03-08,0.0,200,0.0,2,25,>=,EST,95660,OK,2008,Li et al. 2025a,2008-03-01,34.0,200,tmax_c,22.89149510185507,0.0,0.0,batch_0036de0123522ec7788b.csv,-23.75,-49.75
25,episodes,1.0,2008-04-27,0.0,625,0.0,2,25,>=,VEG,95660,OK,2008,Li et al. 2025a,2008-04-03,34.6,625,tmax_c,22.89149510185507,0.0,0.0,batch_0036de0123522ec7788b.csv,-23.75,-49.75
25,episodes,1.0,2008-05-13,0.0,200,0.0,2,25,>=,REP,95660,OK,2008,Li et al. (2025b),2008-05-06,33.7,200,tmax_c,22.89149510185507,0.0,0.0,batch_0036de0123522ec7788b.csv,-23.75,-49.75
25,episodes,1.0,2008-05-05,0.0,200,0.0,2,25,>=,FLO,95660,OK,2008,Li et al. (2025b),2008-04-28,33.7,200,tmax_c,22.89149510185507,0.0,0.0,batch_0036de0123522ec7788b.csv,-23.75,-49.75
25,episodes,1.0,2008-06-13,0.0,775,0.0,2,25,>=,FIL,95660,OK,2008,Li et al. (2025b),2008-05-14,32.7,775,tmax_c,22.89149510185507,0.0,0.0,batch_0036de0123522ec7788b.csv,-23.75,-49.75
25,days,1.0,2008-06-25,0.7599075139369111,300,0.7599075139369111,1,25,>,MAT,95660,OK,2008,Ortega Gómez et al. (2019),2008-06-14,10.0,300,precip_mm,22.89149510185507,17.395419133149666,17.395419133149666,batch_0036de0123522ec7788b.csv,-23.75,-49.75
25,episodes,1.0,1997-10-25,0.0,275,0.0,2,25,>=,EST,89898,OK,1997,Li et al. 2025a,1997-10-15,34.0,275,tmax_c,22.13477321733814,0.0,0.0,batch_003e630981a3096a7d91.csv,-27.75,-50.75
25,episodes,1.0,1998-01-04,0.0,900,0.0,2,25,>=,VEG,89898,OK,1997,Li et al. 2025a,1997-11-30,34.6,900,tmax_c,22.13477321733814,0.0,0.0,batch_003e630981a3096a7d91.csv,-27.75,-50.75
25,episodes,1.0,1998-01-25,0.0,300,0.0,2,25,>=,REP,89898,OK,1997,Li et al. (2025b),1998-01-14,33.7,300,tmax_c,22.13477321733814,0.0,0.0,batch_003e630981a3096a7d91.csv,-27.75,-50.75
25,episodes,1.0,1998-01-13,0.0,225,0.0,2,25,>=,FLO,89898,OK,1997,Li et al. (2025b),1998-01-05,33.7,225,tmax_c,22.13477321733814,0.0,0.0,batch_003e630981a3096a7d91.csv,-27.75,-50.75
25,episodes,1.0,1998-03-10,0.0,1100,0.0,2,25,>=,FIL,89898,OK,1997,Li et al. (2025b),1998-01-26,32.7,1100,tmax_c,22.13477321733814,0.0,0.0,batch_003e630981a3096a7d91.csv,-27.75,-50.75
25,days,1.0,1998-03-26,1.0,400,5.240183812222931,1,25,>,MAT,89898,OK,1997,Ortega Gómez et al. (2019),1998-03-11,10.0,400,precip_mm,22.13477321733814,115.990280300721,22.13477321733814,batch_003e630981a3096a7d91.csv,-27.75,-50.75
25,episodes,1.0,1998-10-25,0.0,275,0.0,2,25,>=,EST,89898,OK,1998,Li et al. 2025a,1998-10-15,34.0,275,tmax_c,22.13477321733814,0.0,0.0,batch_003e630981a3096a7d91.csv,-27.75,-50.75
25,episodes,1.0,1999-01-04,0.0,900,0.0,2,25,>=,VEG,89898,OK,1998,Li et al. 2025a,1998-11-30,34.6,900,tmax_c,22.13477321733814,0.0,0.0,batch_003e630981a3096a7d91.csv,-27.75,-50.75
25,episodes,1.0,1999-01-25,0.0,300,0.0,2,25,>=,REP,89898,OK,1998,Li et al. (2025b),1999-01-14,33.7,300,tmax_c,22.13477321733814,0.0,0.0,batch_003e630981a3096a7d91.csv,-27.75,-50.75
25,episodes,1.0,1999-01-13,0.0,225,0.0,2,25,>=,FLO,89898,OK,1998,Li et al. (2025b),1999-01-05,33.7,225,tmax_c,22.13477321733814,0.0,0.0,batch_003e630981a3096a7d91.csv,-27.75,-50.75
25,episodes,1.0,1999-03-10,0.0,1100,0.0,2,25,>=,FIL,89898,OK,1998,Li et al. (2025b),1999-01-26,32.7,1100,tmax_c,22.13477321733814,0.0,0.0,batch_003e630981a3096a7d91.csv,-27.75,-50.75
25,days,1.0,1999-03-26,0.1202195510840057,400,0.1202195510840057,1,25,>,MAT,89898,OK,1998,Ortega Gómez et al. (2019),1999-03-11,10.0,400,precip_mm,22.13477321733814,2.661032499534665,2.661032499534665,batch_003e630981a3096a7d91.csv,-27.75,-50.75
25,episodes,1.0,1999-10-25,0.0,275,0.0,2,25,>=,EST,89898,OK,1999,Li et al. 2025a,1999-10-15,34.0,275,tmax_c,22.13477321733814,0.0,0.0,batch_003e630981a3096a7d91.csv,-27.75,-50.75
25,episodes,1.0,2000-01-04,0.0,900,0.0,2,25,>=,VEG,89898,OK,1999,Li et al. 2025a,1999-11-30,34.6,900,tmax_c,22.13477321733814,0.0,0.0,batch_003e630981a3096a7d91.csv,-27.75,-50.75
25,episodes,1.0,2000-01-25,0.0,300,0.0,2,25,>=,REP,89898,OK,1999,Li et al. (2025b),2000-01-14,33.7,300,tmax_c,22.13477321733814,0.0,0.0,batch_003e630981a3096a7d91.csv,-27.75,-50.75
25,episodes,1.0,2000-01-13,0.0,225,0.0,2,25,>=,FLO,89898,OK,1999,Li et al. (2025b),2000-01-05,33.7,225,tmax_c,22.13477321733814,0.0,0.0,batch_003e630981a3096a7d91.csv,-27.75,-50.75
25,episodes,1.0,2000-03-10,0.0,1125,0.0,2,25,>=,FIL,89898,OK,1999,Li et al. (2025b),2000-01-26,32.7,1125,tmax_c,22.13477321733814,0.0,0.0,batch_003e630981a3096a7d91.csv,-27.75,-50.75
25,days,1.0,2000-03-26,0.9599268163053316,400,1.4398167970130908,1,25,>,MAT,89898,OK,1999,Ortega Gómez et al. (2019),2000-03-11,10.0,400,precip_mm,22.13477321733814,31.870018276398948,21.24776238415992,batch_003e630981a3096a7d91.csv,-27.75,-50.75
25,episodes,1.0,2000-10-25,0.0,275,0.0,2,25,>=,EST,89898,OK,2000,Li et al. 2025a,2000-10-15,34.0,275,tmax_c,22.13477321733814,0.0,0.0,batch_003e630981a3096a7d91.csv,-27.75,-50.75
25,episodes,1.0,2001-01-04,0.0,900,0.0,2,25,>=,VEG,89898,OK,2000,Li et al. 2025a,2000-11-30,34.6,900,tmax_c,22.13477321733814,0.0,0.0,batch_003e630981a3096a7d91.csv,-27.75,-50.75
25,episodes,1.0,2001-01-25,0.0,300,0.0,2,25,>=,REP,89898,OK,2000,Li et al. (2025b),2001-01-14,33.7,300,tmax_c,22.13477321733814,0.0,0.0,batch_003e630981a3096a7d91.csv,-27.75,-50.75
25,episodes,1.0,2001-01-13,0.0,225,0.0,2,25,>=,FLO,89898,OK,2000,Li et al. (2025b),2001-01-05,33.7,225,tmax_c,22.13477321733814,0.0,0.0,batch_003e630981a3096a7d91.csv,-27.75,-50.75
25,episodes,1.0,2001-03-10,0.0,1100,0.0,2,25,>=,FIL,89898,OK,2000,Li et al. (2025b),2001-01-26,32.7,1100,tmax_c,22.13477321733814,0.0,0.0,batch_003e630981a3096a7d91.csv,-27.75,-50.75
25,days,1.0,2001-03-26,1.0,400,4.1199999998883134,1,25,>,MAT,89898,OK,2000,Ortega Gómez et al. (2019),2001-03-11,10.0,400,precip_mm,22.13477321733814,91.19526565296096,22.13477321733814,batch_003e630981a3096a7d91.csv,-27.75,-50.75
25,episodes,1.0,2009-10-27,0.0,400,0.0,2,25,>=,EST,89342,OK,2009,Li et al. 2025a,2009-10-12,34.0,400,tmax_c,22.13477321733814,0.0,0.0,batch_00485fdb41d94b9c7287.csv,-27.75,31.25
25,episodes,1.0,2010-01-31,0.0399265726109378,1225,0.0399265726109378,2,25,>=,VEG,89342,OK,2009,Li et al. 2025a,2009-12-14,34.6,1225,tmax_c,22.13477321733814,0.8837656300886934,0.8837656300886934,batch_00485fdb41d94b9c7287.csv,-27.75,31.25
25,episodes,1.0,2010-03-02,0.0,400,0.0,2,25,>=,REP,89342,OK,2009,Li et al. (2025b),2010-02-15,33.7,400,tmax_c,22.13477321733814,0.0,0.0,batch_00485fdb41d94b9c7287.csv,-27.75,31.25
25,episodes,1.0,2010-02-14,0.0,350,0.0,2,25,>=,FLO,89342,OK,2009,Li et al. (2025b),2010-02-01,33.7,350,tmax_c,22.13477321733814,0.0,0.0,batch_00485fdb41d94b9c7287.csv,-27.75,31.25
25,episodes,1.0,2010-05-01,0.0,1500,0.0,2,25,>=,FIL,89342,OK,2009,Li et al. (2025b),2010-03-03,32.7,1500,tmax_c,22.13477321733814,0.0,0.0,batch_00485fdb41d94b9c7287.csv,-27.75,31.25
25,days,1.0,2010-05-24,0.6001836903756964,575,0.6001836903756964,1,25,>,MAT,89342,OK,2009,Ortega Gómez et al. (2019),2010-05-02,10.0,575,precip_mm,22.13477321733814,13.28492987521113,13.28492987521113,batch_00485fdb41d94b9c7287.csv,-27.75,31.25
25,episodes,1.0,2010-10-27,0.0,400,0.0,2,25,>=,EST,89342,OK,2010,Li et al. 2025a,2010-10-12,34.0,400,tmax_c,22.13477321733814,0.0,0.0,batch_00485fdb41d94b9c7287.csv,-27.75,31.25
25,episodes,1.0,2011-01-31,0.0,1225,0.0,2,25,>=,VEG,89342,OK,2010,Li et al. 2025a,2010-12-14,34.6,1225,tmax_c,22.13477321733814,0.0,0.0,batch_00485fdb41d94b9c7287.csv,-27.75,31.25
25,episodes,1.0,2011-03-02,0.0,400,0.0,2,25,>=,REP,89342,OK,2010,Li et al. (2025b),2011-02-15,33.7,400,tmax_c,22.13477321733814,0.0,0.0,batch_00485fdb41d94b9c7287.csv,-27.75,31.25
25,episodes,1.0,2011-02-14,0.0,350,0.0,2,25,>=,FLO,89342,OK,2010,Li et al. (2025b),2011-02-01,33.7,350,tmax_c,22.13477321733814,0.0,0.0,batch_00485fdb41d94b9c7287.csv,-27.75,31.25
25,episodes,1.0,2011-05-01,0.0,1500,0.0,2,25,>=,FIL,89342,OK,2010,Li et al. (2025b),2011-03-03,32.7,1500,tmax_c,22.13477321733814,0.0,0.0,batch_00485fdb41d94b9c7287.csv,-27.75,31.25
25,days,1.0,2011-05-24,1.0,575,1.3195966365814504,1,25,>,MAT,89342,OK,2010,Ortega Gómez et al. (2019),2011-05-02,10.0,575,precip_mm,22.13477321733814,29.20897228909258,22.13477321733814,batch_00485fdb41d94b9c7287.csv,-27.75,31.25
25,episodes,1.0,2011-10-27,0.0,400,0.0,2,25,>=,EST,89342,OK,2011,Li et al. 2025a,2011-10-12,34.0,400,tmax_c,22.13477321733814,0.0,0.0,batch_00485fdb41d94b9c7287.csv,-27.75,31.25
25,episodes,1.0,2012-01-31,0.0,1225,0.0,2,25,>=,VEG,89342,OK,2011,Li et al. 2025a,2011-12-14,34.6,1225,tmax_c,22.13477321733814,0.0,0.0,batch_00485fdb41d94b9c7287.csv,-27.75,31.25
25,episodes,1.0,2012-03-02,0.0,425,0.0,2,25,>=,REP,89342,OK,2011,Li et al. (2025b),2012-02-15,33.7,425,tmax_c,22.13477321733814,0.0,0.0,batch_00485fdb41d94b9c7287.csv,-27.75,31.25
25,episodes,1.0,2012-02-14,0.0,350,0.0,2,25,>=,FLO,89342,OK,2011,Li et al. (2025b),2012-02-01,33.7,350,tmax_c,22.13477321733814,0.0,0.0,batch_00485fdb41d94b9c7287.csv,-27.75,31.25
25,episodes,1.0,2012-05-01,0.0,1500,0.0,2,25,>=,FIL,89342,OK,2011,Li et al. (2025b),2012-03-03,32.7,1500,tmax_c,22.13477321733814,0.0,0.0,batch_00485fdb41d94b9c7287.csv,-27.75,31.25
25,days,1.0,2012-05-24,0.0,575,0.0,1,25,>,MAT,89342,OK,2011,Ortega Gómez et al. (2019),2012-05-02,10.0,575,precip_mm,22.13477321733814,0.0,0.0,batch_00485fdb41d94b9c7287.csv,-27.75,31.25
25,episodes,1.0,2012-10-27,0.0,400,0.0,2,25,>=,EST,89342,OK,2012,Li et al. 2025a,2012-10-12,34.0,400,tmax_c,22.13477321733814,0.0,0.0,batch_00485fdb41d94b9c7287.csv,-27.75,31.25
25,episodes,1.0,2013-01-31,0.0,1225,0.0,2,25,>=,VEG,89342,OK,2012,Li et al. 2025a,2012-12-14,34.6,1225,tmax_c,22.13477321733814,0.0,0.0,batch_00485fdb41d94b9c7287.csv,-27.75,31.25
25,episodes,1.0,2013-03-02,0.0,400,0.0,2,25,>=,REP,89342,OK,2012,Li et al. (2025b),2013-02-15,33.7,400,tmax_c,22.13477321733814,0.0,0.0,batch_00485fdb41d94b9c7287.csv,-27.75,31.25
25,episodes,1.0,2013-02-14,0.0,350,0.0,2,25,>=,FLO,89342,OK,2012,Li et al. (2025b),2013-02-01,33.7,350,tmax_c,22.13477321733814,0.0,0.0,batch_00485fdb41d94b9c7287.csv,-27.75,31.25
25,episodes,1.0,2013-05-01,0.0,1500,0.0,2,25,>=,FIL,89342,OK,2012,Li et al. (2025b),2013-03-03,32.7,1500,tmax_c,22.13477321733814,0.0,0.0,batch_00485fdb41d94b9c7287.csv,-27.75,31.25
25,days,1.0,2013-05-24,1.0,575,1.0,1,25,>,MAT,89342,OK,2012,Ortega Gómez et al. (2019),2013-05-02,10.0,575,precip_mm,22.13477321733814,22.13477321733814,22.13477321733814,batch_00485fdb41d94b9c7287.csv,-27.75,31.25
25,episodes,1.0,1985-02-22,0.0,225,0.0,2,25,>=,EST,106455,OK,1985,Li et al. 2025a,1985-02-14,34.0,225,tmax_c,24.007269011440503,0.0,0.0,batch_004a7eabe8cf72b5ea62.csv,-16.25,-52.25
25,episodes,1.0,1985-04-20,0.0,725,0.0,2,25,>=,VEG,106455,OK,1985,Li et al. 2025a,1985-03-23,34.6,725,tmax_c,24.007269011440503,0.0,0.0,batch_004a7eabe8cf72b5ea62.csv,-16.25,-52.25
25,episodes,1.0,1985-05-07,0.0,225,0.0,2,25,>=,REP,106455,OK,1985,Li et al. (2025b),1985-04-29,33.7,225,tmax_c,24.007269011440503,0.0,0.0,batch_004a7eabe8cf72b5ea62.csv,-16.25,-52.25
25,episodes,1.0,1985-04-28,0.0,200,0.0,2,25,>=,FLO,106455,OK,1985,Li et al. (2025b),1985-04-21,33.7,200,tmax_c,24.007269011440503,0.0,0.0,batch_004a7eabe8cf72b5ea62.csv,-16.25,-52.25
25,episodes,1.0,1985-06-12,0.0400203435759286,900,0.0400203435759286,2,25,>=,FIL,106455,OK,1985,Li et al. (2025b),1985-05-08,32.7,900,tmax_c,24.007269011440503,0.960779154157594,0.960779154157594,batch_004a7eabe8cf72b5ea62.csv,-16.25,-52.25
25,days,1.0,1985-06-25,0.0,325,0.0,1,25,>,MAT,106455,OK,1985,Ortega Gómez et al. (2019),1985-06-13,10.0,325,precip_mm,24.007269011440503,0.0,0.0,batch_004a7eabe8cf72b5ea62.csv,-16.25,-52.25
25,episodes,1.0,1986-02-22,0.0,225,0.0,2,25,>=,EST,106455,OK,1986,Li et al. 2025a,1986-02-14,34.0,225,tmax_c,24.007269011440503,0.0,0.0,batch_004a7eabe8cf72b5ea62.csv,-16.25,-52.25
25,episodes,1.0,1986-04-20,0.0,725,0.0,2,25,>=,VEG,106455,OK,1986,Li et al. 2025a,1986-03-23,34.6,725,tmax_c,24.007269011440503,0.0,0.0,batch_004a7eabe8cf72b5ea62.csv,-16.25,-52.25
25,episodes,1.0,1986-05-07,0.0,225,0.0,2,25,>=,REP,106455,OK,1986,Li et al. (2025b),1986-04-29,33.7,225,tmax_c,24.007269011440503,0.0,0.0,batch_004a7eabe8cf72b5ea62.csv,-16.25,-52.25
25,episodes,1.0,1986-04-28,0.0,200,0.0,2,25,>=,FLO,106455,OK,1986,Li et al. (2025b),1986-04-21,33.7,200,tmax_c,24.007269011440503,0.0,0.0,batch_004a7eabe8cf72b5ea62.csv,-16.25,-52.25
25,episodes,1.0,1986-06-12,0.0,900,0.0,2,25,>=,FIL,106455,OK,1986,Li et al. (2025b),1986-05-08,32.7,900,tmax_c,24.007269011440503,0.0,0.0,batch_004a7eabe8cf72b5ea62.csv,-16.25,-52.25
25,days,1.0,1986-06-25,0.0,325,0.0,1,25,>,MAT,106455,OK,1986,Ortega Gómez et al. (2019),1986-06-13,10.0,325,precip_mm,24.007269011440503,0.0,0.0,batch_004a7eabe8cf72b5ea62.csv,-16.25,-52.25
25,episodes,1.0,1987-02-22,0.0,225,0.0,2,25,>=,EST,106455,OK,1987,Li et al. 2025a,1987-02-14,34.0,225,tmax_c,24.007269011440503,0.0,0.0,batch_004a7eabe8cf72b5ea62.csv,-16.25,-52.25
25,episodes,1.0,1987-04-20,0.0,725,0.0,2,25,>=,VEG,106455,OK,1987,Li et al. 2025a,1987-03-23,34.6,725,tmax_c,24.007269011440503,0.0,0.0,batch_004a7eabe8cf72b5ea62.csv,-16.25,-52.25
25,episodes,1.0,1987-05-07,0.0,225,0.0,2,25,>=,REP,106455,OK,1987,Li et al. (2025b),1987-04-29,33.7,225,tmax_c,24.007269011440503,0.0,0.0,batch_004a7eabe8cf72b5ea62.csv,-16.25,-52.25
25,episodes,1.0,1987-04-28,0.0,200,0.0,2,25,>=,FLO,106455,OK,1987,Li et al. (2025b),1987-04-21,33.7,200,tmax_c,24.007269011440503,0.0,0.0,batch_004a7eabe8cf72b5ea62.csv,-16.25,-52.25
25,episodes,1.0,1987-06-12,0.0,900,0.0,2,25,>=,FIL,106455,OK,1987,Li et al. (2025b),1987-05-08,32.7,900,tmax_c,24.007269011440503,0.0,0.0,batch_004a7eabe8cf72b5ea62.csv,-16.25,-52.25
25,days,1.0,1987-06-25,0.0,325,0.0,1,25,>,MAT,106455,OK,1987,Ortega Gómez et al. (2019),1987-06-13,10.0,325,precip_mm,24.007269011440503,0.0,0.0,batch_004a7eabe8cf72b5ea62.csv,-16.25,-52.25
25,episodes,1.0,1988-02-22,0.0,225,0.0,2,25,>=,EST,106455,OK,1988,Li et al. 2025a,1988-02-14,34.0,225,tmax_c,24.007269011440503,0.0,0.0,batch_004a7eabe8cf72b5ea62.csv,-16.25,-52.25
25,episodes,1.0,1988-04-20,0.0,725,0.0,2,25,>=,VEG,106455,OK,1988,Li et al. 2025a,1988-03-23,34.6,725,tmax_c,24.007269011440503,0.0,0.0,batch_004a7eabe8cf72b5ea62.csv,-16.25,-52.25
25,episodes,1.0,1988-05-07,0.0,225,0.0,2,25,>=,REP,106455,OK,1988,Li et al. (2025b),1988-04-29,33.7,225,tmax_c,24.007269011440503,0.0,0.0,batch_004a7eabe8cf72b5ea62.csv,-16.25,-52.25
25,episodes,1.0,1988-04-28,0.0,200,0.0,2,25,>=,FLO,106455,OK,1988,Li et al. (2025b),1988-04-21,33.7,200,tmax_c,24.007269011440503,0.0,0.0,batch_004a7eabe8cf72b5ea62.csv,-16.25,-52.25
25,episodes,1.0,1988-06-12,0.0,900,0.0,2,25,>=,FIL,106455,OK,1988,Li et al. (2025b),1988-05-08,32.7,900,tmax_c,24.007269011440503,0.0,0.0,batch_004a7eabe8cf72b5ea62.csv,-16.25,-52.25
25,days,1.0,1988-06-25,0.0,325,0.0,1,25,>,MAT,106455,OK,1988,Ortega Gómez et al. (2019),1988-06-13,10.0,325,precip_mm,24.007269011440503,0.0,0.0,batch_004a7eabe8cf72b5ea62.csv,-16.25,-52.25
25,episodes,1.0,2013-02-23,0.0,250,0.0,2,25,>=,EST,99255,OK,2013,Li et al. 2025a,2013-02-14,34.0,250,tmax_c,23.3080240299314,0.0,0.0,batch_004cd33517c12c0a23d3.csv,-21.25,-52.25
25,episodes,1.0,2013-04-28,0.0,825,0.0,2,25,>=,VEG,99255,OK,2013,Li et al. 2025a,2013-03-27,34.6,825,tmax_c,23.3080240299314,0.0,0.0,batch_004cd33517c12c0a23d3.csv,-21.25,-52.25
25,episodes,1.0,2013-05-17,0.0,275,0.0,2,25,>=,REP,99255,OK,2013,Li et al. (2025b),2013-05-07,33.7,275,tmax_c,23.3080240299314,0.0,0.0,batch_004cd33517c12c0a23d3.csv,-21.25,-52.25
25,episodes,1.0,2013-05-06,0.0,200,0.0,2,25,>=,FLO,99255,OK,2013,Li et al. (2025b),2013-04-29,33.7,200,tmax_c,23.3080240299314,0.0,0.0,batch_004cd33517c12c0a23d3.csv,-21.25,-52.25
25,episodes,1.0,2013-06-25,0.0,975,0.0,2,25,>=,FIL,99255,OK,2013,Li et al. (2025b),2013-05-18,32.7,975,tmax_c,23.3080240299314,0.0,0.0,batch_004cd33517c12c0a23d3.csv,-21.25,-52.25
25,days,1.0,2013-07-10,0.9599459643040384,375,1.1597290903544877,1,25,>,MAT,99255,OK,2013,Ortega Gómez et al. (2019),2013-06-26,10.0,375,precip_mm,23.3080240299314,27.03099350619288,22.3744436034342,batch_004cd33517c12c0a23d3.csv,-21.25,-52.25
25,episodes,1.0,2014-02-23,0.0,250,0.0,2,25,>=,EST,99255,OK,2014,Li et al. 2025a,2014-02-14,34.0,250,tmax_c,23.3080240299314,0.0,0.0,batch_004cd33517c12c0a23d3.csv,-21.25,-52.25
25,episodes,1.0,2014-04-28,0.0,825,0.0,2,25,>=,VEG,99255,OK,2014,Li et al. 2025a,2014-03-27,34.6,825,tmax_c,23.3080240299314,0.0,0.0,batch_004cd33517c12c0a23d3.csv,-21.25,-52.25
25,episodes,1.0,2014-05-17,0.0,275,0.0,2,25,>=,REP,99255,OK,2014,Li et al. (2025b),2014-05-07,33.7,275,tmax_c,23.3080240299314,0.0,0.0,batch_004cd33517c12c0a23d3.csv,-21.25,-52.25
25,episodes,1.0,2014-05-06,0.0,200,0.0,2,25,>=,FLO,99255,OK,2014,Li et al. (2025b),2014-04-29,33.7,200,tmax_c,23.3080240299314,0.0,0.0,batch_004cd33517c12c0a23d3.csv,-21.25,-52.25
25,episodes,1.0,2014-06-25,0.0,975,0.0,2,25,>=,FIL,99255,OK,2014,Li et al. (2025b),2014-05-18,32.7,975,tmax_c,23.3080240299314,0.0,0.0,batch_004cd33517c12c0a23d3.csv,-21.25,-52.25
25,days,1.0,2014-07-10,0.0,375,0.0,1,25,>,MAT,99255,OK,2014,Ortega Gómez et al. (2019),2014-06-26,10.0,375,precip_mm,23.3080240299314,0.0,0.0,batch_004cd33517c12c0a23d3.csv,-21.25,-52.25
25,episodes,1.0,2015-02-23,0.0,250,0.0,2,25,>=,EST,99255,OK,2015,Li et al. 2025a,2015-02-14,34.0,250,tmax_c,23.3080240299314,0.0,0.0,batch_004cd33517c12c0a23d3.csv,-21.25,-52.25
25,episodes,1.0,2015-04-28,0.0,825,0.0,2,25,>=,VEG,99255,OK,2015,Li et al. 2025a,2015-03-27,34.6,825,tmax_c,23.3080240299314,0.0,0.0,batch_004cd33517c12c0a23d3.csv,-21.25,-52.25
25,episodes,1.0,2015-05-17,0.0,275,0.0,2,25,>=,REP,99255,OK,2015,Li et al. (2025b),2015-05-07,33.7,275,tmax_c,23.3080240299314,0.0,0.0,batch_004cd33517c12c0a23d3.csv,-21.25,-52.25
25,episodes,1.0,2015-05-06,0.0,200,0.0,2,25,>=,FLO,99255,OK,2015,Li et al. (2025b),2015-04-29,33.7,200,tmax_c,23.3080240299314,0.0,0.0,batch_004cd33517c12c0a23d3.csv,-21.25,-52.25
25,episodes,1.0,2015-06-25,0.0,975,0.0,2,25,>=,FIL,99255,OK,2015,Li et al. (2025b),2015-05-18,32.7,975,tmax_c,23.3080240299314,0.0,0.0,batch_004cd33517c12c0a23d3.csv,-21.25,-52.25
25,days,1.0,2015-07-10,0.9201085587807104,375,0.9601625944766718,1,25,>,MAT,99255,OK,2015,Ortega Gómez et al. (2019),2015-06-26,10.0,375,precip_mm,23.3080240299314,22.379492824703544,21.445912398206342,batch_004cd33517c12c0a23d3.csv,-21.25,-52.25
25,episodes,1.0,2016-02-23,0.0,250,0.0,2,25,>=,EST,99255,OK,2016,Li et al. 2025a,2016-02-14,34.0,250,tmax_c,23.3080240299314,0.0,0.0,batch_004cd33517c12c0a23d3.csv,-21.25,-52.25
25,episodes,1.0,2016-04-28,0.9201085587807104,825,2.0006496470709294,2,25,>=,VEG,99255,OK,2016,Li et al. 2025a,2016-03-27,34.6,825,tmax_c,23.3080240299314,46.631190049403,21.445912398206342,batch_004cd33517c12c0a23d3.csv,-21.25,-52.25
25,episodes,1.0,2016-05-17,0.0,275,0.0,2,25,>=,REP,99255,OK,2016,Li et al. (2025b),2016-05-07,33.7,275,tmax_c,23.3080240299314,0.0,0.0,batch_004cd33517c12c0a23d3.csv,-21.25,-52.25
25,episodes,1.0,2016-05-06,0.0,200,0.0,2,25,>=,FLO,99255,OK,2016,Li et al. (2025b),2016-04-29,33.7,200,tmax_c,23.3080240299314,0.0,0.0,batch_004cd33517c12c0a23d3.csv,-21.25,-52.25
25,episodes,1.0,2016-06-25,0.0,975,0.0,2,25,>=,FIL,99255,OK,2016,Li et al. (2025b),2016-05-18,32.7,975,tmax_c,23.3080240299314,0.0,0.0,batch_004cd33517c12c0a23d3.csv,-21.25,-52.25
25,days,1.0,2016-07-10,0.0,375,0.0,1,25,>,MAT,99255,OK,2016,Ortega Gómez et al. (2019),2016-06-26,10.0,375,precip_mm,23.3080240299314,0.0,0.0,batch_004cd33517c12c0a23d3.csv,-21.25,-52.25
25,episodes,1.0,1981-02-23,0.0,250,0.0,2,25,>=,EST,101410,OK,1981,Li et al. 2025a,1981-02-14,34.0,250,tmax_c,23.536691923280788,0.0,0.0,batch_00503b2cd129131a9820.csv,-19.75,-54.75
25,episodes,1.0,1981-04-28,0.0,825,0.0,2,25,>=,VEG,101410,OK,1981,Li et al. 2025a,1981-03-27,34.6,825,tmax_c,23.536691923280788,0.0,0.0,batch_00503b2cd129131a9820.csv,-19.75,-54.75
25,episodes,1.0,1981-05-17,0.0,275,0.0,2,25,>=,REP,101410,OK,1981,Li et al. (2025b),1981-05-07,33.7,275,tmax_c,23.536691923280788,0.0,0.0,batch_00503b2cd129131a9820.csv,-19.75,-54.75
25,episodes,1.0,1981-05-06,0.0,200,0.0,2,25,>=,FLO,101410,OK,1981,Li et al. (2025b),1981-04-29,33.7,200,tmax_c,23.536691923280788,0.0,0.0,batch_00503b2cd129131a9820.csv,-19.75,-54.75
25,episodes,1.0,1981-06-25,0.0,975,0.0,2,25,>=,FIL,101410,OK,1981,Li et al. (2025b),1981-05-18,32.7,975,tmax_c,23.536691923280788,0.0,0.0,batch_00503b2cd129131a9820.csv,-19.75,-54.75
25,days,1.0,1981-07-10,0.0,375,0.0,1,25,>,MAT,101410,OK,1981,Ortega Gómez et al. (2019),1981-06-26,10.0,375,precip_mm,23.536691923280788,0.0,0.0,batch_00503b2cd129131a9820.csv,-19.75,-54.75
25,episodes,1.0,1982-02-23,0.0,250,0.0,2,25,>=,EST,101410,OK,1982,Li et al. 2025a,1982-02-14,34.0,250,tmax_c,23.536691923280788,0.0,0.0,batch_00503b2cd129131a9820.csv,-19.75,-54.75
25,episodes,1.0,1982-04-28,0.0,825,0.0,2,25,>=,VEG,101410,OK,1982,Li et al. 2025a,1982-03-27,34.6,825,tmax_c,23.536691923280788,0.0,0.0,batch_00503b2cd129131a9820.csv,-19.75,-54.75
25,episodes,1.0,1982-05-17,0.0,275,0.0,2,25,>=,REP,101410,OK,1982,Li et al. (2025b),1982-05-07,33.7,275,tmax_c,23.536691923280788,0.0,0.0,batch_00503b2cd129131a9820.csv,-19.75,-54.75
25,episodes,1.0,1982-05-06,0.0,200,0.0,2,25,>=,FLO,101410,OK,1982,Li et al. (2025b),1982-04-29,33.7,200,tmax_c,23.536691923280788,0.0,0.0,batch_00503b2cd129131a9820.csv,-19.75,-54.75
25,episodes,1.0,1982-06-25,0.0,975,0.0,2,25,>=,FIL,101410,OK,1982,Li et al. (2025b),1982-05-18,32.7,975,tmax_c,23.536691923280788,0.0,0.0,batch_00503b2cd129131a9820.csv,-19.75,-54.75
25,days,1.0,1982-07-10,1.0,375,2.5199750642024865,1,25,>,MAT,101410,OK,1982,Ortega Gómez et al. (2019),1982-06-26,10.0,375,precip_mm,23.536691923280788,59.31187674048365,23.536691923280788,batch_00503b2cd129131a9820.csv,-19.75,-54.75
25,episodes,1.0,1983-02-23,0.0,250,0.0,2,25,>=,EST,101410,OK,1983,Li et al. 2025a,1983-02-14,34.0,250,tmax_c,23.536691923280788,0.0,0.0,batch_00503b2cd129131a9820.csv,-19.75,-54.75
25,episodes,1.0,1983-04-28,0.0,825,0.0,2,25,>=,VEG,101410,OK,1983,Li et al. 2025a,1983-03-27,34.6,825,tmax_c,23.536691923280788,0.0,0.0,batch_00503b2cd129131a9820.csv,-19.75,-54.75
25,episodes,1.0,1983-05-17,0.0,275,0.0,2,25,>=,REP,101410,OK,1983,Li et al. (2025b),1983-05-07,33.7,275,tmax_c,23.536691923280788,0.0,0.0,batch_00503b2cd129131a9820.csv,-19.75,-54.75
25,episodes,1.0,1983-05-06,0.0,200,0.0,2,25,>=,FLO,101410,OK,1983,Li et al. (2025b),1983-04-29,33.7,200,tmax_c,23.536691923280788,0.0,0.0,batch_00503b2cd129131a9820.csv,-19.75,-54.75
25,episodes,1.0,1983-06-25,0.0,975,0.0,2,25,>=,FIL,101410,OK,1983,Li et al. (2025b),1983-05-18,32.7,975,tmax_c,23.536691923280788,0.0,0.0,batch_00503b2cd129131a9820.csv,-19.75,-54.75
25,days,1.0,1983-07-10,0.0,375,0.0,1,25,>,MAT,101410,OK,1983,Ortega Gómez et al. (2019),1983-06-26,10.0,375,precip_mm,23.536691923280788,0.0,0.0,batch_00503b2cd129131a9820.csv,-19.75,-54.75
25,episodes,1.0,1984-02-23,0.0,250,0.0,2,25,>=,EST,101410,OK,1984,Li et al. 2025a,1984-02-14,34.0,250,tmax_c,23.536691923280788,0.0,0.0,batch_00503b2cd129131a9820.csv,-19.75,-54.75
25,episodes,1.0,1984-04-28,0.0,825,0.0,2,25,>=,VEG,101410,OK,1984,Li et al. 2025a,1984-03-27,34.6,825,tmax_c,23.536691923280788,0.0,0.0,batch_00503b2cd129131a9820.csv,-19.75,-54.75
25,episodes,1.0,1984-05-17,0.0,275,0.0,2,25,>=,REP,101410,OK,1984,Li et al. (2025b),1984-05-07,33.7,275,tmax_c,23.536691923280788,0.0,0.0,batch_00503b2cd129131a9820.csv,-19.75,-54.75
25,episodes,1.0,1984-05-06,0.0,200,0.0,2,25,>=,FLO,101410,OK,1984,Li et al. (2025b),1984-04-29,33.7,200,tmax_c,23.536691923280788,0.0,0.0,batch_00503b2cd129131a9820.csv,-19.75,-54.75
25,episodes,1.0,1984-06-25,0.0,975,0.0,2,25,>=,FIL,101410,OK,1984,Li et al. (2025b),1984-05-18,32.7,975,tmax_c,23.536691923280788,0.0,0.0,batch_00503b2cd129131a9820.csv,-19.75,-54.75
25,days,1.0,1984-07-10,0.0,375,0.0,1,25,>,MAT,101410,OK,1984,Ortega Gómez et al. (2019),1984-06-26,10.0,375,precip_mm,23.536691923280788,0.0,0.0,batch_00503b2cd129131a9820.csv,-19.75,-54.75
25,episodes,1.0,2001-08-26,0.0,275,0.0,2,25,>=,EST,92049,OK,2001,Li et al. 2025a,2001-08-16,34.0,275,tmax_c,22.431390911784813,0.0,0.0,batch_00522ea3288e52873c54.csv,-26.25,-55.25
25,episodes,1.0,2001-11-04,0.0,900,0.0,2,25,>=,VEG,92049,OK,2001,Li et al. 2025a,2001-09-30,34.6,900,tmax_c,22.431390911784813,0.0,0.0,batch_00522ea3288e52873c54.csv,-26.25,-55.25
25,episodes,1.0,2001-11-25,0.4804123505364204,275,0.4804123505364204,2,25,>=,REP,92049,OK,2001,Li et al. (2025b),2001-11-15,33.7,275,tmax_c,22.431390911784813,10.776317233731842,10.776317233731842,batch_00522ea3288e52873c54.csv,-26.25,-55.25
25,episodes,1.0,2001-11-14,0.0,250,0.0,2,25,>=,FLO,92049,OK,2001,Li et al. (2025b),2001-11-05,33.7,250,tmax_c,22.431390911784813,0.0,0.0,batch_00522ea3288e52873c54.csv,-26.25,-55.25
25,episodes,1.0,2002-01-08,0.9600688265938592,1100,1.0000689484410932,2,25,>=,FIL,92049,OK,2001,Li et al. (2025b),2001-11-26,32.7,1100,tmax_c,22.431390911784813,22.43293752121973,21.5356791515454,batch_00522ea3288e52873c54.csv,-26.25,-55.25
25,days,1.0,2002-01-24,0.6402062361918646,400,0.6402062361918646,1,25,>,MAT,92049,OK,2001,Ortega Gómez et al. (2019),2002-01-09,10.0,400,precip_mm,22.431390911784813,14.360716348182152,14.360716348182152,batch_00522ea3288e52873c54.csv,-26.25,-55.25
25,episodes,1.0,2002-08-26,0.0,275,0.0,2,25,>=,EST,92049,OK,2002,Li et al. 2025a,2002-08-16,34.0,275,tmax_c,22.431390911784813,0.0,0.0,batch_00522ea3288e52873c54.csv,-26.25,-55.25
25,episodes,1.0,2002-11-04,0.0400001218472339,900,0.0400001218472339,2,25,>=,VEG,92049,OK,2002,Li et al. 2025a,2002-09-30,34.6,900,tmax_c,22.431390911784813,0.8972583696743284,0.8972583696743284,batch_00522ea3288e52873c54.csv,-26.25,-55.25
25,episodes,1.0,2002-11-25,0.9600688265938592,275,0.9600688265938592,2,25,>=,REP,92049,OK,2002,Li et al. (2025b),2002-11-15,33.7,275,tmax_c,22.431390911784813,21.5356791515454,21.5356791515454,batch_00522ea3288e52873c54.csv,-26.25,-55.25
25,episodes,1.0,2002-11-14,0.0,250,0.0,2,25,>=,FLO,92049,OK,2002,Li et al. (2025b),2002-11-05,33.7,250,tmax_c,22.431390911784813,0.0,0.0,batch_00522ea3288e52873c54.csv,-26.25,-55.25
25,episodes,1.0,2003-01-08,1.0,1100,2.0803093541831164,2,25,>=,FIL,92049,OK,2002,Li et al. (2025b),2002-11-26,32.7,1100,tmax_c,22.431390911784813,46.66423234112409,22.431390911784813,batch_00522ea3288e52873c54.csv,-26.25,-55.25
25,days,1.0,2003-01-24,1.0,400,2.079896881904068,1,25,>,MAT,92049,OK,2002,Ortega Gómez et al. (2019),2003-01-09,10.0,400,precip_mm,22.431390911784813,46.65498001419248,22.431390911784813,batch_00522ea3288e52873c54.csv,-26.25,-55.25
25,episodes,1.0,2003-08-26,0.0,275,0.0,2,25,>=,EST,92049,OK,2003,Li et al. 2025a,2003-08-16,34.0,275,tmax_c,22.431390911784813,0.0,0.0,batch_00522ea3288e52873c54.csv,-26.25,-55.25
25,episodes,1.0,2003-11-04,0.0,900,0.0,2,25,>=,VEG,92049,OK,2003,Li et al. 2025a,2003-09-30,34.6,900,tmax_c,22.431390911784813,0.0,0.0,batch_00522ea3288e52873c54.csv,-26.25,-55.25
25,episodes,1.0,2003-11-25,0.0400001218472339,275,0.0400001218472339,2,25,>=,REP,92049,OK,2003,Li et al. (2025b),2003-11-15,33.7,275,tmax_c,22.431390911784813,0.8972583696743284,0.8972583696743284,batch_00522ea3288e52873c54.csv,-26.25,-55.25
25,episodes,1.0,2003-11-14,1.0,250,1.0,2,25,>=,FLO,92049,OK,2003,Li et al. (2025b),2003-11-05,33.7,250,tmax_c,22.431390911784813,22.431390911784813,22.431390911784813,batch_00522ea3288e52873c54.csv,-26.25,-55.25
25,episodes,1.0,2004-01-08,0.0,1100,0.0,2,25,>=,FIL,92049,OK,2003,Li et al. (2025b),2003-11-26,32.7,1100,tmax_c,22.431390911784813,0.0,0.0,batch_00522ea3288e52873c54.csv,-26.25,-55.25
25,days,1.0,2004-01-24,0.3995875277209523,400,0.4395187011270931,1,25,>,MAT,92049,OK,2003,Ortega Gómez et al. (2019),2004-01-09,10.0,400,precip_mm,22.431390911784813,9.859015798021742,8.963304037782331,batch_00522ea3288e52873c54.csv,-26.25,-55.25
25,episodes,1.0,2004-08-26,0.0,275,0.0,2,25,>=,EST,92049,OK,2004,Li et al. 2025a,2004-08-16,34.0,275,tmax_c,22.431390911784813,0.0,0.0,batch_00522ea3288e52873c54.csv,-26.25,-55.25
25,episodes,1.0,2004-11-04,0.0,900,0.0,2,25,>=,VEG,92049,OK,2004,Li et al. 2025a,2004-09-30,34.6,900,tmax_c,22.431390911784813,0.0,0.0,batch_00522ea3288e52873c54.csv,-26.25,-55.25
25,episodes,1.0,2004-11-25,0.0,275,0.0,2,25,>=,REP,92049,OK,2004,Li et al. (2025b),2004-11-15,33.7,275,tmax_c,22.431390911784813,0.0,0.0,batch_00522ea3288e52873c54.csv,-26.25,-55.25
25,episodes,1.0,2004-11-14,0.0,250,0.0,2,25,>=,FLO,92049,OK,2004,Li et al. (2025b),2004-11-05,33.7,250,tmax_c,22.431390911784813,0.0,0.0,batch_00522ea3288e52873c54.csv,-26.25,-55.25
25,episodes,1.0,2005-01-08,1.0,1100,1.0,2,25,>=,FIL,92049,OK,2004,Li et al. (2025b),2004-11-26,32.7,1100,tmax_c,22.431390911784813,22.431390911784813,22.431390911784813,batch_00522ea3288e52873c54.csv,-26.25,-55.25
25,days,1.0,2005-01-24,1.0,400,3.039347731214876,1,25,>,MAT,92049,OK,2004,Ortega Gómez et al. (2019),2005-01-09,10.0,400,precip_mm,22.431390911784813,68.17679707572717,22.431390911784813,batch_00522ea3288e52873c54.csv,-26.25,-55.25
25,episodes,1.0,1989-11-25,0.8001889312815788,375,0.9602519490124876,2,25,>=,EST,105188,OK,1989,Li et al. 2025a,1989-11-11,34.0,375,tmax_c,23.94548942884158,22.993702894103045,19.16091559507909,batch_0055a7621b368c407511.csv,-16.75,34.25
25,episodes,1.0,1990-02-28,0.0,1200,0.0,2,25,>=,VEG,105188,OK,1989,Li et al. 2025a,1990-01-12,34.6,1200,tmax_c,23.94548942884158,0.0,0.0,batch_0055a7621b368c407511.csv,-16.75,34.25
25,episodes,1.0,1990-03-29,0.9199164637901844,400,1.679896067158437,2,25,>=,REP,105188,OK,1989,Li et al. (2025b),1990-03-14,33.7,400,tmax_c,23.94548942884158,40.225933517694905,22.02784995910519,batch_0055a7621b368c407511.csv,-16.75,34.25
25,episodes,1.0,1990-03-13,0.5200635050558566,325,0.5200635050558566,2,25,>=,FLO,105188,OK,1989,Li et al. (2025b),1990-03-01,33.7,325,tmax_c,23.94548942884158,12.453175162641314,12.453175162641314,batch_0055a7621b368c407511.csv,-16.75,34.25
25,episodes,1.0,1990-05-27,1.0,1475,1.4799157327071528,2,25,>=,FIL,105188,OK,1989,Li et al. (2025b),1990-03-30,32.7,1475,tmax_c,23.94548942884158,35.43730653311547,23.94548942884158,batch_0055a7621b368c407511.csv,-16.75,34.25
25,days,1.0,1990-06-18,0.0,550,0.0,1,25,>,MAT,105188,OK,1989,Ortega Gómez et al. (2019),1990-05-28,10.0,550,precip_mm,23.94548942884158,0.0,0.0,batch_0055a7621b368c407511.csv,-16.75,34.25
25,episodes,1.0,1990-11-25,1.0,375,2.040000121847234,2,25,>=,EST,105188,OK,1990,Li et al. 2025a,1990-11-11,34.0,375,tmax_c,23.94548942884158,48.84880135252848,23.94548942884158,batch_0055a7621b368c407511.csv,-16.75,34.25
25,episodes,1.0,1991-02-28,0.5597695442441424,1200,0.9595392103355186,2,25,>=,VEG,105188,OK,1990,Li et al. 2025a,1991-01-12,34.6,1200,tmax_c,23.94548942884158,22.97663601764816,13.40395570428558,batch_0055a7621b368c407511.csv,-16.75,34.25
25,episodes,1.0,1991-03-29,0.0,400,0.0,2,25,>=,REP,105188,OK,1990,Li et al. (2025b),1991-03-14,33.7,400,tmax_c,23.94548942884158,0.0,0.0,batch_0055a7621b368c407511.csv,-16.75,34.25
25,episodes,1.0,1991-03-13,0.0,325,0.0,2,25,>=,FLO,105188,OK,1990,Li et al. (2025b),1991-03-01,33.7,325,tmax_c,23.94548942884158,0.0,0.0,batch_0055a7621b368c407511.csv,-16.75,34.25
25,episodes,1.0,1991-05-27,0.8398955797696501,1475,0.8398955797696501,2,25,>=,FIL,105188,OK,1990,Li et al. (2025b),1991-03-30,32.7,1475,tmax_c,23.94548942884158,20.111710726704928,20.111710726704928,batch_0055a7621b368c407511.csv,-16.75,34.25
25,days,1.0,1991-06-18,0.0,550,0.0,1,25,>,MAT,105188,OK,1990,Ortega Gómez et al. (2019),1991-05-28,10.0,550,precip_mm,23.94548942884158,0.0,0.0,batch_0055a7621b368c407511.csv,-16.75,34.25
25,episodes,1.0,1991-11-25,1.0,375,2.0,2,25,>=,EST,105188,OK,1991,Li et al. 2025a,1991-11-11,34.0,375,tmax_c,23.94548942884158,47.89097885768316,23.94548942884158,batch_0055a7621b368c407511.csv,-16.75,34.25
25,episodes,1.0,1992-02-29,1.0,1225,5.240042011863139,2,25,>=,VEG,105188,OK,1991,Li et al. 2025a,1992-01-12,34.6,1225,tmax_c,23.94548942884158,125.47537060175456,23.94548942884158,batch_0055a7621b368c407511.csv,-16.75,34.25
25,episodes,1.0,1992-03-29,1.0,400,1.5598742083602544,2,25,>=,REP,105188,OK,1991,Li et al. (2025b),1992-03-14,33.7,400,tmax_c,23.94548942884158,37.3519513666131,23.94548942884158,batch_0055a7621b368c407511.csv,-16.75,34.25
25,episodes,1.0,1992-03-13,1.0,325,2.0,2,25,>=,FLO,105188,OK,1991,Li et al. (2025b),1992-03-01,33.7,325,tmax_c,23.94548942884158,47.89097885768316,23.94548942884158,batch_0055a7621b368c407511.csv,-16.75,34.25
25,episodes,1.0,1992-05-27,1.0,1475,2.120000365541702,2,25,>=,FIL,105188,OK,1991,Li et al. (2025b),1992-03-30,32.7,1475,tmax_c,23.94548942884158,50.76444634221911,23.94548942884158,batch_0055a7621b368c407511.csv,-16.75,34.25
25,days,1.0,1992-06-18,0.0,550,0.0,1,25,>,MAT,105188,OK,1991,Ortega Gómez et al. (2019),1992-05-28,10.0,550,precip_mm,23.94548942884158,0.0,0.0,batch_0055a7621b368c407511.csv,-16.75,34.25
25,episodes,1.0,1992-11-25,1.0,375,2.4399588411311126,2,25,>=,EST,105188,OK,1992,Li et al. 2025a,1992-11-11,34.0,375,tmax_c,23.94548942884158,58.42600863711361,23.94548942884158,batch_0055a7621b368c407511.csv,-16.75,34.25
25,episodes,1.0,1993-02-28,0.0,1200,0.0,2,25,>=,VEG,105188,OK,1992,Li et al. 2025a,1993-01-12,34.6,1200,tmax_c,23.94548942884158,0.0,0.0,batch_0055a7621b368c407511.csv,-16.75,34.25
25,episodes,1.0,1993-03-29,0.1599584755257209,400,0.1599584755257209,2,25,>=,REP,105188,OK,1992,Li et al. (2025b),1993-03-14,33.7,400,tmax_c,23.94548942884158,3.830283984754764,3.830283984754764,batch_0055a7621b368c407511.csv,-16.75,34.25
25,episodes,1.0,1993-03-13,0.0,325,0.0,2,25,>=,FLO,105188,OK,1992,Li et al. (2025b),1993-03-01,33.7,325,tmax_c,23.94548942884158,0.0,0.0,batch_0055a7621b368c407511.csv,-16.75,34.25
25,episodes,1.0,1993-05-27,1.0,1475,4.119875061163139,2,25,>=,FIL,105188,OK,1992,Li et al. (2025b),1993-03-30,32.7,1475,tmax_c,23.94548942884158,98.65242472523,23.94548942884158,batch_0055a7621b368c407511.csv,-16.75,34.25
25,days,1.0,1993-06-18,0.0,550,0.0,1,25,>,MAT,105188,OK,1992,Ortega Gómez et al. (2019),1993-05-28,10.0,550,precip_mm,23.94548942884158,0.0,0.0,batch_0055a7621b368c407511.csv,-16.75,34.25
25,episodes,1.0,2001-03-08,0.0,200,0.0,2,25,>=,EST,94940,OK,2001,Li et al. 2025a,2001-03-01,34.0,200,tmax_c,22.802933442447703,0.0,0.0,batch_0056409cc130db11906e.csv,-24.25,-49.75
25,episodes,1.0,2001-04-27,0.0,625,0.0,2,25,>=,VEG,94940,OK,2001,Li et al. 2025a,2001-04-03,34.6,625,tmax_c,22.802933442447703,0.0,0.0,batch_0056409cc130db11906e.csv,-24.25,-49.75
25,episodes,1.0,2001-05-13,0.0,200,0.0,2,25,>=,REP,94940,OK,2001,Li et al. (2025b),2001-05-06,33.7,200,tmax_c,22.802933442447703,0.0,0.0,batch_0056409cc130db11906e.csv,-24.25,-49.75
25,episodes,1.0,2001-05-05,0.0,200,0.0,2,25,>=,FLO,94940,OK,2001,Li et al. (2025b),2001-04-28,33.7,200,tmax_c,22.802933442447703,0.0,0.0,batch_0056409cc130db11906e.csv,-24.25,-49.75
25,episodes,1.0,2001-06-13,0.0,775,0.0,2,25,>=,FIL,94940,OK,2001,Li et al. (2025b),2001-05-14,32.7,775,tmax_c,22.802933442447703,0.0,0.0,batch_0056409cc130db11906e.csv,-24.25,-49.75
25,days,1.0,2001-06-25,1.0,300,2.520313144004916,1,25,>,MAT,94940,OK,2001,Ortega Gómez et al. (2019),2001-06-14,10.0,300,precip_mm,22.802933442447703,57.4705328768702,22.802933442447703,batch_0056409cc130db11906e.csv,-24.25,-49.75
25,episodes,1.0,2002-03-08,0.0,200,0.0,2,25,>=,EST,94940,OK,2002,Li et al. 2025a,2002-03-01,34.0,200,tmax_c,22.802933442447703,0.0,0.0,batch_0056409cc130db11906e.csv,-24.25,-49.75
25,episodes,1.0,2002-04-27,0.0,625,0.0,2,25,>=,VEG,94940,OK,2002,Li et al. 2025a,2002-04-03,34.6,625,tmax_c,22.802933442447703,0.0,0.0,batch_0056409cc130db11906e.csv,-24.25,-49.75
25,episodes,1.0,2002-05-13,0.0,200,0.0,2,25,>=,REP,94940,OK,2002,Li et al. (2025b),2002-05-06,33.7,200,tmax_c,22.802933442447703,0.0,0.0,batch_0056409cc130db11906e.csv,-24.25,-49.75
25,episodes,1.0,2002-05-05,0.0,200,0.0,2,25,>=,FLO,94940,OK,2002,Li et al. (2025b),2002-04-28,33.7,200,tmax_c,22.802933442447703,0.0,0.0,batch_0056409cc130db11906e.csv,-24.25,-49.75
25,episodes,1.0,2002-06-13,0.0,775,0.0,2,25,>=,FIL,94940,OK,2002,Li et al. (2025b),2002-05-14,32.7,775,tmax_c,22.802933442447703,0.0,0.0,batch_0056409cc130db11906e.csv,-24.25,-49.75
25,days,1.0,2002-06-25,0.0,300,0.0,1,25,>,MAT,94940,OK,2002,Ortega Gómez et al. (2019),2002-06-14,10.0,300,precip_mm,22.802933442447703,0.0,0.0,batch_0056409cc130db11906e.csv,-24.25,-49.75
25,episodes,1.0,2003-03-08,0.0,200,0.0,2,25,>=,EST,94940,OK,2003,Li et al. 2025a,2003-03-01,34.0,200,tmax_c,22.802933442447703,0.0,0.0,batch_0056409cc130db11906e.csv,-24.25,-49.75
25,episodes,1.0,2003-04-27,0.0,625,0.0,2,25,>=,VEG,94940,OK,2003,Li et al. 2025a,2003-04-03,34.6,625,tmax_c,22.802933442447703,0.0,0.0,batch_0056409cc130db11906e.csv,-24.25,-49.75
25,episodes,1.0,2003-05-13,0.0,200,0.0,2,25,>=,REP,94940,OK,2003,Li et al. (2025b),2003-05-06,33.7,200,tmax_c,22.802933442447703,0.0,0.0,batch_0056409cc130db11906e.csv,-24.25,-49.75
25,episodes,1.0,2003-05-05,0.0,200,0.0,2,25,>=,FLO,94940,OK,2003,Li et al. (2025b),2003-04-28,33.7,200,tmax_c,22.802933442447703,0.0,0.0,batch_0056409cc130db11906e.csv,-24.25,-49.75
25,episodes,1.0,2003-06-13,0.0,775,0.0,2,25,>=,FIL,94940,OK,2003,Li et al. (2025b),2003-05-14,32.7,775,tmax_c,22.802933442447703,0.0,0.0,batch_0056409cc130db11906e.csv,-24.25,-49.75
25,days,1.0,2003-06-25,0.0,300,0.0,1,25,>,MAT,94940,OK,2003,Ortega Gómez et al. (2019),2003-06-14,10.0,300,precip_mm,22.802933442447703,0.0,0.0,batch_0056409cc130db11906e.csv,-24.25,-49.75
25,episodes,1.0,2004-03-08,0.0,200,0.0,2,25,>=,EST,94940,OK,2004,Li et al. 2025a,2004-03-01,34.0,200,tmax_c,22.802933442447703,0.0,0.0,batch_0056409cc130db11906e.csv,-24.25,-49.75
25,episodes,1.0,2004-04-27,0.0,625,0.0,2,25,>=,VEG,94940,OK,2004,Li et al. 2025a,2004-04-03,34.6,625,tmax_c,22.802933442447703,0.0,0.0,batch_0056409cc130db11906e.csv,-24.25,-49.75
25,episodes,1.0,2004-05-13,0.0,200,0.0,2,25,>=,REP,94940,OK,2004,Li et al. (2025b),2004-05-06,33.7,200,tmax_c,22.802933442447703,0.0,0.0,batch_0056409cc130db11906e.csv,-24.25,-49.75
25,episodes,1.0,2004-05-05,0.0,200,0.0,2,25,>=,FLO,94940,OK,2004,Li et al. (2025b),2004-04-28,33.7,200,tmax_c,22.802933442447703,0.0,0.0,batch_0056409cc130db11906e.csv,-24.25,-49.75
25,episodes,1.0,2004-06-13,0.0,775,0.0,2,25,>=,FIL,94940,OK,2004,Li et al. (2025b),2004-05-14,32.7,775,tmax_c,22.802933442447703,0.0,0.0,batch_0056409cc130db11906e.csv,-24.25,-49.75
25,days,1.0,2004-06-25,0.0,300,0.0,1,25,>,MAT,94940,OK,2004,Ortega Gómez et al. (2019),2004-06-14,10.0,300,precip_mm,22.802933442447703,0.0,0.0,batch_0056409cc130db11906e.csv,-24.25,-49.75
25,episodes,1.0,2005-12-01,1.0,400,1.0,2,25,>=,EST,104469,OK,2005,Li et al. 2025a,2005-11-16,34.0,400,tmax_c,23.881886304513923,23.881886304513923,23.881886304513923,batch_005a77a3c1ea8ccdf868.csv,-17.25,34.75
25,episodes,1.0,2006-03-13,1.0,1300,1.9200002436943933,2,25,>=,VEG,104469,OK,2005,Li et al. 2025a,2006-01-21,34.6,1300,tmax_c,23.881886304513923,45.85322752454853,23.881886304513923,batch_005a77a3c1ea8ccdf868.csv,-17.25,34.75
25,episodes,1.0,2006-04-12,0.0,400,0.0,2,25,>=,REP,104469,OK,2005,Li et al. (2025b),2006-03-28,33.7,400,tmax_c,23.881886304513923,0.0,0.0,batch_005a77a3c1ea8ccdf868.csv,-17.25,34.75
25,episodes,1.0,2006-03-27,0.0,350,0.0,2,25,>=,FLO,104469,OK,2005,Li et al. (2025b),2006-03-14,33.7,350,tmax_c,23.881886304513923,0.0,0.0,batch_005a77a3c1ea8ccdf868.csv,-17.25,34.75
25,episodes,1.0,2006-06-15,1.0,1600,4.200302795007652,2,25,>=,FIL,104469,OK,2005,Li et al. (2025b),2006-04-13,32.7,1600,tmax_c,23.881886304513923,100.3111537949048,23.881886304513923,batch_005a77a3c1ea8ccdf868.csv,-17.25,34.75
25,days,1.0,2006-07-08,0.0,575,0.0,1,25,>,MAT,104469,OK,2005,Ortega Gómez et al. (2019),2006-06-16,10.0,575,precip_mm,23.881886304513923,0.0,0.0,batch_005a77a3c1ea8ccdf868.csv,-17.25,34.75
25,episodes,1.0,2006-12-01,0.9600433434633714,400,0.9600433434633714,2,25,>=,EST,104469,OK,2006,Li et al. 2025a,2006-11-16,34.0,400,tmax_c,23.881886304513923,22.927645975997645,22.927645975997645,batch_005a77a3c1ea8ccdf868.csv,-17.25,34.75
25,episodes,1.0,2007-03-13,1.0,1300,1.0,2,25,>=,VEG,104469,OK,2006,Li et al. 2025a,2007-01-21,34.6,1300,tmax_c,23.881886304513923,23.881886304513923,23.881886304513923,batch_005a77a3c1ea8ccdf868.csv,-17.25,34.75
25,episodes,1.0,2007-04-12,1.0,400,1.0,2,25,>=,REP,104469,OK,2006,Li et al. (2025b),2007-03-28,33.7,400,tmax_c,23.881886304513923,23.881886304513923,23.881886304513923,batch_005a77a3c1ea8ccdf868.csv,-17.25,34.75
25,episodes,1.0,2007-03-27,1.0,350,1.3200866869267422,2,25,>=,FLO,104469,OK,2006,Li et al. (2025b),2007-03-14,33.7,350,tmax_c,23.881886304513923,31.526160169286925,23.881886304513923,batch_005a77a3c1ea8ccdf868.csv,-17.25,34.75
25,episodes,1.0,2007-06-15,1.0,1600,2.080000487257052,2,25,>=,FIL,104469,OK,2006,Li et al. (2025b),2007-04-13,32.7,1600,tmax_c,23.881886304513923,49.67433515000648,23.881886304513923,batch_005a77a3c1ea8ccdf868.csv,-17.25,34.75
25,days,1.0,2007-07-08,0.0,575,0.0,1,25,>,MAT,104469,OK,2006,Ortega Gómez et al. (2019),2007-06-16,10.0,575,precip_mm,23.881886304513923,0.0,0.0,batch_005a77a3c1ea8ccdf868.csv,-17.25,34.75
25,episodes,1.0,2007-12-01,1.0,400,1.7598056853993194,2,25,>=,EST,104469,OK,2007,Li et al. 2025a,2007-11-16,34.0,400,tmax_c,23.881886304513923,42.02747929674374,23.881886304513923,batch_005a77a3c1ea8ccdf868.csv,-17.25,34.75
25,episodes,1.0,2008-03-13,0.4800651370751132,1325,0.6800648933148522,2,25,>=,VEG,104469,OK,2007,Li et al. 2025a,2008-01-21,34.6,1325,tmax_c,23.881886304513923,16.24123246183669,11.464861022388746,batch_005a77a3c1ea8ccdf868.csv,-17.25,34.75
25,episodes,1.0,2008-04-12,0.0,400,0.0,2,25,>=,REP,104469,OK,2007,Li et al. (2025b),2008-03-28,33.7,400,tmax_c,23.881886304513923,0.0,0.0,batch_005a77a3c1ea8ccdf868.csv,-17.25,34.75
25,episodes,1.0,2008-03-27,0.0399784500825773,350,0.0399784500825773,2,25,>=,FLO,104469,OK,2007,Li et al. (2025b),2008-03-14,33.7,350,tmax_c,23.881886304513923,0.9547607995027974,0.9547607995027974,batch_005a77a3c1ea8ccdf868.csv,-17.25,34.75
25,episodes,1.0,2008-06-15,1.0,1600,2.0,2,25,>=,FIL,104469,OK,2007,Li et al. (2025b),2008-04-13,32.7,1600,tmax_c,23.881886304513923,47.763772609027846,23.881886304513923,batch_005a77a3c1ea8ccdf868.csv,-17.25,34.75
25,days,1.0,2008-07-08,0.0,575,0.0,1,25,>,MAT,104469,OK,2007,Ortega Gómez et al. (2019),2008-06-16,10.0,575,precip_mm,23.881886304513923,0.0,0.0,batch_005a77a3c1ea8ccdf868.csv,-17.25,34.75
25,episodes,1.0,2008-12-01,1.0,400,2.079438240639399,2,25,>=,EST,104469,OK,2008,Li et al. 2025a,2008-11-16,34.0,400,tmax_c,23.881886304513923,49.66090764020859,23.881886304513923,batch_005a77a3c1ea8ccdf868.csv,-17.25,34.75
25,episodes,1.0,2009-03-13,0.1199352284664398,1300,0.1199352284664398,2,25,>=,VEG,104469,OK,2008,Li et al. 2025a,2009-01-21,34.6,1300,tmax_c,23.881886304513923,2.864279490141418,2.864279490141418,batch_005a77a3c1ea8ccdf868.csv,-17.25,34.75
25,episodes,1.0,2009-04-12,0.0,400,0.0,2,25,>=,REP,104469,OK,2008,Li et al. (2025b),2009-03-28,33.7,400,tmax_c,23.881886304513923,0.0,0.0,batch_005a77a3c1ea8ccdf868.csv,-17.25,34.75
25,episodes,1.0,2009-03-27,0.0,350,0.0,2,25,>=,FLO,104469,OK,2008,Li et al. (2025b),2009-03-14,33.7,350,tmax_c,23.881886304513923,0.0,0.0,batch_005a77a3c1ea8ccdf868.csv,-17.25,34.75
25,episodes,1.0,2009-06-15,0.9600433434633714,1600,1.440086686860875,2,25,>=,FIL,104469,OK,2008,Li et al. (2025b),2009-04-13,32.7,1600,tmax_c,23.881886304513923,34.391986524255564,22.927645975997645,batch_005a77a3c1ea8ccdf868.csv,-17.25,34.75
25,days,1.0,2009-07-08,0.0,575,0.0,1,25,>,MAT,104469,OK,2008,Ortega Gómez et al. (2019),2009-06-16,10.0,575,precip_mm,23.881886304513923,0.0,0.0,batch_005a77a3c1ea8ccdf868.csv,-17.25,34.75
25,episodes,1.0,2013-10-12,0.0,325,0.0,2,25,>=,EST,87734,OK,2013,Li et al. 2025a,2013-09-30,34.0,325,tmax_c,21.8229854549849,0.0,0.0,batch_005ef236d5f3fb48031f.csv,-29.25,-52.75
25,episodes,1.0,2014-01-03,0.0,1050,0.0,2,25,>=,VEG,87734,OK,2013,Li et al. 2025a,2013-11-23,34.6,1050,tmax_c,21.8229854549849,0.0,0.0,batch_005ef236d5f3fb48031f.csv,-29.25,-52.75
25,episodes,1.0,2014-01-28,0.0,325,0.0,2,25,>=,REP,87734,OK,2013,Li et al. (2025b),2014-01-16,33.7,325,tmax_c,21.8229854549849,0.0,0.0,batch_005ef236d5f3fb48031f.csv,-29.25,-52.75
25,episodes,1.0,2014-01-15,0.0,300,0.0,2,25,>=,FLO,87734,OK,2013,Li et al. (2025b),2014-01-04,33.7,300,tmax_c,21.8229854549849,0.0,0.0,batch_005ef236d5f3fb48031f.csv,-29.25,-52.75
25,episodes,1.0,2014-03-21,0.6796881050441468,1300,0.7997662614945714,2,25,>=,FIL,87734,OK,2013,Li et al. (2025b),2014-01-29,32.7,1300,tmax_c,21.8229854549849,17.45328749198368,14.832823630304665,batch_005ef236d5f3fb48031f.csv,-29.25,-52.75
25,days,1.0,2014-04-09,0.5603122603786643,475,0.5603122603786643,1,25,>,MAT,87734,OK,2013,Ortega Gómez et al. (2019),2014-03-22,10.0,475,precip_mm,21.8229854549849,12.227686308493302,12.227686308493302,batch_005ef236d5f3fb48031f.csv,-29.25,-52.75
25,episodes,1.0,2014-10-12,0.0,325,0.0,2,25,>=,EST,87734,OK,2014,Li et al. 2025a,2014-09-30,34.0,325,tmax_c,21.8229854549849,0.0,0.0,batch_005ef236d5f3fb48031f.csv,-29.25,-52.75
25,episodes,1.0,2015-01-03,0.0,1050,0.0,2,25,>=,VEG,87734,OK,2014,Li et al. 2025a,2014-11-23,34.6,1050,tmax_c,21.8229854549849,0.0,0.0,batch_005ef236d5f3fb48031f.csv,-29.25,-52.75
25,episodes,1.0,2015-01-28,0.0,325,0.0,2,25,>=,REP,87734,OK,2014,Li et al. (2025b),2015-01-16,33.7,325,tmax_c,21.8229854549849,0.0,0.0,batch_005ef236d5f3fb48031f.csv,-29.25,-52.75
25,episodes,1.0,2015-01-15,0.0,300,0.0,2,25,>=,FLO,87734,OK,2014,Li et al. (2025b),2015-01-04,33.7,300,tmax_c,21.8229854549849,0.0,0.0,batch_005ef236d5f3fb48031f.csv,-29.25,-52.75
25,episodes,1.0,2015-03-21,0.0,1300,0.0,2,25,>=,FIL,87734,OK,2014,Li et al. (2025b),2015-01-29,32.7,1300,tmax_c,21.8229854549849,0.0,0.0,batch_005ef236d5f3fb48031f.csv,-29.25,-52.75
25,days,1.0,2015-04-09,1.0,475,2.20035072930841,1,25,>,MAT,87734,OK,2014,Ortega Gómez et al. (2019),2015-03-22,10.0,475,precip_mm,21.8229854549849,48.01822196156285,21.8229854549849,batch_005ef236d5f3fb48031f.csv,-29.25,-52.75
25,episodes,1.0,2015-10-12,0.0,325,0.0,2,25,>=,EST,87734,OK,2015,Li et al. 2025a,2015-09-30,34.0,325,tmax_c,21.8229854549849,0.0,0.0,batch_005ef236d5f3fb48031f.csv,-29.25,-52.75
25,episodes,1.0,2016-01-03,0.0,1050,0.0,2,25,>=,VEG,87734,OK,2015,Li et al. 2025a,2015-11-23,34.6,1050,tmax_c,21.8229854549849,0.0,0.0,batch_005ef236d5f3fb48031f.csv,-29.25,-52.75
25,episodes,1.0,2016-01-28,0.0,325,0.0,2,25,>=,REP,87734,OK,2015,Li et al. (2025b),2016-01-16,33.7,325,tmax_c,21.8229854549849,0.0,0.0,batch_005ef236d5f3fb48031f.csv,-29.25,-52.75
25,episodes,1.0,2016-01-15,0.0,300,0.0,2,25,>=,FLO,87734,OK,2015,Li et al. (2025b),2016-01-04,33.7,300,tmax_c,21.8229854549849,0.0,0.0,batch_005ef236d5f3fb48031f.csv,-29.25,-52.75
25,episodes,1.0,2016-03-21,0.0,1325,0.0,2,25,>=,FIL,87734,OK,2015,Li et al. (2025b),2016-01-29,32.7,1325,tmax_c,21.8229854549849,0.0,0.0,batch_005ef236d5f3fb48031f.csv,-29.25,-52.75
25,days,1.0,2016-04-09,1.0,475,2.720000243694394,1,25,>,MAT,87734,OK,2015,Ortega Gómez et al. (2019),2016-03-22,10.0,475,precip_mm,21.8229854549849,59.35852575569815,21.8229854549849,batch_005ef236d5f3fb48031f.csv,-29.25,-52.75
25,episodes,1.0,2016-10-12,0.0,325,0.0,2,25,>=,EST,87734,OK,2016,Li et al. 2025a,2016-09-30,34.0,325,tmax_c,21.8229854549849,0.0,0.0,batch_005ef236d5f3fb48031f.csv,-29.25,-52.75
25,episodes,1.0,2017-01-03,0.0,1050,0.0,2,25,>=,VEG,87734,OK,2016,Li et al. 2025a,2016-11-23,34.6,1050,tmax_c,21.8229854549849,0.0,0.0,batch_005ef236d5f3fb48031f.csv,-29.25,-52.75
25,episodes,1.0,2017-01-28,0.0,325,0.0,2,25,>=,REP,87734,OK,2016,Li et al. (2025b),2017-01-16,33.7,325,tmax_c,21.8229854549849,0.0,0.0,batch_005ef236d5f3fb48031f.csv,-29.25,-52.75
25,episodes,1.0,2017-01-15,0.0,300,0.0,2,25,>=,FLO,87734,OK,2016,Li et al. (2025b),2017-01-04,33.7,300,tmax_c,21.8229854549849,0.0,0.0,batch_005ef236d5f3fb48031f.csv,-29.25,-52.75
25,episodes,1.0,2017-03-21,0.0,1300,0.0,2,25,>=,FIL,87734,OK,2016,Li et al. (2025b),2017-01-29,32.7,1300,tmax_c,21.8229854549849,0.0,0.0,batch_005ef236d5f3fb48031f.csv,-29.25,-52.75
25,days,1.0,2017-04-09,1.0,475,2.1601950256437306,1,25,>,MAT,87734,OK,2016,Ortega Gómez et al. (2019),2017-03-22,10.0,475,precip_mm,21.8229854549849,47.14190462455386,21.8229854549849,batch_005ef236d5f3fb48031f.csv,-29.25,-52.75
25,episodes,1.0,1997-03-23,0.0,175,0.0,2,25,>=,EST,94944,OK,1997,Li et al. 2025a,1997-03-17,34.0,175,tmax_c,22.802933442447703,0.0,0.0,batch_0060e18a223e18f6a6f0.csv,-24.25,-47.75
25,episodes,1.0,1997-05-05,0.0,550,0.0,2,25,>=,VEG,94944,OK,1997,Li et al. 2025a,1997-04-14,34.6,550,tmax_c,22.802933442447703,0.0,0.0,batch_0060e18a223e18f6a6f0.csv,-24.25,-47.75
25,episodes,1.0,1997-05-19,0.0,175,0.0,2,25,>=,REP,94944,OK,1997,Li et al. (2025b),1997-05-13,33.7,175,tmax_c,22.802933442447703,0.0,0.0,batch_0060e18a223e18f6a6f0.csv,-24.25,-47.75
25,episodes,1.0,1997-05-12,0.0,175,0.0,2,25,>=,FLO,94944,OK,1997,Li et al. (2025b),1997-05-06,33.7,175,tmax_c,22.802933442447703,0.0,0.0,batch_0060e18a223e18f6a6f0.csv,-24.25,-47.75
25,episodes,1.0,1997-06-15,0.0,675,0.0,2,25,>=,FIL,94944,OK,1997,Li et al. (2025b),1997-05-20,32.7,675,tmax_c,22.802933442447703,0.0,0.0,batch_0060e18a223e18f6a6f0.csv,-24.25,-47.75
25,days,1.0,1997-06-25,0.0,250,0.0,1,25,>,MAT,94944,OK,1997,Ortega Gómez et al. (2019),1997-06-16,10.0,250,precip_mm,22.802933442447703,0.0,0.0,batch_0060e18a223e18f6a6f0.csv,-24.25,-47.75
25,episodes,1.0,1998-03-23,0.0,175,0.0,2,25,>=,EST,94944,OK,1998,Li et al. 2025a,1998-03-17,34.0,175,tmax_c,22.802933442447703,0.0,0.0,batch_0060e18a223e18f6a6f0.csv,-24.25,-47.75
25,episodes,1.0,1998-05-05,0.0,550,0.0,2,25,>=,VEG,94944,OK,1998,Li et al. 2025a,1998-04-14,34.6,550,tmax_c,22.802933442447703,0.0,0.0,batch_0060e18a223e18f6a6f0.csv,-24.25,-47.75
25,episodes,1.0,1998-05-19,0.0,175,0.0,2,25,>=,REP,94944,OK,1998,Li et al. (2025b),1998-05-13,33.7,175,tmax_c,22.802933442447703,0.0,0.0,batch_0060e18a223e18f6a6f0.csv,-24.25,-47.75
25,episodes,1.0,1998-05-12,0.0,175,0.0,2,25,>=,FLO,94944,OK,1998,Li et al. (2025b),1998-05-06,33.7,175,tmax_c,22.802933442447703,0.0,0.0,batch_0060e18a223e18f6a6f0.csv,-24.25,-47.75
25,episodes,1.0,1998-06-15,0.0,675,0.0,2,25,>=,FIL,94944,OK,1998,Li et al. (2025b),1998-05-20,32.7,675,tmax_c,22.802933442447703,0.0,0.0,batch_0060e18a223e18f6a6f0.csv,-24.25,-47.75
25,days,1.0,1998-06-25,1.0,250,2.120031679980371,1,25,>,MAT,94944,OK,1998,Ortega Gómez et al. (2019),1998-06-16,10.0,250,precip_mm,22.802933442447703,48.34294129447299,22.802933442447703,batch_0060e18a223e18f6a6f0.csv,-24.25,-47.75
25,episodes,1.0,1999-03-23,0.0,175,0.0,2,25,>=,EST,94944,OK,1999,Li et al. 2025a,1999-03-17,34.0,175,tmax_c,22.802933442447703,0.0,0.0,batch_0060e18a223e18f6a6f0.csv,-24.25,-47.75
25,episodes,1.0,1999-05-05,0.0,550,0.0,2,25,>=,VEG,94944,OK,1999,Li et al. 2025a,1999-04-14,34.6,550,tmax_c,22.802933442447703,0.0,0.0,batch_0060e18a223e18f6a6f0.csv,-24.25,-47.75
25,episodes,1.0,1999-05-19,0.0,175,0.0,2,25,>=,REP,94944,OK,1999,Li et al. (2025b),1999-05-13,33.7,175,tmax_c,22.802933442447703,0.0,0.0,batch_0060e18a223e18f6a6f0.csv,-24.25,-47.75
25,episodes,1.0,1999-05-12,0.0,175,0.0,2,25,>=,FLO,94944,OK,1999,Li et al. (2025b),1999-05-06,33.7,175,tmax_c,22.802933442447703,0.0,0.0,batch_0060e18a223e18f6a6f0.csv,-24.25,-47.75
25,episodes,1.0,1999-06-15,0.0,675,0.0,2,25,>=,FIL,94944,OK,1999,Li et al. (2025b),1999-05-20,32.7,675,tmax_c,22.802933442447703,0.0,0.0,batch_0060e18a223e18f6a6f0.csv,-24.25,-47.75
25,days,1.0,1999-06-25,1.0,250,1.439906178626614,1,25,>,MAT,94944,OK,1999,Ortega Gómez et al. (2019),1999-06-16,10.0,250,precip_mm,22.802933442447703,32.83408475459189,22.802933442447703,batch_0060e18a223e18f6a6f0.csv,-24.25,-47.75
25,episodes,1.0,2000-03-23,0.0,175,0.0,2,25,>=,EST,94944,OK,2000,Li et al. 2025a,2000-03-17,34.0,175,tmax_c,22.802933442447703,0.0,0.0,batch_0060e18a223e18f6a6f0.csv,-24.25,-47.75
25,episodes,1.0,2000-05-05,0.0,550,0.0,2,25,>=,VEG,94944,OK,2000,Li et al. 2025a,2000-04-14,34.6,550,tmax_c,22.802933442447703,0.0,0.0,batch_0060e18a223e18f6a6f0.csv,-24.25,-47.75
25,episodes,1.0,2000-05-19,0.0,175,0.0,2,25,>=,REP,94944,OK,2000,Li et al. (2025b),2000-05-13,33.7,175,tmax_c,22.802933442447703,0.0,0.0,batch_0060e18a223e18f6a6f0.csv,-24.25,-47.75
25,episodes,1.0,2000-05-12,0.0,175,0.0,2,25,>=,FLO,94944,OK,2000,Li et al. (2025b),2000-05-06,33.7,175,tmax_c,22.802933442447703,0.0,0.0,batch_0060e18a223e18f6a6f0.csv,-24.25,-47.75
25,episodes,1.0,2000-06-15,0.0,675,0.0,2,25,>=,FIL,94944,OK,2000,Li et al. (2025b),2000-05-20,32.7,675,tmax_c,22.802933442447703,0.0,0.0,batch_0060e18a223e18f6a6f0.csv,-24.25,-47.75
25,days,1.0,2000-06-25,1.0,250,1.5595295528138695,1,25,>,MAT,94944,OK,2000,Ortega Gómez et al. (2019),2000-06-16,10.0,250,precip_mm,22.802933442447703,35.561848594344895,22.802933442447703,batch_0060e18a223e18f6a6f0.csv,-24.25,-47.75
25,episodes,1.0,1997-11-22,0.0,200,0.0,2,25,>=,EST,100716,OK,1997,Li et al. 2025a,1997-11-15,34.0,200,tmax_c,23.462254098719804,0.0,0.0,batch_00666980a1a90faf6d00.csv,-20.25,-41.75
25,episodes,1.0,1998-01-11,0.0,625,0.0,2,25,>=,VEG,100716,OK,1997,Li et al. 2025a,1997-12-18,34.6,625,tmax_c,23.462254098719804,0.0,0.0,batch_00666980a1a90faf6d00.csv,-20.25,-41.75
25,episodes,1.0,1998-01-27,0.0,200,0.0,2,25,>=,REP,100716,OK,1997,Li et al. (2025b),1998-01-20,33.7,200,tmax_c,23.462254098719804,0.0,0.0,batch_00666980a1a90faf6d00.csv,-20.25,-41.75
25,episodes,1.0,1998-01-19,0.0,200,0.0,2,25,>=,FLO,100716,OK,1997,Li et al. (2025b),1998-01-12,33.7,200,tmax_c,23.462254098719804,0.0,0.0,batch_00666980a1a90faf6d00.csv,-20.25,-41.75
25,episodes,1.0,1998-02-27,0.0,775,0.0,2,25,>=,FIL,100716,OK,1997,Li et al. (2025b),1998-01-28,32.7,775,tmax_c,23.462254098719804,0.0,0.0,batch_00666980a1a90faf6d00.csv,-20.25,-41.75
25,days,1.0,1998-03-11,0.0,300,0.0,1,25,>,MAT,100716,OK,1997,Ortega Gómez et al. (2019),1998-02-28,10.0,300,precip_mm,23.462254098719804,0.0,0.0,batch_00666980a1a90faf6d00.csv,-20.25,-41.75
25,episodes,1.0,1998-11-22,0.0,200,0.0,2,25,>=,EST,100716,OK,1998,Li et al. 2025a,1998-11-15,34.0,200,tmax_c,23.462254098719804,0.0,0.0,batch_00666980a1a90faf6d00.csv,-20.25,-41.75
25,episodes,1.0,1999-01-11,0.0,625,0.0,2,25,>=,VEG,100716,OK,1998,Li et al. 2025a,1998-12-18,34.6,625,tmax_c,23.462254098719804,0.0,0.0,batch_00666980a1a90faf6d00.csv,-20.25,-41.75
25,episodes,1.0,1999-01-27,0.0,200,0.0,2,25,>=,REP,100716,OK,1998,Li et al. (2025b),1999-01-20,33.7,200,tmax_c,23.462254098719804,0.0,0.0,batch_00666980a1a90faf6d00.csv,-20.25,-41.75
25,episodes,1.0,1999-01-19,0.0,200,0.0,2,25,>=,FLO,100716,OK,1998,Li et al. (2025b),1999-01-12,33.7,200,tmax_c,23.462254098719804,0.0,0.0,batch_00666980a1a90faf6d00.csv,-20.25,-41.75
25,episodes,1.0,1999-02-27,0.0,775,0.0,2,25,>=,FIL,100716,OK,1998,Li et al. (2025b),1999-01-28,32.7,775,tmax_c,23.462254098719804,0.0,0.0,batch_00666980a1a90faf6d00.csv,-20.25,-41.75
25,days,1.0,1999-03-11,1.0,300,4.83989652383172,1,25,>,MAT,100716,OK,1998,Ortega Gómez et al. (2019),1999-02-28,10.0,300,precip_mm,23.462254098719804,113.55488205365047,23.462254098719804,batch_00666980a1a90faf6d00.csv,-20.25,-41.75
25,episodes,1.0,1999-11-22,0.0,200,0.0,2,25,>=,EST,100716,OK,1999,Li et al. 2025a,1999-11-15,34.0,200,tmax_c,23.462254098719804,0.0,0.0,batch_00666980a1a90faf6d00.csv,-20.25,-41.75
25,episodes,1.0,2000-01-11,0.0,625,0.0,2,25,>=,VEG,100716,OK,1999,Li et al. 2025a,1999-12-18,34.6,625,tmax_c,23.462254098719804,0.0,0.0,batch_00666980a1a90faf6d00.csv,-20.25,-41.75
25,episodes,1.0,2000-01-27,0.0,200,0.0,2,25,>=,REP,100716,OK,1999,Li et al. (2025b),2000-01-20,33.7,200,tmax_c,23.462254098719804,0.0,0.0,batch_00666980a1a90faf6d00.csv,-20.25,-41.75
25,episodes,1.0,2000-01-19,0.0,200,0.0,2,25,>=,FLO,100716,OK,1999,Li et al. (2025b),2000-01-12,33.7,200,tmax_c,23.462254098719804,0.0,0.0,batch_00666980a1a90faf6d00.csv,-20.25,-41.75
25,episodes,1.0,2000-02-27,0.0,775,0.0,2,25,>=,FIL,100716,OK,1999,Li et al. (2025b),2000-01-28,32.7,775,tmax_c,23.462254098719804,0.0,0.0,batch_00666980a1a90faf6d00.csv,-20.25,-41.75
25,days,1.0,2000-03-11,1.0,325,2.438843447202564,1,25,>,MAT,100716,OK,1999,Ortega Gómez et al. (2019),2000-02-28,10.0,325,precip_mm,23.462254098719804,57.22076466526429,23.462254098719804,batch_00666980a1a90faf6d00.csv,-20.25,-41.75
25,episodes,1.0,2000-11-22,0.0,200,0.0,2,25,>=,EST,100716,OK,2000,Li et al. 2025a,2000-11-15,34.0,200,tmax_c,23.462254098719804,0.0,0.0,batch_00666980a1a90faf6d00.csv,-20.25,-41.75
25,episodes,1.0,2001-01-11,0.0,625,0.0,2,25,>=,VEG,100716,OK,2000,Li et al. 2025a,2000-12-18,34.6,625,tmax_c,23.462254098719804,0.0,0.0,batch_00666980a1a90faf6d00.csv,-20.25,-41.75
25,episodes,1.0,2001-01-27,0.0,200,0.0,2,25,>=,REP,100716,OK,2000,Li et al. (2025b),2001-01-20,33.7,200,tmax_c,23.462254098719804,0.0,0.0,batch_00666980a1a90faf6d00.csv,-20.25,-41.75
25,episodes,1.0,2001-01-19,0.0,200,0.0,2,25,>=,FLO,100716,OK,2000,Li et al. (2025b),2001-01-12,33.7,200,tmax_c,23.462254098719804,0.0,0.0,batch_00666980a1a90faf6d00.csv,-20.25,-41.75
25,episodes,1.0,2001-02-27,0.0,775,0.0,2,25,>=,FIL,100716,OK,2000,Li et al. (2025b),2001-01-28,32.7,775,tmax_c,23.462254098719804,0.0,0.0,batch_00666980a1a90faf6d00.csv,-20.25,-41.75
25,days,1.0,2001-03-11,1.0,300,2.040051250695353,1,25,>,MAT,100716,OK,2000,Ortega Gómez et al. (2019),2001-02-28,10.0,300,precip_mm,23.462254098719804,47.86420081822551,23.462254098719804,batch_00666980a1a90faf6d00.csv,-20.25,-41.75
25,episodes,1.0,1997-08-26,0.0,275,0.0,2,25,>=,EST,91324,OK,1997,Li et al. 2025a,1997-08-16,34.0,275,tmax_c,22.33421667413285,0.0,0.0,batch_0066b53a8e9d90f504ab.csv,-26.75,-57.75
25,episodes,1.0,1997-11-04,0.4404914519978455,900,0.4404914519978455,2,25,>=,VEG,91324,OK,1997,Li et al. 2025a,1997-09-30,34.6,900,tmax_c,22.33421667413285,9.838031532023273,9.838031532023273,batch_0066b53a8e9d90f504ab.csv,-26.75,-57.75
25,episodes,1.0,1997-11-25,0.0,275,0.0,2,25,>=,REP,91324,OK,1997,Li et al. (2025b),1997-11-15,33.7,275,tmax_c,22.33421667413285,0.0,0.0,batch_0066b53a8e9d90f504ab.csv,-26.75,-57.75
25,episodes,1.0,1997-11-14,1.0,250,1.0,2,25,>=,FLO,91324,OK,1997,Li et al. (2025b),1997-11-05,33.7,250,tmax_c,22.33421667413285,22.33421667413285,22.33421667413285,batch_0066b53a8e9d90f504ab.csv,-26.75,-57.75
25,episodes,1.0,1998-01-08,1.0,1100,4.0,2,25,>=,FIL,91324,OK,1997,Li et al. (2025b),1997-11-26,32.7,1100,tmax_c,22.33421667413285,89.3368666965314,22.33421667413285,batch_0066b53a8e9d90f504ab.csv,-26.75,-57.75
25,days,1.0,1998-01-24,1.0,400,2.04007010295725,1,25,>,MAT,91324,OK,1997,Ortega Gómez et al. (2019),1998-01-09,10.0,400,precip_mm,22.33421667413285,45.56336770986773,22.33421667413285,batch_0066b53a8e9d90f504ab.csv,-26.75,-57.75
25,episodes,1.0,1998-08-26,0.0,275,0.0,2,25,>=,EST,91324,OK,1998,Li et al. 2025a,1998-08-16,34.0,275,tmax_c,22.33421667413285,0.0,0.0,batch_0066b53a8e9d90f504ab.csv,-26.75,-57.75
25,episodes,1.0,1998-11-04,0.0,900,0.0,2,25,>=,VEG,91324,OK,1998,Li et al. 2025a,1998-09-30,34.6,900,tmax_c,22.33421667413285,0.0,0.0,batch_0066b53a8e9d90f504ab.csv,-26.75,-57.75
25,episodes,1.0,1998-11-25,0.1602454822510312,275,0.1602454822510312,2,25,>=,REP,91324,OK,1998,Li et al. (2025b),1998-11-15,33.7,275,tmax_c,22.33421667413285,3.5789573216454427,3.5789573216454427,batch_0066b53a8e9d90f504ab.csv,-26.75,-57.75
25,episodes,1.0,1998-11-14,0.0,250,0.0,2,25,>=,FLO,91324,OK,1998,Li et al. (2025b),1998-11-05,33.7,250,tmax_c,22.33421667413285,0.0,0.0,batch_0066b53a8e9d90f504ab.csv,-26.75,-57.75
25,episodes,1.0,1999-01-08,1.0,1100,3.000000000000001,2,25,>=,FIL,91324,OK,1998,Li et al. (2025b),1998-11-26,32.7,1100,tmax_c,22.33421667413285,67.00265002239857,22.33421667413285,batch_0066b53a8e9d90f504ab.csv,-26.75,-57.75
25,days,1.0,1999-01-24,1.0,400,2.480315707055441,1,25,>,MAT,91324,OK,1998,Ortega Gómez et al. (2019),1999-01-09,10.0,400,precip_mm,22.33421667413285,55.39590842163124,22.33421667413285,batch_0066b53a8e9d90f504ab.csv,-26.75,-57.75
25,episodes,1.0,1999-08-26,0.0,275,0.0,2,25,>=,EST,91324,OK,1999,Li et al. 2025a,1999-08-16,34.0,275,tmax_c,22.33421667413285,0.0,0.0,batch_0066b53a8e9d90f504ab.csv,-26.75,-57.75
25,episodes,1.0,1999-11-04,0.0,900,0.0,2,25,>=,VEG,91324,OK,1999,Li et al. 2025a,1999-09-30,34.6,900,tmax_c,22.33421667413285,0.0,0.0,batch_0066b53a8e9d90f504ab.csv,-26.75,-57.75
25,episodes,1.0,1999-11-25,0.0,275,0.0,2,25,>=,REP,91324,OK,1999,Li et al. (2025b),1999-11-15,33.7,275,tmax_c,22.33421667413285,0.0,0.0,batch_0066b53a8e9d90f504ab.csv,-26.75,-57.75
25,episodes,1.0,1999-11-14,0.0,250,0.0,2,25,>=,FLO,91324,OK,1999,Li et al. (2025b),1999-11-05,33.7,250,tmax_c,22.33421667413285,0.0,0.0,batch_0066b53a8e9d90f504ab.csv,-26.75,-57.75
25,episodes,1.0,2000-01-08,1.0,1100,4.999999999999998,2,25,>=,FIL,91324,OK,1999,Li et al. (2025b),1999-11-26,32.7,1100,tmax_c,22.33421667413285,111.67108337066422,22.33421667413285,batch_0066b53a8e9d90f504ab.csv,-26.75,-57.75
25,days,1.0,2000-01-24,1.0,400,2.2797537866657875,1,25,>,MAT,91324,OK,1999,Ortega Gómez et al. (2019),2000-01-09,10.0,400,precip_mm,22.33421667413285,50.91651503506854,22.33421667413285,batch_0066b53a8e9d90f504ab.csv,-26.75,-57.75
25,episodes,1.0,2000-08-26,0.0,275,0.0,2,25,>=,EST,91324,OK,2000,Li et al. 2025a,2000-08-16,34.0,275,tmax_c,22.33421667413285,0.0,0.0,batch_0066b53a8e9d90f504ab.csv,-26.75,-57.75
25,episodes,1.0,2000-11-04,0.0,900,0.0,2,25,>=,VEG,91324,OK,2000,Li et al. 2025a,2000-09-30,34.6,900,tmax_c,22.33421667413285,0.0,0.0,batch_0066b53a8e9d90f504ab.csv,-26.75,-57.75
25,episodes,1.0,2000-11-25,0.0,275,0.0,2,25,>=,REP,91324,OK,2000,Li et al. (2025b),2000-11-15,33.7,275,tmax_c,22.33421667413285,0.0,0.0,batch_0066b53a8e9d90f504ab.csv,-26.75,-57.75
25,episodes,1.0,2000-11-14,0.0,250,0.0,2,25,>=,FLO,91324,OK,2000,Li et al. (2025b),2000-11-05,33.7,250,tmax_c,22.33421667413285,0.0,0.0,batch_0066b53a8e9d90f504ab.csv,-26.75,-57.75
25,episodes,1.0,2001-01-08,1.0,1100,3.95992989704275,2,25,>=,FIL,91324,OK,2000,Li et al. (2025b),2000-11-26,32.7,1100,tmax_c,22.33421667413285,88.44193233492938,22.33421667413285,batch_0066b53a8e9d90f504ab.csv,-26.75,-57.75
25,days,1.0,2001-01-24,1.0,400,3.800666953138861,1,25,>,MAT,91324,OK,2000,Ortega Gómez et al. (2019),2001-01-09,10.0,400,precip_mm,22.33421667413285,84.88491923761964,22.33421667413285,batch_0066b53a8e9d90f504ab.csv,-26.75,-57.75
25,episodes,1.0,1997-02-21,0.0,200,0.0,2,25,>=,EST,105005,OK,1997,Li et al. 2025a,1997-02-14,34.0,200,tmax_c,23.881886304513923,0.0,0.0,batch_006e5d20e4322a2cb234.csv,-17.25,-57.25
25,episodes,1.0,1997-04-12,0.0,625,0.0,2,25,>=,VEG,105005,OK,1997,Li et al. 2025a,1997-03-19,34.6,625,tmax_c,23.881886304513923,0.0,0.0,batch_006e5d20e4322a2cb234.csv,-17.25,-57.25
25,episodes,1.0,1997-04-28,0.0,200,0.0,2,25,>=,REP,105005,OK,1997,Li et al. (2025b),1997-04-21,33.7,200,tmax_c,23.881886304513923,0.0,0.0,batch_006e5d20e4322a2cb234.csv,-17.25,-57.25
25,episodes,1.0,1997-04-20,0.0,200,0.0,2,25,>=,FLO,105005,OK,1997,Li et al. (2025b),1997-04-13,33.7,200,tmax_c,23.881886304513923,0.0,0.0,batch_006e5d20e4322a2cb234.csv,-17.25,-57.25
25,episodes,1.0,1997-05-29,0.0,775,0.0,2,25,>=,FIL,105005,OK,1997,Li et al. (2025b),1997-04-29,32.7,775,tmax_c,23.881886304513923,0.0,0.0,batch_006e5d20e4322a2cb234.csv,-17.25,-57.25
25,days,1.0,1997-06-10,1.0,300,1.399718998406635,1,25,>,MAT,105005,OK,1997,Ortega Gómez et al. (2019),1997-05-30,10.0,300,precip_mm,23.881886304513923,33.42792997821536,23.881886304513923,batch_006e5d20e4322a2cb234.csv,-17.25,-57.25
25,episodes,1.0,1998-02-21,0.0,200,0.0,2,25,>=,EST,105005,OK,1998,Li et al. 2025a,1998-02-14,34.0,200,tmax_c,23.881886304513923,0.0,0.0,batch_006e5d20e4322a2cb234.csv,-17.25,-57.25
25,episodes,1.0,1998-04-12,0.0,625,0.0,2,25,>=,VEG,105005,OK,1998,Li et al. 2025a,1998-03-19,34.6,625,tmax_c,23.881886304513923,0.0,0.0,batch_006e5d20e4322a2cb234.csv,-17.25,-57.25
25,episodes,1.0,1998-04-28,0.0,200,0.0,2,25,>=,REP,105005,OK,1998,Li et al. (2025b),1998-04-21,33.7,200,tmax_c,23.881886304513923,0.0,0.0,batch_006e5d20e4322a2cb234.csv,-17.25,-57.25
25,episodes,1.0,1998-04-20,0.0,200,0.0,2,25,>=,FLO,105005,OK,1998,Li et al. (2025b),1998-04-13,33.7,200,tmax_c,23.881886304513923,0.0,0.0,batch_006e5d20e4322a2cb234.csv,-17.25,-57.25
25,episodes,1.0,1998-05-29,0.0400430997689778,775,0.0400430997689778,2,25,>=,FIL,105005,OK,1998,Li et al. (2025b),1998-04-29,32.7,775,tmax_c,23.881886304513923,0.9563047559630354,0.9563047559630354,batch_006e5d20e4322a2cb234.csv,-17.25,-57.25
25,days,1.0,1998-06-10,0.0,300,0.0,1,25,>,MAT,105005,OK,1998,Ortega Gómez et al. (2019),1998-05-30,10.0,300,precip_mm,23.881886304513923,0.0,0.0,batch_006e5d20e4322a2cb234.csv,-17.25,-57.25
25,episodes,1.0,1999-02-21,0.0,200,0.0,2,25,>=,EST,105005,OK,1999,Li et al. 2025a,1999-02-14,34.0,200,tmax_c,23.881886304513923,0.0,0.0,batch_006e5d20e4322a2cb234.csv,-17.25,-57.25
25,episodes,1.0,1999-04-12,0.0,625,0.0,2,25,>=,VEG,105005,OK,1999,Li et al. 2025a,1999-03-19,34.6,625,tmax_c,23.881886304513923,0.0,0.0,batch_006e5d20e4322a2cb234.csv,-17.25,-57.25
25,episodes,1.0,1999-04-28,0.0,200,0.0,2,25,>=,REP,105005,OK,1999,Li et al. (2025b),1999-04-21,33.7,200,tmax_c,23.881886304513923,0.0,0.0,batch_006e5d20e4322a2cb234.csv,-17.25,-57.25
25,episodes,1.0,1999-04-20,0.0,200,0.0,2,25,>=,FLO,105005,OK,1999,Li et al. (2025b),1999-04-13,33.7,200,tmax_c,23.881886304513923,0.0,0.0,batch_006e5d20e4322a2cb234.csv,-17.25,-57.25
25,episodes,1.0,1999-05-29,0.0,775,0.0,2,25,>=,FIL,105005,OK,1999,Li et al. (2025b),1999-04-29,32.7,775,tmax_c,23.881886304513923,0.0,0.0,batch_006e5d20e4322a2cb234.csv,-17.25,-57.25
25,days,1.0,1999-06-10,0.0,300,0.0,1,25,>,MAT,105005,OK,1999,Ortega Gómez et al. (2019),1999-05-30,10.0,300,precip_mm,23.881886304513923,0.0,0.0,batch_006e5d20e4322a2cb234.csv,-17.25,-57.25
25,episodes,1.0,2000-02-21,0.0,200,0.0,2,25,>=,EST,105005,OK,2000,Li et al. 2025a,2000-02-14,34.0,200,tmax_c,23.881886304513923,0.0,0.0,batch_006e5d20e4322a2cb234.csv,-17.25,-57.25
25,episodes,1.0,2000-04-12,0.0,625,0.0,2,25,>=,VEG,105005,OK,2000,Li et al. 2025a,2000-03-19,34.6,625,tmax_c,23.881886304513923,0.0,0.0,batch_006e5d20e4322a2cb234.csv,-17.25,-57.25
25,episodes,1.0,2000-04-28,0.0,200,0.0,2,25,>=,REP,105005,OK,2000,Li et al. (2025b),2000-04-21,33.7,200,tmax_c,23.881886304513923,0.0,0.0,batch_006e5d20e4322a2cb234.csv,-17.25,-57.25
25,episodes,1.0,2000-04-20,0.0,200,0.0,2,25,>=,FLO,105005,OK,2000,Li et al. (2025b),2000-04-13,33.7,200,tmax_c,23.881886304513923,0.0,0.0,batch_006e5d20e4322a2cb234.csv,-17.25,-57.25
25,episodes,1.0,2000-05-29,0.0,775,0.0,2,25,>=,FIL,105005,OK,2000,Li et al. (2025b),2000-04-29,32.7,775,tmax_c,23.881886304513923,0.0,0.0,batch_006e5d20e4322a2cb234.csv,-17.25,-57.25
25,days,1.0,2000-06-10,0.0,300,0.0,1,25,>,MAT,105005,OK,2000,Ortega Gómez et al. (2019),2000-05-30,10.0,300,precip_mm,23.881886304513923,0.0,0.0,batch_006e5d20e4322a2cb234.csv,-17.25,-57.25
25,episodes,1.0,2005-12-07,0.0,175,0.0,2,25,>=,EST,103050,OK,2005,Li et al. 2025a,2005-12-01,34.0,175,tmax_c,23.749228943669948,0.0,0.0,batch_006fc3df09e47ad68357.csv,-18.25,45.25
25,episodes,1.0,2006-01-23,0.0,600,0.0,2,25,>=,VEG,103050,OK,2005,Li et al. 2025a,2005-12-31,34.6,600,tmax_c,23.749228943669948,0.0,0.0,batch_006fc3df09e47ad68357.csv,-18.25,45.25
25,episodes,1.0,2006-02-05,0.0,175,0.0,2,25,>=,REP,103050,OK,2005,Li et al. (2025b),2006-01-30,33.7,175,tmax_c,23.749228943669948,0.0,0.0,batch_006fc3df09e47ad68357.csv,-18.25,45.25
25,episodes,1.0,2006-01-29,0.0,150,0.0,2,25,>=,FLO,103050,OK,2005,Li et al. (2025b),2006-01-24,33.7,150,tmax_c,23.749228943669948,0.0,0.0,batch_006fc3df09e47ad68357.csv,-18.25,45.25
25,episodes,1.0,2006-03-06,0.0,725,0.0,2,25,>=,FIL,103050,OK,2005,Li et al. (2025b),2006-02-06,32.7,725,tmax_c,23.749228943669948,0.0,0.0,batch_006fc3df09e47ad68357.csv,-18.25,45.25
25,days,1.0,2006-03-17,1.0,275,3.399885659301606,1,25,>,MAT,103050,OK,2005,Ortega Gómez et al. (2019),2006-03-07,10.0,275,precip_mm,23.749228943669948,80.74466290505408,23.749228943669948,batch_006fc3df09e47ad68357.csv,-18.25,45.25
25,episodes,1.0,2006-12-07,0.0,175,0.0,2,25,>=,EST,103050,OK,2006,Li et al. 2025a,2006-12-01,34.0,175,tmax_c,23.749228943669948,0.0,0.0,batch_006fc3df09e47ad68357.csv,-18.25,45.25
25,episodes,1.0,2007-01-23,0.0,600,0.0,2,25,>=,VEG,103050,OK,2006,Li et al. 2025a,2006-12-31,34.6,600,tmax_c,23.749228943669948,0.0,0.0,batch_006fc3df09e47ad68357.csv,-18.25,45.25
25,episodes,1.0,2007-02-05,0.0,175,0.0,2,25,>=,REP,103050,OK,2006,Li et al. (2025b),2007-01-30,33.7,175,tmax_c,23.749228943669948,0.0,0.0,batch_006fc3df09e47ad68357.csv,-18.25,45.25
25,episodes,1.0,2007-01-29,0.0,150,0.0,2,25,>=,FLO,103050,OK,2006,Li et al. (2025b),2007-01-24,33.7,150,tmax_c,23.749228943669948,0.0,0.0,batch_006fc3df09e47ad68357.csv,-18.25,45.25
25,episodes,1.0,2007-03-06,0.0,725,0.0,2,25,>=,FIL,103050,OK,2006,Li et al. (2025b),2007-02-06,32.7,725,tmax_c,23.749228943669948,0.0,0.0,batch_006fc3df09e47ad68357.csv,-18.25,45.25
25,days,1.0,2007-03-17,1.0,275,1.6401150718515325,1,25,>,MAT,103050,OK,2006,Ortega Gómez et al. (2019),2007-03-07,10.0,275,precip_mm,23.749228943669948,38.95146833536573,23.749228943669948,batch_006fc3df09e47ad68357.csv,-18.25,45.25
25,episodes,1.0,2007-12-07,0.0,175,0.0,2,25,>=,EST,103050,OK,2007,Li et al. 2025a,2007-12-01,34.0,175,tmax_c,23.749228943669948,0.0,0.0,batch_006fc3df09e47ad68357.csv,-18.25,45.25
25,episodes,1.0,2008-01-23,0.0,600,0.0,2,25,>=,VEG,103050,OK,2007,Li et al. 2025a,2007-12-31,34.6,600,tmax_c,23.749228943669948,0.0,0.0,batch_006fc3df09e47ad68357.csv,-18.25,45.25
25,episodes,1.0,2008-02-05,0.0,175,0.0,2,25,>=,REP,103050,OK,2007,Li et al. (2025b),2008-01-30,33.7,175,tmax_c,23.749228943669948,0.0,0.0,batch_006fc3df09e47ad68357.csv,-18.25,45.25
25,episodes,1.0,2008-01-29,0.0,150,0.0,2,25,>=,FLO,103050,OK,2007,Li et al. (2025b),2008-01-24,33.7,150,tmax_c,23.749228943669948,0.0,0.0,batch_006fc3df09e47ad68357.csv,-18.25,45.25
25,episodes,1.0,2008-03-06,0.0,750,0.0,2,25,>=,FIL,103050,OK,2007,Li et al. (2025b),2008-02-06,32.7,750,tmax_c,23.749228943669948,0.0,0.0,batch_006fc3df09e47ad68357.csv,-18.25,45.25
25,days,1.0,2008-03-17,0.2397932362927136,275,0.3996322576596444,1,25,>,MAT,103050,OK,2007,Ortega Gómez et al. (2019),2008-03-07,10.0,275,precip_mm,23.749228943669948,9.490957980434594,5.6949044678592005,batch_006fc3df09e47ad68357.csv,-18.25,45.25
25,episodes,1.0,2008-12-07,0.0,175,0.0,2,25,>=,EST,103050,OK,2008,Li et al. 2025a,2008-12-01,34.0,175,tmax_c,23.749228943669948,0.0,0.0,batch_006fc3df09e47ad68357.csv,-18.25,45.25
25,episodes,1.0,2009-01-23,0.0,600,0.0,2,25,>=,VEG,103050,OK,2008,Li et al. 2025a,2008-12-31,34.6,600,tmax_c,23.749228943669948,0.0,0.0,batch_006fc3df09e47ad68357.csv,-18.25,45.25
25,episodes,1.0,2009-02-05,0.0,175,0.0,2,25,>=,REP,103050,OK,2008,Li et al. (2025b),2009-01-30,33.7,175,tmax_c,23.749228943669948,0.0,0.0,batch_006fc3df09e47ad68357.csv,-18.25,45.25
25,episodes,1.0,2009-01-29,0.0,150,0.0,2,25,>=,FLO,103050,OK,2008,Li et al. (2025b),2009-01-24,33.7,150,tmax_c,23.749228943669948,0.0,0.0,batch_006fc3df09e47ad68357.csv,-18.25,45.25
25,episodes,1.0,2009-03-06,0.0,725,0.0,2,25,>=,FIL,103050,OK,2008,Li et al. (2025b),2009-02-06,32.7,725,tmax_c,23.749228943669948,0.0,0.0,batch_006fc3df09e47ad68357.csv,-18.25,45.25
25,days,1.0,2009-03-17,1.0,275,2.079862035681316,1,25,>,MAT,103050,OK,2008,Ortega Gómez et al. (2019),2009-03-07,10.0,275,precip_mm,23.749228943669948,49.39511965664301,23.749228943669948,batch_006fc3df09e47ad68357.csv,-18.25,45.25
25,episodes,1.0,1985-11-02,0.0,275,0.0,2,25,>=,EST,79794,OK,1985,Li et al. 2025a,1985-10-23,34.0,275,tmax_c,20.55353841597336,0.0,0.0,batch_0076d832e97842c3ede0.csv,-34.75,-62.75
25,episodes,1.0,1986-01-07,0.0,850,0.0,2,25,>=,VEG,79794,OK,1985,Li et al. 2025a,1985-12-05,34.6,850,tmax_c,20.55353841597336,0.0,0.0,batch_0076d832e97842c3ede0.csv,-34.75,-62.75
25,episodes,1.0,1986-01-27,0.0,275,0.0,2,25,>=,REP,79794,OK,1985,Li et al. (2025b),1986-01-17,33.7,275,tmax_c,20.55353841597336,0.0,0.0,batch_0076d832e97842c3ede0.csv,-34.75,-62.75
25,episodes,1.0,1986-01-16,0.0,225,0.0,2,25,>=,FLO,79794,OK,1985,Li et al. (2025b),1986-01-08,33.7,225,tmax_c,20.55353841597336,0.0,0.0,batch_0076d832e97842c3ede0.csv,-34.75,-62.75
25,episodes,1.0,1986-03-10,0.0,1050,0.0,2,25,>=,FIL,79794,OK,1985,Li et al. (2025b),1986-01-28,32.7,1050,tmax_c,20.55353841597336,0.0,0.0,batch_0076d832e97842c3ede0.csv,-34.75,-62.75
25,days,1.0,1986-03-25,0.0,375,0.0,1,25,>,MAT,79794,OK,1985,Ortega Gómez et al. (2019),1986-03-11,10.0,375,precip_mm,20.55353841597336,0.0,0.0,batch_0076d832e97842c3ede0.csv,-34.75,-62.75
25,episodes,1.0,1986-11-02,0.0,275,0.0,2,25,>=,EST,79794,OK,1986,Li et al. 2025a,1986-10-23,34.0,275,tmax_c,20.55353841597336,0.0,0.0,batch_0076d832e97842c3ede0.csv,-34.75,-62.75
25,episodes,1.0,1987-01-07,0.6399031961930401,850,0.6399031961930401,2,25,>=,VEG,79794,OK,1986,Li et al. 2025a,1986-12-05,34.6,850,tmax_c,20.55353841597336,13.152274925457789,13.152274925457789,batch_0076d832e97842c3ede0.csv,-34.75,-62.75
25,episodes,1.0,1987-01-27,0.0,275,0.0,2,25,>=,REP,79794,OK,1986,Li et al. (2025b),1987-01-17,33.7,275,tmax_c,20.55353841597336,0.0,0.0,batch_0076d832e97842c3ede0.csv,-34.75,-62.75
25,episodes,1.0,1987-01-16,0.0,225,0.0,2,25,>=,FLO,79794,OK,1986,Li et al. (2025b),1987-01-08,33.7,225,tmax_c,20.55353841597336,0.0,0.0,batch_0076d832e97842c3ede0.csv,-34.75,-62.75
25,episodes,1.0,1987-03-10,1.0,1050,3.3204354952104755,2,25,>=,FIL,79794,OK,1986,Li et al. (2025b),1987-01-28,32.7,1050,tmax_c,20.55353841597336,68.24669850857003,20.55353841597336,batch_0076d832e97842c3ede0.csv,-34.75,-62.75
25,days,1.0,1987-03-25,1.0,375,4.080193120225132,1,25,>,MAT,79794,OK,1986,Ortega Gómez et al. (2019),1987-03-11,10.0,375,precip_mm,20.55353841597336,83.86240604113746,20.55353841597336,batch_0076d832e97842c3ede0.csv,-34.75,-62.75
25,episodes,1.0,1987-11-02,0.0,275,0.0,2,25,>=,EST,79794,OK,1987,Li et al. 2025a,1987-10-23,34.0,275,tmax_c,20.55353841597336,0.0,0.0,batch_0076d832e97842c3ede0.csv,-34.75,-62.75
25,episodes,1.0,1988-01-07,0.0,850,0.0,2,25,>=,VEG,79794,OK,1987,Li et al. 2025a,1987-12-05,34.6,850,tmax_c,20.55353841597336,0.0,0.0,batch_0076d832e97842c3ede0.csv,-34.75,-62.75
25,episodes,1.0,1988-01-27,0.0,275,0.0,2,25,>=,REP,79794,OK,1987,Li et al. (2025b),1988-01-17,33.7,275,tmax_c,20.55353841597336,0.0,0.0,batch_0076d832e97842c3ede0.csv,-34.75,-62.75
25,episodes,1.0,1988-01-16,0.0,225,0.0,2,25,>=,FLO,79794,OK,1987,Li et al. (2025b),1988-01-08,33.7,225,tmax_c,20.55353841597336,0.0,0.0,batch_0076d832e97842c3ede0.csv,-34.75,-62.75
25,episodes,1.0,1988-03-10,0.0,1075,0.0,2,25,>=,FIL,79794,OK,1987,Li et al. (2025b),1988-01-28,32.7,1075,tmax_c,20.55353841597336,0.0,0.0,batch_0076d832e97842c3ede0.csv,-34.75,-62.75
25,days,1.0,1988-03-25,1.0,375,2.23990319619304,1,25,>,MAT,79794,OK,1987,Ortega Gómez et al. (2019),1988-03-11,10.0,375,precip_mm,20.55353841597336,46.03793639101515,20.55353841597336,batch_0076d832e97842c3ede0.csv,-34.75,-62.75
25,episodes,1.0,1988-11-02,0.0,275,0.0,2,25,>=,EST,79794,OK,1988,Li et al. 2025a,1988-10-23,34.0,275,tmax_c,20.55353841597336,0.0,0.0,batch_0076d832e97842c3ede0.csv,-34.75,-62.75
25,episodes,1.0,1989-01-07,1.0,850,1.919951476175677,2,25,>=,VEG,79794,OK,1988,Li et al. 2025a,1988-12-05,34.6,850,tmax_c,20.55353841597336,39.46179642238154,20.55353841597336,batch_0076d832e97842c3ede0.csv,-34.75,-62.75
25,episodes,1.0,1989-01-27,1.0,275,1.0,2,25,>=,REP,79794,OK,1988,Li et al. (2025b),1989-01-17,33.7,275,tmax_c,20.55353841597336,20.55353841597336,20.55353841597336,batch_0076d832e97842c3ede0.csv,-34.75,-62.75
25,episodes,1.0,1989-01-16,0.0,225,0.0,2,25,>=,FLO,79794,OK,1988,Li et al. (2025b),1989-01-08,33.7,225,tmax_c,20.55353841597336,0.0,0.0,batch_0076d832e97842c3ede0.csv,-34.75,-62.75
25,episodes,1.0,1989-03-10,1.0,1050,2.999999999999998,2,25,>=,FIL,79794,OK,1988,Li et al. (2025b),1989-01-28,32.7,1050,tmax_c,20.55353841597336,61.66061524792004,20.55353841597336,batch_0076d832e97842c3ede0.csv,-34.75,-62.75
25,days,1.0,1989-03-25,1.0,375,3.079951232628574,1,25,>,MAT,79794,OK,1988,Ortega Gómez et al. (2019),1989-03-11,10.0,375,precip_mm,20.55353841597336,63.303895979155904,20.55353841597336,batch_0076d832e97842c3ede0.csv,-34.75,-62.75
25,episodes,1.0,2005-02-21,0.0,200,0.0,2,25,>=,EST,107160,OK,2005,Li et al. 2025a,2005-02-14,34.0,200,tmax_c,24.067220347556287,0.0,0.0,batch_0077f7ddef66648842aa.csv,-15.75,-59.75
25,episodes,1.0,2005-04-12,0.0,625,0.0,2,25,>=,VEG,107160,OK,2005,Li et al. 2025a,2005-03-19,34.6,625,tmax_c,24.067220347556287,0.0,0.0,batch_0077f7ddef66648842aa.csv,-15.75,-59.75
25,episodes,1.0,2005-04-28,0.0,200,0.0,2,25,>=,REP,107160,OK,2005,Li et al. (2025b),2005-04-21,33.7,200,tmax_c,24.067220347556287,0.0,0.0,batch_0077f7ddef66648842aa.csv,-15.75,-59.75
25,episodes,1.0,2005-04-20,0.0,200,0.0,2,25,>=,FLO,107160,OK,2005,Li et al. (2025b),2005-04-13,33.7,200,tmax_c,24.067220347556287,0.0,0.0,batch_0077f7ddef66648842aa.csv,-15.75,-59.75
25,episodes,1.0,2005-05-29,0.0,775,0.0,2,25,>=,FIL,107160,OK,2005,Li et al. (2025b),2005-04-29,32.7,775,tmax_c,24.067220347556287,0.0,0.0,batch_0077f7ddef66648842aa.csv,-15.75,-59.75
25,days,1.0,2005-06-10,1.0,300,1.0,1,25,>,MAT,107160,OK,2005,Ortega Gómez et al. (2019),2005-05-30,10.0,300,precip_mm,24.067220347556287,24.067220347556287,24.067220347556287,batch_0077f7ddef66648842aa.csv,-15.75,-59.75
25,episodes,1.0,2006-02-21,0.0,200,0.0,2,25,>=,EST,107160,OK,2006,Li et al. 2025a,2006-02-14,34.0,200,tmax_c,24.067220347556287,0.0,0.0,batch_0077f7ddef66648842aa.csv,-15.75,-59.75
25,episodes,1.0,2006-04-12,0.0,625,0.0,2,25,>=,VEG,107160,OK,2006,Li et al. 2025a,2006-03-19,34.6,625,tmax_c,24.067220347556287,0.0,0.0,batch_0077f7ddef66648842aa.csv,-15.75,-59.75
25,episodes,1.0,2006-04-28,0.0,200,0.0,2,25,>=,REP,107160,OK,2006,Li et al. (2025b),2006-04-21,33.7,200,tmax_c,24.067220347556287,0.0,0.0,batch_0077f7ddef66648842aa.csv,-15.75,-59.75
25,episodes,1.0,2006-04-20,0.0,200,0.0,2,25,>=,FLO,107160,OK,2006,Li et al. (2025b),2006-04-13,33.7,200,tmax_c,24.067220347556287,0.0,0.0,batch_0077f7ddef66648842aa.csv,-15.75,-59.75
25,episodes,1.0,2006-05-29,0.0,775,0.0,2,25,>=,FIL,107160,OK,2006,Li et al. (2025b),2006-04-29,32.7,775,tmax_c,24.067220347556287,0.0,0.0,batch_0077f7ddef66648842aa.csv,-15.75,-59.75
25,days,1.0,2006-06-10,0.0,300,0.0,1,25,>,MAT,107160,OK,2006,Ortega Gómez et al. (2019),2006-05-30,10.0,300,precip_mm,24.067220347556287,0.0,0.0,batch_0077f7ddef66648842aa.csv,-15.75,-59.75
25,episodes,1.0,2007-02-21,0.0,200,0.0,2,25,>=,EST,107160,OK,2007,Li et al. 2025a,2007-02-14,34.0,200,tmax_c,24.067220347556287,0.0,0.0,batch_0077f7ddef66648842aa.csv,-15.75,-59.75
25,episodes,1.0,2007-04-12,0.0,625,0.0,2,25,>=,VEG,107160,OK,2007,Li et al. 2025a,2007-03-19,34.6,625,tmax_c,24.067220347556287,0.0,0.0,batch_0077f7ddef66648842aa.csv,-15.75,-59.75
25,episodes,1.0,2007-04-28,0.0,200,0.0,2,25,>=,REP,107160,OK,2007,Li et al. (2025b),2007-04-21,33.7,200,tmax_c,24.067220347556287,0.0,0.0,batch_0077f7ddef66648842aa.csv,-15.75,-59.75
25,episodes,1.0,2007-04-20,0.0,200,0.0,2,25,>=,FLO,107160,OK,2007,Li et al. (2025b),2007-04-13,33.7,200,tmax_c,24.067220347556287,0.0,0.0,batch_0077f7ddef66648842aa.csv,-15.75,-59.75
25,episodes,1.0,2007-05-29,0.9600393690812382,775,0.9600393690812382,2,25,>=,FIL,107160,OK,2007,Li et al. (2025b),2007-04-29,32.7,775,tmax_c,24.067220347556287,23.10547903800708,23.10547903800708,batch_0077f7ddef66648842aa.csv,-15.75,-59.75
25,days,1.0,2007-06-10,0.0,300,0.0,1,25,>,MAT,107160,OK,2007,Ortega Gómez et al. (2019),2007-05-30,10.0,300,precip_mm,24.067220347556287,0.0,0.0,batch_0077f7ddef66648842aa.csv,-15.75,-59.75
25,episodes,1.0,2008-02-21,0.0,200,0.0,2,25,>=,EST,107160,OK,2008,Li et al. 2025a,2008-02-14,34.0,200,tmax_c,24.067220347556287,0.0,0.0,batch_0077f7ddef66648842aa.csv,-15.75,-59.75
25,episodes,1.0,2008-04-12,0.0,625,0.0,2,25,>=,VEG,107160,OK,2008,Li et al. 2025a,2008-03-19,34.6,625,tmax_c,24.067220347556287,0.0,0.0,batch_0077f7ddef66648842aa.csv,-15.75,-59.75
25,episodes,1.0,2008-04-28,0.0,200,0.0,2,25,>=,REP,107160,OK,2008,Li et al. (2025b),2008-04-21,33.7,200,tmax_c,24.067220347556287,0.0,0.0,batch_0077f7ddef66648842aa.csv,-15.75,-59.75
25,episodes,1.0,2008-04-20,0.0,200,0.0,2,25,>=,FLO,107160,OK,2008,Li et al. (2025b),2008-04-13,33.7,200,tmax_c,24.067220347556287,0.0,0.0,batch_0077f7ddef66648842aa.csv,-15.75,-59.75
25,episodes,1.0,2008-05-29,0.0,775,0.0,2,25,>=,FIL,107160,OK,2008,Li et al. (2025b),2008-04-29,32.7,775,tmax_c,24.067220347556287,0.0,0.0,batch_0077f7ddef66648842aa.csv,-15.75,-59.75
25,days,1.0,2008-06-10,0.0,300,0.0,1,25,>,MAT,107160,OK,2008,Ortega Gómez et al. (2019),2008-05-30,10.0,300,precip_mm,24.067220347556287,0.0,0.0,batch_0077f7ddef66648842aa.csv,-15.75,-59.75
25,episodes,1.0,2009-02-23,0.0,250,0.0,2,25,>=,EST,101430,OK,2009,Li et al. 2025a,2009-02-14,34.0,250,tmax_c,23.536691923280788,0.0,0.0,batch_007a35f9b386f7566f3f.csv,-19.75,-44.75
25,episodes,1.0,2009-04-28,0.0,825,0.0,2,25,>=,VEG,101430,OK,2009,Li et al. 2025a,2009-03-27,34.6,825,tmax_c,23.536691923280788,0.0,0.0,batch_007a35f9b386f7566f3f.csv,-19.75,-44.75
25,episodes,1.0,2009-05-17,0.0,275,0.0,2,25,>=,REP,101430,OK,2009,Li et al. (2025b),2009-05-07,33.7,275,tmax_c,23.536691923280788,0.0,0.0,batch_007a35f9b386f7566f3f.csv,-19.75,-44.75
25,episodes,1.0,2009-05-06,0.0,200,0.0,2,25,>=,FLO,101430,OK,2009,Li et al. (2025b),2009-04-29,33.7,200,tmax_c,23.536691923280788,0.0,0.0,batch_007a35f9b386f7566f3f.csv,-19.75,-44.75
25,episodes,1.0,2009-06-25,0.0,975,0.0,2,25,>=,FIL,101430,OK,2009,Li et al. (2025b),2009-05-18,32.7,975,tmax_c,23.536691923280788,0.0,0.0,batch_007a35f9b386f7566f3f.csv,-19.75,-44.75
25,days,1.0,2009-07-10,0.0,375,0.0,1,25,>,MAT,101430,OK,2009,Ortega Gómez et al. (2019),2009-06-26,10.0,375,precip_mm,23.536691923280788,0.0,0.0,batch_007a35f9b386f7566f3f.csv,-19.75,-44.75
25,episodes,1.0,2010-02-23,0.0,250,0.0,2,25,>=,EST,101430,OK,2010,Li et al. 2025a,2010-02-14,34.0,250,tmax_c,23.536691923280788,0.0,0.0,batch_007a35f9b386f7566f3f.csv,-19.75,-44.75
25,episodes,1.0,2010-04-28,0.0,825,0.0,2,25,>=,VEG,101430,OK,2010,Li et al. 2025a,2010-03-27,34.6,825,tmax_c,23.536691923280788,0.0,0.0,batch_007a35f9b386f7566f3f.csv,-19.75,-44.75
25,episodes,1.0,2010-05-17,0.0,275,0.0,2,25,>=,REP,101430,OK,2010,Li et al. (2025b),2010-05-07,33.7,275,tmax_c,23.536691923280788,0.0,0.0,batch_007a35f9b386f7566f3f.csv,-19.75,-44.75
25,episodes,1.0,2010-05-06,0.0,200,0.0,2,25,>=,FLO,101430,OK,2010,Li et al. (2025b),2010-04-29,33.7,200,tmax_c,23.536691923280788,0.0,0.0,batch_007a35f9b386f7566f3f.csv,-19.75,-44.75
25,episodes,1.0,2010-06-25,0.0,975,0.0,2,25,>=,FIL,101430,OK,2010,Li et al. (2025b),2010-05-18,32.7,975,tmax_c,23.536691923280788,0.0,0.0,batch_007a35f9b386f7566f3f.csv,-19.75,-44.75
25,days,1.0,2010-07-10,0.0,375,0.0,1,25,>,MAT,101430,OK,2010,Ortega Gómez et al. (2019),2010-06-26,10.0,375,precip_mm,23.536691923280788,0.0,0.0,batch_007a35f9b386f7566f3f.csv,-19.75,-44.75
25,episodes,1.0,2011-02-23,0.0,250,0.0,2,25,>=,EST,101430,OK,2011,Li et al. 2025a,2011-02-14,34.0,250,tmax_c,23.536691923280788,0.0,0.0,batch_007a35f9b386f7566f3f.csv,-19.75,-44.75
25,episodes,1.0,2011-04-28,0.0,825,0.0,2,25,>=,VEG,101430,OK,2011,Li et al. 2025a,2011-03-27,34.6,825,tmax_c,23.536691923280788,0.0,0.0,batch_007a35f9b386f7566f3f.csv,-19.75,-44.75
25,episodes,1.0,2011-05-17,0.0,275,0.0,2,25,>=,REP,101430,OK,2011,Li et al. (2025b),2011-05-07,33.7,275,tmax_c,23.536691923280788,0.0,0.0,batch_007a35f9b386f7566f3f.csv,-19.75,-44.75
25,episodes,1.0,2011-05-06,0.0,200,0.0,2,25,>=,FLO,101430,OK,2011,Li et al. (2025b),2011-04-29,33.7,200,tmax_c,23.536691923280788,0.0,0.0,batch_007a35f9b386f7566f3f.csv,-19.75,-44.75
25,episodes,1.0,2011-06-25,0.0,975,0.0,2,25,>=,FIL,101430,OK,2011,Li et al. (2025b),2011-05-18,32.7,975,tmax_c,23.536691923280788,0.0,0.0,batch_007a35f9b386f7566f3f.csv,-19.75,-44.75
25,days,1.0,2011-07-10,0.0,375,0.0,1,25,>,MAT,101430,OK,2011,Ortega Gómez et al. (2019),2011-06-26,10.0,375,precip_mm,23.536691923280788,0.0,0.0,batch_007a35f9b386f7566f3f.csv,-19.75,-44.75
25,episodes,1.0,2012-02-23,0.0,250,0.0,2,25,>=,EST,101430,OK,2012,Li et al. 2025a,2012-02-14,34.0,250,tmax_c,23.536691923280788,0.0,0.0,batch_007a35f9b386f7566f3f.csv,-19.75,-44.75
25,episodes,1.0,2012-04-28,0.0,825,0.0,2,25,>=,VEG,101430,OK,2012,Li et al. 2025a,2012-03-27,34.6,825,tmax_c,23.536691923280788,0.0,0.0,batch_007a35f9b386f7566f3f.csv,-19.75,-44.75
25,episodes,1.0,2012-05-17,0.0,275,0.0,2,25,>=,REP,101430,OK,2012,Li et al. (2025b),2012-05-07,33.7,275,tmax_c,23.536691923280788,0.0,0.0,batch_007a35f9b386f7566f3f.csv,-19.75,-44.75
25,episodes,1.0,2012-05-06,0.0,200,0.0,2,25,>=,FLO,101430,OK,2012,Li et al. (2025b),2012-04-29,33.7,200,tmax_c,23.536691923280788,0.0,0.0,batch_007a35f9b386f7566f3f.csv,-19.75,-44.75
25,episodes,1.0,2012-06-25,0.0,975,0.0,2,25,>=,FIL,101430,OK,2012,Li et al. (2025b),2012-05-18,32.7,975,tmax_c,23.536691923280788,0.0,0.0,batch_007a35f9b386f7566f3f.csv,-19.75,-44.75
25,days,1.0,2012-07-10,0.0,375,0.0,1,25,>,MAT,101430,OK,2012,Ortega Gómez et al. (2019),2012-06-26,10.0,375,precip_mm,23.536691923280788,0.0,0.0,batch_007a35f9b386f7566f3f.csv,-19.75,-44.75
25,episodes,1.0,2001-02-23,0.0,250,0.0,2,25,>=,EST,102851,OK,2001,Li et al. 2025a,2001-02-14,34.0,250,tmax_c,23.680184809525272,0.0,0.0,batch_007cfe5ffb0cb3c8ab6b.csv,-18.75,-54.25
25,episodes,1.0,2001-04-28,0.0,825,0.0,2,25,>=,VEG,102851,OK,2001,Li et al. 2025a,2001-03-27,34.6,825,tmax_c,23.680184809525272,0.0,0.0,batch_007cfe5ffb0cb3c8ab6b.csv,-18.75,-54.25
25,episodes,1.0,2001-05-17,0.0,275,0.0,2,25,>=,REP,102851,OK,2001,Li et al. (2025b),2001-05-07,33.7,275,tmax_c,23.680184809525272,0.0,0.0,batch_007cfe5ffb0cb3c8ab6b.csv,-18.75,-54.25
25,episodes,1.0,2001-05-06,0.0,200,0.0,2,25,>=,FLO,102851,OK,2001,Li et al. (2025b),2001-04-29,33.7,200,tmax_c,23.680184809525272,0.0,0.0,batch_007cfe5ffb0cb3c8ab6b.csv,-18.75,-54.25
25,episodes,1.0,2001-06-25,0.0,975,0.0,2,25,>=,FIL,102851,OK,2001,Li et al. (2025b),2001-05-18,32.7,975,tmax_c,23.680184809525272,0.0,0.0,batch_007cfe5ffb0cb3c8ab6b.csv,-18.75,-54.25
25,days,1.0,2001-07-10,0.0,375,0.0,1,25,>,MAT,102851,OK,2001,Ortega Gómez et al. (2019),2001-06-26,10.0,375,precip_mm,23.680184809525272,0.0,0.0,batch_007cfe5ffb0cb3c8ab6b.csv,-18.75,-54.25
25,episodes,1.0,2002-02-23,0.0,250,0.0,2,25,>=,EST,102851,OK,2002,Li et al. 2025a,2002-02-14,34.0,250,tmax_c,23.680184809525272,0.0,0.0,batch_007cfe5ffb0cb3c8ab6b.csv,-18.75,-54.25
25,episodes,1.0,2002-04-28,0.0,825,0.0,2,25,>=,VEG,102851,OK,2002,Li et al. 2025a,2002-03-27,34.6,825,tmax_c,23.680184809525272,0.0,0.0,batch_007cfe5ffb0cb3c8ab6b.csv,-18.75,-54.25
25,episodes,1.0,2002-05-17,0.0,275,0.0,2,25,>=,REP,102851,OK,2002,Li et al. (2025b),2002-05-07,33.7,275,tmax_c,23.680184809525272,0.0,0.0,batch_007cfe5ffb0cb3c8ab6b.csv,-18.75,-54.25
25,episodes,1.0,2002-05-06,0.0800708305474494,200,0.0800708305474494,2,25,>=,FLO,102851,OK,2002,Li et al. (2025b),2002-04-29,33.7,200,tmax_c,23.680184809525272,1.8960920652157849,1.8960920652157849,batch_007cfe5ffb0cb3c8ab6b.csv,-18.75,-54.25
25,episodes,1.0,2002-06-25,0.1600946438326129,975,0.1600946438326129,2,25,>=,FIL,102851,OK,2002,Li et al. (2025b),2002-05-18,32.7,975,tmax_c,23.680184809525272,3.7910707529714,3.7910707529714,batch_007cfe5ffb0cb3c8ab6b.csv,-18.75,-54.25
25,days,1.0,2002-07-10,0.0,375,0.0,1,25,>,MAT,102851,OK,2002,Ortega Gómez et al. (2019),2002-06-26,10.0,375,precip_mm,23.680184809525272,0.0,0.0,batch_007cfe5ffb0cb3c8ab6b.csv,-18.75,-54.25
25,episodes,1.0,2003-02-23,0.0,250,0.0,2,25,>=,EST,102851,OK,2003,Li et al. 2025a,2003-02-14,34.0,250,tmax_c,23.680184809525272,0.0,0.0,batch_007cfe5ffb0cb3c8ab6b.csv,-18.75,-54.25
25,episodes,1.0,2003-04-28,0.0,825,0.0,2,25,>=,VEG,102851,OK,2003,Li et al. 2025a,2003-03-27,34.6,825,tmax_c,23.680184809525272,0.0,0.0,batch_007cfe5ffb0cb3c8ab6b.csv,-18.75,-54.25
25,episodes,1.0,2003-05-17,0.0,275,0.0,2,25,>=,REP,102851,OK,2003,Li et al. (2025b),2003-05-07,33.7,275,tmax_c,23.680184809525272,0.0,0.0,batch_007cfe5ffb0cb3c8ab6b.csv,-18.75,-54.25
25,episodes,1.0,2003-05-06,0.0,200,0.0,2,25,>=,FLO,102851,OK,2003,Li et al. (2025b),2003-04-29,33.7,200,tmax_c,23.680184809525272,0.0,0.0,batch_007cfe5ffb0cb3c8ab6b.csv,-18.75,-54.25
25,episodes,1.0,2003-06-25,0.0,975,0.0,2,25,>=,FIL,102851,OK,2003,Li et al. (2025b),2003-05-18,32.7,975,tmax_c,23.680184809525272,0.0,0.0,batch_007cfe5ffb0cb3c8ab6b.csv,-18.75,-54.25
25,days,1.0,2003-07-10,0.0,375,0.0,1,25,>,MAT,102851,OK,2003,Ortega Gómez et al. (2019),2003-06-26,10.0,375,precip_mm,23.680184809525272,0.0,0.0,batch_007cfe5ffb0cb3c8ab6b.csv,-18.75,-54.25
25,episodes,1.0,2004-02-23,0.0,250,0.0,2,25,>=,EST,102851,OK,2004,Li et al. 2025a,2004-02-14,34.0,250,tmax_c,23.680184809525272,0.0,0.0,batch_007cfe5ffb0cb3c8ab6b.csv,-18.75,-54.25
25,episodes,1.0,2004-04-28,0.0,825,0.0,2,25,>=,VEG,102851,OK,2004,Li et al. 2025a,2004-03-27,34.6,825,tmax_c,23.680184809525272,0.0,0.0,batch_007cfe5ffb0cb3c8ab6b.csv,-18.75,-54.25
25,episodes,1.0,2004-05-17,0.0,275,0.0,2,25,>=,REP,102851,OK,2004,Li et al. (2025b),2004-05-07,33.7,275,tmax_c,23.680184809525272,0.0,0.0,batch_007cfe5ffb0cb3c8ab6b.csv,-18.75,-54.25
25,episodes,1.0,2004-05-06,0.0,200,0.0,2,25,>=,FLO,102851,OK,2004,Li et al. (2025b),2004-04-29,33.7,200,tmax_c,23.680184809525272,0.0,0.0,batch_007cfe5ffb0cb3c8ab6b.csv,-18.75,-54.25
25,episodes,1.0,2004-06-25,0.0,975,0.0,2,25,>=,FIL,102851,OK,2004,Li et al. (2025b),2004-05-18,32.7,975,tmax_c,23.680184809525272,0.0,0.0,batch_007cfe5ffb0cb3c8ab6b.csv,-18.75,-54.25
25,days,1.0,2004-07-10,0.0399526171960864,375,0.0399526171960864,1,25,>,MAT,102851,OK,2004,Ortega Gómez et al. (2019),2004-06-26,10.0,375,precip_mm,23.680184809525272,0.9460853588275452,0.9460853588275452,batch_007cfe5ffb0cb3c8ab6b.csv,-18.75,-54.25
25,episodes,1.0,1993-11-08,0.0,225,0.0,2,25,>=,EST,87419,OK,1993,Li et al. 2025a,1993-10-31,34.0,225,tmax_c,21.8229854549849,0.0,0.0,batch_007ee94c96200732c660.csv,-29.25,149.75
25,episodes,1.0,1994-01-04,1.0,725,1.0,2,25,>=,VEG,87419,OK,1993,Li et al. 2025a,1993-12-07,34.6,725,tmax_c,21.8229854549849,21.8229854549849,21.8229854549849,batch_007ee94c96200732c660.csv,-29.25,149.75
25,episodes,1.0,1994-01-21,1.0,250,2.0,2,25,>=,REP,87419,OK,1993,Li et al. (2025b),1994-01-12,33.7,250,tmax_c,21.8229854549849,43.6459709099698,21.8229854549849,batch_007ee94c96200732c660.csv,-29.25,149.75
25,episodes,1.0,1994-01-11,1.0,175,1.0,2,25,>=,FLO,87419,OK,1993,Li et al. (2025b),1994-01-05,33.7,175,tmax_c,21.8229854549849,21.8229854549849,21.8229854549849,batch_007ee94c96200732c660.csv,-29.25,149.75
25,episodes,1.0,1994-02-25,1.0,875,2.800312503954168,2,25,>=,FIL,87419,OK,1993,Li et al. (2025b),1994-01-22,32.7,875,tmax_c,21.8229854549849,61.11117904320415,21.8229854549849,batch_007ee94c96200732c660.csv,-29.25,149.75
25,days,1.0,1994-03-10,1.0,325,1.640039078284584,1,25,>,MAT,87419,OK,1993,Ortega Gómez et al. (2019),1994-02-26,10.0,325,precip_mm,21.8229854549849,35.79054895101132,21.8229854549849,batch_007ee94c96200732c660.csv,-29.25,149.75
25,episodes,1.0,1994-11-08,0.0,225,0.0,2,25,>=,EST,87419,OK,1994,Li et al. 2025a,1994-10-31,34.0,225,tmax_c,21.8229854549849,0.0,0.0,batch_007ee94c96200732c660.csv,-29.25,149.75
25,episodes,1.0,1995-01-04,1.0,725,2.0,2,25,>=,VEG,87419,OK,1994,Li et al. 2025a,1994-12-07,34.6,725,tmax_c,21.8229854549849,43.6459709099698,21.8229854549849,batch_007ee94c96200732c660.csv,-29.25,149.75
25,episodes,1.0,1995-01-21,0.8002341039283142,250,0.8002341039283142,2,25,>=,REP,87419,OK,1994,Li et al. (2025b),1995-01-12,33.7,250,tmax_c,21.8229854549849,17.463497210610473,17.463497210610473,batch_007ee94c96200732c660.csv,-29.25,149.75
25,episodes,1.0,1995-01-11,0.0,175,0.0,2,25,>=,FLO,87419,OK,1994,Li et al. (2025b),1995-01-05,33.7,175,tmax_c,21.8229854549849,0.0,0.0,batch_007ee94c96200732c660.csv,-29.25,149.75
25,episodes,1.0,1995-02-25,0.0,875,0.0,2,25,>=,FIL,87419,OK,1994,Li et al. (2025b),1995-01-22,32.7,875,tmax_c,21.8229854549849,0.0,0.0,batch_007ee94c96200732c660.csv,-29.25,149.75
25,days,1.0,1995-03-10,0.0,325,0.0,1,25,>,MAT,87419,OK,1994,Ortega Gómez et al. (2019),1995-02-26,10.0,325,precip_mm,21.8229854549849,0.0,0.0,batch_007ee94c96200732c660.csv,-29.25,149.75
25,episodes,1.0,1995-11-08,0.4800001218471597,225,0.4800001218471597,2,25,>=,EST,87419,OK,1995,Li et al. 2025a,1995-10-31,34.0,225,tmax_c,21.8229854549849,10.475035677461545,10.475035677461545,batch_007ee94c96200732c660.csv,-29.25,149.75
25,episodes,1.0,1996-01-04,1.0,725,1.1201949037964964,2,25,>=,VEG,87419,OK,1995,Li et al. 2025a,1995-12-07,34.6,725,tmax_c,21.8229854549849,24.44599709229915,21.8229854549849,batch_007ee94c96200732c660.csv,-29.25,149.75
25,episodes,1.0,1996-01-21,0.0,250,0.0,2,25,>=,REP,87419,OK,1995,Li et al. (2025b),1996-01-12,33.7,250,tmax_c,21.8229854549849,0.0,0.0,batch_007ee94c96200732c660.csv,-29.25,149.75
25,episodes,1.0,1996-01-11,0.0,175,0.0,2,25,>=,FLO,87419,OK,1995,Li et al. (2025b),1996-01-05,33.7,175,tmax_c,21.8229854549849,0.0,0.0,batch_007ee94c96200732c660.csv,-29.25,149.75
25,episodes,1.0,1996-02-25,1.0,875,3.0002345913171764,2,25,>=,FIL,87419,OK,1995,Li et al. (2025b),1996-01-22,32.7,875,tmax_c,21.8229854549849,65.4740758478573,21.8229854549849,batch_007ee94c96200732c660.csv,-29.25,149.75
25,days,1.0,1996-03-10,0.2803121385315045,350,0.2803121385315045,1,25,>,MAT,87419,OK,1995,Ortega Gómez et al. (2019),1996-02-26,10.0,350,precip_mm,21.8229854549849,6.117247722028736,6.117247722028736,batch_007ee94c96200732c660.csv,-29.25,149.75
25,episodes,1.0,1996-11-08,0.0,225,0.0,2,25,>=,EST,87419,OK,1996,Li et al. 2025a,1996-10-31,34.0,225,tmax_c,21.8229854549849,0.0,0.0,batch_007ee94c96200732c660.csv,-29.25,149.75
25,episodes,1.0,1997-01-04,0.0,725,0.0,2,25,>=,VEG,87419,OK,1996,Li et al. 2025a,1996-12-07,34.6,725,tmax_c,21.8229854549849,0.0,0.0,batch_007ee94c96200732c660.csv,-29.25,149.75
25,episodes,1.0,1997-01-21,0.0400779127559566,250,0.0400779127559566,2,25,>=,REP,87419,OK,1996,Li et al. (2025b),1997-01-12,33.7,250,tmax_c,21.8229854549849,0.8746197071393956,0.8746197071393956,batch_007ee94c96200732c660.csv,-29.25,149.75
25,episodes,1.0,1997-01-11,0.0,175,0.0,2,25,>=,FLO,87419,OK,1996,Li et al. (2025b),1997-01-05,33.7,175,tmax_c,21.8229854549849,0.0,0.0,batch_007ee94c96200732c660.csv,-29.25,149.75
25,episodes,1.0,1997-02-25,1.0,875,2.2003118948370366,2,25,>=,FIL,87419,OK,1996,Li et al. (2025b),1997-01-22,32.7,875,tmax_c,21.8229854549849,48.01737447745891,21.8229854549849,batch_007ee94c96200732c660.csv,-29.25,149.75
25,days,1.0,1997-03-10,1.0,325,2.0,1,25,>,MAT,87419,OK,1996,Ortega Gómez et al. (2019),1997-02-26,10.0,325,precip_mm,21.8229854549849,43.6459709099698,21.8229854549849,batch_007ee94c96200732c660.csv,-29.25,149.75
25,episodes,1.0,1993-10-25,0.0,350,0.0,2,25,>=,EST,92217,OK,1993,Li et al. 2025a,1993-10-12,34.0,350,tmax_c,22.526856912172203,0.0,0.0,batch_008201ba71028f4e0b2f.csv,-25.75,28.75
25,episodes,1.0,1994-01-19,0.0,1100,0.0,2,25,>=,VEG,92217,OK,1993,Li et al. 2025a,1993-12-07,34.6,1100,tmax_c,22.526856912172203,0.0,0.0,batch_008201ba71028f4e0b2f.csv,-25.75,28.75
25,episodes,1.0,1994-02-14,0.0,350,0.0,2,25,>=,REP,92217,OK,1993,Li et al. (2025b),1994-02-01,33.7,350,tmax_c,22.526856912172203,0.0,0.0,batch_008201ba71028f4e0b2f.csv,-25.75,28.75
25,episodes,1.0,1994-01-31,0.0,300,0.0,2,25,>=,FLO,92217,OK,1993,Li et al. (2025b),1994-01-20,33.7,300,tmax_c,22.526856912172203,0.0,0.0,batch_008201ba71028f4e0b2f.csv,-25.75,28.75
25,episodes,1.0,1994-04-09,0.0,1350,0.0,2,25,>=,FIL,92217,OK,1993,Li et al. (2025b),1994-02-15,32.7,1350,tmax_c,22.526856912172203,0.0,0.0,batch_008201ba71028f4e0b2f.csv,-25.75,28.75
25,days,1.0,1994-04-29,0.039932680465028,500,0.039932680465028,1,25,>,MAT,92217,OK,1993,Ortega Gómez et al. (2019),1994-04-10,10.0,500,precip_mm,22.526856912172203,0.8995577789551803,0.8995577789551803,batch_008201ba71028f4e0b2f.csv,-25.75,28.75
25,episodes,1.0,1994-10-25,0.0,350,0.0,2,25,>=,EST,92217,OK,1994,Li et al. 2025a,1994-10-12,34.0,350,tmax_c,22.526856912172203,0.0,0.0,batch_008201ba71028f4e0b2f.csv,-25.75,28.75
25,episodes,1.0,1995-01-19,0.0,1100,0.0,2,25,>=,VEG,92217,OK,1994,Li et al. 2025a,1994-12-07,34.6,1100,tmax_c,22.526856912172203,0.0,0.0,batch_008201ba71028f4e0b2f.csv,-25.75,28.75
25,episodes,1.0,1995-02-14,0.0,350,0.0,2,25,>=,REP,92217,OK,1994,Li et al. (2025b),1995-02-01,33.7,350,tmax_c,22.526856912172203,0.0,0.0,batch_008201ba71028f4e0b2f.csv,-25.75,28.75
25,episodes,1.0,1995-01-31,0.0801341516811567,300,0.0801341516811567,2,25,>=,FLO,92217,OK,1994,Li et al. (2025b),1995-01-20,33.7,300,tmax_c,22.526856912172203,1.805170568699721,1.805170568699721,batch_008201ba71028f4e0b2f.csv,-25.75,28.75
25,episodes,1.0,1995-04-09,0.0,1350,0.0,2,25,>=,FIL,92217,OK,1994,Li et al. (2025b),1995-02-15,32.7,1350,tmax_c,22.526856912172203,0.0,0.0,batch_008201ba71028f4e0b2f.csv,-25.75,28.75
25,days,1.0,1995-04-29,1.0,500,2.039932680465028,1,25,>,MAT,92217,OK,1994,Ortega Gómez et al. (2019),1995-04-10,10.0,500,precip_mm,22.526856912172203,45.953271603299584,22.526856912172203,batch_008201ba71028f4e0b2f.csv,-25.75,28.75
25,episodes,1.0,1995-10-25,0.0,350,0.0,2,25,>=,EST,92217,OK,1995,Li et al. 2025a,1995-10-12,34.0,350,tmax_c,22.526856912172203,0.0,0.0,batch_008201ba71028f4e0b2f.csv,-25.75,28.75
25,episodes,1.0,1996-01-19,0.0,1100,0.0,2,25,>=,VEG,92217,OK,1995,Li et al. 2025a,1995-12-07,34.6,1100,tmax_c,22.526856912172203,0.0,0.0,batch_008201ba71028f4e0b2f.csv,-25.75,28.75
25,episodes,1.0,1996-02-14,0.0,350,0.0,2,25,>=,REP,92217,OK,1995,Li et al. (2025b),1996-02-01,33.7,350,tmax_c,22.526856912172203,0.0,0.0,batch_008201ba71028f4e0b2f.csv,-25.75,28.75
25,episodes,1.0,1996-01-31,0.0,300,0.0,2,25,>=,FLO,92217,OK,1995,Li et al. (2025b),1996-01-20,33.7,300,tmax_c,22.526856912172203,0.0,0.0,batch_008201ba71028f4e0b2f.csv,-25.75,28.75
25,episodes,1.0,1996-04-09,0.0,1375,0.0,2,25,>=,FIL,92217,OK,1995,Li et al. (2025b),1996-02-15,32.7,1375,tmax_c,22.526856912172203,0.0,0.0,batch_008201ba71028f4e0b2f.csv,-25.75,28.75
25,days,1.0,1996-04-29,0.0,500,0.0,1,25,>,MAT,92217,OK,1995,Ortega Gómez et al. (2019),1996-04-10,10.0,500,precip_mm,22.526856912172203,0.0,0.0,batch_008201ba71028f4e0b2f.csv,-25.75,28.75
25,episodes,1.0,1996-10-25,0.0,350,0.0,2,25,>=,EST,92217,OK,1996,Li et al. 2025a,1996-10-12,34.0,350,tmax_c,22.526856912172203,0.0,0.0,batch_008201ba71028f4e0b2f.csv,-25.75,28.75
25,episodes,1.0,1997-01-19,0.0,1100,0.0,2,25,>=,VEG,92217,OK,1996,Li et al. 2025a,1996-12-07,34.6,1100,tmax_c,22.526856912172203,0.0,0.0,batch_008201ba71028f4e0b2f.csv,-25.75,28.75
25,episodes,1.0,1997-02-14,0.0,350,0.0,2,25,>=,REP,92217,OK,1996,Li et al. (2025b),1997-02-01,33.7,350,tmax_c,22.526856912172203,0.0,0.0,batch_008201ba71028f4e0b2f.csv,-25.75,28.75
25,episodes,1.0,1997-01-31,0.0,300,0.0,2,25,>=,FLO,92217,OK,1996,Li et al. (2025b),1997-01-20,33.7,300,tmax_c,22.526856912172203,0.0,0.0,batch_008201ba71028f4e0b2f.csv,-25.75,28.75
25,episodes,1.0,1997-04-09,0.0,1350,0.0,2,25,>=,FIL,92217,OK,1996,Li et al. (2025b),1997-02-15,32.7,1350,tmax_c,22.526856912172203,0.0,0.0,batch_008201ba71028f4e0b2f.csv,-25.75,28.75
25,days,1.0,1997-04-29,1.0,500,1.0,1,25,>,MAT,92217,OK,1996,Ortega Gómez et al. (2019),1997-04-10,10.0,500,precip_mm,22.526856912172203,22.526856912172203,22.526856912172203,batch_008201ba71028f4e0b2f.csv,-25.75,28.75
25,episodes,1.0,1993-03-08,0.0,200,0.0,2,25,>=,EST,92779,OK,1993,Li et al. 2025a,1993-03-01,34.0,200,tmax_c,22.526856912172203,0.0,0.0,batch_008299db259e00981fd5.csv,-25.75,-50.25
25,episodes,1.0,1993-04-27,0.0,625,0.0,2,25,>=,VEG,92779,OK,1993,Li et al. 2025a,1993-04-03,34.6,625,tmax_c,22.526856912172203,0.0,0.0,batch_008299db259e00981fd5.csv,-25.75,-50.25
25,episodes,1.0,1993-05-13,0.0,200,0.0,2,25,>=,REP,92779,OK,1993,Li et al. (2025b),1993-05-06,33.7,200,tmax_c,22.526856912172203,0.0,0.0,batch_008299db259e00981fd5.csv,-25.75,-50.25
25,episodes,1.0,1993-05-05,0.0,200,0.0,2,25,>=,FLO,92779,OK,1993,Li et al. (2025b),1993-04-28,33.7,200,tmax_c,22.526856912172203,0.0,0.0,batch_008299db259e00981fd5.csv,-25.75,-50.25
25,episodes,1.0,1993-06-13,0.0,775,0.0,2,25,>=,FIL,92779,OK,1993,Li et al. (2025b),1993-05-14,32.7,775,tmax_c,22.526856912172203,0.0,0.0,batch_008299db259e00981fd5.csv,-25.75,-50.25
25,days,1.0,1993-06-25,1.0,300,2.0,1,25,>,MAT,92779,OK,1993,Ortega Gómez et al. (2019),1993-06-14,10.0,300,precip_mm,22.526856912172203,45.053713824344406,22.526856912172203,batch_008299db259e00981fd5.csv,-25.75,-50.25
25,episodes,1.0,1994-03-08,0.0,200,0.0,2,25,>=,EST,92779,OK,1994,Li et al. 2025a,1994-03-01,34.0,200,tmax_c,22.526856912172203,0.0,0.0,batch_008299db259e00981fd5.csv,-25.75,-50.25
25,episodes,1.0,1994-04-27,0.0,625,0.0,2,25,>=,VEG,92779,OK,1994,Li et al. 2025a,1994-04-03,34.6,625,tmax_c,22.526856912172203,0.0,0.0,batch_008299db259e00981fd5.csv,-25.75,-50.25
25,episodes,1.0,1994-05-13,0.0,200,0.0,2,25,>=,REP,92779,OK,1994,Li et al. (2025b),1994-05-06,33.7,200,tmax_c,22.526856912172203,0.0,0.0,batch_008299db259e00981fd5.csv,-25.75,-50.25
25,episodes,1.0,1994-05-05,0.0,200,0.0,2,25,>=,FLO,92779,OK,1994,Li et al. (2025b),1994-04-28,33.7,200,tmax_c,22.526856912172203,0.0,0.0,batch_008299db259e00981fd5.csv,-25.75,-50.25
25,episodes,1.0,1994-06-13,0.0,775,0.0,2,25,>=,FIL,92779,OK,1994,Li et al. (2025b),1994-05-14,32.7,775,tmax_c,22.526856912172203,0.0,0.0,batch_008299db259e00981fd5.csv,-25.75,-50.25
25,days,1.0,1994-06-25,1.0,300,3.319495468773264,1,25,>,MAT,92779,OK,1994,Ortega Gómez et al. (2019),1994-06-14,10.0,300,precip_mm,22.526856912172203,74.7777994456593,22.526856912172203,batch_008299db259e00981fd5.csv,-25.75,-50.25
25,episodes,1.0,1995-03-08,0.0,200,0.0,2,25,>=,EST,92779,OK,1995,Li et al. 2025a,1995-03-01,34.0,200,tmax_c,22.526856912172203,0.0,0.0,batch_008299db259e00981fd5.csv,-25.75,-50.25
25,episodes,1.0,1995-04-27,0.0,625,0.0,2,25,>=,VEG,92779,OK,1995,Li et al. 2025a,1995-04-03,34.6,625,tmax_c,22.526856912172203,0.0,0.0,batch_008299db259e00981fd5.csv,-25.75,-50.25
25,episodes,1.0,1995-05-13,0.0,200,0.0,2,25,>=,REP,92779,OK,1995,Li et al. (2025b),1995-05-06,33.7,200,tmax_c,22.526856912172203,0.0,0.0,batch_008299db259e00981fd5.csv,-25.75,-50.25
25,episodes,1.0,1995-05-05,0.0,200,0.0,2,25,>=,FLO,92779,OK,1995,Li et al. (2025b),1995-04-28,33.7,200,tmax_c,22.526856912172203,0.0,0.0,batch_008299db259e00981fd5.csv,-25.75,-50.25
25,episodes,1.0,1995-06-13,0.0,775,0.0,2,25,>=,FIL,92779,OK,1995,Li et al. (2025b),1995-05-14,32.7,775,tmax_c,22.526856912172203,0.0,0.0,batch_008299db259e00981fd5.csv,-25.75,-50.25
25,days,1.0,1995-06-25,0.3994957124677311,300,0.6790920388499075,1,25,>,MAT,92779,OK,1995,Ortega Gómez et al. (2019),1995-06-14,10.0,300,precip_mm,22.526856912172203,15.297809189367154,8.999382751786868,batch_008299db259e00981fd5.csv,-25.75,-50.25
25,episodes,1.0,1996-03-08,0.0,200,0.0,2,25,>=,EST,92779,OK,1996,Li et al. 2025a,1996-03-01,34.0,200,tmax_c,22.526856912172203,0.0,0.0,batch_008299db259e00981fd5.csv,-25.75,-50.25
25,episodes,1.0,1996-04-27,0.0,625,0.0,2,25,>=,VEG,92779,OK,1996,Li et al. 2025a,1996-04-03,34.6,625,tmax_c,22.526856912172203,0.0,0.0,batch_008299db259e00981fd5.csv,-25.75,-50.25
25,episodes,1.0,1996-05-13,0.0,200,0.0,2,25,>=,REP,92779,OK,1996,Li et al. (2025b),1996-05-06,33.7,200,tmax_c,22.526856912172203,0.0,0.0,batch_008299db259e00981fd5.csv,-25.75,-50.25
25,episodes,1.0,1996-05-05,0.0,200,0.0,2,25,>=,FLO,92779,OK,1996,Li et al. (2025b),1996-04-28,33.7,200,tmax_c,22.526856912172203,0.0,0.0,batch_008299db259e00981fd5.csv,-25.75,-50.25
25,episodes,1.0,1996-06-13,0.0,775,0.0,2,25,>=,FIL,92779,OK,1996,Li et al. (2025b),1996-05-14,32.7,775,tmax_c,22.526856912172203,0.0,0.0,batch_008299db259e00981fd5.csv,-25.75,-50.25
25,days,1.0,1996-06-25,1.0,300,1.6400667105037212,1,25,>,MAT,92779,OK,1996,Ortega Gómez et al. (2019),1996-06-14,10.0,300,precip_mm,22.526856912172203,36.94554811393428,22.526856912172203,batch_008299db259e00981fd5.csv,-25.75,-50.25
25,episodes,1.0,1985-03-08,0.0,200,0.0,2,25,>=,EST,97095,OK,1985,Li et al. 2025a,1985-03-01,34.0,200,tmax_c,23.063381981173684,0.0,0.0,batch_008c9ed455fd7ab76e06.csv,-22.75,-52.25
25,episodes,1.0,1985-04-27,0.0,625,0.0,2,25,>=,VEG,97095,OK,1985,Li et al. 2025a,1985-04-03,34.6,625,tmax_c,23.063381981173684,0.0,0.0,batch_008c9ed455fd7ab76e06.csv,-22.75,-52.25
25,episodes,1.0,1985-05-13,0.0,200,0.0,2,25,>=,REP,97095,OK,1985,Li et al. (2025b),1985-05-06,33.7,200,tmax_c,23.063381981173684,0.0,0.0,batch_008c9ed455fd7ab76e06.csv,-22.75,-52.25
25,episodes,1.0,1985-05-05,0.0,200,0.0,2,25,>=,FLO,97095,OK,1985,Li et al. (2025b),1985-04-28,33.7,200,tmax_c,23.063381981173684,0.0,0.0,batch_008c9ed455fd7ab76e06.csv,-22.75,-52.25
25,episodes,1.0,1985-06-13,0.0,775,0.0,2,25,>=,FIL,97095,OK,1985,Li et al. (2025b),1985-05-14,32.7,775,tmax_c,23.063381981173684,0.0,0.0,batch_008c9ed455fd7ab76e06.csv,-22.75,-52.25
25,days,1.0,1985-06-25,0.0,300,0.0,1,25,>,MAT,97095,OK,1985,Ortega Gómez et al. (2019),1985-06-14,10.0,300,precip_mm,23.063381981173684,0.0,0.0,batch_008c9ed455fd7ab76e06.csv,-22.75,-52.25
25,episodes,1.0,1986-03-08,0.0,200,0.0,2,25,>=,EST,97095,OK,1986,Li et al. 2025a,1986-03-01,34.0,200,tmax_c,23.063381981173684,0.0,0.0,batch_008c9ed455fd7ab76e06.csv,-22.75,-52.25
25,episodes,1.0,1986-04-27,0.0,625,0.0,2,25,>=,VEG,97095,OK,1986,Li et al. 2025a,1986-04-03,34.6,625,tmax_c,23.063381981173684,0.0,0.0,batch_008c9ed455fd7ab76e06.csv,-22.75,-52.25
25,episodes,1.0,1986-05-13,0.0,200,0.0,2,25,>=,REP,97095,OK,1986,Li et al. (2025b),1986-05-06,33.7,200,tmax_c,23.063381981173684,0.0,0.0,batch_008c9ed455fd7ab76e06.csv,-22.75,-52.25
25,episodes,1.0,1986-05-05,0.0,200,0.0,2,25,>=,FLO,97095,OK,1986,Li et al. (2025b),1986-04-28,33.7,200,tmax_c,23.063381981173684,0.0,0.0,batch_008c9ed455fd7ab76e06.csv,-22.75,-52.25
25,episodes,1.0,1986-06-13,0.0,775,0.0,2,25,>=,FIL,97095,OK,1986,Li et al. (2025b),1986-05-14,32.7,775,tmax_c,23.063381981173684,0.0,0.0,batch_008c9ed455fd7ab76e06.csv,-22.75,-52.25
25,days,1.0,1986-06-25,0.0,300,0.0,1,25,>,MAT,97095,OK,1986,Ortega Gómez et al. (2019),1986-06-14,10.0,300,precip_mm,23.063381981173684,0.0,0.0,batch_008c9ed455fd7ab76e06.csv,-22.75,-52.25
25,episodes,1.0,1987-03-08,0.0,200,0.0,2,25,>=,EST,97095,OK,1987,Li et al. 2025a,1987-03-01,34.0,200,tmax_c,23.063381981173684,0.0,0.0,batch_008c9ed455fd7ab76e06.csv,-22.75,-52.25
25,episodes,1.0,1987-04-27,0.0,625,0.0,2,25,>=,VEG,97095,OK,1987,Li et al. 2025a,1987-04-03,34.6,625,tmax_c,23.063381981173684,0.0,0.0,batch_008c9ed455fd7ab76e06.csv,-22.75,-52.25
25,episodes,1.0,1987-05-13,0.0,200,0.0,2,25,>=,REP,97095,OK,1987,Li et al. (2025b),1987-05-06,33.7,200,tmax_c,23.063381981173684,0.0,0.0,batch_008c9ed455fd7ab76e06.csv,-22.75,-52.25
25,episodes,1.0,1987-05-05,0.0,200,0.0,2,25,>=,FLO,97095,OK,1987,Li et al. (2025b),1987-04-28,33.7,200,tmax_c,23.063381981173684,0.0,0.0,batch_008c9ed455fd7ab76e06.csv,-22.75,-52.25
25,episodes,1.0,1987-06-13,0.0,775,0.0,2,25,>=,FIL,97095,OK,1987,Li et al. (2025b),1987-05-14,32.7,775,tmax_c,23.063381981173684,0.0,0.0,batch_008c9ed455fd7ab76e06.csv,-22.75,-52.25
25,days,1.0,1987-06-25,1.0,300,2.7602924007436247,1,25,>,MAT,97095,OK,1987,Ortega Gómez et al. (2019),1987-06-14,10.0,300,precip_mm,23.063381981173684,63.66167801808116,23.063381981173684,batch_008c9ed455fd7ab76e06.csv,-22.75,-52.25
25,episodes,1.0,1988-03-08,0.0,200,0.0,2,25,>=,EST,97095,OK,1988,Li et al. 2025a,1988-03-01,34.0,200,tmax_c,23.063381981173684,0.0,0.0,batch_008c9ed455fd7ab76e06.csv,-22.75,-52.25
25,episodes,1.0,1988-04-27,0.0,625,0.0,2,25,>=,VEG,97095,OK,1988,Li et al. 2025a,1988-04-03,34.6,625,tmax_c,23.063381981173684,0.0,0.0,batch_008c9ed455fd7ab76e06.csv,-22.75,-52.25
25,episodes,1.0,1988-05-13,0.0,200,0.0,2,25,>=,REP,97095,OK,1988,Li et al. (2025b),1988-05-06,33.7,200,tmax_c,23.063381981173684,0.0,0.0,batch_008c9ed455fd7ab76e06.csv,-22.75,-52.25
25,episodes,1.0,1988-05-05,0.0,200,0.0,2,25,>=,FLO,97095,OK,1988,Li et al. (2025b),1988-04-28,33.7,200,tmax_c,23.063381981173684,0.0,0.0,batch_008c9ed455fd7ab76e06.csv,-22.75,-52.25
25,episodes,1.0,1988-06-13,0.0,775,0.0,2,25,>=,FIL,97095,OK,1988,Li et al. (2025b),1988-05-14,32.7,775,tmax_c,23.063381981173684,0.0,0.0,batch_008c9ed455fd7ab76e06.csv,-22.75,-52.25
25,days,1.0,1988-06-25,0.0,300,0.0,1,25,>,MAT,97095,OK,1988,Ortega Gómez et al. (2019),1988-06-14,10.0,300,precip_mm,23.063381981173684,0.0,0.0,batch_008c9ed455fd7ab76e06.csv,-22.75,-52.25
25,episodes,1.0,1989-12-07,0.0,175,0.0,2,25,>=,EST,103775,OK,1989,Li et al. 2025a,1989-12-01,34.0,175,tmax_c,23.816464482081678,0.0,0.0,batch_008e1a304b477f931fb3.csv,-17.75,47.75
25,episodes,1.0,1990-01-23,0.0,600,0.0,2,25,>=,VEG,103775,OK,1989,Li et al. 2025a,1989-12-31,34.6,600,tmax_c,23.816464482081678,0.0,0.0,batch_008e1a304b477f931fb3.csv,-17.75,47.75
25,episodes,1.0,1990-02-05,0.0,175,0.0,2,25,>=,REP,103775,OK,1989,Li et al. (2025b),1990-01-30,33.7,175,tmax_c,23.81646448208168,0.0,0.0,batch_008e1a304b477f931fb3.csv,-17.75,47.75
25,episodes,1.0,1990-01-29,0.0,150,0.0,2,25,>=,FLO,103775,OK,1989,Li et al. (2025b),1990-01-24,33.7,150,tmax_c,23.816464482081678,0.0,0.0,batch_008e1a304b477f931fb3.csv,-17.75,47.75
25,episodes,1.0,1990-03-06,0.0,725,0.0,2,25,>=,FIL,103775,OK,1989,Li et al. (2025b),1990-02-06,32.7,725,tmax_c,23.816464482081678,0.0,0.0,batch_008e1a304b477f931fb3.csv,-17.75,47.75
25,days,1.0,1990-03-17,0.0,275,0.0,1,25,>,MAT,103775,OK,1989,Ortega Gómez et al. (2019),1990-03-07,10.0,275,precip_mm,23.816464482081678,0.0,0.0,batch_008e1a304b477f931fb3.csv,-17.75,47.75
25,episodes,1.0,1990-12-07,0.0,175,0.0,2,25,>=,EST,103775,OK,1990,Li et al. 2025a,1990-12-01,34.0,175,tmax_c,23.816464482081678,0.0,0.0,batch_008e1a304b477f931fb3.csv,-17.75,47.75
25,episodes,1.0,1991-01-23,0.0,600,0.0,2,25,>=,VEG,103775,OK,1990,Li et al. 2025a,1990-12-31,34.6,600,tmax_c,23.816464482081678,0.0,0.0,batch_008e1a304b477f931fb3.csv,-17.75,47.75
25,episodes,1.0,1991-02-05,0.0,175,0.0,2,25,>=,REP,103775,OK,1990,Li et al. (2025b),1991-01-30,33.7,175,tmax_c,23.816464482081678,0.0,0.0,batch_008e1a304b477f931fb3.csv,-17.75,47.75
25,episodes,1.0,1991-01-29,0.0,150,0.0,2,25,>=,FLO,103775,OK,1990,Li et al. (2025b),1991-01-24,33.7,150,tmax_c,23.816464482081678,0.0,0.0,batch_008e1a304b477f931fb3.csv,-17.75,47.75
25,episodes,1.0,1991-03-06,0.0,725,0.0,2,25,>=,FIL,103775,OK,1990,Li et al. (2025b),1991-02-06,32.7,725,tmax_c,23.816464482081678,0.0,0.0,batch_008e1a304b477f931fb3.csv,-17.75,47.75
25,days,1.0,1991-03-17,1.0,275,3.759956048741566,1,25,>,MAT,103775,OK,1990,Ortega Gómez et al. (2019),1991-03-07,10.0,275,precip_mm,23.816464482081678,89.54885968904166,23.816464482081678,batch_008e1a304b477f931fb3.csv,-17.75,47.75
25,episodes,1.0,1991-12-07,0.0,175,0.0,2,25,>=,EST,103775,OK,1991,Li et al. 2025a,1991-12-01,34.0,175,tmax_c,23.816464482081678,0.0,0.0,batch_008e1a304b477f931fb3.csv,-17.75,47.75
25,episodes,1.0,1992-01-23,0.0,600,0.0,2,25,>=,VEG,103775,OK,1991,Li et al. 2025a,1991-12-31,34.6,600,tmax_c,23.816464482081678,0.0,0.0,batch_008e1a304b477f931fb3.csv,-17.75,47.75
25,episodes,1.0,1992-02-05,0.0,175,0.0,2,25,>=,REP,103775,OK,1991,Li et al. (2025b),1992-01-30,33.7,175,tmax_c,23.816464482081678,0.0,0.0,batch_008e1a304b477f931fb3.csv,-17.75,47.75
25,episodes,1.0,1992-01-29,0.0,150,0.0,2,25,>=,FLO,103775,OK,1991,Li et al. (2025b),1992-01-24,33.7,150,tmax_c,23.816464482081678,0.0,0.0,batch_008e1a304b477f931fb3.csv,-17.75,47.75
25,episodes,1.0,1992-03-06,0.0,750,0.0,2,25,>=,FIL,103775,OK,1991,Li et al. (2025b),1992-02-06,32.7,750,tmax_c,23.81646448208168,0.0,0.0,batch_008e1a304b477f931fb3.csv,-17.75,47.75
25,days,1.0,1992-03-17,0.9200220975103676,275,1.3202229244554746,1,25,>,MAT,103775,OK,1991,Ortega Gómez et al. (2019),1992-03-07,10.0,275,precip_mm,23.816464482081678,31.443042388723807,21.91167360808595,batch_008e1a304b477f931fb3.csv,-17.75,47.75
25,episodes,1.0,1992-12-07,0.0,175,0.0,2,25,>=,EST,103775,OK,1992,Li et al. 2025a,1992-12-01,34.0,175,tmax_c,23.816464482081678,0.0,0.0,batch_008e1a304b477f931fb3.csv,-17.75,47.75
25,episodes,1.0,1993-01-23,0.0,600,0.0,2,25,>=,VEG,103775,OK,1992,Li et al. 2025a,1992-12-31,34.6,600,tmax_c,23.816464482081678,0.0,0.0,batch_008e1a304b477f931fb3.csv,-17.75,47.75
25,episodes,1.0,1993-02-05,0.0,175,0.0,2,25,>=,REP,103775,OK,1992,Li et al. (2025b),1993-01-30,33.7,175,tmax_c,23.816464482081678,0.0,0.0,batch_008e1a304b477f931fb3.csv,-17.75,47.75
25,episodes,1.0,1993-01-29,0.0,150,0.0,2,25,>=,FLO,103775,OK,1992,Li et al. (2025b),1993-01-24,33.7,150,tmax_c,23.816464482081678,0.0,0.0,batch_008e1a304b477f931fb3.csv,-17.75,47.75
25,episodes,1.0,1993-03-06,0.0,725,0.0,2,25,>=,FIL,103775,OK,1992,Li et al. (2025b),1993-02-06,32.7,725,tmax_c,23.816464482081678,0.0,0.0,batch_008e1a304b477f931fb3.csv,-17.75,47.75
25,days,1.0,1993-03-17,0.7202678504236515,275,0.7202678504236515,1,25,>,MAT,103775,OK,1992,Ortega Gómez et al. (2019),1993-03-07,10.0,275,precip_mm,23.81646448208168,17.154233677200217,17.154233677200217,batch_008e1a304b477f931fb3.csv,-17.75,47.75
25,episodes,1.0,1990-01-02,1.0,200,1.6396016702141436,2,25,>=,EST,86448,OK,1989,Li et al. 2025a,1989-12-26,34.0,200,tmax_c,21.7157217109392,35.60513358716145,21.7157217109392,batch_0093eeafc444f38269a8.csv,-29.75,24.25
25,episodes,1.0,1990-02-23,1.0,650,1.0798404732271834,2,25,>=,VEG,86448,OK,1989,Li et al. 2025a,1990-01-29,34.6,650,tmax_c,21.7157217109392,23.4495152088104,21.7157217109392,batch_0093eeafc444f38269a8.csv,-29.75,24.25
25,episodes,1.0,1990-03-11,0.4403589355421461,225,0.4403589355421461,2,25,>=,REP,86448,OK,1989,Li et al. (2025b),1990-03-03,33.7,225,tmax_c,21.7157217109392,9.562712097158656,9.562712097158656,batch_0093eeafc444f38269a8.csv,-29.75,24.25
25,episodes,1.0,1990-03-02,0.0,175,0.0,2,25,>=,FLO,86448,OK,1989,Li et al. (2025b),1990-02-24,33.7,175,tmax_c,21.7157217109392,0.0,0.0,batch_0093eeafc444f38269a8.csv,-29.75,24.25
25,episodes,1.0,1990-04-12,1.0,800,1.0,2,25,>=,FIL,86448,OK,1989,Li et al. (2025b),1990-03-12,32.7,800,tmax_c,21.7157217109392,21.7157217109392,21.7157217109392,batch_0093eeafc444f38269a8.csv,-29.75,24.25
25,days,1.0,1990-04-24,0.1198007133205068,300,0.1198007133205068,1,25,>,MAT,86448,OK,1989,Ortega Gómez et al. (2019),1990-04-13,10.0,300,precip_mm,21.7157217109392,2.6015589512401336,2.6015589512401336,batch_0093eeafc444f38269a8.csv,-29.75,24.25
25,episodes,1.0,1991-01-02,1.0,200,1.4003984516330907,2,25,>=,EST,86448,OK,1990,Li et al. 2025a,1990-12-26,34.0,200,tmax_c,21.7157217109392,30.410663060094343,21.7157217109392,batch_0093eeafc444f38269a8.csv,-29.75,24.25
25,episodes,1.0,1991-02-23,0.0,650,0.0,2,25,>=,VEG,86448,OK,1990,Li et al. 2025a,1991-01-29,34.6,650,tmax_c,21.7157217109392,0.0,0.0,batch_0093eeafc444f38269a8.csv,-29.75,24.25
25,episodes,1.0,1991-03-11,0.0400398817538362,225,0.0400398817538362,2,25,>=,REP,86448,OK,1990,Li et al. (2025b),1991-03-03,33.7,225,tmax_c,21.7157217109392,0.8694949295052189,0.8694949295052189,batch_0093eeafc444f38269a8.csv,-29.75,24.25
25,episodes,1.0,1991-03-02,1.0,175,1.0,2,25,>=,FLO,86448,OK,1990,Li et al. (2025b),1991-02-24,33.7,175,tmax_c,21.7157217109392,21.7157217109392,21.7157217109392,batch_0093eeafc444f38269a8.csv,-29.75,24.25
25,episodes,1.0,1991-04-12,0.0,800,0.0,2,25,>=,FIL,86448,OK,1990,Li et al. (2025b),1991-03-12,32.7,800,tmax_c,21.7157217109392,0.0,0.0,batch_0093eeafc444f38269a8.csv,-29.75,24.25
25,days,1.0,1991-04-24,0.0,300,0.0,1,25,>,MAT,86448,OK,1990,Ortega Gómez et al. (2019),1991-04-13,10.0,300,precip_mm,21.7157217109392,0.0,0.0,batch_0093eeafc444f38269a8.csv,-29.75,24.25
25,episodes,1.0,1992-01-02,0.9600397599066764,200,0.9600397599066764,2,25,>=,EST,86448,OK,1991,Li et al. 2025a,1991-12-26,34.0,200,tmax_c,21.7157217109392,20.847956257570267,20.847956257570267,batch_0093eeafc444f38269a8.csv,-29.75,24.25
25,episodes,1.0,1992-02-23,1.0,650,2.999840716921577,2,25,>=,VEG,86448,OK,1991,Li et al. 2025a,1992-01-29,34.6,650,tmax_c,21.7157217109392,65.1437061858133,21.7157217109392,batch_0093eeafc444f38269a8.csv,-29.75,24.25
25,episodes,1.0,1992-03-11,1.0,225,1.0,2,25,>=,REP,86448,OK,1991,Li et al. (2025b),1992-03-03,33.7,225,tmax_c,21.7157217109392,21.7157217109392,21.7157217109392,batch_0093eeafc444f38269a8.csv,-29.75,24.25
25,episodes,1.0,1992-03-02,0.0,200,0.0,2,25,>=,FLO,86448,OK,1991,Li et al. (2025b),1992-02-24,33.7,200,tmax_c,21.7157217109392,0.0,0.0,batch_0093eeafc444f38269a8.csv,-29.75,24.25
25,episodes,1.0,1992-04-12,1.0,800,1.0,2,25,>=,FIL,86448,OK,1991,Li et al. (2025b),1992-03-12,32.7,800,tmax_c,21.7157217109392,21.7157217109392,21.7157217109392,batch_0093eeafc444f38269a8.csv,-29.75,24.25
25,days,1.0,1992-04-24,0.0,300,0.0,1,25,>,MAT,86448,OK,1991,Ortega Gómez et al. (2019),1992-04-13,10.0,300,precip_mm,21.7157217109392,0.0,0.0,batch_0093eeafc444f38269a8.csv,-29.75,24.25
25,episodes,1.0,1993-01-02,1.0,200,2.0,2,25,>=,EST,86448,OK,1992,Li et al. 2025a,1992-12-26,34.0,200,tmax_c,21.7157217109392,43.43144342187839,21.7157217109392,batch_0093eeafc444f38269a8.csv,-29.75,24.25
25,episodes,1.0,1993-02-23,0.9201195232930848,650,0.9201195232930848,2,25,>=,VEG,86448,OK,1992,Li et al. 2025a,1993-01-29,34.6,650,tmax_c,21.7157217109392,19.981059508634665,19.981059508634665,batch_0093eeafc444f38269a8.csv,-29.75,24.25
25,episodes,1.0,1993-03-11,0.4401994086479912,225,0.4401994086479912,2,25,>=,REP,86448,OK,1992,Li et al. (2025b),1993-03-03,33.7,225,tmax_c,21.7157217109392,9.55924785551978,9.55924785551978,batch_0093eeafc444f38269a8.csv,-29.75,24.25
25,episodes,1.0,1993-03-02,0.0,175,0.0,2,25,>=,FLO,86448,OK,1992,Li et al. (2025b),1993-02-24,33.7,175,tmax_c,21.7157217109392,0.0,0.0,batch_0093eeafc444f38269a8.csv,-29.75,24.25
25,episodes,1.0,1993-04-12,0.6803189318197378,800,0.6803189318197378,2,25,>=,FIL,86448,OK,1992,Li et al. (2025b),1993-03-12,32.7,800,tmax_c,21.7157217109392,14.773616598080842,14.773616598080842,batch_0093eeafc444f38269a8.csv,-29.75,24.25
25,days,1.0,1993-04-24,0.0,300,0.0,1,25,>,MAT,86448,OK,1992,Ortega Gómez et al. (2019),1993-04-13,10.0,300,precip_mm,21.7157217109392,0.0,0.0,batch_0093eeafc444f38269a8.csv,-29.75,24.25
25,episodes,1.0,1997-10-27,0.0,400,0.0,2,25,>=,EST,86459,OK,1997,Li et al. 2025a,1997-10-12,34.0,400,tmax_c,21.7157217109392,0.0,0.0,batch_009764cc9467842e4cab.csv,-29.75,29.75
25,episodes,1.0,1998-01-31,0.0,1225,0.0,2,25,>=,VEG,86459,OK,1997,Li et al. 2025a,1997-12-14,34.6,1225,tmax_c,21.7157217109392,0.0,0.0,batch_009764cc9467842e4cab.csv,-29.75,29.75
25,episodes,1.0,1998-03-02,0.0,400,0.0,2,25,>=,REP,86459,OK,1997,Li et al. (2025b),1998-02-15,33.7,400,tmax_c,21.7157217109392,0.0,0.0,batch_009764cc9467842e4cab.csv,-29.75,29.75
25,episodes,1.0,1998-02-14,0.0,350,0.0,2,25,>=,FLO,86459,OK,1997,Li et al. (2025b),1998-02-01,33.7,350,tmax_c,21.7157217109392,0.0,0.0,batch_009764cc9467842e4cab.csv,-29.75,29.75
25,episodes,1.0,1998-05-01,0.0,1500,0.0,2,25,>=,FIL,86459,OK,1997,Li et al. (2025b),1998-03-03,32.7,1500,tmax_c,21.7157217109392,0.0,0.0,batch_009764cc9467842e4cab.csv,-29.75,29.75
25,days,1.0,1998-05-24,0.0,575,0.0,1,25,>,MAT,86459,OK,1997,Ortega Gómez et al. (2019),1998-05-02,10.0,575,precip_mm,21.7157217109392,0.0,0.0,batch_009764cc9467842e4cab.csv,-29.75,29.75
25,episodes,1.0,1998-10-27,0.0,400,0.0,2,25,>=,EST,86459,OK,1998,Li et al. 2025a,1998-10-12,34.0,400,tmax_c,21.7157217109392,0.0,0.0,batch_009764cc9467842e4cab.csv,-29.75,29.75
25,episodes,1.0,1999-01-31,0.0,1225,0.0,2,25,>=,VEG,86459,OK,1998,Li et al. 2025a,1998-12-14,34.6,1225,tmax_c,21.7157217109392,0.0,0.0,batch_009764cc9467842e4cab.csv,-29.75,29.75
25,episodes,1.0,1999-03-02,0.0,400,0.0,2,25,>=,REP,86459,OK,1998,Li et al. (2025b),1999-02-15,33.7,400,tmax_c,21.7157217109392,0.0,0.0,batch_009764cc9467842e4cab.csv,-29.75,29.75
25,episodes,1.0,1999-02-14,0.0,350,0.0,2,25,>=,FLO,86459,OK,1998,Li et al. (2025b),1999-02-01,33.7,350,tmax_c,21.7157217109392,0.0,0.0,batch_009764cc9467842e4cab.csv,-29.75,29.75
25,episodes,1.0,1999-05-01,0.0,1500,0.0,2,25,>=,FIL,86459,OK,1998,Li et al. (2025b),1999-03-03,32.7,1500,tmax_c,21.7157217109392,0.0,0.0,batch_009764cc9467842e4cab.csv,-29.75,29.75
25,days,1.0,1999-05-24,0.2000000000000001,575,0.2000000000000001,1,25,>,MAT,86459,OK,1998,Ortega Gómez et al. (2019),1999-05-02,10.0,575,precip_mm,21.7157217109392,4.343144342187841,4.343144342187841,batch_009764cc9467842e4cab.csv,-29.75,29.75
25,episodes,1.0,1999-10-27,0.0,400,0.0,2,25,>=,EST,86459,OK,1999,Li et al. 2025a,1999-10-12,34.0,400,tmax_c,21.7157217109392,0.0,0.0,batch_009764cc9467842e4cab.csv,-29.75,29.75
25,episodes,1.0,2000-01-31,0.0,1225,0.0,2,25,>=,VEG,86459,OK,1999,Li et al. 2025a,1999-12-14,34.6,1225,tmax_c,21.7157217109392,0.0,0.0,batch_009764cc9467842e4cab.csv,-29.75,29.75
25,episodes,1.0,2000-03-02,0.0,425,0.0,2,25,>=,REP,86459,OK,1999,Li et al. (2025b),2000-02-15,33.7,425,tmax_c,21.7157217109392,0.0,0.0,batch_009764cc9467842e4cab.csv,-29.75,29.75
25,episodes,1.0,2000-02-14,0.0,350,0.0,2,25,>=,FLO,86459,OK,1999,Li et al. (2025b),2000-02-01,33.7,350,tmax_c,21.7157217109392,0.0,0.0,batch_009764cc9467842e4cab.csv,-29.75,29.75
25,episodes,1.0,2000-05-01,0.0,1500,0.0,2,25,>=,FIL,86459,OK,1999,Li et al. (2025b),2000-03-03,32.7,1500,tmax_c,21.7157217109392,0.0,0.0,batch_009764cc9467842e4cab.csv,-29.75,29.75
25,days,1.0,2000-05-24,0.7203185662781103,575,1.1607566558493054,1,25,>,MAT,86459,OK,1999,Ortega Gómez et al. (2019),2000-05-02,10.0,575,precip_mm,21.7157217109392,25.20666851254394,15.642237528518152,batch_009764cc9467842e4cab.csv,-29.75,29.75
25,episodes,1.0,2000-10-27,0.0,400,0.0,2,25,>=,EST,86459,OK,2000,Li et al. 2025a,2000-10-12,34.0,400,tmax_c,21.7157217109392,0.0,0.0,batch_009764cc9467842e4cab.csv,-29.75,29.75
25,episodes,1.0,2001-01-31,0.0,1225,0.0,2,25,>=,VEG,86459,OK,2000,Li et al. 2025a,2000-12-14,34.6,1225,tmax_c,21.7157217109392,0.0,0.0,batch_009764cc9467842e4cab.csv,-29.75,29.75
25,episodes,1.0,2001-03-02,0.0,400,0.0,2,25,>=,REP,86459,OK,2000,Li et al. (2025b),2001-02-15,33.7,400,tmax_c,21.7157217109392,0.0,0.0,batch_009764cc9467842e4cab.csv,-29.75,29.75
25,episodes,1.0,2001-02-14,0.0,350,0.0,2,25,>=,FLO,86459,OK,2000,Li et al. (2025b),2001-02-01,33.7,350,tmax_c,21.7157217109392,0.0,0.0,batch_009764cc9467842e4cab.csv,-29.75,29.75
25,episodes,1.0,2001-05-01,0.0,1500,0.0,2,25,>=,FIL,86459,OK,2000,Li et al. (2025b),2001-03-03,32.7,1500,tmax_c,21.7157217109392,0.0,0.0,batch_009764cc9467842e4cab.csv,-29.75,29.75
25,days,1.0,2001-05-24,1.0,575,1.0,1,25,>,MAT,86459,OK,2000,Ortega Gómez et al. (2019),2001-05-02,10.0,575,precip_mm,21.7157217109392,21.7157217109392,21.7157217109392,batch_009764cc9467842e4cab.csv,-29.75,29.75
25,episodes,1.0,1997-02-23,0.0,250,0.0,2,25,>=,EST,101421,OK,1997,Li et al. 2025a,1997-02-14,34.0,250,tmax_c,23.536691923280788,0.0,0.0,batch_009837f14ae551bdac3a.csv,-19.75,-49.25
25,episodes,1.0,1997-04-28,0.0,825,0.0,2,25,>=,VEG,101421,OK,1997,Li et al. 2025a,1997-03-27,34.6,825,tmax_c,23.536691923280788,0.0,0.0,batch_009837f14ae551bdac3a.csv,-19.75,-49.25
25,episodes,1.0,1997-05-17,0.0,275,0.0,2,25,>=,REP,101421,OK,1997,Li et al. (2025b),1997-05-07,33.7,275,tmax_c,23.536691923280788,0.0,0.0,batch_009837f14ae551bdac3a.csv,-19.75,-49.25
25,episodes,1.0,1997-05-06,0.0,200,0.0,2,25,>=,FLO,101421,OK,1997,Li et al. (2025b),1997-04-29,33.7,200,tmax_c,23.536691923280788,0.0,0.0,batch_009837f14ae551bdac3a.csv,-19.75,-49.25
25,episodes,1.0,1997-06-25,0.0,975,0.0,2,25,>=,FIL,101421,OK,1997,Li et al. (2025b),1997-05-18,32.7,975,tmax_c,23.536691923280788,0.0,0.0,batch_009837f14ae551bdac3a.csv,-19.75,-49.25
25,days,1.0,1997-07-10,0.0,375,0.0,1,25,>,MAT,101421,OK,1997,Ortega Gómez et al. (2019),1997-06-26,10.0,375,precip_mm,23.536691923280788,0.0,0.0,batch_009837f14ae551bdac3a.csv,-19.75,-49.25
25,episodes,1.0,1998-02-23,0.0,250,0.0,2,25,>=,EST,101421,OK,1998,Li et al. 2025a,1998-02-14,34.0,250,tmax_c,23.536691923280788,0.0,0.0,batch_009837f14ae551bdac3a.csv,-19.75,-49.25
25,episodes,1.0,1998-04-28,0.0,825,0.0,2,25,>=,VEG,101421,OK,1998,Li et al. 2025a,1998-03-27,34.6,825,tmax_c,23.536691923280788,0.0,0.0,batch_009837f14ae551bdac3a.csv,-19.75,-49.25
25,episodes,1.0,1998-05-17,0.0,275,0.0,2,25,>=,REP,101421,OK,1998,Li et al. (2025b),1998-05-07,33.7,275,tmax_c,23.536691923280788,0.0,0.0,batch_009837f14ae551bdac3a.csv,-19.75,-49.25
25,episodes,1.0,1998-05-06,0.0,200,0.0,2,25,>=,FLO,101421,OK,1998,Li et al. (2025b),1998-04-29,33.7,200,tmax_c,23.536691923280788,0.0,0.0,batch_009837f14ae551bdac3a.csv,-19.75,-49.25
25,episodes,1.0,1998-06-25,0.0,975,0.0,2,25,>=,FIL,101421,OK,1998,Li et al. (2025b),1998-05-18,32.7,975,tmax_c,23.536691923280788,0.0,0.0,batch_009837f14ae551bdac3a.csv,-19.75,-49.25
25,days,1.0,1998-07-10,0.0,375,0.0,1,25,>,MAT,101421,OK,1998,Ortega Gómez et al. (2019),1998-06-26,10.0,375,precip_mm,23.536691923280788,0.0,0.0,batch_009837f14ae551bdac3a.csv,-19.75,-49.25
25,episodes,1.0,1999-02-23,0.0,250,0.0,2,25,>=,EST,101421,OK,1999,Li et al. 2025a,1999-02-14,34.0,250,tmax_c,23.536691923280788,0.0,0.0,batch_009837f14ae551bdac3a.csv,-19.75,-49.25
25,episodes,1.0,1999-04-28,0.0,825,0.0,2,25,>=,VEG,101421,OK,1999,Li et al. 2025a,1999-03-27,34.6,825,tmax_c,23.536691923280788,0.0,0.0,batch_009837f14ae551bdac3a.csv,-19.75,-49.25
25,episodes,1.0,1999-05-17,0.0,275,0.0,2,25,>=,REP,101421,OK,1999,Li et al. (2025b),1999-05-07,33.7,275,tmax_c,23.536691923280788,0.0,0.0,batch_009837f14ae551bdac3a.csv,-19.75,-49.25
25,episodes,1.0,1999-05-06,0.0,200,0.0,2,25,>=,FLO,101421,OK,1999,Li et al. (2025b),1999-04-29,33.7,200,tmax_c,23.536691923280788,0.0,0.0,batch_009837f14ae551bdac3a.csv,-19.75,-49.25
25,episodes,1.0,1999-06-25,0.0,975,0.0,2,25,>=,FIL,101421,OK,1999,Li et al. (2025b),1999-05-18,32.7,975,tmax_c,23.536691923280788,0.0,0.0,batch_009837f14ae551bdac3a.csv,-19.75,-49.25
25,days,1.0,1999-07-10,0.0,375,0.0,1,25,>,MAT,101421,OK,1999,Ortega Gómez et al. (2019),1999-06-26,10.0,375,precip_mm,23.536691923280788,0.0,0.0,batch_009837f14ae551bdac3a.csv,-19.75,-49.25
25,episodes,1.0,2000-02-23,0.0,250,0.0,2,25,>=,EST,101421,OK,2000,Li et al. 2025a,2000-02-14,34.0,250,tmax_c,23.536691923280788,0.0,0.0,batch_009837f14ae551bdac3a.csv,-19.75,-49.25
25,episodes,1.0,2000-04-28,0.0,825,0.0,2,25,>=,VEG,101421,OK,2000,Li et al. 2025a,2000-03-27,34.6,825,tmax_c,23.536691923280788,0.0,0.0,batch_009837f14ae551bdac3a.csv,-19.75,-49.25
25,episodes,1.0,2000-05-17,0.0,275,0.0,2,25,>=,REP,101421,OK,2000,Li et al. (2025b),2000-05-07,33.7,275,tmax_c,23.536691923280788,0.0,0.0,batch_009837f14ae551bdac3a.csv,-19.75,-49.25
25,episodes,1.0,2000-05-06,0.0,200,0.0,2,25,>=,FLO,101421,OK,2000,Li et al. (2025b),2000-04-29,33.7,200,tmax_c,23.536691923280788,0.0,0.0,batch_009837f14ae551bdac3a.csv,-19.75,-49.25
25,episodes,1.0,2000-06-25,0.0,975,0.0,2,25,>=,FIL,101421,OK,2000,Li et al. (2025b),2000-05-18,32.7,975,tmax_c,23.536691923280788,0.0,0.0,batch_009837f14ae551bdac3a.csv,-19.75,-49.25
25,days,1.0,2000-07-10,0.0,375,0.0,1,25,>,MAT,101421,OK,2000,Ortega Gómez et al. (2019),2000-06-26,10.0,375,precip_mm,23.536691923280788,0.0,0.0,batch_009837f14ae551bdac3a.csv,-19.75,-49.25
25,episodes,1.0,1993-12-06,1.0,400,1.0,2,25,>=,EST,97987,OK,1993,Li et al. 2025a,1993-11-21,34.0,400,tmax_c,23.22824353092083,23.22824353092083,23.22824353092083,batch_0098a3b0ae6a33d8f22a.csv,-21.75,33.75
25,episodes,1.0,1994-03-18,1.0,1300,1.800166692461498,2,25,>=,VEG,97987,OK,1993,Li et al. 2025a,1994-01-26,34.6,1300,tmax_c,23.22824353092083,41.814710328747935,23.22824353092083,batch_0098a3b0ae6a33d8f22a.csv,-21.75,33.75
25,episodes,1.0,1994-04-17,0.0,400,0.0,2,25,>=,REP,97987,OK,1993,Li et al. (2025b),1994-04-02,33.7,400,tmax_c,23.22824353092083,0.0,0.0,batch_0098a3b0ae6a33d8f22a.csv,-21.75,33.75
25,episodes,1.0,1994-04-01,1.0,350,1.0,2,25,>=,FLO,97987,OK,1993,Li et al. (2025b),1994-03-19,33.7,350,tmax_c,23.22824353092083,23.22824353092083,23.22824353092083,batch_0098a3b0ae6a33d8f22a.csv,-21.75,33.75
25,episodes,1.0,1994-06-20,1.0,1600,1.040055442278426,2,25,>=,FIL,97987,OK,1993,Li et al. (2025b),1994-04-18,32.7,1600,tmax_c,23.22824353092083,24.15866109890285,23.22824353092083,batch_0098a3b0ae6a33d8f22a.csv,-21.75,33.75
25,days,1.0,1994-07-13,0.0,575,0.0,1,25,>,MAT,97987,OK,1993,Ortega Gómez et al. (2019),1994-06-21,10.0,575,precip_mm,23.22824353092083,0.0,0.0,batch_0098a3b0ae6a33d8f22a.csv,-21.75,33.75
25,episodes,1.0,1994-12-06,1.0,400,1.7202218910455298,2,25,>=,EST,97987,OK,1994,Li et al. 2025a,1994-11-21,34.0,400,tmax_c,23.22824353092083,39.95773301242673,23.22824353092083,batch_0098a3b0ae6a33d8f22a.csv,-21.75,33.75
25,episodes,1.0,1995-03-18,1.0,1300,3.0,2,25,>=,VEG,97987,OK,1994,Li et al. 2025a,1995-01-26,34.6,1300,tmax_c,23.22824353092083,69.68473059276249,23.22824353092083,batch_0098a3b0ae6a33d8f22a.csv,-21.75,33.75
25,episodes,1.0,1995-04-17,0.0,400,0.0,2,25,>=,REP,97987,OK,1994,Li et al. (2025b),1995-04-02,33.7,400,tmax_c,23.22824353092083,0.0,0.0,batch_0098a3b0ae6a33d8f22a.csv,-21.75,33.75
25,episodes,1.0,1995-04-01,1.0,350,1.1198609068728145,2,25,>=,FLO,97987,OK,1994,Li et al. (2025b),1995-03-19,33.7,350,tmax_c,23.22824353092083,26.012401865599585,23.22824353092083,batch_0098a3b0ae6a33d8f22a.csv,-21.75,33.75
25,episodes,1.0,1995-06-20,1.0,1600,1.9200275993343123,2,25,>=,FIL,97987,OK,1994,Li et al. (2025b),1995-04-18,32.7,1600,tmax_c,23.22824353092083,44.59886866342669,23.22824353092083,batch_0098a3b0ae6a33d8f22a.csv,-21.75,33.75
25,days,1.0,1995-07-13,0.0,575,0.0,1,25,>,MAT,97987,OK,1994,Ortega Gómez et al. (2019),1995-06-21,10.0,575,precip_mm,23.22824353092083,0.0,0.0,batch_0098a3b0ae6a33d8f22a.csv,-21.75,33.75
25,episodes,1.0,1995-12-06,0.0,400,0.0,2,25,>=,EST,97987,OK,1995,Li et al. 2025a,1995-11-21,34.0,400,tmax_c,23.22824353092083,0.0,0.0,batch_0098a3b0ae6a33d8f22a.csv,-21.75,33.75
25,episodes,1.0,1996-03-18,0.0,1325,0.0,2,25,>=,VEG,97987,OK,1995,Li et al. 2025a,1996-01-26,34.6,1325,tmax_c,23.22824353092083,0.0,0.0,batch_0098a3b0ae6a33d8f22a.csv,-21.75,33.75
25,episodes,1.0,1996-04-17,0.0,400,0.0,2,25,>=,REP,97987,OK,1995,Li et al. (2025b),1996-04-02,33.7,400,tmax_c,23.22824353092083,0.0,0.0,batch_0098a3b0ae6a33d8f22a.csv,-21.75,33.75
25,episodes,1.0,1996-04-01,0.0,350,0.0,2,25,>=,FLO,97987,OK,1995,Li et al. (2025b),1996-03-19,33.7,350,tmax_c,23.22824353092083,0.0,0.0,batch_0098a3b0ae6a33d8f22a.csv,-21.75,33.75
25,episodes,1.0,1996-06-20,0.0,1600,0.0,2,25,>=,FIL,97987,OK,1995,Li et al. (2025b),1996-04-18,32.7,1600,tmax_c,23.22824353092083,0.0,0.0,batch_0098a3b0ae6a33d8f22a.csv,-21.75,33.75
25,days,1.0,1996-07-13,0.0,575,0.0,1,25,>,MAT,97987,OK,1995,Ortega Gómez et al. (2019),1996-06-21,10.0,575,precip_mm,23.22824353092083,0.0,0.0,batch_0098a3b0ae6a33d8f22a.csv,-21.75,33.75
25,episodes,1.0,1996-12-06,0.9600277211815462,400,1.2002498559214698,2,25,>=,EST,97987,OK,1996,Li et al. 2025a,1996-11-21,34.0,400,tmax_c,23.22824353092083,27.879695951296544,22.29975770403992,batch_0098a3b0ae6a33d8f22a.csv,-21.75,33.75
25,episodes,1.0,1997-03-18,0.3196662496200427,1300,0.359610563647223,2,25,>=,VEG,97987,OK,1996,Li et al. 2025a,1997-01-26,34.6,1300,tmax_c,23.22824353092083,8.353121748689402,7.425285494790482,batch_0098a3b0ae6a33d8f22a.csv,-21.75,33.75
25,episodes,1.0,1997-04-17,0.0,400,0.0,2,25,>=,REP,97987,OK,1996,Li et al. (2025b),1997-04-02,33.7,400,tmax_c,23.22824353092083,0.0,0.0,batch_0098a3b0ae6a33d8f22a.csv,-21.75,33.75
25,episodes,1.0,1997-04-01,0.0,350,0.0,2,25,>=,FLO,97987,OK,1996,Li et al. (2025b),1997-03-19,33.7,350,tmax_c,23.22824353092083,0.0,0.0,batch_0098a3b0ae6a33d8f22a.csv,-21.75,33.75
25,episodes,1.0,1997-06-20,0.0,1600,0.0,2,25,>=,FIL,97987,OK,1996,Li et al. (2025b),1997-04-18,32.7,1600,tmax_c,23.22824353092083,0.0,0.0,batch_0098a3b0ae6a33d8f22a.csv,-21.75,33.75
25,days,1.0,1997-07-13,0.0,575,0.0,1,25,>,MAT,97987,OK,1996,Ortega Gómez et al. (2019),1997-06-21,10.0,575,precip_mm,23.22824353092083,0.0,0.0,batch_0098a3b0ae6a33d8f22a.csv,-21.75,33.75
25,episodes,1.0,1997-10-12,0.0,325,0.0,2,25,>=,EST,89175,OK,1997,Li et al. 2025a,1997-09-30,34.0,325,tmax_c,22.032519186586832,0.0,0.0,batch_00990a140cece4ce2356.csv,-28.25,-52.25
25,episodes,1.0,1998-01-03,0.0,1050,0.0,2,25,>=,VEG,89175,OK,1997,Li et al. 2025a,1997-11-23,34.6,1050,tmax_c,22.032519186586832,0.0,0.0,batch_00990a140cece4ce2356.csv,-28.25,-52.25
25,episodes,1.0,1998-01-28,0.0,325,0.0,2,25,>=,REP,89175,OK,1997,Li et al. (2025b),1998-01-16,33.7,325,tmax_c,22.032519186586832,0.0,0.0,batch_00990a140cece4ce2356.csv,-28.25,-52.25
25,episodes,1.0,1998-01-15,0.0,300,0.0,2,25,>=,FLO,89175,OK,1997,Li et al. (2025b),1998-01-04,33.7,300,tmax_c,22.032519186586832,0.0,0.0,batch_00990a140cece4ce2356.csv,-28.25,-52.25
25,episodes,1.0,1998-03-21,0.0,1300,0.0,2,25,>=,FIL,89175,OK,1997,Li et al. (2025b),1998-01-29,32.7,1300,tmax_c,22.032519186586832,0.0,0.0,batch_00990a140cece4ce2356.csv,-28.25,-52.25
25,days,1.0,1998-04-09,1.0,475,5.520711785693535,1,25,>,MAT,89175,OK,1997,Ortega Gómez et al. (2019),1998-03-22,10.0,475,precip_mm,22.032519186586832,121.63518834190884,22.032519186586832,batch_00990a140cece4ce2356.csv,-28.25,-52.25
25,episodes,1.0,1998-10-12,0.0,325,0.0,2,25,>=,EST,89175,OK,1998,Li et al. 2025a,1998-09-30,34.0,325,tmax_c,22.032519186586832,0.0,0.0,batch_00990a140cece4ce2356.csv,-28.25,-52.25
25,episodes,1.0,1999-01-03,0.0,1050,0.0,2,25,>=,VEG,89175,OK,1998,Li et al. 2025a,1998-11-23,34.6,1050,tmax_c,22.032519186586832,0.0,0.0,batch_00990a140cece4ce2356.csv,-28.25,-52.25
25,episodes,1.0,1999-01-28,0.0,325,0.0,2,25,>=,REP,89175,OK,1998,Li et al. (2025b),1999-01-16,33.7,325,tmax_c,22.032519186586832,0.0,0.0,batch_00990a140cece4ce2356.csv,-28.25,-52.25
25,episodes,1.0,1999-01-15,0.0,300,0.0,2,25,>=,FLO,89175,OK,1998,Li et al. (2025b),1999-01-04,33.7,300,tmax_c,22.032519186586832,0.0,0.0,batch_00990a140cece4ce2356.csv,-28.25,-52.25
25,episodes,1.0,1999-03-21,0.0,1300,0.0,2,25,>=,FIL,89175,OK,1998,Li et al. (2025b),1999-01-29,32.7,1300,tmax_c,22.032519186586832,0.0,0.0,batch_00990a140cece4ce2356.csv,-28.25,-52.25
25,days,1.0,1999-04-09,1.0,475,6.1593638123385,1,25,>,MAT,89175,OK,1998,Ortega Gómez et al. (2019),1999-03-22,10.0,475,precip_mm,22.032519186586832,135.7063013725166,22.032519186586832,batch_00990a140cece4ce2356.csv,-28.25,-52.25
25,episodes,1.0,1999-10-12,0.0,325,0.0,2,25,>=,EST,89175,OK,1999,Li et al. 2025a,1999-09-30,34.0,325,tmax_c,22.032519186586832,0.0,0.0,batch_00990a140cece4ce2356.csv,-28.25,-52.25
25,episodes,1.0,2000-01-03,0.0,1050,0.0,2,25,>=,VEG,89175,OK,1999,Li et al. 2025a,1999-11-23,34.6,1050,tmax_c,22.032519186586832,0.0,0.0,batch_00990a140cece4ce2356.csv,-28.25,-52.25
25,episodes,1.0,2000-01-28,0.0,325,0.0,2,25,>=,REP,89175,OK,1999,Li et al. (2025b),2000-01-16,33.7,325,tmax_c,22.032519186586832,0.0,0.0,batch_00990a140cece4ce2356.csv,-28.25,-52.25
25,episodes,1.0,2000-01-15,0.0,300,0.0,2,25,>=,FLO,89175,OK,1999,Li et al. (2025b),2000-01-04,33.7,300,tmax_c,22.032519186586832,0.0,0.0,batch_00990a140cece4ce2356.csv,-28.25,-52.25
25,episodes,1.0,2000-03-21,0.0,1325,0.0,2,25,>=,FIL,89175,OK,1999,Li et al. (2025b),2000-01-29,32.7,1325,tmax_c,22.032519186586832,0.0,0.0,batch_00990a140cece4ce2356.csv,-28.25,-52.25
25,days,1.0,2000-04-09,1.0,475,2.999999999999999,1,25,>,MAT,89175,OK,1999,Ortega Gómez et al. (2019),2000-03-22,10.0,475,precip_mm,22.032519186586832,66.09755755976047,22.032519186586832,batch_00990a140cece4ce2356.csv,-28.25,-52.25
25,episodes,1.0,2000-10-12,0.0,325,0.0,2,25,>=,EST,89175,OK,2000,Li et al. 2025a,2000-09-30,34.0,325,tmax_c,22.032519186586832,0.0,0.0,batch_00990a140cece4ce2356.csv,-28.25,-52.25
25,episodes,1.0,2001-01-03,0.0,1050,0.0,2,25,>=,VEG,89175,OK,2000,Li et al. 2025a,2000-11-23,34.6,1050,tmax_c,22.032519186586832,0.0,0.0,batch_00990a140cece4ce2356.csv,-28.25,-52.25
25,episodes,1.0,2001-01-28,0.0,325,0.0,2,25,>=,REP,89175,OK,2000,Li et al. (2025b),2001-01-16,33.7,325,tmax_c,22.032519186586832,0.0,0.0,batch_00990a140cece4ce2356.csv,-28.25,-52.25
25,episodes,1.0,2001-01-15,0.0,300,0.0,2,25,>=,FLO,89175,OK,2000,Li et al. (2025b),2001-01-04,33.7,300,tmax_c,22.032519186586832,0.0,0.0,batch_00990a140cece4ce2356.csv,-28.25,-52.25
25,episodes,1.0,2001-03-21,0.0,1300,0.0,2,25,>=,FIL,89175,OK,2000,Li et al. (2025b),2001-01-29,32.7,1300,tmax_c,22.032519186586832,0.0,0.0,batch_00990a140cece4ce2356.csv,-28.25,-52.25
25,days,1.0,2001-04-09,1.0,475,7.760112239613509,1,25,>,MAT,89175,OK,2000,Ortega Gómez et al. (2019),2001-03-22,10.0,475,precip_mm,22.032519186586832,170.97482180935194,22.032519186586832,batch_00990a140cece4ce2356.csv,-28.25,-52.25
25,episodes,1.0,2001-03-08,0.0,200,0.0,2,25,>=,EST,95654,OK,2001,Li et al. 2025a,2001-03-01,34.0,200,tmax_c,22.89149510185507,0.0,0.0,batch_00a093e488037bde3fda.csv,-23.75,-52.75
25,episodes,1.0,2001-04-27,0.0,625,0.0,2,25,>=,VEG,95654,OK,2001,Li et al. 2025a,2001-04-03,34.6,625,tmax_c,22.89149510185507,0.0,0.0,batch_00a093e488037bde3fda.csv,-23.75,-52.75
25,episodes,1.0,2001-05-13,0.0,200,0.0,2,25,>=,REP,95654,OK,2001,Li et al. (2025b),2001-05-06,33.7,200,tmax_c,22.89149510185507,0.0,0.0,batch_00a093e488037bde3fda.csv,-23.75,-52.75
25,episodes,1.0,2001-05-05,0.0,200,0.0,2,25,>=,FLO,95654,OK,2001,Li et al. (2025b),2001-04-28,33.7,200,tmax_c,22.89149510185507,0.0,0.0,batch_00a093e488037bde3fda.csv,-23.75,-52.75
25,episodes,1.0,2001-06-13,0.0,775,0.0,2,25,>=,FIL,95654,OK,2001,Li et al. (2025b),2001-05-14,32.7,775,tmax_c,22.89149510185507,0.0,0.0,batch_00a093e488037bde3fda.csv,-23.75,-52.75
25,days,1.0,2001-06-25,1.0,300,2.3198470752203404,1,25,>,MAT,95654,OK,2001,Ortega Gómez et al. (2019),2001-06-14,10.0,300,precip_mm,22.89149510185507,53.10476795945924,22.89149510185507,batch_00a093e488037bde3fda.csv,-23.75,-52.75
25,episodes,1.0,2002-03-08,0.0,200,0.0,2,25,>=,EST,95654,OK,2002,Li et al. 2025a,2002-03-01,34.0,200,tmax_c,22.89149510185507,0.0,0.0,batch_00a093e488037bde3fda.csv,-23.75,-52.75
25,episodes,1.0,2002-04-27,0.0,625,0.0,2,25,>=,VEG,95654,OK,2002,Li et al. 2025a,2002-04-03,34.6,625,tmax_c,22.89149510185507,0.0,0.0,batch_00a093e488037bde3fda.csv,-23.75,-52.75
25,episodes,1.0,2002-05-13,0.0,200,0.0,2,25,>=,REP,95654,OK,2002,Li et al. (2025b),2002-05-06,33.7,200,tmax_c,22.89149510185507,0.0,0.0,batch_00a093e488037bde3fda.csv,-23.75,-52.75
25,episodes,1.0,2002-05-05,0.0,200,0.0,2,25,>=,FLO,95654,OK,2002,Li et al. (2025b),2002-04-28,33.7,200,tmax_c,22.89149510185507,0.0,0.0,batch_00a093e488037bde3fda.csv,-23.75,-52.75
25,episodes,1.0,2002-06-13,0.0,775,0.0,2,25,>=,FIL,95654,OK,2002,Li et al. (2025b),2002-05-14,32.7,775,tmax_c,22.89149510185507,0.0,0.0,batch_00a093e488037bde3fda.csv,-23.75,-52.75
25,days,1.0,2002-06-25,0.0,300,0.0,1,25,>,MAT,95654,OK,2002,Ortega Gómez et al. (2019),2002-06-14,10.0,300,precip_mm,22.89149510185507,0.0,0.0,batch_00a093e488037bde3fda.csv,-23.75,-52.75
25,episodes,1.0,2003-03-08,0.0,200,0.0,2,25,>=,EST,95654,OK,2003,Li et al. 2025a,2003-03-01,34.0,200,tmax_c,22.89149510185507,0.0,0.0,batch_00a093e488037bde3fda.csv,-23.75,-52.75
25,episodes,1.0,2003-04-27,0.0,625,0.0,2,25,>=,VEG,95654,OK,2003,Li et al. 2025a,2003-04-03,34.6,625,tmax_c,22.89149510185507,0.0,0.0,batch_00a093e488037bde3fda.csv,-23.75,-52.75
25,episodes,1.0,2003-05-13,0.0,200,0.0,2,25,>=,REP,95654,OK,2003,Li et al. (2025b),2003-05-06,33.7,200,tmax_c,22.89149510185507,0.0,0.0,batch_00a093e488037bde3fda.csv,-23.75,-52.75
25,episodes,1.0,2003-05-05,0.0,200,0.0,2,25,>=,FLO,95654,OK,2003,Li et al. (2025b),2003-04-28,33.7,200,tmax_c,22.89149510185507,0.0,0.0,batch_00a093e488037bde3fda.csv,-23.75,-52.75
25,episodes,1.0,2003-06-13,0.0,775,0.0,2,25,>=,FIL,95654,OK,2003,Li et al. (2025b),2003-05-14,32.7,775,tmax_c,22.89149510185507,0.0,0.0,batch_00a093e488037bde3fda.csv,-23.75,-52.75
25,days,1.0,2003-06-25,0.0,300,0.0,1,25,>,MAT,95654,OK,2003,Ortega Gómez et al. (2019),2003-06-14,10.0,300,precip_mm,22.89149510185507,0.0,0.0,batch_00a093e488037bde3fda.csv,-23.75,-52.75
25,episodes,1.0,2004-03-08,0.0400611698932153,200,0.0400611698932153,2,25,>=,EST,95654,OK,2004,Li et al. 2025a,2004-03-01,34.0,200,tmax_c,22.89149510185507,0.917060074385124,0.917060074385124,batch_00a093e488037bde3fda.csv,-23.75,-52.75
25,episodes,1.0,2004-04-27,0.0,625,0.0,2,25,>=,VEG,95654,OK,2004,Li et al. 2025a,2004-04-03,34.6,625,tmax_c,22.89149510185507,0.0,0.0,batch_00a093e488037bde3fda.csv,-23.75,-52.75
25,episodes,1.0,2004-05-13,0.0,200,0.0,2,25,>=,REP,95654,OK,2004,Li et al. (2025b),2004-05-06,33.7,200,tmax_c,22.89149510185507,0.0,0.0,batch_00a093e488037bde3fda.csv,-23.75,-52.75
25,episodes,1.0,2004-05-05,0.0,200,0.0,2,25,>=,FLO,95654,OK,2004,Li et al. (2025b),2004-04-28,33.7,200,tmax_c,22.89149510185507,0.0,0.0,batch_00a093e488037bde3fda.csv,-23.75,-52.75
25,episodes,1.0,2004-06-13,0.0,775,0.0,2,25,>=,FIL,95654,OK,2004,Li et al. (2025b),2004-05-14,32.7,775,tmax_c,22.89149510185507,0.0,0.0,batch_00a093e488037bde3fda.csv,-23.75,-52.75
25,days,1.0,2004-06-25,1.0,300,1.0,1,25,>,MAT,95654,OK,2004,Ortega Gómez et al. (2019),2004-06-14,10.0,300,precip_mm,22.89149510185507,22.89149510185507,22.89149510185507,batch_00a093e488037bde3fda.csv,-23.75,-52.75
25,episodes,1.0,1997-02-23,0.0,250,0.0,2,25,>=,EST,105036,OK,1997,Li et al. 2025a,1997-02-14,34.0,250,tmax_c,23.881886304513923,0.0,0.0,batch_00a4c26e9256fe3fef71.csv,-17.25,-41.75
25,episodes,1.0,1997-04-28,0.0,825,0.0,2,25,>=,VEG,105036,OK,1997,Li et al. 2025a,1997-03-27,34.6,825,tmax_c,23.881886304513923,0.0,0.0,batch_00a4c26e9256fe3fef71.csv,-17.25,-41.75
25,episodes,1.0,1997-05-17,0.0,275,0.0,2,25,>=,REP,105036,OK,1997,Li et al. (2025b),1997-05-07,33.7,275,tmax_c,23.881886304513923,0.0,0.0,batch_00a4c26e9256fe3fef71.csv,-17.25,-41.75
25,episodes,1.0,1997-05-06,0.0,200,0.0,2,25,>=,FLO,105036,OK,1997,Li et al. (2025b),1997-04-29,33.7,200,tmax_c,23.881886304513923,0.0,0.0,batch_00a4c26e9256fe3fef71.csv,-17.25,-41.75
25,episodes,1.0,1997-06-25,0.0,975,0.0,2,25,>=,FIL,105036,OK,1997,Li et al. (2025b),1997-05-18,32.7,975,tmax_c,23.881886304513923,0.0,0.0,batch_00a4c26e9256fe3fef71.csv,-17.25,-41.75
25,days,1.0,1997-07-10,0.0,375,0.0,1,25,>,MAT,105036,OK,1997,Ortega Gómez et al. (2019),1997-06-26,10.0,375,precip_mm,23.881886304513923,0.0,0.0,batch_00a4c26e9256fe3fef71.csv,-17.25,-41.75
25,episodes,1.0,1998-02-23,0.0,250,0.0,2,25,>=,EST,105036,OK,1998,Li et al. 2025a,1998-02-14,34.0,250,tmax_c,23.881886304513923,0.0,0.0,batch_00a4c26e9256fe3fef71.csv,-17.25,-41.75
25,episodes,1.0,1998-04-28,0.0400430997689778,825,0.0400430997689778,2,25,>=,VEG,105036,OK,1998,Li et al. 2025a,1998-03-27,34.6,825,tmax_c,23.881886304513923,0.9563047559630354,0.9563047559630354,batch_00a4c26e9256fe3fef71.csv,-17.25,-41.75
25,episodes,1.0,1998-05-17,0.0,275,0.0,2,25,>=,REP,105036,OK,1998,Li et al. (2025b),1998-05-07,33.7,275,tmax_c,23.881886304513923,0.0,0.0,batch_00a4c26e9256fe3fef71.csv,-17.25,-41.75
25,episodes,1.0,1998-05-06,0.0,200,0.0,2,25,>=,FLO,105036,OK,1998,Li et al. (2025b),1998-04-29,33.7,200,tmax_c,23.881886304513923,0.0,0.0,batch_00a4c26e9256fe3fef71.csv,-17.25,-41.75
25,episodes,1.0,1998-06-25,0.0,975,0.0,2,25,>=,FIL,105036,OK,1998,Li et al. (2025b),1998-05-18,32.7,975,tmax_c,23.881886304513923,0.0,0.0,batch_00a4c26e9256fe3fef71.csv,-17.25,-41.75
25,days,1.0,1998-07-10,0.0,375,0.0,1,25,>,MAT,105036,OK,1998,Ortega Gómez et al. (2019),1998-06-26,10.0,375,precip_mm,23.881886304513923,0.0,0.0,batch_00a4c26e9256fe3fef71.csv,-17.25,-41.75
25,episodes,1.0,1999-02-23,0.0400430997689778,250,0.0400430997689778,2,25,>=,EST,105036,OK,1999,Li et al. 2025a,1999-02-14,34.0,250,tmax_c,23.881886304513923,0.9563047559630354,0.9563047559630354,batch_00a4c26e9256fe3fef71.csv,-17.25,-41.75
25,episodes,1.0,1999-04-28,0.0,825,0.0,2,25,>=,VEG,105036,OK,1999,Li et al. 2025a,1999-03-27,34.6,825,tmax_c,23.881886304513923,0.0,0.0,batch_00a4c26e9256fe3fef71.csv,-17.25,-41.75
25,episodes,1.0,1999-05-17,0.0,275,0.0,2,25,>=,REP,105036,OK,1999,Li et al. (2025b),1999-05-07,33.7,275,tmax_c,23.881886304513923,0.0,0.0,batch_00a4c26e9256fe3fef71.csv,-17.25,-41.75
25,episodes,1.0,1999-05-06,0.0,200,0.0,2,25,>=,FLO,105036,OK,1999,Li et al. (2025b),1999-04-29,33.7,200,tmax_c,23.881886304513923,0.0,0.0,batch_00a4c26e9256fe3fef71.csv,-17.25,-41.75
25,episodes,1.0,1999-06-25,0.0,975,0.0,2,25,>=,FIL,105036,OK,1999,Li et al. (2025b),1999-05-18,32.7,975,tmax_c,23.881886304513923,0.0,0.0,batch_00a4c26e9256fe3fef71.csv,-17.25,-41.75
25,days,1.0,1999-07-10,0.0,375,0.0,1,25,>,MAT,105036,OK,1999,Ortega Gómez et al. (2019),1999-06-26,10.0,375,precip_mm,23.881886304513923,0.0,0.0,batch_00a4c26e9256fe3fef71.csv,-17.25,-41.75
25,episodes,1.0,2000-02-23,0.0,250,0.0,2,25,>=,EST,105036,OK,2000,Li et al. 2025a,2000-02-14,34.0,250,tmax_c,23.881886304513923,0.0,0.0,batch_00a4c26e9256fe3fef71.csv,-17.25,-41.75
25,episodes,1.0,2000-04-28,0.0,825,0.0,2,25,>=,VEG,105036,OK,2000,Li et al. 2025a,2000-03-27,34.6,825,tmax_c,23.881886304513923,0.0,0.0,batch_00a4c26e9256fe3fef71.csv,-17.25,-41.75
25,episodes,1.0,2000-05-17,0.0,275,0.0,2,25,>=,REP,105036,OK,2000,Li et al. (2025b),2000-05-07,33.7,275,tmax_c,23.881886304513923,0.0,0.0,batch_00a4c26e9256fe3fef71.csv,-17.25,-41.75
25,episodes,1.0,2000-05-06,0.0,200,0.0,2,25,>=,FLO,105036,OK,2000,Li et al. (2025b),2000-04-29,33.7,200,tmax_c,23.881886304513923,0.0,0.0,batch_00a4c26e9256fe3fef71.csv,-17.25,-41.75
25,episodes,1.0,2000-06-25,0.0,975,0.0,2,25,>=,FIL,105036,OK,2000,Li et al. (2025b),2000-05-18,32.7,975,tmax_c,23.881886304513923,0.0,0.0,batch_00a4c26e9256fe3fef71.csv,-17.25,-41.75
25,days,1.0,2000-07-10,0.0,375,0.0,1,25,>,MAT,105036,OK,2000,Ortega Gómez et al. (2019),2000-06-26,10.0,375,precip_mm,23.881886304513923,0.0,0.0,batch_00a4c26e9256fe3fef71.csv,-17.25,-41.75
25,episodes,1.0,1993-02-22,0.0,225,0.0,2,25,>=,EST,105023,OK,1993,Li et al. 2025a,1993-02-14,34.0,225,tmax_c,23.881886304513923,0.0,0.0,batch_00abf87370d3e5145d6d.csv,-17.25,-48.25
25,episodes,1.0,1993-04-20,0.0,725,0.0,2,25,>=,VEG,105023,OK,1993,Li et al. 2025a,1993-03-23,34.6,725,tmax_c,23.881886304513923,0.0,0.0,batch_00abf87370d3e5145d6d.csv,-17.25,-48.25
25,episodes,1.0,1993-05-07,0.0,225,0.0,2,25,>=,REP,105023,OK,1993,Li et al. (2025b),1993-04-29,33.7,225,tmax_c,23.881886304513923,0.0,0.0,batch_00abf87370d3e5145d6d.csv,-17.25,-48.25
25,episodes,1.0,1993-04-28,0.0,200,0.0,2,25,>=,FLO,105023,OK,1993,Li et al. (2025b),1993-04-21,33.7,200,tmax_c,23.881886304513923,0.0,0.0,batch_00abf87370d3e5145d6d.csv,-17.25,-48.25
25,episodes,1.0,1993-06-12,0.0,900,0.0,2,25,>=,FIL,105023,OK,1993,Li et al. (2025b),1993-05-08,32.7,900,tmax_c,23.881886304513923,0.0,0.0,batch_00abf87370d3e5145d6d.csv,-17.25,-48.25
25,days,1.0,1993-06-25,0.0,325,0.0,1,25,>,MAT,105023,OK,1993,Ortega Gómez et al. (2019),1993-06-13,10.0,325,precip_mm,23.881886304513923,0.0,0.0,batch_00abf87370d3e5145d6d.csv,-17.25,-48.25
25,episodes,1.0,1994-02-22,0.0,225,0.0,2,25,>=,EST,105023,OK,1994,Li et al. 2025a,1994-02-14,34.0,225,tmax_c,23.881886304513923,0.0,0.0,batch_00abf87370d3e5145d6d.csv,-17.25,-48.25
25,episodes,1.0,1994-04-20,0.0,725,0.0,2,25,>=,VEG,105023,OK,1994,Li et al. 2025a,1994-03-23,34.6,725,tmax_c,23.881886304513923,0.0,0.0,batch_00abf87370d3e5145d6d.csv,-17.25,-48.25
25,episodes,1.0,1994-05-07,0.0,225,0.0,2,25,>=,REP,105023,OK,1994,Li et al. (2025b),1994-04-29,33.7,225,tmax_c,23.881886304513923,0.0,0.0,batch_00abf87370d3e5145d6d.csv,-17.25,-48.25
25,episodes,1.0,1994-04-28,0.0,200,0.0,2,25,>=,FLO,105023,OK,1994,Li et al. (2025b),1994-04-21,33.7,200,tmax_c,23.881886304513923,0.0,0.0,batch_00abf87370d3e5145d6d.csv,-17.25,-48.25
25,episodes,1.0,1994-06-12,0.0,900,0.0,2,25,>=,FIL,105023,OK,1994,Li et al. (2025b),1994-05-08,32.7,900,tmax_c,23.881886304513923,0.0,0.0,batch_00abf87370d3e5145d6d.csv,-17.25,-48.25
25,days,1.0,1994-06-25,1.0,325,1.0,1,25,>,MAT,105023,OK,1994,Ortega Gómez et al. (2019),1994-06-13,10.0,325,precip_mm,23.881886304513923,23.881886304513923,23.881886304513923,batch_00abf87370d3e5145d6d.csv,-17.25,-48.25
25,episodes,1.0,1995-02-22,0.0,225,0.0,2,25,>=,EST,105023,OK,1995,Li et al. 2025a,1995-02-14,34.0,225,tmax_c,23.881886304513923,0.0,0.0,batch_00abf87370d3e5145d6d.csv,-17.25,-48.25
25,episodes,1.0,1995-04-20,0.0,725,0.0,2,25,>=,VEG,105023,OK,1995,Li et al. 2025a,1995-03-23,34.6,725,tmax_c,23.881886304513923,0.0,0.0,batch_00abf87370d3e5145d6d.csv,-17.25,-48.25
25,episodes,1.0,1995-05-07,0.0,225,0.0,2,25,>=,REP,105023,OK,1995,Li et al. (2025b),1995-04-29,33.7,225,tmax_c,23.881886304513923,0.0,0.0,batch_00abf87370d3e5145d6d.csv,-17.25,-48.25
25,episodes,1.0,1995-04-28,0.0,200,0.0,2,25,>=,FLO,105023,OK,1995,Li et al. (2025b),1995-04-21,33.7,200,tmax_c,23.881886304513923,0.0,0.0,batch_00abf87370d3e5145d6d.csv,-17.25,-48.25
25,episodes,1.0,1995-06-12,0.0,900,0.0,2,25,>=,FIL,105023,OK,1995,Li et al. (2025b),1995-05-08,32.7,900,tmax_c,23.881886304513923,0.0,0.0,batch_00abf87370d3e5145d6d.csv,-17.25,-48.25
25,days,1.0,1995-06-25,0.0,325,0.0,1,25,>,MAT,105023,OK,1995,Ortega Gómez et al. (2019),1995-06-13,10.0,325,precip_mm,23.881886304513923,0.0,0.0,batch_00abf87370d3e5145d6d.csv,-17.25,-48.25
25,episodes,1.0,1996-02-22,0.0,225,0.0,2,25,>=,EST,105023,OK,1996,Li et al. 2025a,1996-02-14,34.0,225,tmax_c,23.881886304513923,0.0,0.0,batch_00abf87370d3e5145d6d.csv,-17.25,-48.25
25,episodes,1.0,1996-04-20,0.0,725,0.0,2,25,>=,VEG,105023,OK,1996,Li et al. 2025a,1996-03-23,34.6,725,tmax_c,23.881886304513923,0.0,0.0,batch_00abf87370d3e5145d6d.csv,-17.25,-48.25
25,episodes,1.0,1996-05-07,0.0,225,0.0,2,25,>=,REP,105023,OK,1996,Li et al. (2025b),1996-04-29,33.7,225,tmax_c,23.881886304513923,0.0,0.0,batch_00abf87370d3e5145d6d.csv,-17.25,-48.25
25,episodes,1.0,1996-04-28,0.0,200,0.0,2,25,>=,FLO,105023,OK,1996,Li et al. (2025b),1996-04-21,33.7,200,tmax_c,23.881886304513923,0.0,0.0,batch_00abf87370d3e5145d6d.csv,-17.25,-48.25
25,episodes,1.0,1996-06-12,0.0,900,0.0,2,25,>=,FIL,105023,OK,1996,Li et al. (2025b),1996-05-08,32.7,900,tmax_c,23.881886304513923,0.0,0.0,batch_00abf87370d3e5145d6d.csv,-17.25,-48.25
25,days,1.0,1996-06-25,0.0,325,0.0,1,25,>,MAT,105023,OK,1996,Ortega Gómez et al. (2019),1996-06-13,10.0,325,precip_mm,23.881886304513923,0.0,0.0,batch_00abf87370d3e5145d6d.csv,-17.25,-48.25
25,episodes,1.0,1981-02-21,0.0,200,0.0,2,25,>=,EST,107879,OK,1981,Li et al. 2025a,1981-02-14,34.0,200,tmax_c,24.125338871662567,0.0,0.0,batch_00ac4b0534ecfbfe56f0.csv,-15.25,-60.25
25,episodes,1.0,1981-04-12,0.0,625,0.0,2,25,>=,VEG,107879,OK,1981,Li et al. 2025a,1981-03-19,34.6,625,tmax_c,24.125338871662567,0.0,0.0,batch_00ac4b0534ecfbfe56f0.csv,-15.25,-60.25
25,episodes,1.0,1981-04-28,0.0,200,0.0,2,25,>=,REP,107879,OK,1981,Li et al. (2025b),1981-04-21,33.7,200,tmax_c,24.125338871662567,0.0,0.0,batch_00ac4b0534ecfbfe56f0.csv,-15.25,-60.25
25,episodes,1.0,1981-04-20,0.0,200,0.0,2,25,>=,FLO,107879,OK,1981,Li et al. (2025b),1981-04-13,33.7,200,tmax_c,24.125338871662567,0.0,0.0,batch_00ac4b0534ecfbfe56f0.csv,-15.25,-60.25
25,episodes,1.0,1981-05-29,0.0,775,0.0,2,25,>=,FIL,107879,OK,1981,Li et al. (2025b),1981-04-29,32.7,775,tmax_c,24.125338871662567,0.0,0.0,batch_00ac4b0534ecfbfe56f0.csv,-15.25,-60.25
25,days,1.0,1981-06-10,1.0,300,1.0,1,25,>,MAT,107879,OK,1981,Ortega Gómez et al. (2019),1981-05-30,10.0,300,precip_mm,24.125338871662567,24.125338871662567,24.125338871662567,batch_00ac4b0534ecfbfe56f0.csv,-15.25,-60.25
25,episodes,1.0,1982-02-21,0.0,200,0.0,2,25,>=,EST,107879,OK,1982,Li et al. 2025a,1982-02-14,34.0,200,tmax_c,24.125338871662567,0.0,0.0,batch_00ac4b0534ecfbfe56f0.csv,-15.25,-60.25
25,episodes,1.0,1982-04-12,0.0,625,0.0,2,25,>=,VEG,107879,OK,1982,Li et al. 2025a,1982-03-19,34.6,625,tmax_c,24.125338871662567,0.0,0.0,batch_00ac4b0534ecfbfe56f0.csv,-15.25,-60.25
25,episodes,1.0,1982-04-28,0.0,200,0.0,2,25,>=,REP,107879,OK,1982,Li et al. (2025b),1982-04-21,33.7,200,tmax_c,24.125338871662567,0.0,0.0,batch_00ac4b0534ecfbfe56f0.csv,-15.25,-60.25
25,episodes,1.0,1982-04-20,0.0,200,0.0,2,25,>=,FLO,107879,OK,1982,Li et al. (2025b),1982-04-13,33.7,200,tmax_c,24.125338871662567,0.0,0.0,batch_00ac4b0534ecfbfe56f0.csv,-15.25,-60.25
25,episodes,1.0,1982-05-29,0.0,775,0.0,2,25,>=,FIL,107879,OK,1982,Li et al. (2025b),1982-04-29,32.7,775,tmax_c,24.125338871662567,0.0,0.0,batch_00ac4b0534ecfbfe56f0.csv,-15.25,-60.25
25,days,1.0,1982-06-10,0.0,300,0.0,1,25,>,MAT,107879,OK,1982,Ortega Gómez et al. (2019),1982-05-30,10.0,300,precip_mm,24.125338871662567,0.0,0.0,batch_00ac4b0534ecfbfe56f0.csv,-15.25,-60.25
25,episodes,1.0,1983-02-21,0.0,200,0.0,2,25,>=,EST,107879,OK,1983,Li et al. 2025a,1983-02-14,34.0,200,tmax_c,24.125338871662567,0.0,0.0,batch_00ac4b0534ecfbfe56f0.csv,-15.25,-60.25
25,episodes,1.0,1983-04-12,0.0,625,0.0,2,25,>=,VEG,107879,OK,1983,Li et al. 2025a,1983-03-19,34.6,625,tmax_c,24.125338871662567,0.0,0.0,batch_00ac4b0534ecfbfe56f0.csv,-15.25,-60.25
25,episodes,1.0,1983-04-28,0.0,200,0.0,2,25,>=,REP,107879,OK,1983,Li et al. (2025b),1983-04-21,33.7,200,tmax_c,24.125338871662567,0.0,0.0,batch_00ac4b0534ecfbfe56f0.csv,-15.25,-60.25
25,episodes,1.0,1983-04-20,0.0,200,0.0,2,25,>=,FLO,107879,OK,1983,Li et al. (2025b),1983-04-13,33.7,200,tmax_c,24.125338871662567,0.0,0.0,batch_00ac4b0534ecfbfe56f0.csv,-15.25,-60.25
25,episodes,1.0,1983-05-29,0.0,775,0.0,2,25,>=,FIL,107879,OK,1983,Li et al. (2025b),1983-04-29,32.7,775,tmax_c,24.125338871662567,0.0,0.0,batch_00ac4b0534ecfbfe56f0.csv,-15.25,-60.25
25,days,1.0,1983-06-10,0.0399619424772735,300,0.0399619424772735,1,25,>,MAT,107879,OK,1983,Ortega Gómez et al. (2019),1983-05-30,10.0,300,precip_mm,24.125338871662567,0.96409540423411,0.96409540423411,batch_00ac4b0534ecfbfe56f0.csv,-15.25,-60.25
25,episodes,1.0,1984-02-21,0.0,200,0.0,2,25,>=,EST,107879,OK,1984,Li et al. 2025a,1984-02-14,34.0,200,tmax_c,24.125338871662567,0.0,0.0,batch_00ac4b0534ecfbfe56f0.csv,-15.25,-60.25
25,episodes,1.0,1984-04-12,0.0,625,0.0,2,25,>=,VEG,107879,OK,1984,Li et al. 2025a,1984-03-19,34.6,625,tmax_c,24.125338871662567,0.0,0.0,batch_00ac4b0534ecfbfe56f0.csv,-15.25,-60.25
25,episodes,1.0,1984-04-28,0.0,200,0.0,2,25,>=,REP,107879,OK,1984,Li et al. (2025b),1984-04-21,33.7,200,tmax_c,24.125338871662567,0.0,0.0,batch_00ac4b0534ecfbfe56f0.csv,-15.25,-60.25
25,episodes,1.0,1984-04-20,0.0,200,0.0,2,25,>=,FLO,107879,OK,1984,Li et al. (2025b),1984-04-13,33.7,200,tmax_c,24.125338871662567,0.0,0.0,batch_00ac4b0534ecfbfe56f0.csv,-15.25,-60.25
25,episodes,1.0,1984-05-29,0.0,775,0.0,2,25,>=,FIL,107879,OK,1984,Li et al. (2025b),1984-04-29,32.7,775,tmax_c,24.125338871662567,0.0,0.0,batch_00ac4b0534ecfbfe56f0.csv,-15.25,-60.25
25,days,1.0,1984-06-10,0.0,300,0.0,1,25,>,MAT,107879,OK,1984,Ortega Gómez et al. (2019),1984-05-30,10.0,300,precip_mm,24.125338871662567,0.0,0.0,batch_00ac4b0534ecfbfe56f0.csv,-15.25,-60.25
25,episodes,1.0,2001-11-25,0.0,375,0.0,2,25,>=,EST,98706,OK,2001,Li et al. 2025a,2001-11-11,34.0,375,tmax_c,23.3080240299314,0.0,0.0,batch_00b036697ebba33ead13.csv,-21.25,33.25
25,episodes,1.0,2002-02-28,1.0,1200,2.99962065350346,2,25,>=,VEG,98706,OK,2001,Li et al. 2025a,2002-01-12,34.6,1200,tmax_c,23.3080240299314,69.91523027253717,23.3080240299314,batch_00b036697ebba33ead13.csv,-21.25,33.25
25,episodes,1.0,2002-03-29,0.7997567174797515,400,0.7997567174797515,2,25,>=,REP,98706,OK,2001,Li et al. (2025b),2002-03-14,33.7,400,tmax_c,23.3080240299314,18.640748789117104,18.640748789117104,batch_00b036697ebba33ead13.csv,-21.25,33.25
25,episodes,1.0,2002-03-13,1.0,325,1.479702316159713,2,25,>=,FLO,98706,OK,2001,Li et al. (2025b),2002-03-01,33.7,325,tmax_c,23.3080240299314,34.48893714219574,23.3080240299314,batch_00b036697ebba33ead13.csv,-21.25,33.25
25,episodes,1.0,2002-05-27,0.7598376492177219,1475,1.119485320445452,2,25,>=,FIL,98706,OK,2001,Li et al. (2025b),2002-03-30,32.7,1475,tmax_c,23.3080240299314,26.09299075009805,17.710314186813246,batch_00b036697ebba33ead13.csv,-21.25,33.25
25,days,1.0,2002-06-18,0.0,550,0.0,1,25,>,MAT,98706,OK,2001,Ortega Gómez et al. (2019),2002-05-28,10.0,550,precip_mm,23.3080240299314,0.0,0.0,batch_00b036697ebba33ead13.csv,-21.25,33.25
25,episodes,1.0,2002-11-25,0.0,375,0.0,2,25,>=,EST,98706,OK,2002,Li et al. 2025a,2002-11-11,34.0,375,tmax_c,23.3080240299314,0.0,0.0,batch_00b036697ebba33ead13.csv,-21.25,33.25
25,episodes,1.0,2003-02-28,0.8798378929121154,1200,3.0385114590338533,2,25,>=,VEG,98706,OK,2002,Li et al. 2025a,2003-01-12,34.6,1200,tmax_c,23.3080240299314,70.82169810238297,20.5072827504398,batch_00b036697ebba33ead13.csv,-21.25,33.25
25,episodes,1.0,2003-03-29,0.0,400,0.0,2,25,>=,REP,98706,OK,2002,Li et al. (2025b),2003-03-14,33.7,400,tmax_c,23.3080240299314,0.0,0.0,batch_00b036697ebba33ead13.csv,-21.25,33.25
25,episodes,1.0,2003-03-13,0.0,325,0.0,2,25,>=,FLO,98706,OK,2002,Li et al. (2025b),2003-03-01,33.7,325,tmax_c,23.3080240299314,0.0,0.0,batch_00b036697ebba33ead13.csv,-21.25,33.25
25,episodes,1.0,2003-05-27,0.0,1475,0.0,2,25,>=,FIL,98706,OK,2002,Li et al. (2025b),2003-03-30,32.7,1475,tmax_c,23.3080240299314,0.0,0.0,batch_00b036697ebba33ead13.csv,-21.25,33.25
25,days,1.0,2003-06-18,0.0,550,0.0,1,25,>,MAT,98706,OK,2002,Ortega Gómez et al. (2019),2003-05-28,10.0,550,precip_mm,23.3080240299314,0.0,0.0,batch_00b036697ebba33ead13.csv,-21.25,33.25
25,episodes,1.0,2003-11-25,1.0,375,1.0,2,25,>=,EST,98706,OK,2003,Li et al. 2025a,2003-11-11,34.0,375,tmax_c,23.3080240299314,23.3080240299314,23.3080240299314,batch_00b036697ebba33ead13.csv,-21.25,33.25
25,episodes,1.0,2004-02-29,1.0,1225,1.3595114854868038,2,25,>=,VEG,98706,OK,2003,Li et al. 2025a,2004-01-12,34.6,1225,tmax_c,23.3080240299314,31.687526372694155,23.3080240299314,batch_00b036697ebba33ead13.csv,-21.25,33.25
25,episodes,1.0,2004-03-29,0.0,400,0.0,2,25,>=,REP,98706,OK,2003,Li et al. (2025b),2004-03-14,33.7,400,tmax_c,23.3080240299314,0.0,0.0,batch_00b036697ebba33ead13.csv,-21.25,33.25
25,episodes,1.0,2004-03-13,0.0,325,0.0,2,25,>=,FLO,98706,OK,2003,Li et al. (2025b),2004-03-01,33.7,325,tmax_c,23.3080240299314,0.0,0.0,batch_00b036697ebba33ead13.csv,-21.25,33.25
25,episodes,1.0,2004-05-27,0.4397832478976831,1475,0.4397832478976831,2,25,>=,FIL,98706,OK,2003,Li et al. (2025b),2004-03-30,32.7,1475,tmax_c,23.3080240299314,10.250478509960477,10.250478509960477,batch_00b036697ebba33ead13.csv,-21.25,33.25
25,days,1.0,2004-06-18,0.0,550,0.0,1,25,>,MAT,98706,OK,2003,Ortega Gómez et al. (2019),2004-05-28,10.0,550,precip_mm,23.3080240299314,0.0,0.0,batch_00b036697ebba33ead13.csv,-21.25,33.25
25,episodes,1.0,2004-11-25,1.0,375,2.0,2,25,>=,EST,98706,OK,2004,Li et al. 2025a,2004-11-11,34.0,375,tmax_c,23.3080240299314,46.6160480598628,23.3080240299314,batch_00b036697ebba33ead13.csv,-21.25,33.25
25,episodes,1.0,2005-02-28,1.0,1200,3.519565886641794,2,25,>=,VEG,98706,OK,2004,Li et al. 2025a,2005-01-12,34.6,1200,tmax_c,23.3080240299314,82.03412626077375,23.3080240299314,batch_00b036697ebba33ead13.csv,-21.25,33.25
25,episodes,1.0,2005-03-29,1.0,400,1.0,2,25,>=,REP,98706,OK,2004,Li et al. (2025b),2005-03-14,33.7,400,tmax_c,23.3080240299314,23.3080240299314,23.3080240299314,batch_00b036697ebba33ead13.csv,-21.25,33.25
25,episodes,1.0,2005-03-13,1.0,325,1.119837161828935,2,25,>=,FLO,98706,OK,2004,Li et al. (2025b),2005-03-01,33.7,325,tmax_c,23.3080240299314,26.101191477518984,23.3080240299314,batch_00b036697ebba33ead13.csv,-21.25,33.25
25,episodes,1.0,2005-05-27,1.0,1475,1.63964779307489,2,25,>=,FIL,98706,OK,2004,Li et al. (2025b),2005-03-30,32.7,1475,tmax_c,23.3080240299314,38.216950161613525,23.3080240299314,batch_00b036697ebba33ead13.csv,-21.25,33.25
25,days,1.0,2005-06-18,0.0,550,0.0,1,25,>,MAT,98706,OK,2004,Ortega Gómez et al. (2019),2005-05-28,10.0,550,precip_mm,23.3080240299314,0.0,0.0,batch_00b036697ebba33ead13.csv,-21.25,33.25
25,episodes,1.0,1989-02-21,0.0,200,0.0,2,25,>=,EST,106449,OK,1989,Li et al. 2025a,1989-02-14,34.0,200,tmax_c,24.007269011440503,0.0,0.0,batch_00b243039bdc080566b1.csv,-16.25,-55.25
25,episodes,1.0,1989-04-12,0.0,625,0.0,2,25,>=,VEG,106449,OK,1989,Li et al. 2025a,1989-03-19,34.6,625,tmax_c,24.007269011440503,0.0,0.0,batch_00b243039bdc080566b1.csv,-16.25,-55.25
25,episodes,1.0,1989-04-28,0.0,200,0.0,2,25,>=,REP,106449,OK,1989,Li et al. (2025b),1989-04-21,33.7,200,tmax_c,24.007269011440503,0.0,0.0,batch_00b243039bdc080566b1.csv,-16.25,-55.25
25,episodes,1.0,1989-04-20,0.0,200,0.0,2,25,>=,FLO,106449,OK,1989,Li et al. (2025b),1989-04-13,33.7,200,tmax_c,24.007269011440503,0.0,0.0,batch_00b243039bdc080566b1.csv,-16.25,-55.25
25,episodes,1.0,1989-05-29,0.0,775,0.0,2,25,>=,FIL,106449,OK,1989,Li et al. (2025b),1989-04-29,32.7,775,tmax_c,24.007269011440503,0.0,0.0,batch_00b243039bdc080566b1.csv,-16.25,-55.25
25,days,1.0,1989-06-10,1.0,300,1.0,1,25,>,MAT,106449,OK,1989,Ortega Gómez et al. (2019),1989-05-30,10.0,300,precip_mm,24.007269011440503,24.007269011440503,24.007269011440503,batch_00b243039bdc080566b1.csv,-16.25,-55.25
25,episodes,1.0,1990-02-21,0.0,200,0.0,2,25,>=,EST,106449,OK,1990,Li et al. 2025a,1990-02-14,34.0,200,tmax_c,24.007269011440503,0.0,0.0,batch_00b243039bdc080566b1.csv,-16.25,-55.25
25,episodes,1.0,1990-04-12,0.0,625,0.0,2,25,>=,VEG,106449,OK,1990,Li et al. 2025a,1990-03-19,34.6,625,tmax_c,24.007269011440503,0.0,0.0,batch_00b243039bdc080566b1.csv,-16.25,-55.25
25,episodes,1.0,1990-04-28,0.0,200,0.0,2,25,>=,REP,106449,OK,1990,Li et al. (2025b),1990-04-21,33.7,200,tmax_c,24.007269011440503,0.0,0.0,batch_00b243039bdc080566b1.csv,-16.25,-55.25
25,episodes,1.0,1990-04-20,0.0,200,0.0,2,25,>=,FLO,106449,OK,1990,Li et al. (2025b),1990-04-13,33.7,200,tmax_c,24.007269011440503,0.0,0.0,batch_00b243039bdc080566b1.csv,-16.25,-55.25
25,episodes,1.0,1990-05-29,0.0,775,0.0,2,25,>=,FIL,106449,OK,1990,Li et al. (2025b),1990-04-29,32.7,775,tmax_c,24.007269011440503,0.0,0.0,batch_00b243039bdc080566b1.csv,-16.25,-55.25
25,days,1.0,1990-06-10,0.0,300,0.0,1,25,>,MAT,106449,OK,1990,Ortega Gómez et al. (2019),1990-05-30,10.0,300,precip_mm,24.007269011440503,0.0,0.0,batch_00b243039bdc080566b1.csv,-16.25,-55.25
25,episodes,1.0,1991-02-21,0.0,200,0.0,2,25,>=,EST,106449,OK,1991,Li et al. 2025a,1991-02-14,34.0,200,tmax_c,24.007269011440503,0.0,0.0,batch_00b243039bdc080566b1.csv,-16.25,-55.25
25,episodes,1.0,1991-04-12,0.0,625,0.0,2,25,>=,VEG,106449,OK,1991,Li et al. 2025a,1991-03-19,34.6,625,tmax_c,24.007269011440503,0.0,0.0,batch_00b243039bdc080566b1.csv,-16.25,-55.25
25,episodes,1.0,1991-04-28,0.0,200,0.0,2,25,>=,REP,106449,OK,1991,Li et al. (2025b),1991-04-21,33.7,200,tmax_c,24.007269011440503,0.0,0.0,batch_00b243039bdc080566b1.csv,-16.25,-55.25
25,episodes,1.0,1991-04-20,0.0,200,0.0,2,25,>=,FLO,106449,OK,1991,Li et al. (2025b),1991-04-13,33.7,200,tmax_c,24.007269011440503,0.0,0.0,batch_00b243039bdc080566b1.csv,-16.25,-55.25
25,episodes,1.0,1991-05-29,0.0,775,0.0,2,25,>=,FIL,106449,OK,1991,Li et al. (2025b),1991-04-29,32.7,775,tmax_c,24.007269011440503,0.0,0.0,batch_00b243039bdc080566b1.csv,-16.25,-55.25
25,days,1.0,1991-06-10,0.0,300,0.0,1,25,>,MAT,106449,OK,1991,Ortega Gómez et al. (2019),1991-05-30,10.0,300,precip_mm,24.007269011440503,0.0,0.0,batch_00b243039bdc080566b1.csv,-16.25,-55.25
25,episodes,1.0,1992-02-21,0.0,200,0.0,2,25,>=,EST,106449,OK,1992,Li et al. 2025a,1992-02-14,34.0,200,tmax_c,24.007269011440503,0.0,0.0,batch_00b243039bdc080566b1.csv,-16.25,-55.25
25,episodes,1.0,1992-04-12,0.0,625,0.0,2,25,>=,VEG,106449,OK,1992,Li et al. 2025a,1992-03-19,34.6,625,tmax_c,24.007269011440503,0.0,0.0,batch_00b243039bdc080566b1.csv,-16.25,-55.25
25,episodes,1.0,1992-04-28,0.0,200,0.0,2,25,>=,REP,106449,OK,1992,Li et al. (2025b),1992-04-21,33.7,200,tmax_c,24.007269011440503,0.0,0.0,batch_00b243039bdc080566b1.csv,-16.25,-55.25
25,episodes,1.0,1992-04-20,0.0,200,0.0,2,25,>=,FLO,106449,OK,1992,Li et al. (2025b),1992-04-13,33.7,200,tmax_c,24.007269011440503,0.0,0.0,batch_00b243039bdc080566b1.csv,-16.25,-55.25
25,episodes,1.0,1992-05-29,0.0,775,0.0,2,25,>=,FIL,106449,OK,1992,Li et al. (2025b),1992-04-29,32.7,775,tmax_c,24.007269011440503,0.0,0.0,batch_00b243039bdc080566b1.csv,-16.25,-55.25
25,days,1.0,1992-06-10,0.0,300,0.0,1,25,>,MAT,106449,OK,1992,Ortega Gómez et al. (2019),1992-05-30,10.0,300,precip_mm,24.007269011440503,0.0,0.0,batch_00b243039bdc080566b1.csv,-16.25,-55.25
25,episodes,1.0,1993-03-23,0.0,175,0.0,2,25,>=,EST,99977,OK,1993,Li et al. 2025a,1993-03-17,34.0,175,tmax_c,23.3860295326714,0.0,0.0,batch_00b4a12177d7c1908e43.csv,-20.75,-51.25
25,episodes,1.0,1993-05-05,0.0,550,0.0,2,25,>=,VEG,99977,OK,1993,Li et al. 2025a,1993-04-14,34.6,550,tmax_c,23.3860295326714,0.0,0.0,batch_00b4a12177d7c1908e43.csv,-20.75,-51.25
25,episodes,1.0,1993-05-19,0.0,175,0.0,2,25,>=,REP,99977,OK,1993,Li et al. (2025b),1993-05-13,33.7,175,tmax_c,23.3860295326714,0.0,0.0,batch_00b4a12177d7c1908e43.csv,-20.75,-51.25
25,episodes,1.0,1993-05-12,0.0,175,0.0,2,25,>=,FLO,99977,OK,1993,Li et al. (2025b),1993-05-06,33.7,175,tmax_c,23.3860295326714,0.0,0.0,batch_00b4a12177d7c1908e43.csv,-20.75,-51.25
25,episodes,1.0,1993-06-15,0.0,675,0.0,2,25,>=,FIL,99977,OK,1993,Li et al. (2025b),1993-05-20,32.7,675,tmax_c,23.3860295326714,0.0,0.0,batch_00b4a12177d7c1908e43.csv,-20.75,-51.25
25,days,1.0,1993-06-25,0.0,250,0.0,1,25,>,MAT,99977,OK,1993,Ortega Gómez et al. (2019),1993-06-16,10.0,250,precip_mm,23.3860295326714,0.0,0.0,batch_00b4a12177d7c1908e43.csv,-20.75,-51.25
25,episodes,1.0,1994-03-23,0.0,175,0.0,2,25,>=,EST,99977,OK,1994,Li et al. 2025a,1994-03-17,34.0,175,tmax_c,23.3860295326714,0.0,0.0,batch_00b4a12177d7c1908e43.csv,-20.75,-51.25
25,episodes,1.0,1994-05-05,0.0,550,0.0,2,25,>=,VEG,99977,OK,1994,Li et al. 2025a,1994-04-14,34.6,550,tmax_c,23.3860295326714,0.0,0.0,batch_00b4a12177d7c1908e43.csv,-20.75,-51.25
25,episodes,1.0,1994-05-19,0.0,175,0.0,2,25,>=,REP,99977,OK,1994,Li et al. (2025b),1994-05-13,33.7,175,tmax_c,23.3860295326714,0.0,0.0,batch_00b4a12177d7c1908e43.csv,-20.75,-51.25
25,episodes,1.0,1994-05-12,0.0,175,0.0,2,25,>=,FLO,99977,OK,1994,Li et al. (2025b),1994-05-06,33.7,175,tmax_c,23.3860295326714,0.0,0.0,batch_00b4a12177d7c1908e43.csv,-20.75,-51.25
25,episodes,1.0,1994-06-15,0.0,675,0.0,2,25,>=,FIL,99977,OK,1994,Li et al. (2025b),1994-05-20,32.7,675,tmax_c,23.3860295326714,0.0,0.0,batch_00b4a12177d7c1908e43.csv,-20.75,-51.25
25,days,1.0,1994-06-25,0.1199734369635401,250,0.1199734369635401,1,25,>,MAT,99977,OK,1994,Ortega Gómez et al. (2019),1994-06-16,10.0,250,precip_mm,23.3860295326714,2.8057023399654413,2.8057023399654413,batch_00b4a12177d7c1908e43.csv,-20.75,-51.25
25,episodes,1.0,1995-03-23,0.0,175,0.0,2,25,>=,EST,99977,OK,1995,Li et al. 2025a,1995-03-17,34.0,175,tmax_c,23.3860295326714,0.0,0.0,batch_00b4a12177d7c1908e43.csv,-20.75,-51.25
25,episodes,1.0,1995-05-05,0.0,550,0.0,2,25,>=,VEG,99977,OK,1995,Li et al. 2025a,1995-04-14,34.6,550,tmax_c,23.3860295326714,0.0,0.0,batch_00b4a12177d7c1908e43.csv,-20.75,-51.25
25,episodes,1.0,1995-05-19,0.0,175,0.0,2,25,>=,REP,99977,OK,1995,Li et al. (2025b),1995-05-13,33.7,175,tmax_c,23.3860295326714,0.0,0.0,batch_00b4a12177d7c1908e43.csv,-20.75,-51.25
25,episodes,1.0,1995-05-12,0.0,175,0.0,2,25,>=,FLO,99977,OK,1995,Li et al. (2025b),1995-05-06,33.7,175,tmax_c,23.3860295326714,0.0,0.0,batch_00b4a12177d7c1908e43.csv,-20.75,-51.25
25,episodes,1.0,1995-06-15,0.0,675,0.0,2,25,>=,FIL,99977,OK,1995,Li et al. (2025b),1995-05-20,32.7,675,tmax_c,23.3860295326714,0.0,0.0,batch_00b4a12177d7c1908e43.csv,-20.75,-51.25
25,days,1.0,1995-06-25,1.0,250,1.0,1,25,>,MAT,99977,OK,1995,Ortega Gómez et al. (2019),1995-06-16,10.0,250,precip_mm,23.3860295326714,23.3860295326714,23.3860295326714,batch_00b4a12177d7c1908e43.csv,-20.75,-51.25
25,episodes,1.0,1996-03-23,0.0,175,0.0,2,25,>=,EST,99977,OK,1996,Li et al. 2025a,1996-03-17,34.0,175,tmax_c,23.3860295326714,0.0,0.0,batch_00b4a12177d7c1908e43.csv,-20.75,-51.25
25,episodes,1.0,1996-05-05,0.0,550,0.0,2,25,>=,VEG,99977,OK,1996,Li et al. 2025a,1996-04-14,34.6,550,tmax_c,23.3860295326714,0.0,0.0,batch_00b4a12177d7c1908e43.csv,-20.75,-51.25
25,episodes,1.0,1996-05-19,0.0,175,0.0,2,25,>=,REP,99977,OK,1996,Li et al. (2025b),1996-05-13,33.7,175,tmax_c,23.3860295326714,0.0,0.0,batch_00b4a12177d7c1908e43.csv,-20.75,-51.25
25,episodes,1.0,1996-05-12,0.0,175,0.0,2,25,>=,FLO,99977,OK,1996,Li et al. (2025b),1996-05-06,33.7,175,tmax_c,23.3860295326714,0.0,0.0,batch_00b4a12177d7c1908e43.csv,-20.75,-51.25
25,episodes,1.0,1996-06-15,0.0,675,0.0,2,25,>=,FIL,99977,OK,1996,Li et al. (2025b),1996-05-20,32.7,675,tmax_c,23.3860295326714,0.0,0.0,batch_00b4a12177d7c1908e43.csv,-20.75,-51.25
25,days,1.0,1996-06-25,0.0,250,0.0,1,25,>,MAT,99977,OK,1996,Ortega Gómez et al. (2019),1996-06-16,10.0,250,precip_mm,23.3860295326714,0.0,0.0,batch_00b4a12177d7c1908e43.csv,-20.75,-51.25
25,episodes,1.0,1981-10-12,0.0,325,0.0,2,25,>=,EST,87729,OK,1981,Li et al. 2025a,1981-09-30,34.0,325,tmax_c,21.8229854549849,0.0,0.0,batch_00c996fa4ff2a8294a31.csv,-29.25,-55.25
25,episodes,1.0,1982-01-03,0.0,1050,0.0,2,25,>=,VEG,87729,OK,1981,Li et al. 2025a,1981-11-23,34.6,1050,tmax_c,21.8229854549849,0.0,0.0,batch_00c996fa4ff2a8294a31.csv,-29.25,-55.25
25,episodes,1.0,1982-01-28,0.9599220872440434,325,0.9599220872440434,2,25,>=,REP,87729,OK,1981,Li et al. (2025b),1982-01-16,33.7,325,tmax_c,21.8229854549849,20.948365747845504,20.948365747845504,batch_00c996fa4ff2a8294a31.csv,-29.25,-55.25
25,episodes,1.0,1982-01-15,0.0,300,0.0,2,25,>=,FLO,87729,OK,1981,Li et al. (2025b),1982-01-04,33.7,300,tmax_c,21.8229854549849,0.0,0.0,batch_00c996fa4ff2a8294a31.csv,-29.25,-55.25
25,episodes,1.0,1982-03-21,0.920117112887774,1300,0.920117112887774,2,25,>=,FIL,87729,OK,1981,Li et al. (2025b),1982-01-29,32.7,1300,tmax_c,21.8229854549849,20.07970237143259,20.07970237143259,batch_00c996fa4ff2a8294a31.csv,-29.25,-55.25
25,days,1.0,1982-04-09,1.0,475,1.0,1,25,>,MAT,87729,OK,1981,Ortega Gómez et al. (2019),1982-03-22,10.0,475,precip_mm,21.8229854549849,21.8229854549849,21.8229854549849,batch_00c996fa4ff2a8294a31.csv,-29.25,-55.25
25,episodes,1.0,1982-10-12,0.0,325,0.0,2,25,>=,EST,87729,OK,1982,Li et al. 2025a,1982-09-30,34.0,325,tmax_c,21.8229854549849,0.0,0.0,batch_00c996fa4ff2a8294a31.csv,-29.25,-55.25
25,episodes,1.0,1983-01-03,0.0,1050,0.0,2,25,>=,VEG,87729,OK,1982,Li et al. 2025a,1982-11-23,34.6,1050,tmax_c,21.8229854549849,0.0,0.0,batch_00c996fa4ff2a8294a31.csv,-29.25,-55.25
25,episodes,1.0,1983-01-28,0.7999222090912774,325,0.7999222090912774,2,25,>=,REP,87729,OK,1982,Li et al. (2025b),1983-01-16,33.7,325,tmax_c,21.8229854549849,17.456690734118336,17.456690734118336,batch_00c996fa4ff2a8294a31.csv,-29.25,-55.25
25,episodes,1.0,1983-01-15,0.4802343476227819,300,0.4802343476227819,2,25,>=,FLO,87729,OK,1982,Li et al. (2025b),1983-01-04,33.7,300,tmax_c,21.8229854549849,10.48014718315613,10.48014718315613,batch_00c996fa4ff2a8294a31.csv,-29.25,-55.25
25,episodes,1.0,1983-03-21,0.0,1300,0.0,2,25,>=,FIL,87729,OK,1982,Li et al. (2025b),1983-01-29,32.7,1300,tmax_c,21.8229854549849,0.0,0.0,batch_00c996fa4ff2a8294a31.csv,-29.25,-55.25
25,days,1.0,1983-04-09,1.0,475,3.8403126258014018,1,25,>,MAT,87729,OK,1982,Ortega Gómez et al. (2019),1983-03-22,10.0,475,precip_mm,21.8229854549849,83.80708657545885,21.8229854549849,batch_00c996fa4ff2a8294a31.csv,-29.25,-55.25
25,episodes,1.0,1983-10-12,0.0,325,0.0,2,25,>=,EST,87729,OK,1983,Li et al. 2025a,1983-09-30,34.0,325,tmax_c,21.8229854549849,0.0,0.0,batch_00c996fa4ff2a8294a31.csv,-29.25,-55.25
25,episodes,1.0,1984-01-03,0.7999222090912774,1050,0.7999222090912774,2,25,>=,VEG,87729,OK,1983,Li et al. 2025a,1983-11-23,34.6,1050,tmax_c,21.8229854549849,17.456690734118336,17.456690734118336,batch_00c996fa4ff2a8294a31.csv,-29.25,-55.25
25,episodes,1.0,1984-01-28,0.0,325,0.0,2,25,>=,REP,87729,OK,1983,Li et al. (2025b),1984-01-16,33.7,325,tmax_c,21.8229854549849,0.0,0.0,batch_00c996fa4ff2a8294a31.csv,-29.25,-55.25
25,episodes,1.0,1984-01-15,1.0,300,1.0,2,25,>=,FLO,87729,OK,1983,Li et al. (2025b),1984-01-04,33.7,300,tmax_c,21.8229854549849,21.8229854549849,21.8229854549849,batch_00c996fa4ff2a8294a31.csv,-29.25,-55.25
25,episodes,1.0,1984-03-21,0.91988300895946,1325,1.5200785219919783,2,25,>=,FIL,87729,OK,1983,Li et al. (2025b),1984-01-29,32.7,1325,tmax_c,21.8229854549849,33.172651475865884,20.07459352481004,batch_00c996fa4ff2a8294a31.csv,-29.25,-55.25
25,days,1.0,1984-04-09,1.0,475,3.88011699104054,1,25,>,MAT,87729,OK,1983,Ortega Gómez et al. (2019),1984-03-22,10.0,475,precip_mm,21.8229854549849,84.67573665911748,21.8229854549849,batch_00c996fa4ff2a8294a31.csv,-29.25,-55.25
25,episodes,1.0,1984-10-12,0.0,325,0.0,2,25,>=,EST,87729,OK,1984,Li et al. 2025a,1984-09-30,34.0,325,tmax_c,21.8229854549849,0.0,0.0,batch_00c996fa4ff2a8294a31.csv,-29.25,-55.25
25,episodes,1.0,1985-01-03,0.4798837400426408,1050,0.4798837400426408,2,25,>=,VEG,87729,OK,1984,Li et al. 2025a,1984-11-23,34.6,1050,tmax_c,21.8229854549849,10.472495879034303,10.472495879034303,batch_00c996fa4ff2a8294a31.csv,-29.25,-55.25
25,episodes,1.0,1985-01-28,0.0801558255119132,325,0.0801558255119132,2,25,>=,REP,87729,OK,1984,Li et al. (2025b),1985-01-16,33.7,325,tmax_c,21.8229854549849,1.7492394142787913,1.7492394142787913,batch_00c996fa4ff2a8294a31.csv,-29.25,-55.25
25,episodes,1.0,1985-01-15,1.0,300,2.0,2,25,>=,FLO,87729,OK,1984,Li et al. (2025b),1985-01-04,33.7,300,tmax_c,21.8229854549849,43.6459709099698,21.8229854549849,batch_00c996fa4ff2a8294a31.csv,-29.25,-55.25
25,episodes,1.0,1985-03-21,0.6402734257884746,1300,0.6402734257884746,2,25,>=,FIL,87729,OK,1984,Li et al. (2025b),1985-01-29,32.7,1300,tmax_c,21.8229854549849,13.972677658195233,13.972677658195233,batch_00c996fa4ff2a8294a31.csv,-29.25,-55.25
25,days,1.0,1985-04-09,1.0,475,6.99906431548889,1,25,>,MAT,87729,OK,1984,Ortega Gómez et al. (2019),1985-03-22,10.0,475,precip_mm,21.8229854549849,152.74047875541788,21.8229854549849,batch_00c996fa4ff2a8294a31.csv,-29.25,-55.25
25,episodes,1.0,1985-12-07,0.0,175,0.0,2,25,>=,EST,98014,OK,1985,Li et al. 2025a,1985-12-01,34.0,175,tmax_c,23.22824353092083,0.0,0.0,batch_00cb146092a4a8d0a06a.csv,-21.75,47.25
25,episodes,1.0,1986-01-23,0.0,600,0.0,2,25,>=,VEG,98014,OK,1985,Li et al. 2025a,1985-12-31,34.6,600,tmax_c,23.22824353092083,0.0,0.0,batch_00cb146092a4a8d0a06a.csv,-21.75,47.25
25,episodes,1.0,1986-02-05,0.0,175,0.0,2,25,>=,REP,98014,OK,1985,Li et al. (2025b),1986-01-30,33.7,175,tmax_c,23.22824353092083,0.0,0.0,batch_00cb146092a4a8d0a06a.csv,-21.75,47.25
25,episodes,1.0,1986-01-29,0.0,150,0.0,2,25,>=,FLO,98014,OK,1985,Li et al. (2025b),1986-01-24,33.7,150,tmax_c,23.22824353092083,0.0,0.0,batch_00cb146092a4a8d0a06a.csv,-21.75,47.25
25,episodes,1.0,1986-03-06,0.0,725,0.0,2,25,>=,FIL,98014,OK,1985,Li et al. (2025b),1986-02-06,32.7,725,tmax_c,23.22824353092083,0.0,0.0,batch_00cb146092a4a8d0a06a.csv,-21.75,47.25
25,days,1.0,1986-03-17,1.0,275,3.9599998781527663,1,25,>,MAT,98014,OK,1985,Ortega Gómez et al. (2019),1986-03-07,10.0,275,precip_mm,23.22824353092083,91.98384155214929,23.22824353092083,batch_00cb146092a4a8d0a06a.csv,-21.75,47.25
25,episodes,1.0,1986-12-07,0.0,175,0.0,2,25,>=,EST,98014,OK,1986,Li et al. 2025a,1986-12-01,34.0,175,tmax_c,23.22824353092083,0.0,0.0,batch_00cb146092a4a8d0a06a.csv,-21.75,47.25
25,episodes,1.0,1987-01-23,0.0,600,0.0,2,25,>=,VEG,98014,OK,1986,Li et al. 2025a,1986-12-31,34.6,600,tmax_c,23.22824353092083,0.0,0.0,batch_00cb146092a4a8d0a06a.csv,-21.75,47.25
25,episodes,1.0,1987-02-05,0.0,175,0.0,2,25,>=,REP,98014,OK,1986,Li et al. (2025b),1987-01-30,33.7,175,tmax_c,23.22824353092083,0.0,0.0,batch_00cb146092a4a8d0a06a.csv,-21.75,47.25
25,episodes,1.0,1987-01-29,0.0,150,0.0,2,25,>=,FLO,98014,OK,1986,Li et al. (2025b),1987-01-24,33.7,150,tmax_c,23.22824353092083,0.0,0.0,batch_00cb146092a4a8d0a06a.csv,-21.75,47.25
25,episodes,1.0,1987-03-06,0.0,725,0.0,2,25,>=,FIL,98014,OK,1986,Li et al. (2025b),1987-02-06,32.7,725,tmax_c,23.22824353092083,0.0,0.0,batch_00cb146092a4a8d0a06a.csv,-21.75,47.25
25,days,1.0,1987-03-17,0.8799997563056066,275,3.2395270347303637,1,25,>,MAT,98014,OK,1986,Ortega Gómez et al. (2019),1987-03-07,10.0,275,precip_mm,23.22824353092083,75.2485228877187,20.440848646617614,batch_00cb146092a4a8d0a06a.csv,-21.75,47.25
25,episodes,1.0,1987-12-07,0.0,175,0.0,2,25,>=,EST,98014,OK,1987,Li et al. 2025a,1987-12-01,34.0,175,tmax_c,23.22824353092083,0.0,0.0,batch_00cb146092a4a8d0a06a.csv,-21.75,47.25
25,episodes,1.0,1988-01-23,0.0,600,0.0,2,25,>=,VEG,98014,OK,1987,Li et al. 2025a,1987-12-31,34.6,600,tmax_c,23.22824353092083,0.0,0.0,batch_00cb146092a4a8d0a06a.csv,-21.75,47.25
25,episodes,1.0,1988-02-05,0.0,175,0.0,2,25,>=,REP,98014,OK,1987,Li et al. (2025b),1988-01-30,33.7,175,tmax_c,23.22824353092083,0.0,0.0,batch_00cb146092a4a8d0a06a.csv,-21.75,47.25
25,episodes,1.0,1988-01-29,0.0,150,0.0,2,25,>=,FLO,98014,OK,1987,Li et al. (2025b),1988-01-24,33.7,150,tmax_c,23.22824353092083,0.0,0.0,batch_00cb146092a4a8d0a06a.csv,-21.75,47.25
25,episodes,1.0,1988-03-06,0.0,750,0.0,2,25,>=,FIL,98014,OK,1987,Li et al. (2025b),1988-02-06,32.7,750,tmax_c,23.22824353092083,0.0,0.0,batch_00cb146092a4a8d0a06a.csv,-21.75,47.25
25,days,1.0,1988-03-17,0.399888871748754,275,1.0794441148801186,1,25,>,MAT,98014,OK,1987,Ortega Gómez et al. (2019),1988-03-07,10.0,275,precip_mm,23.22824353092083,25.07359077845468,9.288716098285226,batch_00cb146092a4a8d0a06a.csv,-21.75,47.25
25,episodes,1.0,1988-12-07,0.0,175,0.0,2,25,>=,EST,98014,OK,1988,Li et al. 2025a,1988-12-01,34.0,175,tmax_c,23.22824353092083,0.0,0.0,batch_00cb146092a4a8d0a06a.csv,-21.75,47.25
25,episodes,1.0,1989-01-23,0.0,600,0.0,2,25,>=,VEG,98014,OK,1988,Li et al. 2025a,1988-12-31,34.6,600,tmax_c,23.22824353092083,0.0,0.0,batch_00cb146092a4a8d0a06a.csv,-21.75,47.25
25,episodes,1.0,1989-02-05,0.0,175,0.0,2,25,>=,REP,98014,OK,1988,Li et al. (2025b),1989-01-30,33.7,175,tmax_c,23.22824353092083,0.0,0.0,batch_00cb146092a4a8d0a06a.csv,-21.75,47.25
25,episodes,1.0,1989-01-29,0.0,150,0.0,2,25,>=,FLO,98014,OK,1988,Li et al. (2025b),1989-01-24,33.7,150,tmax_c,23.22824353092083,0.0,0.0,batch_00cb146092a4a8d0a06a.csv,-21.75,47.25
25,episodes,1.0,1989-03-06,0.0,725,0.0,2,25,>=,FIL,98014,OK,1988,Li et al. (2025b),1989-02-06,32.7,725,tmax_c,23.22824353092083,0.0,0.0,batch_00cb146092a4a8d0a06a.csv,-21.75,47.25
25,days,1.0,1989-03-17,0.6398611505672082,275,1.5994720797559845,1,25,>,MAT,98014,OK,1988,Ortega Gómez et al. (2019),1989-03-07,10.0,275,precip_mm,23.22824353092083,37.152926989480434,14.862850631350312,batch_00cb146092a4a8d0a06a.csv,-21.75,47.25
25,episodes,1.0,2006-01-04,1.0,150,1.0,2,25,>=,EST,79492,OK,2005,Li et al. 2025a,2005-12-30,34.0,150,tmax_c,20.55353841597336,20.55353841597336,20.55353841597336,batch_00d1b169a8143062ba9a.csv,-34.75,146.25
25,episodes,1.0,2006-02-10,1.0,475,1.4006282501885658,2,25,>=,VEG,79492,OK,2005,Li et al. 2025a,2006-01-23,34.6,475,tmax_c,20.55353841597336,28.78786654674824,20.55353841597336,batch_00d1b169a8143062ba9a.csv,-34.75,146.25
25,episodes,1.0,2006-02-21,1.0,150,1.0,2,25,>=,REP,79492,OK,2005,Li et al. (2025b),2006-02-16,33.7,150,tmax_c,20.55353841597336,20.55353841597336,20.55353841597336,batch_00d1b169a8143062ba9a.csv,-34.75,146.25
25,episodes,1.0,2006-02-15,0.0,125,0.0,2,25,>=,FLO,79492,OK,2005,Li et al. (2025b),2006-02-11,33.7,125,tmax_c,20.55353841597336,0.0,0.0,batch_00d1b169a8143062ba9a.csv,-34.75,146.25
25,episodes,1.0,2006-03-16,1.0,575,3.399903683729044,2,25,>=,FIL,79492,OK,2005,Li et al. (2025b),2006-02-22,32.7,575,tmax_c,20.55353841597336,69.88005097413425,20.55353841597336,batch_00d1b169a8143062ba9a.csv,-34.75,146.25
25,days,1.0,2006-03-25,0.0,225,0.0,1,25,>,MAT,79492,OK,2005,Ortega Gómez et al. (2019),2006-03-17,10.0,225,precip_mm,20.55353841597336,0.0,0.0,batch_00d1b169a8143062ba9a.csv,-34.75,146.25
25,episodes,1.0,2007-01-04,0.0,150,0.0,2,25,>=,EST,79492,OK,2006,Li et al. 2025a,2006-12-30,34.0,150,tmax_c,20.55353841597336,0.0,0.0,batch_00d1b169a8143062ba9a.csv,-34.75,146.25
25,episodes,1.0,2007-02-10,1.0,475,1.0,2,25,>=,VEG,79492,OK,2006,Li et al. 2025a,2007-01-23,34.6,475,tmax_c,20.55353841597336,20.55353841597336,20.55353841597336,batch_00d1b169a8143062ba9a.csv,-34.75,146.25
25,episodes,1.0,2007-02-21,1.0,150,1.0,2,25,>=,REP,79492,OK,2006,Li et al. (2025b),2007-02-16,33.7,150,tmax_c,20.55353841597336,20.55353841597336,20.55353841597336,batch_00d1b169a8143062ba9a.csv,-34.75,146.25
25,episodes,1.0,2007-02-15,0.0,125,0.0,2,25,>=,FLO,79492,OK,2006,Li et al. (2025b),2007-02-11,33.7,125,tmax_c,20.55353841597336,0.0,0.0,batch_00d1b169a8143062ba9a.csv,-34.75,146.25
25,episodes,1.0,2007-03-16,1.0,575,2.0,2,25,>=,FIL,79492,OK,2006,Li et al. (2025b),2007-02-22,32.7,575,tmax_c,20.55353841597336,41.10707683194672,20.55353841597336,batch_00d1b169a8143062ba9a.csv,-34.75,146.25
25,days,1.0,2007-03-25,0.1998068796276493,225,0.1998068796276493,1,25,>,MAT,79492,OK,2006,Ortega Gómez et al. (2019),2007-03-17,10.0,225,precip_mm,20.55353841597336,4.106738376202655,4.106738376202655,batch_00d1b169a8143062ba9a.csv,-34.75,146.25
25,episodes,1.0,2008-01-04,1.0,150,1.0,2,25,>=,EST,79492,OK,2007,Li et al. 2025a,2007-12-30,34.0,150,tmax_c,20.55353841597336,20.55353841597336,20.55353841597336,batch_00d1b169a8143062ba9a.csv,-34.75,146.25
25,episodes,1.0,2008-02-10,1.0,475,1.0,2,25,>=,VEG,79492,OK,2007,Li et al. 2025a,2008-01-23,34.6,475,tmax_c,20.55353841597336,20.55353841597336,20.55353841597336,batch_00d1b169a8143062ba9a.csv,-34.75,146.25
25,episodes,1.0,2008-02-21,0.0,150,0.0,2,25,>=,REP,79492,OK,2007,Li et al. (2025b),2008-02-16,33.7,150,tmax_c,20.55353841597336,0.0,0.0,batch_00d1b169a8143062ba9a.csv,-34.75,146.25
25,episodes,1.0,2008-02-15,0.0,125,0.0,2,25,>=,FLO,79492,OK,2007,Li et al. (2025b),2008-02-11,33.7,125,tmax_c,20.55353841597336,0.0,0.0,batch_00d1b169a8143062ba9a.csv,-34.75,146.25
25,episodes,1.0,2008-03-16,1.0,600,1.4407249322955098,2,25,>=,FIL,79492,OK,2007,Li et al. (2025b),2008-02-22,32.7,600,tmax_c,20.55353841597336,29.611995242786374,20.55353841597336,batch_00d1b169a8143062ba9a.csv,-34.75,146.25
25,days,1.0,2008-03-25,1.0,225,1.2002900460265442,1,25,>,MAT,79492,OK,2007,Ortega Gómez et al. (2019),2008-03-17,10.0,225,precip_mm,20.55353841597336,24.67020757131701,20.55353841597336,batch_00d1b169a8143062ba9a.csv,-34.75,146.25
25,episodes,1.0,2009-01-04,0.0,150,0.0,2,25,>=,EST,79492,OK,2008,Li et al. 2025a,2008-12-30,34.0,150,tmax_c,20.55353841597336,0.0,0.0,batch_00d1b169a8143062ba9a.csv,-34.75,146.25
25,episodes,1.0,2009-02-10,1.0,475,1.0,2,25,>=,VEG,79492,OK,2008,Li et al. 2025a,2009-01-23,34.6,475,tmax_c,20.55353841597336,20.55353841597336,20.55353841597336,batch_00d1b169a8143062ba9a.csv,-34.75,146.25
25,episodes,1.0,2009-02-21,0.0,150,0.0,2,25,>=,REP,79492,OK,2008,Li et al. (2025b),2009-02-16,33.7,150,tmax_c,20.55353841597336,0.0,0.0,batch_00d1b169a8143062ba9a.csv,-34.75,146.25
25,episodes,1.0,2009-02-15,0.0,125,0.0,2,25,>=,FLO,79492,OK,2008,Li et al. (2025b),2009-02-11,33.7,125,tmax_c,20.55353841597336,0.0,0.0,batch_00d1b169a8143062ba9a.csv,-34.75,146.25
25,episodes,1.0,2009-03-16,1.0,575,1.4407249322955098,2,25,>=,FIL,79492,OK,2008,Li et al. (2025b),2009-02-22,32.7,575,tmax_c,20.55353841597336,29.611995242786374,20.55353841597336,batch_00d1b169a8143062ba9a.csv,-34.75,146.25
25,days,1.0,2009-03-25,0.0,225,0.0,1,25,>,MAT,79492,OK,2008,Ortega Gómez et al. (2019),2009-03-17,10.0,225,precip_mm,20.55353841597336,0.0,0.0,batch_00d1b169a8143062ba9a.csv,-34.75,146.25
25,episodes,1.0,2013-11-08,0.0,225,0.0,2,25,>=,EST,85263,OK,2013,Li et al. 2025a,2013-10-31,34.0,225,tmax_c,21.49624130848325,0.0,0.0,batch_00d3f9b3c00b0b40a43e.csv,-30.75,151.75
25,episodes,1.0,2014-01-04,0.0,725,0.0,2,25,>=,VEG,85263,OK,2013,Li et al. 2025a,2013-12-07,34.6,725,tmax_c,21.49624130848325,0.0,0.0,batch_00d3f9b3c00b0b40a43e.csv,-30.75,151.75
25,episodes,1.0,2014-01-21,0.0,250,0.0,2,25,>=,REP,85263,OK,2013,Li et al. (2025b),2014-01-12,33.7,250,tmax_c,21.49624130848325,0.0,0.0,batch_00d3f9b3c00b0b40a43e.csv,-30.75,151.75
25,episodes,1.0,2014-01-11,0.0,175,0.0,2,25,>=,FLO,85263,OK,2013,Li et al. (2025b),2014-01-05,33.7,175,tmax_c,21.49624130848325,0.0,0.0,batch_00d3f9b3c00b0b40a43e.csv,-30.75,151.75
25,episodes,1.0,2014-02-25,0.0,875,0.0,2,25,>=,FIL,85263,OK,2013,Li et al. (2025b),2014-01-22,32.7,875,tmax_c,21.49624130848325,0.0,0.0,batch_00d3f9b3c00b0b40a43e.csv,-30.75,151.75
25,days,1.0,2014-03-10,0.1996681396267368,325,0.1996681396267368,1,25,>,MAT,85263,OK,2013,Ortega Gómez et al. (2019),2014-02-26,10.0,325,precip_mm,21.49624130848325,4.292114511032262,4.292114511032262,batch_00d3f9b3c00b0b40a43e.csv,-30.75,151.75
25,episodes,1.0,2014-11-08,0.0,225,0.0,2,25,>=,EST,85263,OK,2014,Li et al. 2025a,2014-10-31,34.0,225,tmax_c,21.49624130848325,0.0,0.0,batch_00d3f9b3c00b0b40a43e.csv,-30.75,151.75
25,episodes,1.0,2015-01-04,0.0,725,0.0,2,25,>=,VEG,85263,OK,2014,Li et al. 2025a,2014-12-07,34.6,725,tmax_c,21.49624130848325,0.0,0.0,batch_00d3f9b3c00b0b40a43e.csv,-30.75,151.75
25,episodes,1.0,2015-01-21,0.0,250,0.0,2,25,>=,REP,85263,OK,2014,Li et al. (2025b),2015-01-12,33.7,250,tmax_c,21.49624130848325,0.0,0.0,batch_00d3f9b3c00b0b40a43e.csv,-30.75,151.75
25,episodes,1.0,2015-01-11,0.0,175,0.0,2,25,>=,FLO,85263,OK,2014,Li et al. (2025b),2015-01-05,33.7,175,tmax_c,21.49624130848325,0.0,0.0,batch_00d3f9b3c00b0b40a43e.csv,-30.75,151.75
25,episodes,1.0,2015-02-25,0.0,875,0.0,2,25,>=,FIL,85263,OK,2014,Li et al. (2025b),2015-01-22,32.7,875,tmax_c,21.49624130848325,0.0,0.0,batch_00d3f9b3c00b0b40a43e.csv,-30.75,151.75
25,days,1.0,2015-03-10,0.6795442098216353,325,0.6795442098216353,1,25,>,MAT,85263,OK,2014,Ortega Gómez et al. (2019),2015-02-26,10.0,325,precip_mm,21.49624130848325,14.607646314108448,14.607646314108448,batch_00d3f9b3c00b0b40a43e.csv,-30.75,151.75
25,episodes,1.0,2015-11-08,0.0,225,0.0,2,25,>=,EST,85263,OK,2015,Li et al. 2025a,2015-10-31,34.0,225,tmax_c,21.49624130848325,0.0,0.0,batch_00d3f9b3c00b0b40a43e.csv,-30.75,151.75
25,episodes,1.0,2016-01-04,0.0,725,0.0,2,25,>=,VEG,85263,OK,2015,Li et al. 2025a,2015-12-07,34.6,725,tmax_c,21.49624130848325,0.0,0.0,batch_00d3f9b3c00b0b40a43e.csv,-30.75,151.75
25,episodes,1.0,2016-01-21,0.0,250,0.0,2,25,>=,REP,85263,OK,2015,Li et al. (2025b),2016-01-12,33.7,250,tmax_c,21.49624130848325,0.0,0.0,batch_00d3f9b3c00b0b40a43e.csv,-30.75,151.75
25,episodes,1.0,2016-01-11,0.0,175,0.0,2,25,>=,FLO,85263,OK,2015,Li et al. (2025b),2016-01-05,33.7,175,tmax_c,21.49624130848325,0.0,0.0,batch_00d3f9b3c00b0b40a43e.csv,-30.75,151.75
25,episodes,1.0,2016-02-25,0.0,875,0.0,2,25,>=,FIL,85263,OK,2015,Li et al. (2025b),2016-01-22,32.7,875,tmax_c,21.49624130848325,0.0,0.0,batch_00d3f9b3c00b0b40a43e.csv,-30.75,151.75
25,days,1.0,2016-03-10,0.0,350,0.0,1,25,>,MAT,85263,OK,2015,Ortega Gómez et al. (2019),2016-02-26,10.0,350,precip_mm,21.49624130848325,0.0,0.0,batch_00d3f9b3c00b0b40a43e.csv,-30.75,151.75
25,episodes,1.0,2016-11-08,0.0,225,0.0,2,25,>=,EST,85263,OK,2016,Li et al. 2025a,2016-10-31,34.0,225,tmax_c,21.49624130848325,0.0,0.0,batch_00d3f9b3c00b0b40a43e.csv,-30.75,151.75
25,episodes,1.0,2017-01-04,0.0,725,0.0,2,25,>=,VEG,85263,OK,2016,Li et al. 2025a,2016-12-07,34.6,725,tmax_c,21.49624130848325,0.0,0.0,batch_00d3f9b3c00b0b40a43e.csv,-30.75,151.75
25,episodes,1.0,2017-01-21,0.0,250,0.0,2,25,>=,REP,85263,OK,2016,Li et al. (2025b),2017-01-12,33.7,250,tmax_c,21.49624130848325,0.0,0.0,batch_00d3f9b3c00b0b40a43e.csv,-30.75,151.75
25,episodes,1.0,2017-01-11,0.0,175,0.0,2,25,>=,FLO,85263,OK,2016,Li et al. (2025b),2017-01-05,33.7,175,tmax_c,21.49624130848325,0.0,0.0,batch_00d3f9b3c00b0b40a43e.csv,-30.75,151.75
25,episodes,1.0,2017-02-25,1.0,875,1.400248712540692,2,25,>=,FIL,85263,OK,2016,Li et al. (2025b),2017-01-22,32.7,875,tmax_c,21.49624130848325,30.10008421666771,21.49624130848325,batch_00d3f9b3c00b0b40a43e.csv,-30.75,151.75
25,days,1.0,2017-03-10,1.0,325,2.079833948029325,1,25,>,MAT,85263,OK,2016,Ortega Gómez et al. (2019),2017-02-26,10.0,325,precip_mm,21.49624130848325,44.70861242841379,21.49624130848325,batch_00d3f9b3c00b0b40a43e.csv,-30.75,151.75
25,episodes,1.0,2009-11-02,1.0,275,1.0,2,25,>=,EST,87714,OK,2009,Li et al. 2025a,2009-10-23,34.0,275,tmax_c,21.8229854549849,21.8229854549849,21.8229854549849,batch_00d5b29fd8c387e57831.csv,-29.25,-62.75
25,episodes,1.0,2010-01-07,0.0,850,0.0,2,25,>=,VEG,87714,OK,2009,Li et al. 2025a,2009-12-05,34.6,850,tmax_c,21.8229854549849,0.0,0.0,batch_00d5b29fd8c387e57831.csv,-29.25,-62.75
25,episodes,1.0,2010-01-27,0.0400390782845834,275,0.0400390782845834,2,25,>=,REP,87714,OK,2009,Li et al. (2025b),2010-01-17,33.7,275,tmax_c,21.8229854549849,0.8737722230354652,0.8737722230354652,batch_00d5b29fd8c387e57831.csv,-29.25,-62.75
25,episodes,1.0,2010-01-16,0.0,225,0.0,2,25,>=,FLO,87714,OK,2009,Li et al. (2025b),2010-01-08,33.7,225,tmax_c,21.8229854549849,0.0,0.0,batch_00d5b29fd8c387e57831.csv,-29.25,-62.75
25,episodes,1.0,2010-03-10,1.0,1050,3.040077912755958,2,25,>=,FIL,87714,OK,2009,Li et al. (2025b),2010-01-28,32.7,1050,tmax_c,21.8229854549849,66.34357607209412,21.8229854549849,batch_00d5b29fd8c387e57831.csv,-29.25,-62.75
25,days,1.0,2010-03-25,1.0,375,1.9599609217154168,1,25,>,MAT,87714,OK,2009,Ortega Gómez et al. (2019),2010-03-11,10.0,375,precip_mm,21.8229854549849,42.77219868693433,21.8229854549849,batch_00d5b29fd8c387e57831.csv,-29.25,-62.75
25,episodes,1.0,2010-11-02,0.0,275,0.0,2,25,>=,EST,87714,OK,2010,Li et al. 2025a,2010-10-23,34.0,275,tmax_c,21.8229854549849,0.0,0.0,batch_00d5b29fd8c387e57831.csv,-29.25,-62.75
25,episodes,1.0,2011-01-07,1.0,850,3.0000000000000013,2,25,>=,VEG,87714,OK,2010,Li et al. 2025a,2010-12-05,34.6,850,tmax_c,21.8229854549849,65.46895636495472,21.8229854549849,batch_00d5b29fd8c387e57831.csv,-29.25,-62.75
25,episodes,1.0,2011-01-27,1.0,275,1.0,2,25,>=,REP,87714,OK,2010,Li et al. (2025b),2011-01-17,33.7,275,tmax_c,21.8229854549849,21.8229854549849,21.8229854549849,batch_00d5b29fd8c387e57831.csv,-29.25,-62.75
25,episodes,1.0,2011-01-16,1.0,225,1.0,2,25,>=,FLO,87714,OK,2010,Li et al. (2025b),2011-01-08,33.7,225,tmax_c,21.8229854549849,21.8229854549849,21.8229854549849,batch_00d5b29fd8c387e57831.csv,-29.25,-62.75
25,episodes,1.0,2011-03-10,0.5605071642940517,1050,0.5605071642940517,2,25,>=,FIL,87714,OK,2010,Li et al. (2025b),2011-01-28,32.7,1050,tmax_c,21.8229854549849,12.231939693803922,12.231939693803922,batch_00d5b29fd8c387e57831.csv,-29.25,-62.75
25,days,1.0,2011-03-25,1.0,375,3.279921965396885,1,25,>,MAT,87714,OK,2010,Ortega Gómez et al. (2019),2011-03-11,10.0,375,precip_mm,21.8229854549849,71.5776893443417,21.8229854549849,batch_00d5b29fd8c387e57831.csv,-29.25,-62.75
25,episodes,1.0,2011-11-02,0.0,275,0.0,2,25,>=,EST,87714,OK,2011,Li et al. 2025a,2011-10-23,34.0,275,tmax_c,21.8229854549849,0.0,0.0,batch_00d5b29fd8c387e57831.csv,-29.25,-62.75
25,episodes,1.0,2012-01-07,1.0,850,2.0,2,25,>=,VEG,87714,OK,2011,Li et al. 2025a,2011-12-05,34.6,850,tmax_c,21.8229854549849,43.6459709099698,21.8229854549849,batch_00d5b29fd8c387e57831.csv,-29.25,-62.75
25,episodes,1.0,2012-01-27,1.0,275,2.0,2,25,>=,REP,87714,OK,2011,Li et al. (2025b),2012-01-17,33.7,275,tmax_c,21.8229854549849,43.6459709099698,21.8229854549849,batch_00d5b29fd8c387e57831.csv,-29.25,-62.75
25,episodes,1.0,2012-01-16,1.0,225,1.0,2,25,>=,FLO,87714,OK,2011,Li et al. (2025b),2012-01-08,33.7,225,tmax_c,21.8229854549849,21.8229854549849,21.8229854549849,batch_00d5b29fd8c387e57831.csv,-29.25,-62.75
25,episodes,1.0,2012-03-10,1.0,1075,5.759571357935636,2,25,>=,FIL,87714,OK,2011,Li et al. (2025b),2012-01-28,32.7,1075,tmax_c,21.8229854549849,125.691041971177,21.8229854549849,batch_00d5b29fd8c387e57831.csv,-29.25,-62.75
25,days,1.0,2012-03-25,0.2801952693381242,375,0.2801952693381242,1,25,>,MAT,87714,OK,2011,Ortega Gómez et al. (2019),2012-03-11,10.0,375,precip_mm,21.8229854549849,6.114697287321461,6.114697287321461,batch_00d5b29fd8c387e57831.csv,-29.25,-62.75
25,episodes,1.0,2012-11-02,0.0,275,0.0,2,25,>=,EST,87714,OK,2012,Li et al. 2025a,2012-10-23,34.0,275,tmax_c,21.8229854549849,0.0,0.0,batch_00d5b29fd8c387e57831.csv,-29.25,-62.75
25,episodes,1.0,2013-01-07,1.0,850,2.640507529716789,2,25,>=,VEG,87714,OK,2012,Li et al. 2025a,2012-12-05,34.6,850,tmax_c,21.8229854549849,57.62375741478759,21.8229854549849,batch_00d5b29fd8c387e57831.csv,-29.25,-62.75
25,episodes,1.0,2013-01-27,1.0,275,1.1602728165524534,2,25,>=,REP,87714,OK,2012,Li et al. (2025b),2013-01-17,33.7,275,tmax_c,21.8229854549849,25.32061679943855,21.8229854549849,batch_00d5b29fd8c387e57831.csv,-29.25,-62.75
25,episodes,1.0,2013-01-16,0.320351216816088,225,0.4805462424598186,2,25,>=,FLO,87714,OK,2012,Li et al. (2025b),2013-01-08,33.7,225,tmax_c,21.8229854549849,10.486953659648268,6.9910199450642025,batch_00d5b29fd8c387e57831.csv,-29.25,-62.75
25,episodes,1.0,2013-03-10,1.0,1050,1.6792587318965997,2,25,>=,FIL,87714,OK,2012,Li et al. (2025b),2013-01-28,32.7,1050,tmax_c,21.8229854549849,36.64643888133588,21.8229854549849,batch_00d5b29fd8c387e57831.csv,-29.25,-62.75
25,days,1.0,2013-03-25,1.0,375,1.0,1,25,>,MAT,87714,OK,2012,Ortega Gómez et al. (2019),2013-03-11,10.0,375,precip_mm,21.8229854549849,21.8229854549849,21.8229854549849,batch_00d5b29fd8c387e57831.csv,-29.25,-62.75
25,episodes,1.0,1993-11-01,0.1199037293651957,400,0.1199037293651957,2,25,>=,EST,93655,OK,1993,Li et al. 2025a,1993-10-17,34.0,400,tmax_c,22.712635251373527,2.723329670351095,2.723329670351095,batch_00d5e1ae35740fa9df6e.csv,-24.75,27.75
25,episodes,1.0,1994-02-08,0.0,1275,0.0,2,25,>=,VEG,93655,OK,1993,Li et al. 2025a,1993-12-20,34.6,1275,tmax_c,22.712635251373527,0.0,0.0,batch_00d5e1ae35740fa9df6e.csv,-24.75,27.75
25,episodes,1.0,1994-03-10,0.0,400,0.0,2,25,>=,REP,93655,OK,1993,Li et al. (2025b),1994-02-23,33.7,400,tmax_c,22.712635251373527,0.0,0.0,batch_00d5e1ae35740fa9df6e.csv,-24.75,27.75
25,episodes,1.0,1994-02-22,0.0,350,0.0,2,25,>=,FLO,93655,OK,1993,Li et al. (2025b),1994-02-09,33.7,350,tmax_c,22.712635251373527,0.0,0.0,batch_00d5e1ae35740fa9df6e.csv,-24.75,27.75
25,episodes,1.0,1994-05-11,0.0,1550,0.0,2,25,>=,FIL,93655,OK,1993,Li et al. (2025b),1994-03-11,32.7,1550,tmax_c,22.712635251373527,0.0,0.0,batch_00d5e1ae35740fa9df6e.csv,-24.75,27.75
25,days,1.0,1994-06-03,0.0,575,0.0,1,25,>,MAT,93655,OK,1993,Ortega Gómez et al. (2019),1994-05-12,10.0,575,precip_mm,22.712635251373527,0.0,0.0,batch_00d5e1ae35740fa9df6e.csv,-24.75,27.75
25,episodes,1.0,1994-11-01,0.0,400,0.0,2,25,>=,EST,93655,OK,1994,Li et al. 2025a,1994-10-17,34.0,400,tmax_c,22.712635251373527,0.0,0.0,batch_00d5e1ae35740fa9df6e.csv,-24.75,27.75
25,episodes,1.0,1995-02-08,0.8397755310469041,1275,1.4394545477646838,2,25,>=,VEG,93655,OK,1994,Li et al. 2025a,1994-12-20,34.6,1275,tmax_c,22.712635251373527,32.6938061043101,19.07351532969684,batch_00d5e1ae35740fa9df6e.csv,-24.75,27.75
25,episodes,1.0,1995-03-10,0.0,400,0.0,2,25,>=,REP,93655,OK,1994,Li et al. (2025b),1995-02-23,33.7,400,tmax_c,22.712635251373527,0.0,0.0,batch_00d5e1ae35740fa9df6e.csv,-24.75,27.75
25,episodes,1.0,1995-02-22,0.0399356571464604,350,0.0399356571464604,2,25,>=,FLO,93655,OK,1994,Li et al. (2025b),1995-02-09,33.7,350,tmax_c,22.712635251373527,0.9070440142914648,0.9070440142914648,batch_00d5e1ae35740fa9df6e.csv,-24.75,27.75
25,episodes,1.0,1995-05-11,0.2,1550,0.2,2,25,>=,FIL,93655,OK,1994,Li et al. (2025b),1995-03-11,32.7,1550,tmax_c,22.712635251373527,4.542527050274707,4.542527050274707,batch_00d5e1ae35740fa9df6e.csv,-24.75,27.75
25,days,1.0,1995-06-03,0.6803856916774613,575,0.6803856916774613,1,25,>,MAT,93655,OK,1994,Ortega Gómez et al. (2019),1995-05-12,10.0,575,precip_mm,22.712635251373527,15.453352045323667,15.453352045323667,batch_00d5e1ae35740fa9df6e.csv,-24.75,27.75
25,episodes,1.0,1995-11-01,0.0,400,0.0,2,25,>=,EST,93655,OK,1995,Li et al. 2025a,1995-10-17,34.0,400,tmax_c,22.712635251373527,0.0,0.0,batch_00d5e1ae35740fa9df6e.csv,-24.75,27.75
25,episodes,1.0,1996-02-08,0.0,1275,0.0,2,25,>=,VEG,93655,OK,1995,Li et al. 2025a,1995-12-20,34.6,1275,tmax_c,22.712635251373527,0.0,0.0,batch_00d5e1ae35740fa9df6e.csv,-24.75,27.75
25,episodes,1.0,1996-03-10,0.0,425,0.0,2,25,>=,REP,93655,OK,1995,Li et al. (2025b),1996-02-23,33.7,425,tmax_c,22.712635251373527,0.0,0.0,batch_00d5e1ae35740fa9df6e.csv,-24.75,27.75
25,episodes,1.0,1996-02-22,0.0,350,0.0,2,25,>=,FLO,93655,OK,1995,Li et al. (2025b),1996-02-09,33.7,350,tmax_c,22.712635251373527,0.0,0.0,batch_00d5e1ae35740fa9df6e.csv,-24.75,27.75
25,episodes,1.0,1996-05-11,0.0,1550,0.0,2,25,>=,FIL,93655,OK,1995,Li et al. (2025b),1996-03-11,32.7,1550,tmax_c,22.712635251373527,0.0,0.0,batch_00d5e1ae35740fa9df6e.csv,-24.75,27.75
25,days,1.0,1996-06-03,0.319999634556224,575,0.319999634556224,1,25,>,MAT,93655,OK,1995,Ortega Gómez et al. (2019),1996-05-12,10.0,575,precip_mm,22.712635251373527,7.2680349802483395,7.2680349802483395,batch_00d5e1ae35740fa9df6e.csv,-24.75,27.75
25,episodes,1.0,1996-11-01,0.0,400,0.0,2,25,>=,EST,93655,OK,1996,Li et al. 2025a,1996-10-17,34.0,400,tmax_c,22.712635251373527,0.0,0.0,batch_00d5e1ae35740fa9df6e.csv,-24.75,27.75
25,episodes,1.0,1997-02-08,0.0,1275,0.0,2,25,>=,VEG,93655,OK,1996,Li et al. 2025a,1996-12-20,34.6,1275,tmax_c,22.712635251373527,0.0,0.0,batch_00d5e1ae35740fa9df6e.csv,-24.75,27.75
25,episodes,1.0,1997-03-10,0.0,400,0.0,2,25,>=,REP,93655,OK,1996,Li et al. (2025b),1997-02-23,33.7,400,tmax_c,22.712635251373527,0.0,0.0,batch_00d5e1ae35740fa9df6e.csv,-24.75,27.75
25,episodes,1.0,1997-02-22,0.0,350,0.0,2,25,>=,FLO,93655,OK,1996,Li et al. (2025b),1997-02-09,33.7,350,tmax_c,22.712635251373527,0.0,0.0,batch_00d5e1ae35740fa9df6e.csv,-24.75,27.75
25,episodes,1.0,1997-05-11,0.0,1550,0.0,2,25,>=,FIL,93655,OK,1996,Li et al. (2025b),1997-03-11,32.7,1550,tmax_c,22.712635251373527,0.0,0.0,batch_00d5e1ae35740fa9df6e.csv,-24.75,27.75
25,days,1.0,1997-06-03,1.0,575,2.0793575460465505,1,25,>,MAT,93655,OK,1996,Ortega Gómez et al. (2019),1997-05-12,10.0,575,precip_mm,22.712635251373527,47.22768950054643,22.712635251373527,batch_00d5e1ae35740fa9df6e.csv,-24.75,27.75
25,episodes,1.0,2013-02-21,0.0,200,0.0,2,25,>=,EST,107168,OK,2013,Li et al. 2025a,2013-02-14,34.0,200,tmax_c,24.067220347556287,0.0,0.0,batch_00d6eee2185ebb3af591.csv,-15.75,-55.75
25,episodes,1.0,2013-04-12,0.0,625,0.0,2,25,>=,VEG,107168,OK,2013,Li et al. 2025a,2013-03-19,34.6,625,tmax_c,24.067220347556287,0.0,0.0,batch_00d6eee2185ebb3af591.csv,-15.75,-55.75
25,episodes,1.0,2013-04-28,0.0,200,0.0,2,25,>=,REP,107168,OK,2013,Li et al. (2025b),2013-04-21,33.7,200,tmax_c,24.067220347556287,0.0,0.0,batch_00d6eee2185ebb3af591.csv,-15.75,-55.75
25,episodes,1.0,2013-04-20,0.0,200,0.0,2,25,>=,FLO,107168,OK,2013,Li et al. (2025b),2013-04-13,33.7,200,tmax_c,24.067220347556287,0.0,0.0,batch_00d6eee2185ebb3af591.csv,-15.75,-55.75
25,episodes,1.0,2013-05-29,0.2799803154892508,775,0.4800195627830692,2,25,>=,FIL,107168,OK,2013,Li et al. (2025b),2013-04-29,32.7,775,tmax_c,24.067220347556287,11.552736588637757,6.738347945858125,batch_00d6eee2185ebb3af591.csv,-15.75,-55.75
25,days,1.0,2013-06-10,0.5601370607310227,300,0.960352737777362,1,25,>,MAT,107168,OK,2013,Ortega Gómez et al. (2019),2013-05-30,10.0,300,precip_mm,24.067220347556287,23.11302095146672,13.48094206544604,batch_00d6eee2185ebb3af591.csv,-15.75,-55.75
25,episodes,1.0,2014-02-21,0.0,200,0.0,2,25,>=,EST,107168,OK,2014,Li et al. 2025a,2014-02-14,34.0,200,tmax_c,24.067220347556287,0.0,0.0,batch_00d6eee2185ebb3af591.csv,-15.75,-55.75
25,episodes,1.0,2014-04-12,0.0,625,0.0,2,25,>=,VEG,107168,OK,2014,Li et al. 2025a,2014-03-19,34.6,625,tmax_c,24.067220347556287,0.0,0.0,batch_00d6eee2185ebb3af591.csv,-15.75,-55.75
25,episodes,1.0,2014-04-28,0.0,200,0.0,2,25,>=,REP,107168,OK,2014,Li et al. (2025b),2014-04-21,33.7,200,tmax_c,24.067220347556287,0.0,0.0,batch_00d6eee2185ebb3af591.csv,-15.75,-55.75
25,episodes,1.0,2014-04-20,0.0,200,0.0,2,25,>=,FLO,107168,OK,2014,Li et al. (2025b),2014-04-13,33.7,200,tmax_c,24.067220347556287,0.0,0.0,batch_00d6eee2185ebb3af591.csv,-15.75,-55.75
25,episodes,1.0,2014-05-29,0.0,775,0.0,2,25,>=,FIL,107168,OK,2014,Li et al. (2025b),2014-04-29,32.7,775,tmax_c,24.067220347556287,0.0,0.0,batch_00d6eee2185ebb3af591.csv,-15.75,-55.75
25,days,1.0,2014-06-10,0.0799410681954324,300,0.0799410681954324,1,25,>,MAT,107168,OK,2014,Ortega Gómez et al. (2019),2014-05-30,10.0,300,precip_mm,24.067220347556287,1.9239593030784965,1.9239593030784965,batch_00d6eee2185ebb3af591.csv,-15.75,-55.75
25,episodes,1.0,2015-02-21,0.0,200,0.0,2,25,>=,EST,107168,OK,2015,Li et al. 2025a,2015-02-14,34.0,200,tmax_c,24.067220347556287,0.0,0.0,batch_00d6eee2185ebb3af591.csv,-15.75,-55.75
25,episodes,1.0,2015-04-12,0.0,625,0.0,2,25,>=,VEG,107168,OK,2015,Li et al. 2025a,2015-03-19,34.6,625,tmax_c,24.067220347556287,0.0,0.0,batch_00d6eee2185ebb3af591.csv,-15.75,-55.75
25,episodes,1.0,2015-04-28,0.0,200,0.0,2,25,>=,REP,107168,OK,2015,Li et al. (2025b),2015-04-21,33.7,200,tmax_c,24.067220347556287,0.0,0.0,batch_00d6eee2185ebb3af591.csv,-15.75,-55.75
25,episodes,1.0,2015-04-20,0.0,200,0.0,2,25,>=,FLO,107168,OK,2015,Li et al. (2025b),2015-04-13,33.7,200,tmax_c,24.067220347556287,0.0,0.0,batch_00d6eee2185ebb3af591.csv,-15.75,-55.75
25,episodes,1.0,2015-05-29,0.0,775,0.0,2,25,>=,FIL,107168,OK,2015,Li et al. (2025b),2015-04-29,32.7,775,tmax_c,24.067220347556287,0.0,0.0,batch_00d6eee2185ebb3af591.csv,-15.75,-55.75
25,days,1.0,2015-06-10,0.0,300,0.0,1,25,>,MAT,107168,OK,2015,Ortega Gómez et al. (2019),2015-05-30,10.0,300,precip_mm,24.067220347556287,0.0,0.0,batch_00d6eee2185ebb3af591.csv,-15.75,-55.75
25,episodes,1.0,2016-02-21,0.0,200,0.0,2,25,>=,EST,107168,OK,2016,Li et al. 2025a,2016-02-14,34.0,200,tmax_c,24.067220347556287,0.0,0.0,batch_00d6eee2185ebb3af591.csv,-15.75,-55.75
25,episodes,1.0,2016-04-12,0.0400001218472339,625,0.0400001218472339,2,25,>=,VEG,107168,OK,2016,Li et al. 2025a,2016-03-19,34.6,625,tmax_c,24.067220347556287,0.9626917464264788,0.9626917464264788,batch_00d6eee2185ebb3af591.csv,-15.75,-55.75
25,episodes,1.0,2016-04-28,0.7199612401547828,200,0.7199612401547828,2,25,>=,REP,107168,OK,2016,Li et al. (2025b),2016-04-21,33.7,200,tmax_c,24.067220347556287,17.327465808505046,17.327465808505046,batch_00d6eee2185ebb3af591.csv,-15.75,-55.75
25,episodes,1.0,2016-04-20,0.7999023083502153,200,0.7999023083502153,2,25,>=,FLO,107168,OK,2016,Li et al. (2025b),2016-04-13,33.7,200,tmax_c,24.067220347556287,19.251425111583544,19.251425111583544,batch_00d6eee2185ebb3af591.csv,-15.75,-55.75
25,episodes,1.0,2016-05-29,0.6399608746729695,775,0.6399608746729695,2,25,>=,FIL,107168,OK,2016,Li et al. (2025b),2016-04-29,32.7,775,tmax_c,24.067220347556287,15.402079384569207,15.402079384569207,batch_00d6eee2185ebb3af591.csv,-15.75,-55.75
25,days,1.0,2016-06-10,0.0,300,0.0,1,25,>,MAT,107168,OK,2016,Ortega Gómez et al. (2019),2016-05-30,10.0,300,precip_mm,24.067220347556287,0.0,0.0,batch_00d6eee2185ebb3af591.csv,-15.75,-55.75
25,episodes,1.0,2005-12-07,0.0,175,0.0,2,25,>=,EST,96571,OK,2005,Li et al. 2025a,2005-12-01,34.0,175,tmax_c,23.063381981173684,0.0,0.0,batch_00e4407d354c6f01e4ef.csv,-22.75,45.75
25,episodes,1.0,2006-01-23,0.0,600,0.0,2,25,>=,VEG,96571,OK,2005,Li et al. 2025a,2005-12-31,34.6,600,tmax_c,23.063381981173684,0.0,0.0,batch_00e4407d354c6f01e4ef.csv,-22.75,45.75
25,episodes,1.0,2006-02-05,0.0,175,0.0,2,25,>=,REP,96571,OK,2005,Li et al. (2025b),2006-01-30,33.7,175,tmax_c,23.063381981173684,0.0,0.0,batch_00e4407d354c6f01e4ef.csv,-22.75,45.75
25,episodes,1.0,2006-01-29,0.0,150,0.0,2,25,>=,FLO,96571,OK,2005,Li et al. (2025b),2006-01-24,33.7,150,tmax_c,23.063381981173684,0.0,0.0,batch_00e4407d354c6f01e4ef.csv,-22.75,45.75
25,episodes,1.0,2006-03-06,0.0,725,0.0,2,25,>=,FIL,96571,OK,2005,Li et al. (2025b),2006-02-06,32.7,725,tmax_c,23.063381981173684,0.0,0.0,batch_00e4407d354c6f01e4ef.csv,-22.75,45.75
25,days,1.0,2006-03-17,1.0,275,2.280934878348108,1,25,>,MAT,96571,OK,2005,Ortega Gómez et al. (2019),2006-03-07,10.0,275,precip_mm,23.063381981173684,52.60607237352434,23.063381981173684,batch_00e4407d354c6f01e4ef.csv,-22.75,45.75
25,episodes,1.0,2006-12-07,0.0,175,0.0,2,25,>=,EST,96571,OK,2006,Li et al. 2025a,2006-12-01,34.0,175,tmax_c,23.063381981173684,0.0,0.0,batch_00e4407d354c6f01e4ef.csv,-22.75,45.75
25,episodes,1.0,2007-01-23,0.0,600,0.0,2,25,>=,VEG,96571,OK,2006,Li et al. 2025a,2006-12-31,34.6,600,tmax_c,23.063381981173684,0.0,0.0,batch_00e4407d354c6f01e4ef.csv,-22.75,45.75
25,episodes,1.0,2007-02-05,0.0,175,0.0,2,25,>=,REP,96571,OK,2006,Li et al. (2025b),2007-01-30,33.7,175,tmax_c,23.063381981173684,0.0,0.0,batch_00e4407d354c6f01e4ef.csv,-22.75,45.75
25,episodes,1.0,2007-01-29,0.0,150,0.0,2,25,>=,FLO,96571,OK,2006,Li et al. (2025b),2007-01-24,33.7,150,tmax_c,23.063381981173684,0.0,0.0,batch_00e4407d354c6f01e4ef.csv,-22.75,45.75
25,episodes,1.0,2007-03-06,0.0,725,0.0,2,25,>=,FIL,96571,OK,2006,Li et al. (2025b),2007-02-06,32.7,725,tmax_c,23.063381981173684,0.0,0.0,batch_00e4407d354c6f01e4ef.csv,-22.75,45.75
25,days,1.0,2007-03-17,0.1997661281261795,275,0.1997661281261795,1,25,>,MAT,96571,OK,2006,Ortega Gómez et al. (2019),2007-03-07,10.0,275,precip_mm,23.063381981173684,4.607282519874164,4.607282519874164,batch_00e4407d354c6f01e4ef.csv,-22.75,45.75
25,episodes,1.0,2007-12-07,0.0399414711301955,175,0.0399414711301955,2,25,>=,EST,96571,OK,2007,Li et al. 2025a,2007-12-01,34.0,175,tmax_c,23.063381981173684,0.9211854055657211,0.9211854055657211,batch_00e4407d354c6f01e4ef.csv,-22.75,45.75
25,episodes,1.0,2008-01-23,0.0,600,0.0,2,25,>=,VEG,96571,OK,2007,Li et al. 2025a,2007-12-31,34.6,600,tmax_c,23.063381981173684,0.0,0.0,batch_00e4407d354c6f01e4ef.csv,-22.75,45.75
25,episodes,1.0,2008-02-05,0.0,175,0.0,2,25,>=,REP,96571,OK,2007,Li et al. (2025b),2008-01-30,33.7,175,tmax_c,23.063381981173684,0.0,0.0,batch_00e4407d354c6f01e4ef.csv,-22.75,45.75
25,episodes,1.0,2008-01-29,0.0,150,0.0,2,25,>=,FLO,96571,OK,2007,Li et al. (2025b),2008-01-24,33.7,150,tmax_c,23.063381981173684,0.0,0.0,batch_00e4407d354c6f01e4ef.csv,-22.75,45.75
25,episodes,1.0,2008-03-06,0.0,750,0.0,2,25,>=,FIL,96571,OK,2007,Li et al. (2025b),2008-02-06,32.7,750,tmax_c,23.063381981173684,0.0,0.0,batch_00e4407d354c6f01e4ef.csv,-22.75,45.75
25,days,1.0,2008-03-17,0.8400001218472338,275,0.8400001218472338,1,25,>,MAT,96571,OK,2007,Ortega Gómez et al. (2019),2008-03-07,10.0,275,precip_mm,23.063381981173684,19.37324367439519,19.37324367439519,batch_00e4407d354c6f01e4ef.csv,-22.75,45.75
25,episodes,1.0,2008-12-07,0.0,175,0.0,2,25,>=,EST,96571,OK,2008,Li et al. 2025a,2008-12-01,34.0,175,tmax_c,23.063381981173684,0.0,0.0,batch_00e4407d354c6f01e4ef.csv,-22.75,45.75
25,episodes,1.0,2009-01-23,0.0,600,0.0,2,25,>=,VEG,96571,OK,2008,Li et al. 2025a,2008-12-31,34.6,600,tmax_c,23.063381981173684,0.0,0.0,batch_00e4407d354c6f01e4ef.csv,-22.75,45.75
25,episodes,1.0,2009-02-05,0.0,175,0.0,2,25,>=,REP,96571,OK,2008,Li et al. (2025b),2009-01-30,33.7,175,tmax_c,23.063381981173684,0.0,0.0,batch_00e4407d354c6f01e4ef.csv,-22.75,45.75
25,episodes,1.0,2009-01-29,0.0,150,0.0,2,25,>=,FLO,96571,OK,2008,Li et al. (2025b),2009-01-24,33.7,150,tmax_c,23.063381981173684,0.0,0.0,batch_00e4407d354c6f01e4ef.csv,-22.75,45.75
25,episodes,1.0,2009-03-06,0.0,725,0.0,2,25,>=,FIL,96571,OK,2008,Li et al. (2025b),2009-02-06,32.7,725,tmax_c,23.063381981173684,0.0,0.0,batch_00e4407d354c6f01e4ef.csv,-22.75,45.75
25,days,1.0,2009-03-17,1.0,275,2.080087549654774,1,25,>,MAT,96571,OK,2008,Ortega Gómez et al. (2019),2009-03-07,10.0,275,precip_mm,23.063381981173684,47.97385371197164,23.063381981173684,batch_00e4407d354c6f01e4ef.csv,-22.75,45.75
25,episodes,1.0,2005-10-21,0.0,375,0.0,2,25,>=,EST,90770,OK,2005,Li et al. 2025a,2005-10-07,34.0,375,tmax_c,22.33421667413285,0.0,0.0,batch_00e8754725de57376b24.csv,-26.75,25.25
25,episodes,1.0,2006-01-22,0.0,1200,0.0,2,25,>=,VEG,90770,OK,2005,Li et al. 2025a,2005-12-06,34.6,1200,tmax_c,22.33421667413285,0.0,0.0,batch_00e8754725de57376b24.csv,-26.75,25.25
25,episodes,1.0,2006-02-18,0.0,375,0.0,2,25,>=,REP,90770,OK,2005,Li et al. (2025b),2006-02-04,33.7,375,tmax_c,22.33421667413285,0.0,0.0,batch_00e8754725de57376b24.csv,-26.75,25.25
25,episodes,1.0,2006-02-03,0.0,300,0.0,2,25,>=,FLO,90770,OK,2005,Li et al. (2025b),2006-01-23,33.7,300,tmax_c,22.33421667413285,0.0,0.0,batch_00e8754725de57376b24.csv,-26.75,25.25
25,episodes,1.0,2006-04-18,0.0,1475,0.0,2,25,>=,FIL,90770,OK,2005,Li et al. (2025b),2006-02-19,32.7,1475,tmax_c,22.33421667413285,0.0,0.0,batch_00e8754725de57376b24.csv,-26.75,25.25
25,days,1.0,2006-05-09,0.080105276336532,525,0.080105276336532,1,25,>,MAT,90770,OK,2005,Ortega Gómez et al. (2019),2006-04-19,10.0,525,precip_mm,22.33421667413285,1.7890885984413931,1.7890885984413931,batch_00e8754725de57376b24.csv,-26.75,25.25
25,episodes,1.0,2006-10-21,0.0,375,0.0,2,25,>=,EST,90770,OK,2006,Li et al. 2025a,2006-10-07,34.0,375,tmax_c,22.33421667413285,0.0,0.0,batch_00e8754725de57376b24.csv,-26.75,25.25
25,episodes,1.0,2007-01-22,0.7997193443696864,1200,0.7997193443696864,2,25,>=,VEG,90770,OK,2006,Li et al. 2025a,2006-12-06,34.6,1200,tmax_c,22.33421667413285,17.86110511564804,17.86110511564804,batch_00e8754725de57376b24.csv,-26.75,25.25
25,episodes,1.0,2007-02-18,0.4398594284369516,375,0.4398594284369516,2,25,>=,REP,90770,OK,2006,Li et al. (2025b),2007-02-04,33.7,375,tmax_c,22.33421667413285,9.82391578087111,9.82391578087111,batch_00e8754725de57376b24.csv,-26.75,25.25
25,episodes,1.0,2007-02-03,0.0,300,0.0,2,25,>=,FLO,90770,OK,2006,Li et al. (2025b),2007-01-23,33.7,300,tmax_c,22.33421667413285,0.0,0.0,batch_00e8754725de57376b24.csv,-26.75,25.25
25,episodes,1.0,2007-04-18,1.0,1475,1.7994029062309906,2,25,>=,FIL,90770,OK,2006,Li et al. (2025b),2007-02-19,32.7,1475,tmax_c,22.33421667413285,40.1882543918273,22.33421667413285,batch_00e8754725de57376b24.csv,-26.75,25.25
25,days,1.0,2007-05-09,0.0,525,0.0,1,25,>,MAT,90770,OK,2006,Ortega Gómez et al. (2019),2007-04-19,10.0,525,precip_mm,22.33421667413285,0.0,0.0,batch_00e8754725de57376b24.csv,-26.75,25.25
25,episodes,1.0,2007-10-21,0.0,375,0.0,2,25,>=,EST,90770,OK,2007,Li et al. 2025a,2007-10-07,34.0,375,tmax_c,22.33421667413285,0.0,0.0,batch_00e8754725de57376b24.csv,-26.75,25.25
25,episodes,1.0,2008-01-22,0.0,1200,0.0,2,25,>=,VEG,90770,OK,2007,Li et al. 2025a,2007-12-06,34.6,1200,tmax_c,22.33421667413285,0.0,0.0,batch_00e8754725de57376b24.csv,-26.75,25.25
25,episodes,1.0,2008-02-18,0.0,375,0.0,2,25,>=,REP,90770,OK,2007,Li et al. (2025b),2008-02-04,33.7,375,tmax_c,22.33421667413285,0.0,0.0,batch_00e8754725de57376b24.csv,-26.75,25.25
25,episodes,1.0,2008-02-03,0.0,300,0.0,2,25,>=,FLO,90770,OK,2007,Li et al. (2025b),2008-01-23,33.7,300,tmax_c,22.33421667413285,0.0,0.0,batch_00e8754725de57376b24.csv,-26.75,25.25
25,episodes,1.0,2008-04-18,0.0,1500,0.0,2,25,>=,FIL,90770,OK,2007,Li et al. (2025b),2008-02-19,32.7,1500,tmax_c,22.33421667413285,0.0,0.0,batch_00e8754725de57376b24.csv,-26.75,25.25
25,days,1.0,2008-05-09,1.0,525,1.6795439650759043,1,25,>,MAT,90770,OK,2007,Ortega Gómez et al. (2019),2008-04-19,10.0,525,precip_mm,22.33421667413285,37.51129882973747,22.33421667413285,batch_00e8754725de57376b24.csv,-26.75,25.25
25,episodes,1.0,2008-10-21,0.0,375,0.0,2,25,>=,EST,90770,OK,2008,Li et al. 2025a,2008-10-07,34.0,375,tmax_c,22.33421667413285,0.0,0.0,batch_00e8754725de57376b24.csv,-26.75,25.25
25,episodes,1.0,2009-01-22,0.31968404914317,1200,0.31968404914317,2,25,>=,VEG,90770,OK,2008,Li et al. 2025a,2008-12-06,34.6,1200,tmax_c,22.33421667413285,7.1398928208276935,7.1398928208276935,batch_00e8754725de57376b24.csv,-26.75,25.25
25,episodes,1.0,2009-02-18,0.0,375,0.0,2,25,>=,REP,90770,OK,2008,Li et al. (2025b),2009-02-04,33.7,375,tmax_c,22.33421667413285,0.0,0.0,batch_00e8754725de57376b24.csv,-26.75,25.25
25,episodes,1.0,2009-02-03,0.0,300,0.0,2,25,>=,FLO,90770,OK,2008,Li et al. (2025b),2009-01-23,33.7,300,tmax_c,22.33421667413285,0.0,0.0,batch_00e8754725de57376b24.csv,-26.75,25.25
25,episodes,1.0,2009-04-18,0.0,1475,0.0,2,25,>=,FIL,90770,OK,2008,Li et al. (2025b),2009-02-19,32.7,1475,tmax_c,22.33421667413285,0.0,0.0,batch_00e8754725de57376b24.csv,-26.75,25.25
25,days,1.0,2009-05-09,1.0,525,1.8801757448354093,1,25,>,MAT,90770,OK,2008,Ortega Gómez et al. (2019),2009-04-19,10.0,525,precip_mm,22.33421667413285,41.99225247060315,22.33421667413285,batch_00e8754725de57376b24.csv,-26.75,25.25
25,episodes,1.0,2013-11-28,0.1200946564469001,450,0.160132470275233,2,25,>=,EST,107354,OK,2013,Li et al. 2025a,2013-11-11,34.0,450,tmax_c,24.125338871662567,3.8632501097464296,2.8973242834573614,batch_00ecafb1d1a214fb7c55.csv,-15.25,37.25
25,episodes,1.0,2014-03-18,0.0,1425,0.0,2,25,>=,VEG,107354,OK,2013,Li et al. 2025a,2014-01-21,34.6,1425,tmax_c,24.125338871662567,0.0,0.0,batch_00ecafb1d1a214fb7c55.csv,-15.25,37.25
25,episodes,1.0,2014-04-20,0.0,450,0.0,2,25,>=,REP,107354,OK,2013,Li et al. (2025b),2014-04-03,33.7,450,tmax_c,24.125338871662567,0.0,0.0,batch_00ecafb1d1a214fb7c55.csv,-15.25,37.25
25,episodes,1.0,2014-04-02,0.0,375,0.0,2,25,>=,FLO,107354,OK,2013,Li et al. (2025b),2014-03-19,33.7,375,tmax_c,24.125338871662567,0.0,0.0,batch_00ecafb1d1a214fb7c55.csv,-15.25,37.25
25,episodes,1.0,2014-06-28,0.0,1725,0.0,2,25,>=,FIL,107354,OK,2013,Li et al. (2025b),2014-04-21,32.7,1725,tmax_c,24.125338871662567,0.0,0.0,batch_00ecafb1d1a214fb7c55.csv,-15.25,37.25
25,days,1.0,2014-07-23,0.079923884954547,625,0.079923884954547,1,25,>,MAT,107354,OK,2013,Ortega Gómez et al. (2019),2014-06-29,10.0,625,precip_mm,24.125338871662567,1.92819080846822,1.92819080846822,batch_00ecafb1d1a214fb7c55.csv,-15.25,37.25
25,episodes,1.0,2014-11-28,0.0,450,0.0,2,25,>=,EST,107354,OK,2014,Li et al. 2025a,2014-11-11,34.0,450,tmax_c,24.125338871662567,0.0,0.0,batch_00ecafb1d1a214fb7c55.csv,-15.25,37.25
25,episodes,1.0,2015-03-18,0.0,1425,0.0,2,25,>=,VEG,107354,OK,2014,Li et al. 2025a,2015-01-21,34.6,1425,tmax_c,24.125338871662567,0.0,0.0,batch_00ecafb1d1a214fb7c55.csv,-15.25,37.25
25,episodes,1.0,2015-04-20,0.0,450,0.0,2,25,>=,REP,107354,OK,2014,Li et al. (2025b),2015-04-03,33.7,450,tmax_c,24.125338871662567,0.0,0.0,batch_00ecafb1d1a214fb7c55.csv,-15.25,37.25
25,episodes,1.0,2015-04-02,0.0,375,0.0,2,25,>=,FLO,107354,OK,2014,Li et al. (2025b),2015-03-19,33.7,375,tmax_c,24.125338871662567,0.0,0.0,batch_00ecafb1d1a214fb7c55.csv,-15.25,37.25
25,episodes,1.0,2015-06-28,0.0,1725,0.0,2,25,>=,FIL,107354,OK,2014,Li et al. (2025b),2015-04-21,32.7,1725,tmax_c,24.125338871662567,0.0,0.0,batch_00ecafb1d1a214fb7c55.csv,-15.25,37.25
25,days,1.0,2015-07-23,0.0,625,0.0,1,25,>,MAT,107354,OK,2014,Ortega Gómez et al. (2019),2015-06-29,10.0,625,precip_mm,24.125338871662567,0.0,0.0,batch_00ecafb1d1a214fb7c55.csv,-15.25,37.25
25,episodes,1.0,2015-11-28,0.0800756276566657,450,0.0800756276566657,2,25,>=,EST,107354,OK,2015,Li et al. 2025a,2015-11-11,34.0,450,tmax_c,24.125338871662567,1.9318516525781364,1.9318516525781364,batch_00ecafb1d1a214fb7c55.csv,-15.25,37.25
25,episodes,1.0,2016-03-18,0.0,1450,0.0,2,25,>=,VEG,107354,OK,2015,Li et al. 2025a,2016-01-21,34.6,1450,tmax_c,24.125338871662567,0.0,0.0,batch_00ecafb1d1a214fb7c55.csv,-15.25,37.25
25,episodes,1.0,2016-04-20,0.0,450,0.0,2,25,>=,REP,107354,OK,2015,Li et al. (2025b),2016-04-03,33.7,450,tmax_c,24.125338871662567,0.0,0.0,batch_00ecafb1d1a214fb7c55.csv,-15.25,37.25
25,episodes,1.0,2016-04-02,0.0,375,0.0,2,25,>=,FLO,107354,OK,2015,Li et al. (2025b),2016-03-19,33.7,375,tmax_c,24.125338871662567,0.0,0.0,batch_00ecafb1d1a214fb7c55.csv,-15.25,37.25
25,episodes,1.0,2016-06-28,0.0,1725,0.0,2,25,>=,FIL,107354,OK,2015,Li et al. (2025b),2016-04-21,32.7,1725,tmax_c,24.125338871662567,0.0,0.0,batch_00ecafb1d1a214fb7c55.csv,-15.25,37.25
25,days,1.0,2016-07-23,0.2797910490798699,625,0.2797910490798699,1,25,>,MAT,107354,OK,2015,Ortega Gómez et al. (2019),2016-06-29,10.0,625,precip_mm,24.125338871662567,6.750053872309834,6.750053872309834,batch_00ecafb1d1a214fb7c55.csv,-15.25,37.25
25,episodes,1.0,2016-11-28,0.0,450,0.0,2,25,>=,EST,107354,OK,2016,Li et al. 2025a,2016-11-11,34.0,450,tmax_c,24.125338871662567,0.0,0.0,batch_00ecafb1d1a214fb7c55.csv,-15.25,37.25
25,episodes,1.0,2017-03-18,0.0,1425,0.0,2,25,>=,VEG,107354,OK,2016,Li et al. 2025a,2017-01-21,34.6,1425,tmax_c,24.125338871662567,0.0,0.0,batch_00ecafb1d1a214fb7c55.csv,-15.25,37.25
25,episodes,1.0,2017-04-20,0.0,450,0.0,2,25,>=,REP,107354,OK,2016,Li et al. (2025b),2017-04-03,33.7,450,tmax_c,24.125338871662567,0.0,0.0,batch_00ecafb1d1a214fb7c55.csv,-15.25,37.25
25,episodes,1.0,2017-04-02,0.0,375,0.0,2,25,>=,FLO,107354,OK,2016,Li et al. (2025b),2017-03-19,33.7,375,tmax_c,24.125338871662567,0.0,0.0,batch_00ecafb1d1a214fb7c55.csv,-15.25,37.25
25,episodes,1.0,2017-06-28,0.0,1725,0.0,2,25,>=,FIL,107354,OK,2016,Li et al. (2025b),2017-04-21,32.7,1725,tmax_c,24.125338871662567,0.0,0.0,batch_00ecafb1d1a214fb7c55.csv,-15.25,37.25
25,days,1.0,2017-07-23,0.0,625,0.0,1,25,>,MAT,107354,OK,2016,Ortega Gómez et al. (2019),2017-06-29,10.0,625,precip_mm,24.125338871662567,0.0,0.0,batch_00ecafb1d1a214fb7c55.csv,-15.25,37.25
25,episodes,1.0,1981-02-23,0.0,250,0.0,2,25,>=,EST,99990,OK,1981,Li et al. 2025a,1981-02-14,34.0,250,tmax_c,23.3860295326714,0.0,0.0,batch_00ef5d179c6365b072a1.csv,-20.75,-44.75
25,episodes,1.0,1981-04-28,0.0,825,0.0,2,25,>=,VEG,99990,OK,1981,Li et al. 2025a,1981-03-27,34.6,825,tmax_c,23.3860295326714,0.0,0.0,batch_00ef5d179c6365b072a1.csv,-20.75,-44.75
25,episodes,1.0,1981-05-17,0.0,275,0.0,2,25,>=,REP,99990,OK,1981,Li et al. (2025b),1981-05-07,33.7,275,tmax_c,23.3860295326714,0.0,0.0,batch_00ef5d179c6365b072a1.csv,-20.75,-44.75
25,episodes,1.0,1981-05-06,0.0,200,0.0,2,25,>=,FLO,99990,OK,1981,Li et al. (2025b),1981-04-29,33.7,200,tmax_c,23.3860295326714,0.0,0.0,batch_00ef5d179c6365b072a1.csv,-20.75,-44.75
25,episodes,1.0,1981-06-25,0.0,975,0.0,2,25,>=,FIL,99990,OK,1981,Li et al. (2025b),1981-05-18,32.7,975,tmax_c,23.3860295326714,0.0,0.0,batch_00ef5d179c6365b072a1.csv,-20.75,-44.75
25,days,1.0,1981-07-10,0.0,375,0.0,1,25,>,MAT,99990,OK,1981,Ortega Gómez et al. (2019),1981-06-26,10.0,375,precip_mm,23.3860295326714,0.0,0.0,batch_00ef5d179c6365b072a1.csv,-20.75,-44.75
25,episodes,1.0,1982-02-23,0.0,250,0.0,2,25,>=,EST,99990,OK,1982,Li et al. 2025a,1982-02-14,34.0,250,tmax_c,23.3860295326714,0.0,0.0,batch_00ef5d179c6365b072a1.csv,-20.75,-44.75
25,episodes,1.0,1982-04-28,0.0,825,0.0,2,25,>=,VEG,99990,OK,1982,Li et al. 2025a,1982-03-27,34.6,825,tmax_c,23.3860295326714,0.0,0.0,batch_00ef5d179c6365b072a1.csv,-20.75,-44.75
25,episodes,1.0,1982-05-17,0.0,275,0.0,2,25,>=,REP,99990,OK,1982,Li et al. (2025b),1982-05-07,33.7,275,tmax_c,23.3860295326714,0.0,0.0,batch_00ef5d179c6365b072a1.csv,-20.75,-44.75
25,episodes,1.0,1982-05-06,0.0,200,0.0,2,25,>=,FLO,99990,OK,1982,Li et al. (2025b),1982-04-29,33.7,200,tmax_c,23.3860295326714,0.0,0.0,batch_00ef5d179c6365b072a1.csv,-20.75,-44.75
25,episodes,1.0,1982-06-25,0.0,975,0.0,2,25,>=,FIL,99990,OK,1982,Li et al. (2025b),1982-05-18,32.7,975,tmax_c,23.3860295326714,0.0,0.0,batch_00ef5d179c6365b072a1.csv,-20.75,-44.75
25,days,1.0,1982-07-10,0.0,375,0.0,1,25,>,MAT,99990,OK,1982,Ortega Gómez et al. (2019),1982-06-26,10.0,375,precip_mm,23.3860295326714,0.0,0.0,batch_00ef5d179c6365b072a1.csv,-20.75,-44.75
25,episodes,1.0,1983-02-23,0.0,250,0.0,2,25,>=,EST,99990,OK,1983,Li et al. 2025a,1983-02-14,34.0,250,tmax_c,23.3860295326714,0.0,0.0,batch_00ef5d179c6365b072a1.csv,-20.75,-44.75
25,episodes,1.0,1983-04-28,0.0,825,0.0,2,25,>=,VEG,99990,OK,1983,Li et al. 2025a,1983-03-27,34.6,825,tmax_c,23.3860295326714,0.0,0.0,batch_00ef5d179c6365b072a1.csv,-20.75,-44.75
25,episodes,1.0,1983-05-17,0.0,275,0.0,2,25,>=,REP,99990,OK,1983,Li et al. (2025b),1983-05-07,33.7,275,tmax_c,23.3860295326714,0.0,0.0,batch_00ef5d179c6365b072a1.csv,-20.75,-44.75
25,episodes,1.0,1983-05-06,0.0,200,0.0,2,25,>=,FLO,99990,OK,1983,Li et al. (2025b),1983-04-29,33.7,200,tmax_c,23.3860295326714,0.0,0.0,batch_00ef5d179c6365b072a1.csv,-20.75,-44.75
25,episodes,1.0,1983-06-25,0.0,975,0.0,2,25,>=,FIL,99990,OK,1983,Li et al. (2025b),1983-05-18,32.7,975,tmax_c,23.3860295326714,0.0,0.0,batch_00ef5d179c6365b072a1.csv,-20.75,-44.75
25,days,1.0,1983-07-10,0.0,375,0.0,1,25,>,MAT,99990,OK,1983,Ortega Gómez et al. (2019),1983-06-26,10.0,375,precip_mm,23.3860295326714,0.0,0.0,batch_00ef5d179c6365b072a1.csv,-20.75,-44.75
25,episodes,1.0,1984-02-23,0.0,250,0.0,2,25,>=,EST,99990,OK,1984,Li et al. 2025a,1984-02-14,34.0,250,tmax_c,23.3860295326714,0.0,0.0,batch_00ef5d179c6365b072a1.csv,-20.75,-44.75
25,episodes,1.0,1984-04-28,0.0,825,0.0,2,25,>=,VEG,99990,OK,1984,Li et al. 2025a,1984-03-27,34.6,825,tmax_c,23.3860295326714,0.0,0.0,batch_00ef5d179c6365b072a1.csv,-20.75,-44.75
25,episodes,1.0,1984-05-17,0.0,275,0.0,2,25,>=,REP,99990,OK,1984,Li et al. (2025b),1984-05-07,33.7,275,tmax_c,23.3860295326714,0.0,0.0,batch_00ef5d179c6365b072a1.csv,-20.75,-44.75
25,episodes,1.0,1984-05-06,0.0,200,0.0,2,25,>=,FLO,99990,OK,1984,Li et al. (2025b),1984-04-29,33.7,200,tmax_c,23.3860295326714,0.0,0.0,batch_00ef5d179c6365b072a1.csv,-20.75,-44.75
25,episodes,1.0,1984-06-25,0.0,975,0.0,2,25,>=,FIL,99990,OK,1984,Li et al. (2025b),1984-05-18,32.7,975,tmax_c,23.3860295326714,0.0,0.0,batch_00ef5d179c6365b072a1.csv,-20.75,-44.75
25,days,1.0,1984-07-10,0.0,375,0.0,1,25,>,MAT,99990,OK,1984,Ortega Gómez et al. (2019),1984-06-26,10.0,375,precip_mm,23.3860295326714,0.0,0.0,batch_00ef5d179c6365b072a1.csv,-20.75,-44.75
25,episodes,1.0,2001-11-09,0.0,225,0.0,2,25,>=,EST,81232,OK,2001,Li et al. 2025a,2001-11-01,34.0,225,tmax_c,20.798789696387235,0.0,0.0,batch_00f16d848aa62e4ee10b.csv,-33.75,-63.75
25,episodes,1.0,2002-01-04,0.039906758864894,725,0.039906758864894,2,25,>=,VEG,81232,OK,2001,Li et al. 2025a,2001-12-07,34.6,725,tmax_c,20.798789696387235,0.8300122850953674,0.8300122850953674,batch_00f16d848aa62e4ee10b.csv,-33.75,-63.75
25,episodes,1.0,2002-01-21,0.0,225,0.0,2,25,>=,REP,81232,OK,2001,Li et al. (2025b),2002-01-13,33.7,225,tmax_c,20.798789696387235,0.0,0.0,batch_00f16d848aa62e4ee10b.csv,-33.75,-63.75
25,episodes,1.0,2002-01-12,0.0,200,0.0,2,25,>=,FLO,81232,OK,2001,Li et al. (2025b),2002-01-05,33.7,200,tmax_c,20.798789696387235,0.0,0.0,batch_00f16d848aa62e4ee10b.csv,-33.75,-63.75
25,episodes,1.0,2002-02-25,0.0,875,0.0,2,25,>=,FIL,81232,OK,2001,Li et al. (2025b),2002-01-22,32.7,875,tmax_c,20.798789696387235,0.0,0.0,batch_00f16d848aa62e4ee10b.csv,-33.75,-63.75
25,days,1.0,2002-03-10,1.0,325,3.3605120953726644,1,25,>,MAT,81232,OK,2001,Ortega Gómez et al. (2019),2002-02-26,10.0,325,precip_mm,20.798789696387235,69.89458434382165,20.798789696387235,batch_00f16d848aa62e4ee10b.csv,-33.75,-63.75
25,episodes,1.0,2002-11-09,0.0,225,0.0,2,25,>=,EST,81232,OK,2002,Li et al. 2025a,2002-11-01,34.0,225,tmax_c,20.798789696387235,0.0,0.0,batch_00f16d848aa62e4ee10b.csv,-33.75,-63.75
25,episodes,1.0,2003-01-04,0.0,725,0.0,2,25,>=,VEG,81232,OK,2002,Li et al. 2025a,2002-12-07,34.6,725,tmax_c,20.798789696387235,0.0,0.0,batch_00f16d848aa62e4ee10b.csv,-33.75,-63.75
25,episodes,1.0,2003-01-21,0.0,225,0.0,2,25,>=,REP,81232,OK,2002,Li et al. (2025b),2003-01-13,33.7,225,tmax_c,20.798789696387235,0.0,0.0,batch_00f16d848aa62e4ee10b.csv,-33.75,-63.75
25,episodes,1.0,2003-01-12,0.0,200,0.0,2,25,>=,FLO,81232,OK,2002,Li et al. (2025b),2003-01-05,33.7,200,tmax_c,20.798789696387235,0.0,0.0,batch_00f16d848aa62e4ee10b.csv,-33.75,-63.75
25,episodes,1.0,2003-02-25,1.0,875,1.0,2,25,>=,FIL,81232,OK,2002,Li et al. (2025b),2003-01-22,32.7,875,tmax_c,20.798789696387235,20.798789696387235,20.798789696387235,batch_00f16d848aa62e4ee10b.csv,-33.75,-63.75
25,days,1.0,2003-03-10,1.0,325,1.6403723554462686,1,25,>,MAT,81232,OK,2002,Ortega Gómez et al. (2019),2003-02-26,10.0,325,precip_mm,20.798789696387235,34.11775964469431,20.798789696387235,batch_00f16d848aa62e4ee10b.csv,-33.75,-63.75
25,episodes,1.0,2003-11-09,0.0798602600736047,225,0.0798602600736047,2,25,>=,EST,81232,OK,2003,Li et al. 2025a,2003-11-01,34.0,225,tmax_c,20.798789696387235,1.6609967543696955,1.6609967543696955,batch_00f16d848aa62e4ee10b.csv,-33.75,-63.75
25,episodes,1.0,2004-01-04,0.039906758864894,725,0.039906758864894,2,25,>=,VEG,81232,OK,2003,Li et al. 2025a,2003-12-07,34.6,725,tmax_c,20.798789696387235,0.8300122850953674,0.8300122850953674,batch_00f16d848aa62e4ee10b.csv,-33.75,-63.75
25,episodes,1.0,2004-01-21,0.0,225,0.0,2,25,>=,REP,81232,OK,2003,Li et al. (2025b),2004-01-13,33.7,225,tmax_c,20.798789696387235,0.0,0.0,batch_00f16d848aa62e4ee10b.csv,-33.75,-63.75
25,episodes,1.0,2004-01-12,0.7998137614241815,200,0.7998137614241815,2,25,>=,FLO,81232,OK,2003,Li et al. (2025b),2004-01-05,33.7,200,tmax_c,20.798789696387235,16.635158220137985,16.635158220137985,batch_00f16d848aa62e4ee10b.csv,-33.75,-63.75
25,episodes,1.0,2004-02-25,1.0,875,1.0,2,25,>=,FIL,81232,OK,2003,Li et al. (2025b),2004-01-22,32.7,875,tmax_c,20.798789696387235,20.798789696387235,20.798789696387235,batch_00f16d848aa62e4ee10b.csv,-33.75,-63.75
25,days,1.0,2004-03-10,1.0,350,1.2002793580055555,1,25,>,MAT,81232,OK,2003,Ortega Gómez et al. (2019),2004-02-26,10.0,350,precip_mm,20.798789696387235,24.96435794407224,20.798789696387235,batch_00f16d848aa62e4ee10b.csv,-33.75,-63.75
25,episodes,1.0,2004-11-09,0.0,225,0.0,2,25,>=,EST,81232,OK,2004,Li et al. 2025a,2004-11-01,34.0,225,tmax_c,20.798789696387235,0.0,0.0,batch_00f16d848aa62e4ee10b.csv,-33.75,-63.75
25,episodes,1.0,2005-01-04,0.0,725,0.0,2,25,>=,VEG,81232,OK,2004,Li et al. 2025a,2004-12-07,34.6,725,tmax_c,20.798789696387235,0.0,0.0,batch_00f16d848aa62e4ee10b.csv,-33.75,-63.75
25,episodes,1.0,2005-01-21,0.0,225,0.0,2,25,>=,REP,81232,OK,2004,Li et al. (2025b),2005-01-13,33.7,225,tmax_c,20.798789696387235,0.0,0.0,batch_00f16d848aa62e4ee10b.csv,-33.75,-63.75
25,episodes,1.0,2005-01-12,0.0,200,0.0,2,25,>=,FLO,81232,OK,2004,Li et al. (2025b),2005-01-05,33.7,200,tmax_c,20.798789696387235,0.0,0.0,batch_00f16d848aa62e4ee10b.csv,-33.75,-63.75
25,episodes,1.0,2005-02-25,0.0,875,0.0,2,25,>=,FIL,81232,OK,2004,Li et al. (2025b),2005-01-22,32.7,875,tmax_c,20.798789696387235,0.0,0.0,batch_00f16d848aa62e4ee10b.csv,-33.75,-63.75
25,days,1.0,2005-03-10,1.0,325,2.399441283988886,1,25,>,MAT,81232,OK,2004,Ortega Gómez et al. (2019),2005-02-26,10.0,325,precip_mm,20.798789696387235,49.9054746545142,20.798789696387235,batch_00f16d848aa62e4ee10b.csv,-33.75,-63.75
25,episodes,1.0,2013-10-25,0.0,350,0.0,2,25,>=,EST,88617,OK,2013,Li et al. 2025a,2013-10-12,34.0,350,tmax_c,22.032519186586832,0.0,0.0,batch_00fa690c29d0679daefa.csv,-28.25,28.75
25,episodes,1.0,2014-01-21,0.0,1125,0.0,2,25,>=,VEG,88617,OK,2013,Li et al. 2025a,2013-12-08,34.6,1125,tmax_c,22.032519186586832,0.0,0.0,batch_00fa690c29d0679daefa.csv,-28.25,28.75
25,episodes,1.0,2014-02-17,0.0,350,0.0,2,25,>=,REP,88617,OK,2013,Li et al. (2025b),2014-02-04,33.7,350,tmax_c,22.032519186586832,0.0,0.0,batch_00fa690c29d0679daefa.csv,-28.25,28.75
25,episodes,1.0,2014-02-03,0.0,325,0.0,2,25,>=,FLO,88617,OK,2013,Li et al. (2025b),2014-01-22,33.7,325,tmax_c,22.032519186586832,0.0,0.0,batch_00fa690c29d0679daefa.csv,-28.25,28.75
25,episodes,1.0,2014-04-13,0.0,1375,0.0,2,25,>=,FIL,88617,OK,2013,Li et al. (2025b),2014-02-18,32.7,1375,tmax_c,22.032519186586832,0.0,0.0,batch_00fa690c29d0679daefa.csv,-28.25,28.75
25,days,1.0,2014-05-04,0.1597000443602722,525,0.1597000443602722,1,25,>,MAT,88617,OK,2013,Ortega Gómez et al. (2019),2014-04-14,10.0,525,precip_mm,22.032519186586832,3.518594291466466,3.518594291466466,batch_00fa690c29d0679daefa.csv,-28.25,28.75
25,episodes,1.0,2014-10-25,0.0,350,0.0,2,25,>=,EST,88617,OK,2014,Li et al. 2025a,2014-10-12,34.0,350,tmax_c,22.032519186586832,0.0,0.0,batch_00fa690c29d0679daefa.csv,-28.25,28.75
25,episodes,1.0,2015-01-21,0.0,1125,0.0,2,25,>=,VEG,88617,OK,2014,Li et al. 2025a,2014-12-08,34.6,1125,tmax_c,22.032519186586832,0.0,0.0,batch_00fa690c29d0679daefa.csv,-28.25,28.75
25,episodes,1.0,2015-02-17,0.0,350,0.0,2,25,>=,REP,88617,OK,2014,Li et al. (2025b),2015-02-04,33.7,350,tmax_c,22.032519186586832,0.0,0.0,batch_00fa690c29d0679daefa.csv,-28.25,28.75
25,episodes,1.0,2015-02-03,0.0,325,0.0,2,25,>=,FLO,88617,OK,2014,Li et al. (2025b),2015-01-22,33.7,325,tmax_c,22.032519186586832,0.0,0.0,batch_00fa690c29d0679daefa.csv,-28.25,28.75
25,episodes,1.0,2015-04-13,0.0,1375,0.0,2,25,>=,FIL,88617,OK,2014,Li et al. (2025b),2015-02-18,32.7,1375,tmax_c,22.032519186586832,0.0,0.0,batch_00fa690c29d0679daefa.csv,-28.25,28.75
25,days,1.0,2015-05-04,0.4003743354277048,525,0.4003743354277048,1,25,>,MAT,88617,OK,2014,Ortega Gómez et al. (2019),2015-04-14,10.0,525,precip_mm,22.032519186586832,8.821255227127859,8.821255227127859,batch_00fa690c29d0679daefa.csv,-28.25,28.75
25,episodes,1.0,2015-10-25,0.0,350,0.0,2,25,>=,EST,88617,OK,2015,Li et al. 2025a,2015-10-12,34.0,350,tmax_c,22.032519186586832,0.0,0.0,batch_00fa690c29d0679daefa.csv,-28.25,28.75
25,episodes,1.0,2016-01-21,0.960074988909932,1125,0.960074988909932,2,25,>=,VEG,88617,OK,2015,Li et al. 2025a,2015-12-08,34.6,1125,tmax_c,22.032519186586832,21.15287061372021,21.15287061372021,batch_00fa690c29d0679daefa.csv,-28.25,28.75
25,episodes,1.0,2016-02-17,0.0,350,0.0,2,25,>=,REP,88617,OK,2015,Li et al. (2025b),2016-02-04,33.7,350,tmax_c,22.032519186586832,0.0,0.0,batch_00fa690c29d0679daefa.csv,-28.25,28.75
25,episodes,1.0,2016-02-03,0.0,325,0.0,2,25,>=,FLO,88617,OK,2015,Li et al. (2025b),2016-01-22,33.7,325,tmax_c,22.032519186586832,0.0,0.0,batch_00fa690c29d0679daefa.csv,-28.25,28.75
25,episodes,1.0,2016-04-13,0.0,1400,0.0,2,25,>=,FIL,88617,OK,2015,Li et al. (2025b),2016-02-18,32.7,1400,tmax_c,22.032519186586832,0.0,0.0,batch_00fa690c29d0679daefa.csv,-28.25,28.75
25,days,1.0,2016-05-04,0.0,525,0.0,1,25,>,MAT,88617,OK,2015,Ortega Gómez et al. (2019),2016-04-14,10.0,525,precip_mm,22.032519186586832,0.0,0.0,batch_00fa690c29d0679daefa.csv,-28.25,28.75
25,episodes,1.0,2016-10-25,0.0,350,0.0,2,25,>=,EST,88617,OK,2016,Li et al. 2025a,2016-10-12,34.0,350,tmax_c,22.032519186586832,0.0,0.0,batch_00fa690c29d0679daefa.csv,-28.25,28.75
25,episodes,1.0,2017-01-21,0.0,1125,0.0,2,25,>=,VEG,88617,OK,2016,Li et al. 2025a,2016-12-08,34.6,1125,tmax_c,22.032519186586832,0.0,0.0,batch_00fa690c29d0679daefa.csv,-28.25,28.75
25,episodes,1.0,2017-02-17,0.0,350,0.0,2,25,>=,REP,88617,OK,2016,Li et al. (2025b),2017-02-04,33.7,350,tmax_c,22.032519186586832,0.0,0.0,batch_00fa690c29d0679daefa.csv,-28.25,28.75
25,episodes,1.0,2017-02-03,0.0,325,0.0,2,25,>=,FLO,88617,OK,2016,Li et al. (2025b),2017-01-22,33.7,325,tmax_c,22.032519186586832,0.0,0.0,batch_00fa690c29d0679daefa.csv,-28.25,28.75
25,episodes,1.0,2017-04-13,0.0,1375,0.0,2,25,>=,FIL,88617,OK,2016,Li et al. (2025b),2017-02-18,32.7,1375,tmax_c,22.032519186586832,0.0,0.0,batch_00fa690c29d0679daefa.csv,-28.25,28.75
25,days,1.0,2017-05-04,0.0,525,0.0,1,25,>,MAT,88617,OK,2016,Ortega Gómez et al. (2019),2017-04-14,10.0,525,precip_mm,22.032519186586832,0.0,0.0,batch_00fa690c29d0679daefa.csv,-28.25,28.75
25,episodes,1.0,2005-11-28,1.0,450,1.1601215739432902,2,25,>=,EST,105913,OK,2005,Li et al. 2025a,2005-11-11,34.0,450,tmax_c,24.007269011440503,27.851350711632332,24.007269011440503,batch_00fd50549965986f42cc.csv,-16.25,36.75
25,episodes,1.0,2006-03-18,0.0,1425,0.0,2,25,>=,VEG,105913,OK,2005,Li et al. 2025a,2006-01-21,34.6,1425,tmax_c,24.007269011440503,0.0,0.0,batch_00fd50549965986f42cc.csv,-16.25,36.75
25,episodes,1.0,2006-04-20,0.0,450,0.0,2,25,>=,REP,105913,OK,2005,Li et al. (2025b),2006-04-03,33.7,450,tmax_c,24.007269011440503,0.0,0.0,batch_00fd50549965986f42cc.csv,-16.25,36.75
25,episodes,1.0,2006-04-02,0.0,375,0.0,2,25,>=,FLO,105913,OK,2005,Li et al. (2025b),2006-03-19,33.7,375,tmax_c,24.007269011440503,0.0,0.0,batch_00fd50549965986f42cc.csv,-16.25,36.75
25,episodes,1.0,2006-06-28,0.279776464667915,1725,0.279776464667915,2,25,>=,FIL,105913,OK,2005,Li et al. (2025b),2006-04-21,32.7,1725,tmax_c,24.007269011440503,6.716668850352417,6.716668850352417,batch_00fd50549965986f42cc.csv,-16.25,36.75
25,days,1.0,2006-07-23,0.0,625,0.0,1,25,>,MAT,105913,OK,2005,Ortega Gómez et al. (2019),2006-06-29,10.0,625,precip_mm,24.007269011440503,0.0,0.0,batch_00fd50549965986f42cc.csv,-16.25,36.75
25,episodes,1.0,2006-11-28,0.1997965645494501,450,0.1997965645494501,2,25,>=,EST,105913,OK,2006,Li et al. 2025a,2006-11-11,34.0,450,tmax_c,24.007269011440503,4.796569872700288,4.796569872700288,batch_00fd50549965986f42cc.csv,-16.25,36.75
25,episodes,1.0,2007-03-18,0.0,1425,0.0,2,25,>=,VEG,105913,OK,2006,Li et al. 2025a,2007-01-21,34.6,1425,tmax_c,24.007269011440503,0.0,0.0,batch_00fd50549965986f42cc.csv,-16.25,36.75
25,episodes,1.0,2007-04-20,0.0,450,0.0,2,25,>=,REP,105913,OK,2006,Li et al. (2025b),2007-04-03,33.7,450,tmax_c,24.007269011440503,0.0,0.0,batch_00fd50549965986f42cc.csv,-16.25,36.75
25,episodes,1.0,2007-04-02,0.0,375,0.0,2,25,>=,FLO,105913,OK,2006,Li et al. (2025b),2007-03-19,33.7,375,tmax_c,24.007269011440503,0.0,0.0,batch_00fd50549965986f42cc.csv,-16.25,36.75
25,episodes,1.0,2007-06-28,0.0,1725,0.0,2,25,>=,FIL,105913,OK,2006,Li et al. (2025b),2007-04-21,32.7,1725,tmax_c,24.007269011440503,0.0,0.0,batch_00fd50549965986f42cc.csv,-16.25,36.75
25,days,1.0,2007-07-23,0.8801015959089888,625,0.8801015959089888,1,25,>,MAT,105913,OK,2006,Ortega Gómez et al. (2019),2007-06-29,10.0,625,precip_mm,24.007269011440503,21.1288357703852,21.1288357703852,batch_00fd50549965986f42cc.csv,-16.25,36.75
25,episodes,1.0,2007-11-28,1.0,450,1.3597765865150744,2,25,>=,EST,105913,OK,2007,Li et al. 2025a,2007-11-11,34.0,450,tmax_c,24.007269011440503,32.6445223079257,24.007269011440503,batch_00fd50549965986f42cc.csv,-16.25,36.75
25,episodes,1.0,2008-03-18,0.0,1450,0.0,2,25,>=,VEG,105913,OK,2007,Li et al. 2025a,2008-01-21,34.6,1450,tmax_c,24.007269011440503,0.0,0.0,batch_00fd50549965986f42cc.csv,-16.25,36.75
25,episodes,1.0,2008-04-20,0.0,450,0.0,2,25,>=,REP,105913,OK,2007,Li et al. (2025b),2008-04-03,33.7,450,tmax_c,24.007269011440503,0.0,0.0,batch_00fd50549965986f42cc.csv,-16.25,36.75
25,episodes,1.0,2008-04-02,0.0,375,0.0,2,25,>=,FLO,105913,OK,2007,Li et al. (2025b),2008-03-19,33.7,375,tmax_c,24.007269011440503,0.0,0.0,batch_00fd50549965986f42cc.csv,-16.25,36.75
25,episodes,1.0,2008-06-28,0.03995931290989,1725,0.03995931290989,2,25,>=,FIL,105913,OK,2007,Li et al. (2025b),2008-04-21,32.7,1725,tmax_c,24.007269011440503,0.9593139745400576,0.9593139745400576,batch_00fd50549965986f42cc.csv,-16.25,36.75
25,days,1.0,2008-07-23,0.0,625,0.0,1,25,>,MAT,105913,OK,2007,Ortega Gómez et al. (2019),2008-06-29,10.0,625,precip_mm,24.007269011440503,0.0,0.0,batch_00fd50549965986f42cc.csv,-16.25,36.75
25,episodes,1.0,2008-11-28,1.0,450,1.03995931290989,2,25,>=,EST,105913,OK,2008,Li et al. 2025a,2008-11-11,34.0,450,tmax_c,24.007269011440503,24.96658298598056,24.007269011440503,batch_00fd50549965986f42cc.csv,-16.25,36.75
25,episodes,1.0,2009-03-18,0.0,1425,0.0,2,25,>=,VEG,105913,OK,2008,Li et al. 2025a,2009-01-21,34.6,1425,tmax_c,24.007269011440503,0.0,0.0,batch_00fd50549965986f42cc.csv,-16.25,36.75
25,episodes,1.0,2009-04-20,0.0,450,0.0,2,25,>=,REP,105913,OK,2008,Li et al. (2025b),2009-04-03,33.7,450,tmax_c,24.007269011440503,0.0,0.0,batch_00fd50549965986f42cc.csv,-16.25,36.75
25,episodes,1.0,2009-04-02,0.0,375,0.0,2,25,>=,FLO,105913,OK,2008,Li et al. (2025b),2009-03-19,33.7,375,tmax_c,24.007269011440503,0.0,0.0,batch_00fd50549965986f42cc.csv,-16.25,36.75
25,episodes,1.0,2009-06-28,0.0,1725,0.0,2,25,>=,FIL,105913,OK,2008,Li et al. (2025b),2009-04-21,32.7,1725,tmax_c,24.007269011440503,0.0,0.0,batch_00fd50549965986f42cc.csv,-16.25,36.75
25,days,1.0,2009-07-23,0.0,625,0.0,1,25,>,MAT,105913,OK,2008,Ortega Gómez et al. (2019),2009-06-29,10.0,625,precip_mm,24.007269011440503,0.0,0.0,batch_00fd50549965986f42cc.csv,-16.25,36.75
25,episodes,1.0,1989-10-12,0.0,325,0.0,2,25,>=,EST,84852,OK,1989,Li et al. 2025a,1989-09-30,34.0,325,tmax_c,21.38404136435541,0.0,0.0,batch_01025b83d9907d575df7.csv,-31.25,-53.75
25,episodes,1.0,1990-01-03,0.0,1050,0.0,2,25,>=,VEG,84852,OK,1989,Li et al. 2025a,1989-11-23,34.6,1050,tmax_c,21.38404136435541,0.0,0.0,batch_01025b83d9907d575df7.csv,-31.25,-53.75
25,episodes,1.0,1990-01-28,0.919873219654423,325,0.919873219654423,2,25,>=,REP,84852,OK,1989,Li et al. (2025b),1990-01-16,33.7,325,tmax_c,21.38404136435541,19.670606979052977,19.670606979052977,batch_01025b83d9907d575df7.csv,-31.25,-53.75
25,episodes,1.0,1990-01-15,1.0,300,1.0,2,25,>=,FLO,84852,OK,1989,Li et al. (2025b),1990-01-04,33.7,300,tmax_c,21.38404136435541,21.38404136435541,21.38404136435541,batch_01025b83d9907d575df7.csv,-31.25,-53.75
25,episodes,1.0,1990-03-21,1.0,1300,1.039915317349605,2,25,>=,FIL,84852,OK,1989,Li et al. (2025b),1990-01-29,32.7,1300,tmax_c,21.38404136435541,22.23759216163074,21.38404136435541,batch_01025b83d9907d575df7.csv,-31.25,-53.75
25,days,1.0,1990-04-09,1.0,475,4.080168877912002,1,25,>,MAT,84852,OK,1989,Ortega Gómez et al. (2019),1990-03-22,10.0,475,precip_mm,21.38404136435541,87.25050005882588,21.38404136435541,batch_01025b83d9907d575df7.csv,-31.25,-53.75
25,episodes,1.0,1990-10-12,0.0,325,0.0,2,25,>=,EST,84852,OK,1990,Li et al. 2025a,1990-09-30,34.0,325,tmax_c,21.38404136435541,0.0,0.0,batch_01025b83d9907d575df7.csv,-31.25,-53.75
25,episodes,1.0,1991-01-03,0.0,1050,0.0,2,25,>=,VEG,84852,OK,1990,Li et al. 2025a,1990-11-23,34.6,1050,tmax_c,21.38404136435541,0.0,0.0,batch_01025b83d9907d575df7.csv,-31.25,-53.75
25,episodes,1.0,1991-01-28,0.0,325,0.0,2,25,>=,REP,84852,OK,1990,Li et al. (2025b),1991-01-16,33.7,325,tmax_c,21.38404136435541,0.0,0.0,batch_01025b83d9907d575df7.csv,-31.25,-53.75
25,episodes,1.0,1991-01-15,0.0,300,0.0,2,25,>=,FLO,84852,OK,1990,Li et al. (2025b),1991-01-04,33.7,300,tmax_c,21.38404136435541,0.0,0.0,batch_01025b83d9907d575df7.csv,-31.25,-53.75
25,episodes,1.0,1991-03-21,1.0,1300,1.9197879277679328,2,25,>=,FIL,84852,OK,1990,Li et al. (2025b),1991-01-29,32.7,1300,tmax_c,21.38404136435541,41.05282445817964,21.38404136435541,batch_01025b83d9907d575df7.csv,-31.25,-53.75
25,days,1.0,1991-04-09,1.0,475,1.0,1,25,>,MAT,84852,OK,1990,Ortega Gómez et al. (2019),1991-03-22,10.0,475,precip_mm,21.38404136435541,21.38404136435541,21.38404136435541,batch_01025b83d9907d575df7.csv,-31.25,-53.75
25,episodes,1.0,1991-10-12,0.0,325,0.0,2,25,>=,EST,84852,OK,1991,Li et al. 2025a,1991-09-30,34.0,325,tmax_c,21.38404136435541,0.0,0.0,batch_01025b83d9907d575df7.csv,-31.25,-53.75
25,episodes,1.0,1992-01-03,0.0,1050,0.0,2,25,>=,VEG,84852,OK,1991,Li et al. 2025a,1991-11-23,34.6,1050,tmax_c,21.38404136435541,0.0,0.0,batch_01025b83d9907d575df7.csv,-31.25,-53.75
25,episodes,1.0,1992-01-28,0.0,325,0.0,2,25,>=,REP,84852,OK,1991,Li et al. (2025b),1992-01-16,33.7,325,tmax_c,21.38404136435541,0.0,0.0,batch_01025b83d9907d575df7.csv,-31.25,-53.75
25,episodes,1.0,1992-01-15,0.0,300,0.0,2,25,>=,FLO,84852,OK,1991,Li et al. (2025b),1992-01-04,33.7,300,tmax_c,21.38404136435541,0.0,0.0,batch_01025b83d9907d575df7.csv,-31.25,-53.75
25,episodes,1.0,1992-03-21,0.0,1325,0.0,2,25,>=,FIL,84852,OK,1991,Li et al. (2025b),1992-01-29,32.7,1325,tmax_c,21.38404136435541,0.0,0.0,batch_01025b83d9907d575df7.csv,-31.25,-53.75
25,days,1.0,1992-04-09,1.0,475,3.680000365412796,1,25,>,MAT,84852,OK,1991,Ortega Gómez et al. (2019),1992-03-22,10.0,475,precip_mm,21.38404136435541,78.69328003483028,21.38404136435541,batch_01025b83d9907d575df7.csv,-31.25,-53.75
25,episodes,1.0,1992-10-12,0.0,325,0.0,2,25,>=,EST,84852,OK,1992,Li et al. 2025a,1992-09-30,34.0,325,tmax_c,21.38404136435541,0.0,0.0,batch_01025b83d9907d575df7.csv,-31.25,-53.75
25,episodes,1.0,1993-01-03,0.0,1050,0.0,2,25,>=,VEG,84852,OK,1992,Li et al. 2025a,1992-11-23,34.6,1050,tmax_c,21.38404136435541,0.0,0.0,batch_01025b83d9907d575df7.csv,-31.25,-53.75
25,episodes,1.0,1993-01-28,0.0,325,0.0,2,25,>=,REP,84852,OK,1992,Li et al. (2025b),1993-01-16,33.7,325,tmax_c,21.38404136435541,0.0,0.0,batch_01025b83d9907d575df7.csv,-31.25,-53.75
25,episodes,1.0,1993-01-15,0.0,300,0.0,2,25,>=,FLO,84852,OK,1992,Li et al. (2025b),1993-01-04,33.7,300,tmax_c,21.38404136435541,0.0,0.0,batch_01025b83d9907d575df7.csv,-31.25,-53.75
25,episodes,1.0,1993-03-21,0.0,1300,0.0,2,25,>=,FIL,84852,OK,1992,Li et al. (2025b),1993-01-29,32.7,1300,tmax_c,21.38404136435541,0.0,0.0,batch_01025b83d9907d575df7.csv,-31.25,-53.75
25,days,1.0,1993-04-09,1.0,475,1.0,1,25,>,MAT,84852,OK,1992,Ortega Gómez et al. (2019),1993-03-22,10.0,475,precip_mm,21.38404136435541,21.38404136435541,21.38404136435541,batch_01025b83d9907d575df7.csv,-31.25,-53.75
25,episodes,1.0,1997-02-22,0.0,225,0.0,2,25,>=,EST,106460,OK,1997,Li et al. 2025a,1997-02-14,34.0,225,tmax_c,24.007269011440503,0.0,0.0,batch_010c2db974e03a2f7292.csv,-16.25,-49.75
25,episodes,1.0,1997-04-20,0.0,725,0.0,2,25,>=,VEG,106460,OK,1997,Li et al. 2025a,1997-03-23,34.6,725,tmax_c,24.007269011440503,0.0,0.0,batch_010c2db974e03a2f7292.csv,-16.25,-49.75
25,episodes,1.0,1997-05-07,0.0,225,0.0,2,25,>=,REP,106460,OK,1997,Li et al. (2025b),1997-04-29,33.7,225,tmax_c,24.007269011440503,0.0,0.0,batch_010c2db974e03a2f7292.csv,-16.25,-49.75
25,episodes,1.0,1997-04-28,0.0,200,0.0,2,25,>=,FLO,106460,OK,1997,Li et al. (2025b),1997-04-21,33.7,200,tmax_c,24.007269011440503,0.0,0.0,batch_010c2db974e03a2f7292.csv,-16.25,-49.75
25,episodes,1.0,1997-06-12,0.0,900,0.0,2,25,>=,FIL,106460,OK,1997,Li et al. (2025b),1997-05-08,32.7,900,tmax_c,24.007269011440503,0.0,0.0,batch_010c2db974e03a2f7292.csv,-16.25,-49.75
25,days,1.0,1997-06-25,0.0,325,0.0,1,25,>,MAT,106460,OK,1997,Ortega Gómez et al. (2019),1997-06-13,10.0,325,precip_mm,24.007269011440503,0.0,0.0,batch_010c2db974e03a2f7292.csv,-16.25,-49.75
25,episodes,1.0,1998-02-22,0.0,225,0.0,2,25,>=,EST,106460,OK,1998,Li et al. 2025a,1998-02-14,34.0,225,tmax_c,24.007269011440503,0.0,0.0,batch_010c2db974e03a2f7292.csv,-16.25,-49.75
25,episodes,1.0,1998-04-20,0.0,725,0.0,2,25,>=,VEG,106460,OK,1998,Li et al. 2025a,1998-03-23,34.6,725,tmax_c,24.007269011440503,0.0,0.0,batch_010c2db974e03a2f7292.csv,-16.25,-49.75
25,episodes,1.0,1998-05-07,0.0,225,0.0,2,25,>=,REP,106460,OK,1998,Li et al. (2025b),1998-04-29,33.7,225,tmax_c,24.007269011440503,0.0,0.0,batch_010c2db974e03a2f7292.csv,-16.25,-49.75
25,episodes,1.0,1998-04-28,0.0,200,0.0,2,25,>=,FLO,106460,OK,1998,Li et al. (2025b),1998-04-21,33.7,200,tmax_c,24.007269011440503,0.0,0.0,batch_010c2db974e03a2f7292.csv,-16.25,-49.75
25,episodes,1.0,1998-06-12,0.0,900,0.0,2,25,>=,FIL,106460,OK,1998,Li et al. (2025b),1998-05-08,32.7,900,tmax_c,24.007269011440503,0.0,0.0,batch_010c2db974e03a2f7292.csv,-16.25,-49.75
25,days,1.0,1998-06-25,0.0,325,0.0,1,25,>,MAT,106460,OK,1998,Ortega Gómez et al. (2019),1998-06-13,10.0,325,precip_mm,24.007269011440503,0.0,0.0,batch_010c2db974e03a2f7292.csv,-16.25,-49.75
25,episodes,1.0,1999-02-22,0.0,225,0.0,2,25,>=,EST,106460,OK,1999,Li et al. 2025a,1999-02-14,34.0,225,tmax_c,24.007269011440503,0.0,0.0,batch_010c2db974e03a2f7292.csv,-16.25,-49.75
25,episodes,1.0,1999-04-20,0.0,725,0.0,2,25,>=,VEG,106460,OK,1999,Li et al. 2025a,1999-03-23,34.6,725,tmax_c,24.007269011440503,0.0,0.0,batch_010c2db974e03a2f7292.csv,-16.25,-49.75
25,episodes,1.0,1999-05-07,0.0,225,0.0,2,25,>=,REP,106460,OK,1999,Li et al. (2025b),1999-04-29,33.7,225,tmax_c,24.007269011440503,0.0,0.0,batch_010c2db974e03a2f7292.csv,-16.25,-49.75
25,episodes,1.0,1999-04-28,0.0,200,0.0,2,25,>=,FLO,106460,OK,1999,Li et al. (2025b),1999-04-21,33.7,200,tmax_c,24.007269011440503,0.0,0.0,batch_010c2db974e03a2f7292.csv,-16.25,-49.75
25,episodes,1.0,1999-06-12,0.0,900,0.0,2,25,>=,FIL,106460,OK,1999,Li et al. (2025b),1999-05-08,32.7,900,tmax_c,24.007269011440503,0.0,0.0,batch_010c2db974e03a2f7292.csv,-16.25,-49.75
25,days,1.0,1999-06-25,0.0,325,0.0,1,25,>,MAT,106460,OK,1999,Ortega Gómez et al. (2019),1999-06-13,10.0,325,precip_mm,24.007269011440503,0.0,0.0,batch_010c2db974e03a2f7292.csv,-16.25,-49.75
25,episodes,1.0,2000-02-22,0.0,225,0.0,2,25,>=,EST,106460,OK,2000,Li et al. 2025a,2000-02-14,34.0,225,tmax_c,24.007269011440503,0.0,0.0,batch_010c2db974e03a2f7292.csv,-16.25,-49.75
25,episodes,1.0,2000-04-20,0.0,725,0.0,2,25,>=,VEG,106460,OK,2000,Li et al. 2025a,2000-03-23,34.6,725,tmax_c,24.007269011440503,0.0,0.0,batch_010c2db974e03a2f7292.csv,-16.25,-49.75
25,episodes,1.0,2000-05-07,0.0,225,0.0,2,25,>=,REP,106460,OK,2000,Li et al. (2025b),2000-04-29,33.7,225,tmax_c,24.007269011440503,0.0,0.0,batch_010c2db974e03a2f7292.csv,-16.25,-49.75
25,episodes,1.0,2000-04-28,0.0,200,0.0,2,25,>=,FLO,106460,OK,2000,Li et al. (2025b),2000-04-21,33.7,200,tmax_c,24.007269011440503,0.0,0.0,batch_010c2db974e03a2f7292.csv,-16.25,-49.75
25,episodes,1.0,2000-06-12,0.0,900,0.0,2,25,>=,FIL,106460,OK,2000,Li et al. (2025b),2000-05-08,32.7,900,tmax_c,24.007269011440503,0.0,0.0,batch_010c2db974e03a2f7292.csv,-16.25,-49.75
25,days,1.0,2000-06-25,0.0,325,0.0,1,25,>,MAT,106460,OK,2000,Ortega Gómez et al. (2019),2000-06-13,10.0,325,precip_mm,24.007269011440503,0.0,0.0,batch_010c2db974e03a2f7292.csv,-16.25,-49.75
25,episodes,1.0,2005-02-23,1.0,250,1.0,2,25,>=,EST,97811,OK,2005,Li et al. 2025a,2005-02-14,34.0,250,tmax_c,23.14669411123357,23.14669411123357,23.14669411123357,batch_0111904448f38e818f08.csv,-22.25,-54.25
25,episodes,1.0,2005-04-28,0.96005710235901,825,1.5202851463402456,2,25,>=,VEG,97811,OK,2005,Li et al. 2025a,2005-03-27,34.6,825,tmax_c,23.14669411123357,35.189575244189626,22.222148077621256,batch_0111904448f38e818f08.csv,-22.25,-54.25
25,episodes,1.0,2005-05-17,0.0,275,0.0,2,25,>=,REP,97811,OK,2005,Li et al. (2025b),2005-05-07,33.7,275,tmax_c,23.14669411123357,0.0,0.0,batch_0111904448f38e818f08.csv,-22.25,-54.25
25,episodes,1.0,2005-05-06,0.0,200,0.0,2,25,>=,FLO,97811,OK,2005,Li et al. (2025b),2005-04-29,33.7,200,tmax_c,23.14669411123357,0.0,0.0,batch_0111904448f38e818f08.csv,-22.25,-54.25
25,episodes,1.0,2005-06-25,0.1602274346584648,975,0.1602274346584648,2,25,>=,FIL,97811,OK,2005,Li et al. (2025b),2005-05-18,32.7,975,tmax_c,23.14669411123357,3.708735418267149,3.708735418267149,batch_0111904448f38e818f08.csv,-22.25,-54.25
25,days,1.0,2005-07-10,0.399886038976374,375,0.399886038976374,1,25,>,MAT,97811,OK,2005,Ortega Gómez et al. (2019),2005-06-26,10.0,375,precip_mm,23.14669411123357,9.256039823538954,9.256039823538954,batch_0111904448f38e818f08.csv,-22.25,-54.25
25,episodes,1.0,2006-02-23,0.0,250,0.0,2,25,>=,EST,97811,OK,2006,Li et al. 2025a,2006-02-14,34.0,250,tmax_c,23.14669411123357,0.0,0.0,batch_0111904448f38e818f08.csv,-22.25,-54.25
25,episodes,1.0,2006-04-28,0.0,825,0.0,2,25,>=,VEG,97811,OK,2006,Li et al. 2025a,2006-03-27,34.6,825,tmax_c,23.14669411123357,0.0,0.0,batch_0111904448f38e818f08.csv,-22.25,-54.25
25,episodes,1.0,2006-05-17,0.0,275,0.0,2,25,>=,REP,97811,OK,2006,Li et al. (2025b),2006-05-07,33.7,275,tmax_c,23.14669411123357,0.0,0.0,batch_0111904448f38e818f08.csv,-22.25,-54.25
25,episodes,1.0,2006-05-06,0.0,200,0.0,2,25,>=,FLO,97811,OK,2006,Li et al. (2025b),2006-04-29,33.7,200,tmax_c,23.14669411123357,0.0,0.0,batch_0111904448f38e818f08.csv,-22.25,-54.25
25,episodes,1.0,2006-06-25,0.0,975,0.0,2,25,>=,FIL,97811,OK,2006,Li et al. (2025b),2006-05-18,32.7,975,tmax_c,23.14669411123357,0.0,0.0,batch_0111904448f38e818f08.csv,-22.25,-54.25
25,days,1.0,2006-07-10,1.0,375,1.0799144682652704,1,25,>,MAT,97811,OK,2006,Ortega Gómez et al. (2019),2006-06-26,10.0,375,precip_mm,23.14669411123357,24.996449863231664,23.14669411123357,batch_0111904448f38e818f08.csv,-22.25,-54.25
25,episodes,1.0,2007-02-23,0.0,250,0.0,2,25,>=,EST,97811,OK,2007,Li et al. 2025a,2007-02-14,34.0,250,tmax_c,23.14669411123357,0.0,0.0,batch_0111904448f38e818f08.csv,-22.25,-54.25
25,episodes,1.0,2007-04-28,0.6002849026458514,825,0.9605982346674232,2,25,>=,VEG,97811,OK,2007,Li et al. 2025a,2007-03-27,34.6,825,tmax_c,23.14669411123357,22.234673501637804,13.894611021135145,batch_0111904448f38e818f08.csv,-22.25,-54.25
25,episodes,1.0,2007-05-17,0.0,275,0.0,2,25,>=,REP,97811,OK,2007,Li et al. (2025b),2007-05-07,33.7,275,tmax_c,23.14669411123357,0.0,0.0,batch_0111904448f38e818f08.csv,-22.25,-54.25
25,episodes,1.0,2007-05-06,0.0,200,0.0,2,25,>=,FLO,97811,OK,2007,Li et al. (2025b),2007-04-29,33.7,200,tmax_c,23.14669411123357,0.0,0.0,batch_0111904448f38e818f08.csv,-22.25,-54.25
25,episodes,1.0,2007-06-25,0.0,975,0.0,2,25,>=,FIL,97811,OK,2007,Li et al. (2025b),2007-05-18,32.7,975,tmax_c,23.14669411123357,0.0,0.0,batch_0111904448f38e818f08.csv,-22.25,-54.25
25,days,1.0,2007-07-10,0.0,375,0.0,1,25,>,MAT,97811,OK,2007,Ortega Gómez et al. (2019),2007-06-26,10.0,375,precip_mm,23.14669411123357,0.0,0.0,batch_0111904448f38e818f08.csv,-22.25,-54.25
25,episodes,1.0,2008-02-23,0.0,250,0.0,2,25,>=,EST,97811,OK,2008,Li et al. 2025a,2008-02-14,34.0,250,tmax_c,23.14669411123357,0.0,0.0,batch_0111904448f38e818f08.csv,-22.25,-54.25
25,episodes,1.0,2008-04-28,0.0,825,0.0,2,25,>=,VEG,97811,OK,2008,Li et al. 2025a,2008-03-27,34.6,825,tmax_c,23.14669411123357,0.0,0.0,batch_0111904448f38e818f08.csv,-22.25,-54.25
25,episodes,1.0,2008-05-17,0.0,275,0.0,2,25,>=,REP,97811,OK,2008,Li et al. (2025b),2008-05-07,33.7,275,tmax_c,23.14669411123357,0.0,0.0,batch_0111904448f38e818f08.csv,-22.25,-54.25
25,episodes,1.0,2008-05-06,0.0,200,0.0,2,25,>=,FLO,97811,OK,2008,Li et al. (2025b),2008-04-29,33.7,200,tmax_c,23.14669411123357,0.0,0.0,batch_0111904448f38e818f08.csv,-22.25,-54.25
25,episodes,1.0,2008-06-25,0.0,975,0.0,2,25,>=,FIL,97811,OK,2008,Li et al. (2025b),2008-05-18,32.7,975,tmax_c,23.14669411123357,0.0,0.0,batch_0111904448f38e818f08.csv,-22.25,-54.25
25,days,1.0,2008-07-10,0.0,375,0.0,1,25,>,MAT,97811,OK,2008,Ortega Gómez et al. (2019),2008-06-26,10.0,375,precip_mm,23.14669411123357,0.0,0.0,batch_0111904448f38e818f08.csv,-22.25,-54.25
25,episodes,1.0,2009-10-21,0.0,375,0.0,2,25,>=,EST,92213,OK,2009,Li et al. 2025a,2009-10-07,34.0,375,tmax_c,22.526856912172203,0.0,0.0,batch_01143addbd0a15e19be2.csv,-25.75,26.75
25,episodes,1.0,2010-01-22,0.0,1200,0.0,2,25,>=,VEG,92213,OK,2009,Li et al. 2025a,2009-12-06,34.6,1200,tmax_c,22.526856912172203,0.0,0.0,batch_01143addbd0a15e19be2.csv,-25.75,26.75
25,episodes,1.0,2010-02-18,0.0,375,0.0,2,25,>=,REP,92213,OK,2009,Li et al. (2025b),2010-02-04,33.7,375,tmax_c,22.526856912172203,0.0,0.0,batch_01143addbd0a15e19be2.csv,-25.75,26.75
25,episodes,1.0,2010-02-03,0.0,300,0.0,2,25,>=,FLO,92213,OK,2009,Li et al. (2025b),2010-01-23,33.7,300,tmax_c,22.526856912172203,0.0,0.0,batch_01143addbd0a15e19be2.csv,-25.75,26.75
25,episodes,1.0,2010-04-18,0.0,1475,0.0,2,25,>=,FIL,92213,OK,2009,Li et al. (2025b),2010-02-19,32.7,1475,tmax_c,22.526856912172203,0.0,0.0,batch_01143addbd0a15e19be2.csv,-25.75,26.75
25,days,1.0,2010-05-09,1.0,525,3.119899264340779,1,25,>,MAT,92213,OK,2009,Ortega Gómez et al. (2019),2010-04-19,10.0,525,precip_mm,22.526856912172203,70.28152430819604,22.526856912172203,batch_01143addbd0a15e19be2.csv,-25.75,26.75
25,episodes,1.0,2010-10-21,0.2403690390215332,375,0.2403690390215332,2,25,>=,EST,92213,OK,2010,Li et al. 2025a,2010-10-07,34.0,375,tmax_c,22.526856912172203,5.414758948154416,5.414758948154416,batch_01143addbd0a15e19be2.csv,-25.75,26.75
25,episodes,1.0,2011-01-22,0.0,1200,0.0,2,25,>=,VEG,92213,OK,2010,Li et al. 2025a,2010-12-06,34.6,1200,tmax_c,22.526856912172203,0.0,0.0,batch_01143addbd0a15e19be2.csv,-25.75,26.75
25,episodes,1.0,2011-02-18,0.0,375,0.0,2,25,>=,REP,92213,OK,2010,Li et al. (2025b),2011-02-04,33.7,375,tmax_c,22.526856912172203,0.0,0.0,batch_01143addbd0a15e19be2.csv,-25.75,26.75
25,episodes,1.0,2011-02-03,0.0,300,0.0,2,25,>=,FLO,92213,OK,2010,Li et al. (2025b),2011-01-23,33.7,300,tmax_c,22.526856912172203,0.0,0.0,batch_01143addbd0a15e19be2.csv,-25.75,26.75
25,episodes,1.0,2011-04-18,0.0,1475,0.0,2,25,>=,FIL,92213,OK,2010,Li et al. (2025b),2011-02-19,32.7,1475,tmax_c,22.526856912172203,0.0,0.0,batch_01143addbd0a15e19be2.csv,-25.75,26.75
25,days,1.0,2011-05-09,0.959999878152766,525,0.959999878152766,1,25,>,MAT,92213,OK,2010,Ortega Gómez et al. (2019),2011-04-19,10.0,525,precip_mm,22.526856912172203,21.62577989085011,21.62577989085011,batch_01143addbd0a15e19be2.csv,-25.75,26.75
25,episodes,1.0,2011-10-21,0.0,375,0.0,2,25,>=,EST,92213,OK,2011,Li et al. 2025a,2011-10-07,34.0,375,tmax_c,22.526856912172203,0.0,0.0,batch_01143addbd0a15e19be2.csv,-25.75,26.75
25,episodes,1.0,2012-01-22,0.0,1200,0.0,2,25,>=,VEG,92213,OK,2011,Li et al. 2025a,2011-12-06,34.6,1200,tmax_c,22.526856912172203,0.0,0.0,batch_01143addbd0a15e19be2.csv,-25.75,26.75
25,episodes,1.0,2012-02-18,0.0,375,0.0,2,25,>=,REP,92213,OK,2011,Li et al. (2025b),2012-02-04,33.7,375,tmax_c,22.526856912172203,0.0,0.0,batch_01143addbd0a15e19be2.csv,-25.75,26.75
25,episodes,1.0,2012-02-03,0.0,300,0.0,2,25,>=,FLO,92213,OK,2011,Li et al. (2025b),2012-01-23,33.7,300,tmax_c,22.526856912172203,0.0,0.0,batch_01143addbd0a15e19be2.csv,-25.75,26.75
25,episodes,1.0,2012-04-18,0.4404702621719254,1500,0.4805373380125038,2,25,>=,FIL,92213,OK,2011,Li et al. (2025b),2012-02-19,32.7,1500,tmax_c,22.526856912172203,10.824995854363802,9.92241057001394,batch_01143addbd0a15e19be2.csv,-25.75,26.75
25,days,1.0,2012-05-09,0.0,525,0.0,1,25,>,MAT,92213,OK,2011,Ortega Gómez et al. (2019),2012-04-19,10.0,525,precip_mm,22.526856912172203,0.0,0.0,batch_01143addbd0a15e19be2.csv,-25.75,26.75
25,episodes,1.0,2012-10-21,0.0,375,0.0,2,25,>=,EST,92213,OK,2012,Li et al. 2025a,2012-10-07,34.0,375,tmax_c,22.526856912172203,0.0,0.0,batch_01143addbd0a15e19be2.csv,-25.75,26.75
25,episodes,1.0,2013-01-22,0.0,1200,0.0,2,25,>=,VEG,92213,OK,2012,Li et al. 2025a,2012-12-06,34.6,1200,tmax_c,22.526856912172203,0.0,0.0,batch_01143addbd0a15e19be2.csv,-25.75,26.75
25,episodes,1.0,2013-02-18,0.0,375,0.0,2,25,>=,REP,92213,OK,2012,Li et al. (2025b),2013-02-04,33.7,375,tmax_c,22.526856912172203,0.0,0.0,batch_01143addbd0a15e19be2.csv,-25.75,26.75
25,episodes,1.0,2013-02-03,0.1201678114997981,300,0.1201678114997981,2,25,>=,FLO,92213,OK,2012,Li et al. (2025b),2013-01-23,33.7,300,tmax_c,22.526856912172203,2.7070030951048345,2.7070030951048345,batch_01143addbd0a15e19be2.csv,-25.75,26.75
25,episodes,1.0,2013-04-18,0.4404702621719254,1475,0.7609400368526785,2,25,>=,FIL,92213,OK,2012,Li et al. (2025b),2013-02-19,32.7,1475,tmax_c,22.526856912172203,17.141587328923332,9.92241057001394,batch_01143addbd0a15e19be2.csv,-25.75,26.75
25,days,1.0,2013-05-09,1.0,525,1.2804026988401749,1,25,>,MAT,92213,OK,2012,Ortega Gómez et al. (2019),2013-04-19,10.0,525,precip_mm,22.526856912172203,28.843448386731737,22.526856912172203,batch_01143addbd0a15e19be2.csv,-25.75,26.75
25,episodes,1.0,2005-11-24,0.8401801085560586,350,0.8401801085560586,2,25,>=,EST,100136,OK,2005,Li et al. 2025a,2005-11-11,34.0,350,tmax_c,23.462254098719804,19.71251919563224,19.71251919563224,batch_0117ea8066e61ff0c306.csv,-20.25,28.25
25,episodes,1.0,2006-02-16,0.0,1075,0.0,2,25,>=,VEG,100136,OK,2005,Li et al. 2025a,2006-01-05,34.6,1075,tmax_c,23.462254098719804,0.0,0.0,batch_0117ea8066e61ff0c306.csv,-20.25,28.25
25,episodes,1.0,2006-03-13,0.0,350,0.0,2,25,>=,REP,100136,OK,2005,Li et al. (2025b),2006-02-28,33.7,350,tmax_c,23.462254098719804,0.0,0.0,batch_0117ea8066e61ff0c306.csv,-20.25,28.25
25,episodes,1.0,2006-02-27,0.0,275,0.0,2,25,>=,FLO,100136,OK,2005,Li et al. (2025b),2006-02-17,33.7,275,tmax_c,23.462254098719804,0.0,0.0,batch_0117ea8066e61ff0c306.csv,-20.25,28.25
25,episodes,1.0,2006-05-05,0.0,1325,0.0,2,25,>=,FIL,100136,OK,2005,Li et al. (2025b),2006-03-14,32.7,1325,tmax_c,23.462254098719804,0.0,0.0,batch_0117ea8066e61ff0c306.csv,-20.25,28.25
25,days,1.0,2006-05-24,0.0,475,0.0,1,25,>,MAT,100136,OK,2005,Ortega Gómez et al. (2019),2006-05-06,10.0,475,precip_mm,23.462254098719804,0.0,0.0,batch_0117ea8066e61ff0c306.csv,-20.25,28.25
25,episodes,1.0,2006-11-24,0.0,350,0.0,2,25,>=,EST,100136,OK,2006,Li et al. 2025a,2006-11-11,34.0,350,tmax_c,23.462254098719804,0.0,0.0,batch_0117ea8066e61ff0c306.csv,-20.25,28.25
25,episodes,1.0,2007-02-16,0.0,1075,0.0,2,25,>=,VEG,100136,OK,2006,Li et al. 2025a,2007-01-05,34.6,1075,tmax_c,23.462254098719804,0.0,0.0,batch_0117ea8066e61ff0c306.csv,-20.25,28.25
25,episodes,1.0,2007-03-13,0.0,350,0.0,2,25,>=,REP,100136,OK,2006,Li et al. (2025b),2007-02-28,33.7,350,tmax_c,23.462254098719804,0.0,0.0,batch_0117ea8066e61ff0c306.csv,-20.25,28.25
25,episodes,1.0,2007-02-27,0.0,275,0.0,2,25,>=,FLO,100136,OK,2006,Li et al. (2025b),2007-02-17,33.7,275,tmax_c,23.462254098719804,0.0,0.0,batch_0117ea8066e61ff0c306.csv,-20.25,28.25
25,episodes,1.0,2007-05-05,0.6003598516487717,1325,1.1206940779890078,2,25,>=,FIL,100136,OK,2006,Li et al. (2025b),2007-03-14,32.7,1325,tmax_c,23.462254098719804,26.29400922470861,14.085795390053208,batch_0117ea8066e61ff0c306.csv,-20.25,28.25
25,days,1.0,2007-05-24,0.0,475,0.0,1,25,>,MAT,100136,OK,2006,Ortega Gómez et al. (2019),2007-05-06,10.0,475,precip_mm,23.462254098719804,0.0,0.0,batch_0117ea8066e61ff0c306.csv,-20.25,28.25
25,episodes,1.0,2007-11-24,0.0801025013907066,350,0.0801025013907066,2,25,>=,EST,100136,OK,2007,Li et al. 2025a,2007-11-11,34.0,350,tmax_c,23.462254098719804,1.8793852415718169,1.8793852415718169,batch_0117ea8066e61ff0c306.csv,-20.25,28.25
25,episodes,1.0,2008-02-16,0.0,1075,0.0,2,25,>=,VEG,100136,OK,2007,Li et al. 2025a,2008-01-05,34.6,1075,tmax_c,23.462254098719804,0.0,0.0,batch_0117ea8066e61ff0c306.csv,-20.25,28.25
25,episodes,1.0,2008-03-13,0.0,375,0.0,2,25,>=,REP,100136,OK,2007,Li et al. (2025b),2008-02-28,33.7,375,tmax_c,23.462254098719804,0.0,0.0,batch_0117ea8066e61ff0c306.csv,-20.25,28.25
25,episodes,1.0,2008-02-27,0.0,275,0.0,2,25,>=,FLO,100136,OK,2007,Li et al. (2025b),2008-02-17,33.7,275,tmax_c,23.462254098719804,0.0,0.0,batch_0117ea8066e61ff0c306.csv,-20.25,28.25
25,episodes,1.0,2008-05-05,0.0,1325,0.0,2,25,>=,FIL,100136,OK,2007,Li et al. (2025b),2008-03-14,32.7,1325,tmax_c,23.462254098719804,0.0,0.0,batch_0117ea8066e61ff0c306.csv,-20.25,28.25
25,days,1.0,2008-05-24,0.0,475,0.0,1,25,>,MAT,100136,OK,2007,Ortega Gómez et al. (2019),2008-05-06,10.0,475,precip_mm,23.462254098719804,0.0,0.0,batch_0117ea8066e61ff0c306.csv,-20.25,28.25
25,episodes,1.0,2008-11-24,0.0,350,0.0,2,25,>=,EST,100136,OK,2008,Li et al. 2025a,2008-11-11,34.0,350,tmax_c,23.462254098719804,0.0,0.0,batch_0117ea8066e61ff0c306.csv,-20.25,28.25
25,episodes,1.0,2009-02-16,0.0,1075,0.0,2,25,>=,VEG,100136,OK,2008,Li et al. 2025a,2009-01-05,34.6,1075,tmax_c,23.462254098719804,0.0,0.0,batch_0117ea8066e61ff0c306.csv,-20.25,28.25
25,episodes,1.0,2009-03-13,0.0,350,0.0,2,25,>=,REP,100136,OK,2008,Li et al. (2025b),2009-02-28,33.7,350,tmax_c,23.462254098719804,0.0,0.0,batch_0117ea8066e61ff0c306.csv,-20.25,28.25
25,episodes,1.0,2009-02-27,0.0,275,0.0,2,25,>=,FLO,100136,OK,2008,Li et al. (2025b),2009-02-17,33.7,275,tmax_c,23.462254098719804,0.0,0.0,batch_0117ea8066e61ff0c306.csv,-20.25,28.25
25,episodes,1.0,2009-05-05,0.0,1325,0.0,2,25,>=,FIL,100136,OK,2008,Li et al. (2025b),2009-03-14,32.7,1325,tmax_c,23.462254098719804,0.0,0.0,batch_0117ea8066e61ff0c306.csv,-20.25,28.25
25,days,1.0,2009-05-24,0.0,475,0.0,1,25,>,MAT,100136,OK,2008,Ortega Gómez et al. (2019),2009-05-06,10.0,475,precip_mm,23.462254098719804,0.0,0.0,batch_0117ea8066e61ff0c306.csv,-20.25,28.25
25,episodes,1.0,2013-12-07,0.0,175,0.0,2,25,>=,EST,102337,OK,2013,Li et al. 2025a,2013-12-01,34.0,175,tmax_c,23.680184809525272,0.0,0.0,batch_011b56e7277aa6406f1c.csv,-18.75,48.75
25,episodes,1.0,2014-01-23,0.0,600,0.0,2,25,>=,VEG,102337,OK,2013,Li et al. 2025a,2013-12-31,34.6,600,tmax_c,23.680184809525272,0.0,0.0,batch_011b56e7277aa6406f1c.csv,-18.75,48.75
25,episodes,1.0,2014-02-05,0.0,175,0.0,2,25,>=,REP,102337,OK,2013,Li et al. (2025b),2014-01-30,33.7,175,tmax_c,23.680184809525272,0.0,0.0,batch_011b56e7277aa6406f1c.csv,-18.75,48.75
25,episodes,1.0,2014-01-29,0.0,150,0.0,2,25,>=,FLO,102337,OK,2013,Li et al. (2025b),2014-01-24,33.7,150,tmax_c,23.680184809525272,0.0,0.0,batch_011b56e7277aa6406f1c.csv,-18.75,48.75
25,episodes,1.0,2014-03-06,0.0,725,0.0,2,25,>=,FIL,102337,OK,2013,Li et al. (2025b),2014-02-06,32.7,725,tmax_c,23.680184809525272,0.0,0.0,batch_011b56e7277aa6406f1c.csv,-18.75,48.75
25,days,1.0,2014-03-17,0.0,275,0.0,1,25,>,MAT,102337,OK,2013,Ortega Gómez et al. (2019),2014-03-07,10.0,275,precip_mm,23.680184809525272,0.0,0.0,batch_011b56e7277aa6406f1c.csv,-18.75,48.75
25,episodes,1.0,2014-12-07,0.0,175,0.0,2,25,>=,EST,102337,OK,2014,Li et al. 2025a,2014-12-01,34.0,175,tmax_c,23.680184809525272,0.0,0.0,batch_011b56e7277aa6406f1c.csv,-18.75,48.75
25,episodes,1.0,2015-01-23,0.0,600,0.0,2,25,>=,VEG,102337,OK,2014,Li et al. 2025a,2014-12-31,34.6,600,tmax_c,23.680184809525272,0.0,0.0,batch_011b56e7277aa6406f1c.csv,-18.75,48.75
25,episodes,1.0,2015-02-05,0.0,175,0.0,2,25,>=,REP,102337,OK,2014,Li et al. (2025b),2015-01-30,33.7,175,tmax_c,23.680184809525272,0.0,0.0,batch_011b56e7277aa6406f1c.csv,-18.75,48.75
25,episodes,1.0,2015-01-29,0.0,150,0.0,2,25,>=,FLO,102337,OK,2014,Li et al. (2025b),2015-01-24,33.7,150,tmax_c,23.680184809525272,0.0,0.0,batch_011b56e7277aa6406f1c.csv,-18.75,48.75
25,episodes,1.0,2015-03-06,0.0,725,0.0,2,25,>=,FIL,102337,OK,2014,Li et al. (2025b),2015-02-06,32.7,725,tmax_c,23.680184809525272,0.0,0.0,batch_011b56e7277aa6406f1c.csv,-18.75,48.75
25,days,1.0,2015-03-17,1.0,275,5.679858826293889,1,25,>,MAT,102337,OK,2014,Ortega Gómez et al. (2019),2015-03-07,10.0,275,precip_mm,23.680184809525272,134.5001066986526,23.680184809525272,batch_011b56e7277aa6406f1c.csv,-18.75,48.75
25,episodes,1.0,2015-12-07,0.0,175,0.0,2,25,>=,EST,102337,OK,2015,Li et al. 2025a,2015-12-01,34.0,175,tmax_c,23.680184809525272,0.0,0.0,batch_011b56e7277aa6406f1c.csv,-18.75,48.75
25,episodes,1.0,2016-01-23,0.0,600,0.0,2,25,>=,VEG,102337,OK,2015,Li et al. 2025a,2015-12-31,34.6,600,tmax_c,23.680184809525272,0.0,0.0,batch_011b56e7277aa6406f1c.csv,-18.75,48.75
25,episodes,1.0,2016-02-05,0.0,175,0.0,2,25,>=,REP,102337,OK,2015,Li et al. (2025b),2016-01-30,33.7,175,tmax_c,23.680184809525272,0.0,0.0,batch_011b56e7277aa6406f1c.csv,-18.75,48.75
25,episodes,1.0,2016-01-29,0.0,150,0.0,2,25,>=,FLO,102337,OK,2015,Li et al. (2025b),2016-01-24,33.7,150,tmax_c,23.680184809525272,0.0,0.0,batch_011b56e7277aa6406f1c.csv,-18.75,48.75
25,episodes,1.0,2016-03-06,0.3598110779483473,750,0.3598110779483473,2,25,>=,FIL,102337,OK,2015,Li et al. (2025b),2016-02-06,32.7,750,tmax_c,23.680184809525272,8.520392822331369,8.520392822331369,batch_011b56e7277aa6406f1c.csv,-18.75,48.75
25,days,1.0,2016-03-17,1.0,275,3.0397640606141163,1,25,>,MAT,102337,OK,2015,Ortega Gómez et al. (2019),2016-03-07,10.0,275,precip_mm,23.680184809525272,71.98217473269526,23.680184809525272,batch_011b56e7277aa6406f1c.csv,-18.75,48.75
25,episodes,1.0,2016-12-07,0.0,175,0.0,2,25,>=,EST,102337,OK,2016,Li et al. 2025a,2016-12-01,34.0,175,tmax_c,23.680184809525272,0.0,0.0,batch_011b56e7277aa6406f1c.csv,-18.75,48.75
25,episodes,1.0,2017-01-23,0.0,600,0.0,2,25,>=,VEG,102337,OK,2016,Li et al. 2025a,2016-12-31,34.6,600,tmax_c,23.680184809525272,0.0,0.0,batch_011b56e7277aa6406f1c.csv,-18.75,48.75
25,episodes,1.0,2017-02-05,0.0,175,0.0,2,25,>=,REP,102337,OK,2016,Li et al. (2025b),2017-01-30,33.7,175,tmax_c,23.680184809525272,0.0,0.0,batch_011b56e7277aa6406f1c.csv,-18.75,48.75
25,episodes,1.0,2017-01-29,0.0,150,0.0,2,25,>=,FLO,102337,OK,2016,Li et al. (2025b),2017-01-24,33.7,150,tmax_c,23.680184809525272,0.0,0.0,batch_011b56e7277aa6406f1c.csv,-18.75,48.75
25,episodes,1.0,2017-03-06,0.7199291694525508,725,0.7199291694525508,2,25,>=,FIL,102337,OK,2016,Li et al. (2025b),2017-02-06,32.7,725,tmax_c,23.680184809525272,17.04805578240444,17.04805578240444,batch_011b56e7277aa6406f1c.csv,-18.75,48.75
25,days,1.0,2017-03-17,1.0,275,4.160141661094899,1,25,>,MAT,102337,OK,2016,Ortega Gómez et al. (2019),2017-03-07,10.0,275,precip_mm,23.680184809525272,98.51292336853264,23.680184809525272,batch_011b56e7277aa6406f1c.csv,-18.75,48.75
25,episodes,1.0,1985-10-12,0.0,325,0.0,2,25,>=,EST,89175,OK,1985,Li et al. 2025a,1985-09-30,34.0,325,tmax_c,22.032519186586832,0.0,0.0,batch_01242bcfe9dd64ff9592.csv,-28.25,-52.25
25,episodes,1.0,1986-01-03,0.0,1050,0.0,2,25,>=,VEG,89175,OK,1985,Li et al. 2025a,1985-11-23,34.6,1050,tmax_c,22.032519186586832,0.0,0.0,batch_01242bcfe9dd64ff9592.csv,-28.25,-52.25
25,episodes,1.0,1986-01-28,0.0,325,0.0,2,25,>=,REP,89175,OK,1985,Li et al. (2025b),1986-01-16,33.7,325,tmax_c,22.032519186586832,0.0,0.0,batch_01242bcfe9dd64ff9592.csv,-28.25,-52.25
25,episodes,1.0,1986-01-15,0.0,300,0.0,2,25,>=,FLO,89175,OK,1985,Li et al. (2025b),1986-01-04,33.7,300,tmax_c,22.032519186586832,0.0,0.0,batch_01242bcfe9dd64ff9592.csv,-28.25,-52.25
25,episodes,1.0,1986-03-21,0.0,1300,0.0,2,25,>=,FIL,89175,OK,1985,Li et al. (2025b),1986-01-29,32.7,1300,tmax_c,22.032519186586832,0.0,0.0,batch_01242bcfe9dd64ff9592.csv,-28.25,-52.25
25,days,1.0,1986-04-09,1.0,475,3.399102447949535,1,25,>,MAT,89175,OK,1985,Ortega Gómez et al. (2019),1986-03-22,10.0,475,precip_mm,22.032519186586832,74.8907899016224,22.032519186586832,batch_01242bcfe9dd64ff9592.csv,-28.25,-52.25
25,episodes,1.0,1986-10-12,0.0,325,0.0,2,25,>=,EST,89175,OK,1986,Li et al. 2025a,1986-09-30,34.0,325,tmax_c,22.032519186586832,0.0,0.0,batch_01242bcfe9dd64ff9592.csv,-28.25,-52.25
25,episodes,1.0,1987-01-03,0.0,1050,0.0,2,25,>=,VEG,89175,OK,1986,Li et al. 2025a,1986-11-23,34.6,1050,tmax_c,22.032519186586832,0.0,0.0,batch_01242bcfe9dd64ff9592.csv,-28.25,-52.25
25,episodes,1.0,1987-01-28,0.0,325,0.0,2,25,>=,REP,89175,OK,1986,Li et al. (2025b),1987-01-16,33.7,325,tmax_c,22.032519186586832,0.0,0.0,batch_01242bcfe9dd64ff9592.csv,-28.25,-52.25
25,episodes,1.0,1987-01-15,0.0,300,0.0,2,25,>=,FLO,89175,OK,1986,Li et al. (2025b),1987-01-04,33.7,300,tmax_c,22.032519186586832,0.0,0.0,batch_01242bcfe9dd64ff9592.csv,-28.25,-52.25
25,episodes,1.0,1987-03-21,0.0,1300,0.0,2,25,>=,FIL,89175,OK,1986,Li et al. (2025b),1987-01-29,32.7,1300,tmax_c,22.032519186586832,0.0,0.0,batch_01242bcfe9dd64ff9592.csv,-28.25,-52.25
25,days,1.0,1987-04-09,1.0,475,2.0,1,25,>,MAT,89175,OK,1986,Ortega Gómez et al. (2019),1987-03-22,10.0,475,precip_mm,22.032519186586832,44.065038373173664,22.032519186586832,batch_01242bcfe9dd64ff9592.csv,-28.25,-52.25
25,episodes,1.0,1987-10-12,0.0,325,0.0,2,25,>=,EST,89175,OK,1987,Li et al. 2025a,1987-09-30,34.0,325,tmax_c,22.032519186586832,0.0,0.0,batch_01242bcfe9dd64ff9592.csv,-28.25,-52.25
25,episodes,1.0,1988-01-03,0.0,1050,0.0,2,25,>=,VEG,89175,OK,1987,Li et al. 2025a,1987-11-23,34.6,1050,tmax_c,22.032519186586832,0.0,0.0,batch_01242bcfe9dd64ff9592.csv,-28.25,-52.25
25,episodes,1.0,1988-01-28,0.0,325,0.0,2,25,>=,REP,89175,OK,1987,Li et al. (2025b),1988-01-16,33.7,325,tmax_c,22.032519186586832,0.0,0.0,batch_01242bcfe9dd64ff9592.csv,-28.25,-52.25
25,episodes,1.0,1988-01-15,0.0,300,0.0,2,25,>=,FLO,89175,OK,1987,Li et al. (2025b),1988-01-04,33.7,300,tmax_c,22.032519186586832,0.0,0.0,batch_01242bcfe9dd64ff9592.csv,-28.25,-52.25
25,episodes,1.0,1988-03-21,0.0,1325,0.0,2,25,>=,FIL,89175,OK,1987,Li et al. (2025b),1988-01-29,32.7,1325,tmax_c,22.032519186586832,0.0,0.0,batch_01242bcfe9dd64ff9592.csv,-28.25,-52.25
25,days,1.0,1988-04-09,1.0,475,1.960374457160872,1,25,>,MAT,89175,OK,1987,Ortega Gómez et al. (2019),1988-03-22,10.0,475,precip_mm,22.032519186586832,43.19198784029165,22.032519186586832,batch_01242bcfe9dd64ff9592.csv,-28.25,-52.25
25,episodes,1.0,1988-10-12,0.0,325,0.0,2,25,>=,EST,89175,OK,1988,Li et al. 2025a,1988-09-30,34.0,325,tmax_c,22.032519186586832,0.0,0.0,batch_01242bcfe9dd64ff9592.csv,-28.25,-52.25
25,episodes,1.0,1989-01-03,0.0,1050,0.0,2,25,>=,VEG,89175,OK,1988,Li et al. 2025a,1988-11-23,34.6,1050,tmax_c,22.032519186586832,0.0,0.0,batch_01242bcfe9dd64ff9592.csv,-28.25,-52.25
25,episodes,1.0,1989-01-28,0.0,325,0.0,2,25,>=,REP,89175,OK,1988,Li et al. (2025b),1989-01-16,33.7,325,tmax_c,22.032519186586832,0.0,0.0,batch_01242bcfe9dd64ff9592.csv,-28.25,-52.25
25,episodes,1.0,1989-01-15,0.0,300,0.0,2,25,>=,FLO,89175,OK,1988,Li et al. (2025b),1989-01-04,33.7,300,tmax_c,22.032519186586832,0.0,0.0,batch_01242bcfe9dd64ff9592.csv,-28.25,-52.25
25,episodes,1.0,1989-03-21,0.0,1300,0.0,2,25,>=,FIL,89175,OK,1988,Li et al. (2025b),1989-01-29,32.7,1300,tmax_c,22.032519186586832,0.0,0.0,batch_01242bcfe9dd64ff9592.csv,-28.25,-52.25
25,days,1.0,1989-04-09,1.0,475,4.639812162012405,1,25,>,MAT,89175,OK,1988,Ortega Gómez et al. (2019),1989-03-22,10.0,475,precip_mm,22.032519186586832,102.22675048169724,22.032519186586832,batch_01242bcfe9dd64ff9592.csv,-28.25,-52.25
25,episodes,1.0,2009-02-23,0.6797499003841363,250,0.6797499003841363,2,25,>=,EST,98525,OK,2009,Li et al. 2025a,2009-02-14,34.0,250,tmax_c,23.22824353092083,15.789396226241893,15.789396226241893,batch_012c89ff38ebf7ee6869.csv,-21.75,-57.25
25,episodes,1.0,2009-04-28,0.0,825,0.0,2,25,>=,VEG,98525,OK,2009,Li et al. 2025a,2009-03-27,34.6,825,tmax_c,23.22824353092083,0.0,0.0,batch_012c89ff38ebf7ee6869.csv,-21.75,-57.25
25,episodes,1.0,2009-05-17,0.0,275,0.0,2,25,>=,REP,98525,OK,2009,Li et al. (2025b),2009-05-07,33.7,275,tmax_c,23.22824353092083,0.0,0.0,batch_012c89ff38ebf7ee6869.csv,-21.75,-57.25
25,episodes,1.0,2009-05-06,0.1200834071543659,200,0.1200834071543659,2,25,>=,FLO,98525,OK,2009,Li et al. (2025b),2009-04-29,33.7,200,tmax_c,23.22824353092083,2.789326625404332,2.789326625404332,batch_012c89ff38ebf7ee6869.csv,-21.75,-57.25
25,episodes,1.0,2009-06-25,0.0,975,0.0,2,25,>=,FIL,98525,OK,2009,Li et al. (2025b),2009-05-18,32.7,975,tmax_c,23.22824353092083,0.0,0.0,batch_012c89ff38ebf7ee6869.csv,-21.75,-57.25
25,days,1.0,2009-07-10,0.880055442278352,375,1.3202779425598292,1,25,>,MAT,98525,OK,2009,Ortega Gómez et al. (2019),2009-06-26,10.0,375,precip_mm,23.22824353092083,30.667737578282814,20.4421421339538,batch_012c89ff38ebf7ee6869.csv,-21.75,-57.25
25,episodes,1.0,2010-02-23,0.0,250,0.0,2,25,>=,EST,98525,OK,2010,Li et al. 2025a,2010-02-14,34.0,250,tmax_c,23.22824353092083,0.0,0.0,batch_012c89ff38ebf7ee6869.csv,-21.75,-57.25
25,episodes,1.0,2010-04-28,0.1200834071543659,825,0.1200834071543659,2,25,>=,VEG,98525,OK,2010,Li et al. 2025a,2010-03-27,34.6,825,tmax_c,23.22824353092083,2.789326625404332,2.789326625404332,batch_012c89ff38ebf7ee6869.csv,-21.75,-57.25
25,episodes,1.0,2010-05-17,0.0,275,0.0,2,25,>=,REP,98525,OK,2010,Li et al. (2025b),2010-05-07,33.7,275,tmax_c,23.22824353092083,0.0,0.0,batch_012c89ff38ebf7ee6869.csv,-21.75,-57.25
25,episodes,1.0,2010-05-06,0.0,200,0.0,2,25,>=,FLO,98525,OK,2010,Li et al. (2025b),2010-04-29,33.7,200,tmax_c,23.22824353092083,0.0,0.0,batch_012c89ff38ebf7ee6869.csv,-21.75,-57.25
25,episodes,1.0,2010-06-25,0.0,975,0.0,2,25,>=,FIL,98525,OK,2010,Li et al. (2025b),2010-05-18,32.7,975,tmax_c,23.22824353092083,0.0,0.0,batch_012c89ff38ebf7ee6869.csv,-21.75,-57.25
25,days,1.0,2010-07-10,0.0,375,0.0,1,25,>,MAT,98525,OK,2010,Ortega Gómez et al. (2019),2010-06-26,10.0,375,precip_mm,23.22824353092083,0.0,0.0,batch_012c89ff38ebf7ee6869.csv,-21.75,-57.25
25,episodes,1.0,2011-02-23,0.0,250,0.0,2,25,>=,EST,98525,OK,2011,Li et al. 2025a,2011-02-14,34.0,250,tmax_c,23.22824353092083,0.0,0.0,batch_012c89ff38ebf7ee6869.csv,-21.75,-57.25
25,episodes,1.0,2011-04-28,0.0,825,0.0,2,25,>=,VEG,98525,OK,2011,Li et al. 2025a,2011-03-27,34.6,825,tmax_c,23.22824353092083,0.0,0.0,batch_012c89ff38ebf7ee6869.csv,-21.75,-57.25
25,episodes,1.0,2011-05-17,0.0,275,0.0,2,25,>=,REP,98525,OK,2011,Li et al. (2025b),2011-05-07,33.7,275,tmax_c,23.22824353092083,0.0,0.0,batch_012c89ff38ebf7ee6869.csv,-21.75,-57.25
25,episodes,1.0,2011-05-06,0.0,200,0.0,2,25,>=,FLO,98525,OK,2011,Li et al. (2025b),2011-04-29,33.7,200,tmax_c,23.22824353092083,0.0,0.0,batch_012c89ff38ebf7ee6869.csv,-21.75,-57.25
25,episodes,1.0,2011-06-25,0.0,975,0.0,2,25,>=,FIL,98525,OK,2011,Li et al. (2025b),2011-05-18,32.7,975,tmax_c,23.22824353092083,0.0,0.0,batch_012c89ff38ebf7ee6869.csv,-21.75,-57.25
25,days,1.0,2011-07-10,1.0,375,1.9199999999153337,1,25,>,MAT,98525,OK,2011,Ortega Gómez et al. (2019),2011-06-26,10.0,375,precip_mm,23.22824353092083,44.59822757740135,23.22824353092083,batch_012c89ff38ebf7ee6869.csv,-21.75,-57.25
25,episodes,1.0,2012-02-23,0.0,250,0.0,2,25,>=,EST,98525,OK,2012,Li et al. 2025a,2012-02-14,34.0,250,tmax_c,23.22824353092083,0.0,0.0,batch_012c89ff38ebf7ee6869.csv,-21.75,-57.25
25,episodes,1.0,2012-04-28,0.0,825,0.0,2,25,>=,VEG,98525,OK,2012,Li et al. 2025a,2012-03-27,34.6,825,tmax_c,23.22824353092083,0.0,0.0,batch_012c89ff38ebf7ee6869.csv,-21.75,-57.25
25,episodes,1.0,2012-05-17,0.0,275,0.0,2,25,>=,REP,98525,OK,2012,Li et al. (2025b),2012-05-07,33.7,275,tmax_c,23.22824353092083,0.0,0.0,batch_012c89ff38ebf7ee6869.csv,-21.75,-57.25
25,episodes,1.0,2012-05-06,0.0,200,0.0,2,25,>=,FLO,98525,OK,2012,Li et al. (2025b),2012-04-29,33.7,200,tmax_c,23.22824353092083,0.0,0.0,batch_012c89ff38ebf7ee6869.csv,-21.75,-57.25
25,episodes,1.0,2012-06-25,0.0,975,0.0,2,25,>=,FIL,98525,OK,2012,Li et al. (2025b),2012-05-18,32.7,975,tmax_c,23.22824353092083,0.0,0.0,batch_012c89ff38ebf7ee6869.csv,-21.75,-57.25
25,days,1.0,2012-07-10,0.0,375,0.0,1,25,>,MAT,98525,OK,2012,Ortega Gómez et al. (2019),2012-06-26,10.0,375,precip_mm,23.22824353092083,0.0,0.0,batch_012c89ff38ebf7ee6869.csv,-21.75,-57.25
25,episodes,1.0,2001-11-08,0.0,225,0.0,2,25,>=,EST,86700,OK,2001,Li et al. 2025a,2001-10-31,34.0,225,tmax_c,21.7157217109392,0.0,0.0,batch_0132afea2867cb62b4f4.csv,-29.75,150.25
25,episodes,1.0,2002-01-04,0.7603985733589865,725,1.4411551073611324,2,25,>=,VEG,86700,OK,2001,Li et al. 2025a,2001-12-07,34.6,725,tmax_c,21.7157217109392,31.29572325375305,16.512603808458934,batch_0132afea2867cb62b4f4.csv,-29.75,150.25
25,episodes,1.0,2002-01-21,0.0,250,0.0,2,25,>=,REP,86700,OK,2001,Li et al. (2025b),2002-01-12,33.7,250,tmax_c,21.7157217109392,0.0,0.0,batch_0132afea2867cb62b4f4.csv,-29.75,150.25
25,episodes,1.0,2002-01-11,0.0,175,0.0,2,25,>=,FLO,86700,OK,2001,Li et al. (2025b),2002-01-05,33.7,175,tmax_c,21.7157217109392,0.0,0.0,batch_0132afea2867cb62b4f4.csv,-29.75,150.25
25,episodes,1.0,2002-02-25,1.0,875,3.0815534370257254,2,25,>=,FIL,86700,OK,2001,Li et al. (2025b),2002-01-22,32.7,875,tmax_c,21.7157217109392,66.91815687583885,21.7157217109392,batch_0132afea2867cb62b4f4.csv,-29.75,150.25
25,days,1.0,2002-03-10,0.0,325,0.0,1,25,>,MAT,86700,OK,2001,Ortega Gómez et al. (2019),2002-02-26,10.0,325,precip_mm,21.7157217109392,0.0,0.0,batch_0132afea2867cb62b4f4.csv,-29.75,150.25
25,episodes,1.0,2002-11-08,0.0,225,0.0,2,25,>=,EST,86700,OK,2002,Li et al. 2025a,2002-10-31,34.0,225,tmax_c,21.7157217109392,0.0,0.0,batch_0132afea2867cb62b4f4.csv,-29.75,150.25
25,episodes,1.0,2003-01-04,0.0,725,0.0,2,25,>=,VEG,86700,OK,2002,Li et al. 2025a,2002-12-07,34.6,725,tmax_c,21.7157217109392,0.0,0.0,batch_0132afea2867cb62b4f4.csv,-29.75,150.25
25,episodes,1.0,2003-01-21,1.0,250,1.0,2,25,>=,REP,86700,OK,2002,Li et al. (2025b),2003-01-12,33.7,250,tmax_c,21.7157217109392,21.7157217109392,21.7157217109392,batch_0132afea2867cb62b4f4.csv,-29.75,150.25
25,episodes,1.0,2003-01-11,0.0,175,0.0,2,25,>=,FLO,86700,OK,2002,Li et al. (2025b),2003-01-05,33.7,175,tmax_c,21.7157217109392,0.0,0.0,batch_0132afea2867cb62b4f4.csv,-29.75,150.25
25,episodes,1.0,2003-02-25,1.0,875,2.639721802743249,2,25,>=,FIL,86700,OK,2002,Li et al. (2025b),2003-01-22,32.7,875,tmax_c,21.7157217109392,57.32346406267113,21.7157217109392,batch_0132afea2867cb62b4f4.csv,-29.75,150.25
25,days,1.0,2003-03-10,0.0,325,0.0,1,25,>,MAT,86700,OK,2002,Ortega Gómez et al. (2019),2003-02-26,10.0,325,precip_mm,21.7157217109392,0.0,0.0,batch_0132afea2867cb62b4f4.csv,-29.75,150.25
25,episodes,1.0,2003-11-08,0.0,225,0.0,2,25,>=,EST,86700,OK,2003,Li et al. 2025a,2003-10-31,34.0,225,tmax_c,21.7157217109392,0.0,0.0,batch_0132afea2867cb62b4f4.csv,-29.75,150.25
25,episodes,1.0,2004-01-04,1.0,725,2.280159404925583,2,25,>=,VEG,86700,OK,2003,Li et al. 2025a,2003-12-07,34.6,725,tmax_c,21.7157217109392,49.51530709394468,21.7157217109392,batch_0132afea2867cb62b4f4.csv,-29.75,150.25
25,episodes,1.0,2004-01-21,0.0,250,0.0,2,25,>=,REP,86700,OK,2003,Li et al. (2025b),2004-01-12,33.7,250,tmax_c,21.7157217109392,0.0,0.0,batch_0132afea2867cb62b4f4.csv,-29.75,150.25
25,episodes,1.0,2004-01-11,1.0,175,1.0,2,25,>=,FLO,86700,OK,2003,Li et al. (2025b),2004-01-05,33.7,175,tmax_c,21.7157217109392,21.7157217109392,21.7157217109392,batch_0132afea2867cb62b4f4.csv,-29.75,150.25
25,episodes,1.0,2004-02-25,1.0,875,2.160039759906677,2,25,>=,FIL,86700,OK,2003,Li et al. (2025b),2004-01-22,32.7,875,tmax_c,21.7157217109392,46.90682231069731,21.7157217109392,batch_0132afea2867cb62b4f4.csv,-29.75,150.25
25,days,1.0,2004-03-10,1.0,350,1.0,1,25,>,MAT,86700,OK,2003,Ortega Gómez et al. (2019),2004-02-26,10.0,350,precip_mm,21.7157217109392,21.7157217109392,21.7157217109392,batch_0132afea2867cb62b4f4.csv,-29.75,150.25
25,episodes,1.0,2004-11-08,0.0,225,0.0,2,25,>=,EST,86700,OK,2004,Li et al. 2025a,2004-10-31,34.0,225,tmax_c,21.7157217109392,0.0,0.0,batch_0132afea2867cb62b4f4.csv,-29.75,150.25
25,episodes,1.0,2005-01-04,0.0,725,0.0,2,25,>=,VEG,86700,OK,2004,Li et al. 2025a,2004-12-07,34.6,725,tmax_c,21.7157217109392,0.0,0.0,batch_0132afea2867cb62b4f4.csv,-29.75,150.25
25,episodes,1.0,2005-01-21,1.0,250,1.0801194014458508,2,25,>=,REP,86700,OK,2004,Li et al. (2025b),2005-01-12,33.7,250,tmax_c,21.7157217109392,23.455572336384314,21.7157217109392,batch_0132afea2867cb62b4f4.csv,-29.75,150.25
25,episodes,1.0,2005-01-11,0.0,175,0.0,2,25,>=,FLO,86700,OK,2004,Li et al. (2025b),2005-01-05,33.7,175,tmax_c,21.7157217109392,0.0,0.0,batch_0132afea2867cb62b4f4.csv,-29.75,150.25
25,episodes,1.0,2005-02-25,1.0,875,3.560796537603216,2,25,>=,FIL,86700,OK,2004,Li et al. (2025b),2005-01-22,32.7,875,tmax_c,21.7157217109392,77.32526667986727,21.7157217109392,batch_0132afea2867cb62b4f4.csv,-29.75,150.25
25,days,1.0,2005-03-10,0.0,325,0.0,1,25,>,MAT,86700,OK,2004,Ortega Gómez et al. (2019),2005-02-26,10.0,325,precip_mm,21.7157217109392,0.0,0.0,batch_0132afea2867cb62b4f4.csv,-29.75,150.25
25,episodes,1.0,2001-11-02,1.0,275,1.0,2,25,>=,EST,90591,OK,2001,Li et al. 2025a,2001-10-23,34.0,275,tmax_c,22.235341599410717,22.235341599410717,22.235341599410717,batch_0136768d1cb87f183a7a.csv,-27.25,-64.25
25,episodes,1.0,2002-01-07,1.0,850,2.0,2,25,>=,VEG,90591,OK,2001,Li et al. 2025a,2001-12-05,34.6,850,tmax_c,22.235341599410717,44.47068319882143,22.235341599410717,batch_0136768d1cb87f183a7a.csv,-27.25,-64.25
25,episodes,1.0,2002-01-27,0.0,275,0.0,2,25,>=,REP,90591,OK,2001,Li et al. (2025b),2002-01-17,33.7,275,tmax_c,22.235341599410717,0.0,0.0,batch_0136768d1cb87f183a7a.csv,-27.25,-64.25
25,episodes,1.0,2002-01-16,1.0,225,1.0,2,25,>=,FLO,90591,OK,2001,Li et al. (2025b),2002-01-08,33.7,225,tmax_c,22.235341599410717,22.235341599410717,22.235341599410717,batch_0136768d1cb87f183a7a.csv,-27.25,-64.25
25,episodes,1.0,2002-03-10,1.0,1050,2.520502429918066,2,25,>=,FIL,90591,OK,2001,Li et al. (2025b),2002-01-28,32.7,1050,tmax_c,22.235341599410717,56.04423253137296,22.235341599410717,batch_0136768d1cb87f183a7a.csv,-27.25,-64.25
25,days,1.0,2002-03-25,1.0,375,1.0798562397764042,1,25,>,MAT,90591,OK,2001,Ortega Gómez et al. (2019),2002-03-11,10.0,375,precip_mm,22.235341599410717,24.01097236968351,22.235341599410717,batch_0136768d1cb87f183a7a.csv,-27.25,-64.25
25,episodes,1.0,2002-11-02,1.0,275,1.0,2,25,>=,EST,90591,OK,2002,Li et al. 2025a,2002-10-23,34.0,275,tmax_c,22.235341599410717,22.235341599410717,22.235341599410717,batch_0136768d1cb87f183a7a.csv,-27.25,-64.25
25,episodes,1.0,2003-01-07,1.0,850,1.0,2,25,>=,VEG,90591,OK,2002,Li et al. 2025a,2002-12-05,34.6,850,tmax_c,22.235341599410717,22.235341599410717,22.235341599410717,batch_0136768d1cb87f183a7a.csv,-27.25,-64.25
25,episodes,1.0,2003-01-27,0.0,275,0.0,2,25,>=,REP,90591,OK,2002,Li et al. (2025b),2003-01-17,33.7,275,tmax_c,22.235341599410717,0.0,0.0,batch_0136768d1cb87f183a7a.csv,-27.25,-64.25
25,episodes,1.0,2003-01-16,1.0,225,1.5600718801117976,2,25,>=,FLO,90591,OK,2002,Li et al. (2025b),2003-01-08,33.7,225,tmax_c,22.235341599410717,34.688731173920736,22.235341599410717,batch_0136768d1cb87f183a7a.csv,-27.25,-64.25
25,episodes,1.0,2003-03-10,1.0,1050,2.080107576527931,2,25,>=,FIL,90591,OK,2002,Li et al. (2025b),2003-01-28,32.7,1050,tmax_c,22.235341599410717,46.25190252762091,22.235341599410717,batch_0136768d1cb87f183a7a.csv,-27.25,-64.25
25,days,1.0,2003-03-25,0.0,375,0.0,1,25,>,MAT,90591,OK,2002,Ortega Gómez et al. (2019),2003-03-11,10.0,375,precip_mm,22.235341599410717,0.0,0.0,batch_0136768d1cb87f183a7a.csv,-27.25,-64.25
25,episodes,1.0,2003-11-02,1.0,275,1.6800717582646385,2,25,>=,EST,90591,OK,2003,Li et al. 2025a,2003-10-23,34.0,275,tmax_c,22.235341599410717,37.35696945653681,22.235341599410717,batch_0136768d1cb87f183a7a.csv,-27.25,-64.25
25,episodes,1.0,2004-01-07,0.9599640598894726,850,2.119426055402581,2,25,>=,VEG,90591,OK,2003,Li et al. 2025a,2003-12-05,34.6,850,tmax_c,22.235341599410717,47.12616233656795,21.34512879479959,batch_0136768d1cb87f183a7a.csv,-27.25,-64.25
25,episodes,1.0,2004-01-27,1.0,275,2.0,2,25,>=,REP,90591,OK,2003,Li et al. (2025b),2004-01-17,33.7,275,tmax_c,22.235341599410717,44.47068319882143,22.235341599410717,batch_0136768d1cb87f183a7a.csv,-27.25,-64.25
25,episodes,1.0,2004-01-16,1.0,225,1.8798564833615412,2,25,>=,FLO,90591,OK,2003,Li et al. (2025b),2004-01-08,33.7,225,tmax_c,22.235341599410717,41.799251065410814,22.235341599410717,batch_0136768d1cb87f183a7a.csv,-27.25,-64.25
25,episodes,1.0,2004-03-10,1.0,1075,4.63996418173663,2,25,>=,FIL,90591,OK,2003,Li et al. (2025b),2004-01-28,32.7,1075,tmax_c,22.235341599410717,103.17118858994418,22.235341599410717,batch_0136768d1cb87f183a7a.csv,-27.25,-64.25
25,days,1.0,2004-03-25,1.0,375,3.3999284854298293,1,25,>,MAT,90591,OK,2003,Ortega Gómez et al. (2019),2004-03-11,10.0,375,precip_mm,22.235341599410717,75.59857128709935,22.235341599410717,batch_0136768d1cb87f183a7a.csv,-27.25,-64.25
25,episodes,1.0,2004-11-02,1.0,275,2.0,2,25,>=,EST,90591,OK,2004,Li et al. 2025a,2004-10-23,34.0,275,tmax_c,22.235341599410717,44.47068319882143,22.235341599410717,batch_0136768d1cb87f183a7a.csv,-27.25,-64.25
25,episodes,1.0,2005-01-07,1.0,850,2.9999641817367064,2,25,>=,VEG,90591,OK,2004,Li et al. 2025a,2004-12-05,34.6,850,tmax_c,22.235341599410717,66.70522836691231,22.235341599410717,batch_0136768d1cb87f183a7a.csv,-27.25,-64.25
25,episodes,1.0,2005-01-27,0.799784603140486,275,0.8397847249877202,2,25,>=,REP,90591,OK,2004,Li et al. (2025b),2005-01-17,33.7,275,tmax_c,22.235341599410717,18.67290023006914,17.78348385677784,batch_0136768d1cb87f183a7a.csv,-27.25,-64.25
25,episodes,1.0,2005-01-16,1.0,225,2.0,2,25,>=,FLO,90591,OK,2004,Li et al. (2025b),2005-01-08,33.7,225,tmax_c,22.235341599410717,44.47068319882143,22.235341599410717,batch_0136768d1cb87f183a7a.csv,-27.25,-64.25
25,episodes,1.0,2005-03-10,1.0,1050,5.799856239667072,2,25,>=,FIL,90591,OK,2004,Li et al. (2025b),2005-01-28,32.7,1050,tmax_c,22.235341599410717,128.96178471647104,22.235341599410717,batch_0136768d1cb87f183a7a.csv,-27.25,-64.25
25,days,1.0,2005-03-25,1.0,375,2.519354175399965,1,25,>,MAT,90591,OK,2004,Ortega Gómez et al. (2019),2005-03-11,10.0,375,precip_mm,22.235341599410717,56.01870069991992,22.235341599410717,batch_0136768d1cb87f183a7a.csv,-27.25,-64.25
25,episodes,1.0,1981-02-21,0.0,200,0.0,2,25,>=,EST,107168,OK,1981,Li et al. 2025a,1981-02-14,34.0,200,tmax_c,24.067220347556287,0.0,0.0,batch_01423a20e7e2d962c8f4.csv,-15.75,-55.75
25,episodes,1.0,1981-04-12,0.0,625,0.0,2,25,>=,VEG,107168,OK,1981,Li et al. 2025a,1981-03-19,34.6,625,tmax_c,24.067220347556287,0.0,0.0,batch_01423a20e7e2d962c8f4.csv,-15.75,-55.75
25,episodes,1.0,1981-04-28,0.0,200,0.0,2,25,>=,REP,107168,OK,1981,Li et al. (2025b),1981-04-21,33.7,200,tmax_c,24.067220347556287,0.0,0.0,batch_01423a20e7e2d962c8f4.csv,-15.75,-55.75
25,episodes,1.0,1981-04-20,0.0,200,0.0,2,25,>=,FLO,107168,OK,1981,Li et al. (2025b),1981-04-13,33.7,200,tmax_c,24.067220347556287,0.0,0.0,batch_01423a20e7e2d962c8f4.csv,-15.75,-55.75
25,episodes,1.0,1981-05-29,0.4001377918740176,775,0.4001377918740176,2,25,>=,FIL,107168,OK,1981,Li et al. (2025b),1981-04-29,32.7,775,tmax_c,24.067220347556287,9.6302044064166,9.6302044064166,batch_01423a20e7e2d962c8f4.csv,-15.75,-55.75
25,days,1.0,1981-06-10,1.0,300,2.5202944153283697,1,25,>,MAT,107168,OK,1981,Ortega Gómez et al. (2019),1981-05-30,10.0,300,precip_mm,24.067220347556287,60.656481034423415,24.067220347556287,batch_01423a20e7e2d962c8f4.csv,-15.75,-55.75
25,episodes,1.0,1982-02-21,0.0,200,0.0,2,25,>=,EST,107168,OK,1982,Li et al. 2025a,1982-02-14,34.0,200,tmax_c,24.067220347556287,0.0,0.0,batch_01423a20e7e2d962c8f4.csv,-15.75,-55.75
25,episodes,1.0,1982-04-12,0.0,625,0.0,2,25,>=,VEG,107168,OK,1982,Li et al. 2025a,1982-03-19,34.6,625,tmax_c,24.067220347556287,0.0,0.0,batch_01423a20e7e2d962c8f4.csv,-15.75,-55.75
25,episodes,1.0,1982-04-28,0.0,200,0.0,2,25,>=,REP,107168,OK,1982,Li et al. (2025b),1982-04-21,33.7,200,tmax_c,24.067220347556287,0.0,0.0,batch_01423a20e7e2d962c8f4.csv,-15.75,-55.75
25,episodes,1.0,1982-04-20,0.0,200,0.0,2,25,>=,FLO,107168,OK,1982,Li et al. (2025b),1982-04-13,33.7,200,tmax_c,24.067220347556287,0.0,0.0,batch_01423a20e7e2d962c8f4.csv,-15.75,-55.75
25,episodes,1.0,1982-05-29,0.0,775,0.0,2,25,>=,FIL,107168,OK,1982,Li et al. (2025b),1982-04-29,32.7,775,tmax_c,24.067220347556287,0.0,0.0,batch_01423a20e7e2d962c8f4.csv,-15.75,-55.75
25,days,1.0,1982-06-10,0.0,300,0.0,1,25,>,MAT,107168,OK,1982,Ortega Gómez et al. (2019),1982-05-30,10.0,300,precip_mm,24.067220347556287,0.0,0.0,batch_01423a20e7e2d962c8f4.csv,-15.75,-55.75
25,episodes,1.0,1983-02-21,0.0,200,0.0,2,25,>=,EST,107168,OK,1983,Li et al. 2025a,1983-02-14,34.0,200,tmax_c,24.067220347556287,0.0,0.0,batch_01423a20e7e2d962c8f4.csv,-15.75,-55.75
25,episodes,1.0,1983-04-12,0.0,625,0.0,2,25,>=,VEG,107168,OK,1983,Li et al. 2025a,1983-03-19,34.6,625,tmax_c,24.067220347556287,0.0,0.0,batch_01423a20e7e2d962c8f4.csv,-15.75,-55.75
25,episodes,1.0,1983-04-28,0.0,200,0.0,2,25,>=,REP,107168,OK,1983,Li et al. (2025b),1983-04-21,33.7,200,tmax_c,24.067220347556287,0.0,0.0,batch_01423a20e7e2d962c8f4.csv,-15.75,-55.75
25,episodes,1.0,1983-04-20,0.0800392472340784,200,0.0800392472340784,2,25,>=,FLO,107168,OK,1983,Li et al. (2025b),1983-04-13,33.7,200,tmax_c,24.067220347556287,1.9263221996351017,1.9263221996351017,batch_01423a20e7e2d962c8f4.csv,-15.75,-55.75
25,episodes,1.0,1983-05-29,0.8799020646558217,775,2.4396867531511104,2,25,>=,FIL,107168,OK,1983,Li et al. (2025b),1983-04-29,32.7,775,tmax_c,24.067220347556287,58.71647866710193,21.176796874341377,batch_01423a20e7e2d962c8f4.csv,-15.75,-55.75
25,days,1.0,1983-06-10,1.0,300,2.0,1,25,>,MAT,107168,OK,1983,Ortega Gómez et al. (2019),1983-05-30,10.0,300,precip_mm,24.067220347556287,48.13444069511257,24.067220347556287,batch_01423a20e7e2d962c8f4.csv,-15.75,-55.75
25,episodes,1.0,1984-02-21,0.0,200,0.0,2,25,>=,EST,107168,OK,1984,Li et al. 2025a,1984-02-14,34.0,200,tmax_c,24.067220347556287,0.0,0.0,batch_01423a20e7e2d962c8f4.csv,-15.75,-55.75
25,episodes,1.0,1984-04-12,0.0,625,0.0,2,25,>=,VEG,107168,OK,1984,Li et al. 2025a,1984-03-19,34.6,625,tmax_c,24.067220347556287,0.0,0.0,batch_01423a20e7e2d962c8f4.csv,-15.75,-55.75
25,episodes,1.0,1984-04-28,0.0,200,0.0,2,25,>=,REP,107168,OK,1984,Li et al. (2025b),1984-04-21,33.7,200,tmax_c,24.067220347556287,0.0,0.0,batch_01423a20e7e2d962c8f4.csv,-15.75,-55.75
25,episodes,1.0,1984-04-20,0.0,200,0.0,2,25,>=,FLO,107168,OK,1984,Li et al. (2025b),1984-04-13,33.7,200,tmax_c,24.067220347556287,0.0,0.0,batch_01423a20e7e2d962c8f4.csv,-15.75,-55.75
25,episodes,1.0,1984-05-29,0.0,775,0.0,2,25,>=,FIL,107168,OK,1984,Li et al. (2025b),1984-04-29,32.7,775,tmax_c,24.067220347556287,0.0,0.0,batch_01423a20e7e2d962c8f4.csv,-15.75,-55.75
25,days,1.0,1984-06-10,0.0,300,0.0,1,25,>,MAT,107168,OK,1984,Ortega Gómez et al. (2019),1984-05-30,10.0,300,precip_mm,24.067220347556287,0.0,0.0,batch_01423a20e7e2d962c8f4.csv,-15.75,-55.75
25,episodes,1.0,2005-03-23,0.0,175,0.0,2,25,>=,EST,97825,OK,2005,Li et al. 2025a,2005-03-17,34.0,175,tmax_c,23.14669411123357,0.0,0.0,batch_014d27089b92ee02daee.csv,-22.25,-47.25
25,episodes,1.0,2005-05-05,0.0,550,0.0,2,25,>=,VEG,97825,OK,2005,Li et al. 2025a,2005-04-14,34.6,550,tmax_c,23.14669411123357,0.0,0.0,batch_014d27089b92ee02daee.csv,-22.25,-47.25
25,episodes,1.0,2005-05-19,0.0,175,0.0,2,25,>=,REP,97825,OK,2005,Li et al. (2025b),2005-05-13,33.7,175,tmax_c,23.14669411123357,0.0,0.0,batch_014d27089b92ee02daee.csv,-22.25,-47.25
25,episodes,1.0,2005-05-12,0.0,175,0.0,2,25,>=,FLO,97825,OK,2005,Li et al. (2025b),2005-05-06,33.7,175,tmax_c,23.14669411123357,0.0,0.0,batch_014d27089b92ee02daee.csv,-22.25,-47.25
25,episodes,1.0,2005-06-15,0.0,675,0.0,2,25,>=,FIL,97825,OK,2005,Li et al. (2025b),2005-05-20,32.7,675,tmax_c,23.14669411123357,0.0,0.0,batch_014d27089b92ee02daee.csv,-22.25,-47.25
25,days,1.0,2005-06-25,1.0,250,1.3596007707020712,1,25,>,MAT,97825,OK,2005,Ortega Gómez et al. (2019),2005-06-16,10.0,250,precip_mm,23.14669411123357,31.470263152838253,23.14669411123357,batch_014d27089b92ee02daee.csv,-22.25,-47.25
25,episodes,1.0,2006-03-23,0.0,175,0.0,2,25,>=,EST,97825,OK,2006,Li et al. 2025a,2006-03-17,34.0,175,tmax_c,23.14669411123357,0.0,0.0,batch_014d27089b92ee02daee.csv,-22.25,-47.25
25,episodes,1.0,2006-05-05,0.0,550,0.0,2,25,>=,VEG,97825,OK,2006,Li et al. 2025a,2006-04-14,34.6,550,tmax_c,23.14669411123357,0.0,0.0,batch_014d27089b92ee02daee.csv,-22.25,-47.25
25,episodes,1.0,2006-05-19,0.0,175,0.0,2,25,>=,REP,97825,OK,2006,Li et al. (2025b),2006-05-13,33.7,175,tmax_c,23.14669411123357,0.0,0.0,batch_014d27089b92ee02daee.csv,-22.25,-47.25
25,episodes,1.0,2006-05-12,0.0,175,0.0,2,25,>=,FLO,97825,OK,2006,Li et al. (2025b),2006-05-06,33.7,175,tmax_c,23.14669411123357,0.0,0.0,batch_014d27089b92ee02daee.csv,-22.25,-47.25
25,episodes,1.0,2006-06-15,0.0,675,0.0,2,25,>=,FIL,97825,OK,2006,Li et al. (2025b),2006-05-20,32.7,675,tmax_c,23.14669411123357,0.0,0.0,batch_014d27089b92ee02daee.csv,-22.25,-47.25
25,days,1.0,2006-06-25,0.0,250,0.0,1,25,>,MAT,97825,OK,2006,Ortega Gómez et al. (2019),2006-06-16,10.0,250,precip_mm,23.14669411123357,0.0,0.0,batch_014d27089b92ee02daee.csv,-22.25,-47.25
25,episodes,1.0,2007-03-23,0.0,175,0.0,2,25,>=,EST,97825,OK,2007,Li et al. 2025a,2007-03-17,34.0,175,tmax_c,23.14669411123357,0.0,0.0,batch_014d27089b92ee02daee.csv,-22.25,-47.25
25,episodes,1.0,2007-05-05,0.0,550,0.0,2,25,>=,VEG,97825,OK,2007,Li et al. 2025a,2007-04-14,34.6,550,tmax_c,23.14669411123357,0.0,0.0,batch_014d27089b92ee02daee.csv,-22.25,-47.25
25,episodes,1.0,2007-05-19,0.0,175,0.0,2,25,>=,REP,97825,OK,2007,Li et al. (2025b),2007-05-13,33.7,175,tmax_c,23.14669411123357,0.0,0.0,batch_014d27089b92ee02daee.csv,-22.25,-47.25
25,episodes,1.0,2007-05-12,0.0,175,0.0,2,25,>=,FLO,97825,OK,2007,Li et al. (2025b),2007-05-06,33.7,175,tmax_c,23.14669411123357,0.0,0.0,batch_014d27089b92ee02daee.csv,-22.25,-47.25
25,episodes,1.0,2007-06-15,0.0,675,0.0,2,25,>=,FIL,97825,OK,2007,Li et al. (2025b),2007-05-20,32.7,675,tmax_c,23.14669411123357,0.0,0.0,batch_014d27089b92ee02daee.csv,-22.25,-47.25
25,days,1.0,2007-06-25,0.0,250,0.0,1,25,>,MAT,97825,OK,2007,Ortega Gómez et al. (2019),2007-06-16,10.0,250,precip_mm,23.14669411123357,0.0,0.0,batch_014d27089b92ee02daee.csv,-22.25,-47.25
25,episodes,1.0,2008-03-23,0.0,175,0.0,2,25,>=,EST,97825,OK,2008,Li et al. 2025a,2008-03-17,34.0,175,tmax_c,23.14669411123357,0.0,0.0,batch_014d27089b92ee02daee.csv,-22.25,-47.25
25,episodes,1.0,2008-05-05,0.0,550,0.0,2,25,>=,VEG,97825,OK,2008,Li et al. 2025a,2008-04-14,34.6,550,tmax_c,23.14669411123357,0.0,0.0,batch_014d27089b92ee02daee.csv,-22.25,-47.25
25,episodes,1.0,2008-05-19,0.0,175,0.0,2,25,>=,REP,97825,OK,2008,Li et al. (2025b),2008-05-13,33.7,175,tmax_c,23.14669411123357,0.0,0.0,batch_014d27089b92ee02daee.csv,-22.25,-47.25
25,episodes,1.0,2008-05-12,0.0,175,0.0,2,25,>=,FLO,97825,OK,2008,Li et al. (2025b),2008-05-06,33.7,175,tmax_c,23.14669411123357,0.0,0.0,batch_014d27089b92ee02daee.csv,-22.25,-47.25
25,episodes,1.0,2008-06-15,0.0,675,0.0,2,25,>=,FIL,97825,OK,2008,Li et al. (2025b),2008-05-20,32.7,675,tmax_c,23.14669411123357,0.0,0.0,batch_014d27089b92ee02daee.csv,-22.25,-47.25
25,days,1.0,2008-06-25,0.0,250,0.0,1,25,>,MAT,97825,OK,2008,Ortega Gómez et al. (2019),2008-06-16,10.0,250,precip_mm,23.14669411123357,0.0,0.0,batch_014d27089b92ee02daee.csv,-22.25,-47.25
25,episodes,1.0,1997-11-07,0.0,225,0.0,2,25,>=,EST,79057,OK,1997,Li et al. 2025a,1997-10-30,34.0,225,tmax_c,20.428560229289285,0.0,0.0,batch_014f9474c6ba6b0e60cf.csv,-35.25,-71.25
25,episodes,1.0,1998-01-03,0.0,725,0.0,2,25,>=,VEG,79057,OK,1997,Li et al. 2025a,1997-12-06,34.6,725,tmax_c,20.428560229289285,0.0,0.0,batch_014f9474c6ba6b0e60cf.csv,-35.25,-71.25
25,episodes,1.0,1998-01-20,0.0,225,0.0,2,25,>=,REP,79057,OK,1997,Li et al. (2025b),1998-01-12,33.7,225,tmax_c,20.428560229289285,0.0,0.0,batch_014f9474c6ba6b0e60cf.csv,-35.25,-71.25
25,episodes,1.0,1998-01-11,0.0,200,0.0,2,25,>=,FLO,79057,OK,1997,Li et al. (2025b),1998-01-04,33.7,200,tmax_c,20.42856022928928,0.0,0.0,batch_014f9474c6ba6b0e60cf.csv,-35.25,-71.25
25,episodes,1.0,1998-02-25,0.0,900,0.0,2,25,>=,FIL,79057,OK,1997,Li et al. (2025b),1998-01-21,32.7,900,tmax_c,20.42856022928928,0.0,0.0,batch_014f9474c6ba6b0e60cf.csv,-35.25,-71.25
25,days,1.0,1998-03-10,0.0,325,0.0,1,25,>,MAT,79057,OK,1997,Ortega Gómez et al. (2019),1998-02-26,10.0,325,precip_mm,20.428560229289285,0.0,0.0,batch_014f9474c6ba6b0e60cf.csv,-35.25,-71.25
25,episodes,1.0,1998-11-07,0.0,225,0.0,2,25,>=,EST,79057,OK,1998,Li et al. 2025a,1998-10-30,34.0,225,tmax_c,20.42856022928928,0.0,0.0,batch_014f9474c6ba6b0e60cf.csv,-35.25,-71.25
25,episodes,1.0,1999-01-03,0.0,725,0.0,2,25,>=,VEG,79057,OK,1998,Li et al. 2025a,1998-12-06,34.6,725,tmax_c,20.42856022928928,0.0,0.0,batch_014f9474c6ba6b0e60cf.csv,-35.25,-71.25
25,episodes,1.0,1999-01-20,0.0,225,0.0,2,25,>=,REP,79057,OK,1998,Li et al. (2025b),1999-01-12,33.7,225,tmax_c,20.428560229289285,0.0,0.0,batch_014f9474c6ba6b0e60cf.csv,-35.25,-71.25
25,episodes,1.0,1999-01-11,0.0,200,0.0,2,25,>=,FLO,79057,OK,1998,Li et al. (2025b),1999-01-04,33.7,200,tmax_c,20.428560229289285,0.0,0.0,batch_014f9474c6ba6b0e60cf.csv,-35.25,-71.25
25,episodes,1.0,1999-02-25,0.0,900,0.0,2,25,>=,FIL,79057,OK,1998,Li et al. (2025b),1999-01-21,32.7,900,tmax_c,20.428560229289285,0.0,0.0,batch_014f9474c6ba6b0e60cf.csv,-35.25,-71.25
25,days,1.0,1999-03-10,0.1597536998810775,325,0.1597536998810775,1,25,>,MAT,79057,OK,1998,Ortega Gómez et al. (2019),1999-02-26,10.0,325,precip_mm,20.428560229289285,3.2635380798723967,3.2635380798723967,batch_014f9474c6ba6b0e60cf.csv,-35.25,-71.25
25,episodes,1.0,1999-11-07,0.0,225,0.0,2,25,>=,EST,79057,OK,1999,Li et al. 2025a,1999-10-30,34.0,225,tmax_c,20.428560229289285,0.0,0.0,batch_014f9474c6ba6b0e60cf.csv,-35.25,-71.25
25,episodes,1.0,2000-01-03,0.0,725,0.0,2,25,>=,VEG,79057,OK,1999,Li et al. 2025a,1999-12-06,34.6,725,tmax_c,20.42856022928928,0.0,0.0,batch_014f9474c6ba6b0e60cf.csv,-35.25,-71.25
25,episodes,1.0,2000-01-20,0.0,225,0.0,2,25,>=,REP,79057,OK,1999,Li et al. (2025b),2000-01-12,33.7,225,tmax_c,20.42856022928928,0.0,0.0,batch_014f9474c6ba6b0e60cf.csv,-35.25,-71.25
25,episodes,1.0,2000-01-11,0.0,200,0.0,2,25,>=,FLO,79057,OK,1999,Li et al. (2025b),2000-01-04,33.7,200,tmax_c,20.42856022928928,0.0,0.0,batch_014f9474c6ba6b0e60cf.csv,-35.25,-71.25
25,episodes,1.0,2000-02-25,0.0,900,0.0,2,25,>=,FIL,79057,OK,1999,Li et al. (2025b),2000-01-21,32.7,900,tmax_c,20.42856022928928,0.0,0.0,batch_014f9474c6ba6b0e60cf.csv,-35.25,-71.25
25,days,1.0,2000-03-10,0.7996062609518793,350,0.7996062609518793,1,25,>,MAT,79057,OK,1999,Ortega Gómez et al. (2019),2000-02-26,10.0,350,precip_mm,20.42856022928928,16.334804661572267,16.334804661572267,batch_014f9474c6ba6b0e60cf.csv,-35.25,-71.25
25,episodes,1.0,2000-11-07,0.0,225,0.0,2,25,>=,EST,79057,OK,2000,Li et al. 2025a,2000-10-30,34.0,225,tmax_c,20.42856022928928,0.0,0.0,batch_014f9474c6ba6b0e60cf.csv,-35.25,-71.25
25,episodes,1.0,2001-01-03,0.0,725,0.0,2,25,>=,VEG,79057,OK,2000,Li et al. 2025a,2000-12-06,34.6,725,tmax_c,20.42856022928928,0.0,0.0,batch_014f9474c6ba6b0e60cf.csv,-35.25,-71.25
25,episodes,1.0,2001-01-20,0.0,225,0.0,2,25,>=,REP,79057,OK,2000,Li et al. (2025b),2001-01-12,33.7,225,tmax_c,20.42856022928928,0.0,0.0,batch_014f9474c6ba6b0e60cf.csv,-35.25,-71.25
25,episodes,1.0,2001-01-11,0.0,200,0.0,2,25,>=,FLO,79057,OK,2000,Li et al. (2025b),2001-01-04,33.7,200,tmax_c,20.42856022928928,0.0,0.0,batch_014f9474c6ba6b0e60cf.csv,-35.25,-71.25
25,episodes,1.0,2001-02-25,0.0,900,0.0,2,25,>=,FIL,79057,OK,2000,Li et al. (2025b),2001-01-21,32.7,900,tmax_c,20.428560229289285,0.0,0.0,batch_014f9474c6ba6b0e60cf.csv,-35.25,-71.25
25,days,1.0,2001-03-10,0.0,325,0.0,1,25,>,MAT,79057,OK,2000,Ortega Gómez et al. (2019),2001-02-26,10.0,325,precip_mm,20.428560229289285,0.0,0.0,batch_014f9474c6ba6b0e60cf.csv,-35.25,-71.25
25,episodes,1.0,2013-02-23,0.0,250,0.0,2,25,>=,EST,101423,OK,2013,Li et al. 2025a,2013-02-14,34.0,250,tmax_c,23.536691923280788,0.0,0.0,batch_0154817e4ebb85a2985c.csv,-19.75,-48.25
25,episodes,1.0,2013-04-28,0.0,825,0.0,2,25,>=,VEG,101423,OK,2013,Li et al. 2025a,2013-03-27,34.6,825,tmax_c,23.536691923280788,0.0,0.0,batch_0154817e4ebb85a2985c.csv,-19.75,-48.25
25,episodes,1.0,2013-05-17,0.0,275,0.0,2,25,>=,REP,101423,OK,2013,Li et al. (2025b),2013-05-07,33.7,275,tmax_c,23.536691923280788,0.0,0.0,batch_0154817e4ebb85a2985c.csv,-19.75,-48.25
25,episodes,1.0,2013-05-06,0.0,200,0.0,2,25,>=,FLO,101423,OK,2013,Li et al. (2025b),2013-04-29,33.7,200,tmax_c,23.536691923280788,0.0,0.0,batch_0154817e4ebb85a2985c.csv,-19.75,-48.25
25,episodes,1.0,2013-06-25,0.0,975,0.0,2,25,>=,FIL,101423,OK,2013,Li et al. (2025b),2013-05-18,32.7,975,tmax_c,23.536691923280788,0.0,0.0,batch_0154817e4ebb85a2985c.csv,-19.75,-48.25
25,days,1.0,2013-07-10,0.0,375,0.0,1,25,>,MAT,101423,OK,2013,Ortega Gómez et al. (2019),2013-06-26,10.0,375,precip_mm,23.536691923280788,0.0,0.0,batch_0154817e4ebb85a2985c.csv,-19.75,-48.25
25,episodes,1.0,2014-02-23,0.0,250,0.0,2,25,>=,EST,101423,OK,2014,Li et al. 2025a,2014-02-14,34.0,250,tmax_c,23.536691923280788,0.0,0.0,batch_0154817e4ebb85a2985c.csv,-19.75,-48.25
25,episodes,1.0,2014-04-28,0.0,825,0.0,2,25,>=,VEG,101423,OK,2014,Li et al. 2025a,2014-03-27,34.6,825,tmax_c,23.536691923280788,0.0,0.0,batch_0154817e4ebb85a2985c.csv,-19.75,-48.25
25,episodes,1.0,2014-05-17,0.0,275,0.0,2,25,>=,REP,101423,OK,2014,Li et al. (2025b),2014-05-07,33.7,275,tmax_c,23.536691923280788,0.0,0.0,batch_0154817e4ebb85a2985c.csv,-19.75,-48.25
25,episodes,1.0,2014-05-06,0.0,200,0.0,2,25,>=,FLO,101423,OK,2014,Li et al. (2025b),2014-04-29,33.7,200,tmax_c,23.536691923280788,0.0,0.0,batch_0154817e4ebb85a2985c.csv,-19.75,-48.25
25,episodes,1.0,2014-06-25,0.0,975,0.0,2,25,>=,FIL,101423,OK,2014,Li et al. (2025b),2014-05-18,32.7,975,tmax_c,23.536691923280788,0.0,0.0,batch_0154817e4ebb85a2985c.csv,-19.75,-48.25
25,days,1.0,2014-07-10,0.0,375,0.0,1,25,>,MAT,101423,OK,2014,Ortega Gómez et al. (2019),2014-06-26,10.0,375,precip_mm,23.536691923280788,0.0,0.0,batch_0154817e4ebb85a2985c.csv,-19.75,-48.25
25,episodes,1.0,2015-02-23,0.0,250,0.0,2,25,>=,EST,101423,OK,2015,Li et al. 2025a,2015-02-14,34.0,250,tmax_c,23.536691923280788,0.0,0.0,batch_0154817e4ebb85a2985c.csv,-19.75,-48.25
25,episodes,1.0,2015-04-28,0.0,825,0.0,2,25,>=,VEG,101423,OK,2015,Li et al. 2025a,2015-03-27,34.6,825,tmax_c,23.536691923280788,0.0,0.0,batch_0154817e4ebb85a2985c.csv,-19.75,-48.25
25,episodes,1.0,2015-05-17,0.0,275,0.0,2,25,>=,REP,101423,OK,2015,Li et al. (2025b),2015-05-07,33.7,275,tmax_c,23.536691923280788,0.0,0.0,batch_0154817e4ebb85a2985c.csv,-19.75,-48.25
25,episodes,1.0,2015-05-06,0.0,200,0.0,2,25,>=,FLO,101423,OK,2015,Li et al. (2025b),2015-04-29,33.7,200,tmax_c,23.536691923280788,0.0,0.0,batch_0154817e4ebb85a2985c.csv,-19.75,-48.25
25,episodes,1.0,2015-06-25,0.0,975,0.0,2,25,>=,FIL,101423,OK,2015,Li et al. (2025b),2015-05-18,32.7,975,tmax_c,23.536691923280788,0.0,0.0,batch_0154817e4ebb85a2985c.csv,-19.75,-48.25
25,days,1.0,2015-07-10,0.0799249487607019,375,0.0799249487607019,1,25,>,MAT,101423,OK,2015,Ortega Gómez et al. (2019),2015-06-26,10.0,375,precip_mm,23.536691923280788,1.8811688959646444,1.8811688959646444,batch_0154817e4ebb85a2985c.csv,-19.75,-48.25
25,episodes,1.0,2016-02-23,0.0,250,0.0,2,25,>=,EST,101423,OK,2016,Li et al. 2025a,2016-02-14,34.0,250,tmax_c,23.536691923280788,0.0,0.0,batch_0154817e4ebb85a2985c.csv,-19.75,-48.25
25,episodes,1.0,2016-04-28,0.0,825,0.0,2,25,>=,VEG,101423,OK,2016,Li et al. 2025a,2016-03-27,34.6,825,tmax_c,23.536691923280788,0.0,0.0,batch_0154817e4ebb85a2985c.csv,-19.75,-48.25
25,episodes,1.0,2016-05-17,0.0,275,0.0,2,25,>=,REP,101423,OK,2016,Li et al. (2025b),2016-05-07,33.7,275,tmax_c,23.536691923280788,0.0,0.0,batch_0154817e4ebb85a2985c.csv,-19.75,-48.25
25,episodes,1.0,2016-05-06,0.0,200,0.0,2,25,>=,FLO,101423,OK,2016,Li et al. (2025b),2016-04-29,33.7,200,tmax_c,23.536691923280788,0.0,0.0,batch_0154817e4ebb85a2985c.csv,-19.75,-48.25
25,episodes,1.0,2016-06-25,0.0,975,0.0,2,25,>=,FIL,101423,OK,2016,Li et al. (2025b),2016-05-18,32.7,975,tmax_c,23.536691923280788,0.0,0.0,batch_0154817e4ebb85a2985c.csv,-19.75,-48.25
25,days,1.0,2016-07-10,0.0,375,0.0,1,25,>,MAT,101423,OK,2016,Ortega Gómez et al. (2019),2016-06-26,10.0,375,precip_mm,23.536691923280788,0.0,0.0,batch_0154817e4ebb85a2985c.csv,-19.75,-48.25
25,episodes,1.0,1989-03-23,0.0,175,0.0,2,25,>=,EST,98540,OK,1989,Li et al. 2025a,1989-03-17,34.0,175,tmax_c,23.22824353092083,0.0,0.0,batch_016501a0d590d20b839d.csv,-21.75,-49.75
25,episodes,1.0,1989-05-05,0.0,550,0.0,2,25,>=,VEG,98540,OK,1989,Li et al. 2025a,1989-04-14,34.6,550,tmax_c,23.22824353092083,0.0,0.0,batch_016501a0d590d20b839d.csv,-21.75,-49.75
25,episodes,1.0,1989-05-19,0.0,175,0.0,2,25,>=,REP,98540,OK,1989,Li et al. (2025b),1989-05-13,33.7,175,tmax_c,23.22824353092083,0.0,0.0,batch_016501a0d590d20b839d.csv,-21.75,-49.75
25,episodes,1.0,1989-05-12,0.0,175,0.0,2,25,>=,FLO,98540,OK,1989,Li et al. (2025b),1989-05-06,33.7,175,tmax_c,23.22824353092083,0.0,0.0,batch_016501a0d590d20b839d.csv,-21.75,-49.75
25,episodes,1.0,1989-06-15,0.0,675,0.0,2,25,>=,FIL,98540,OK,1989,Li et al. (2025b),1989-05-20,32.7,675,tmax_c,23.22824353092083,0.0,0.0,batch_016501a0d590d20b839d.csv,-21.75,-49.75
25,days,1.0,1989-06-25,0.0399443140271802,250,0.0399443140271802,1,25,>,MAT,98540,OK,1989,Ortega Gómez et al. (2019),1989-06-16,10.0,250,precip_mm,23.22824353092083,0.92783625389892,0.92783625389892,batch_016501a0d590d20b839d.csv,-21.75,-49.75
25,episodes,1.0,1990-03-23,0.0,175,0.0,2,25,>=,EST,98540,OK,1990,Li et al. 2025a,1990-03-17,34.0,175,tmax_c,23.22824353092083,0.0,0.0,batch_016501a0d590d20b839d.csv,-21.75,-49.75
25,episodes,1.0,1990-05-05,0.0,550,0.0,2,25,>=,VEG,98540,OK,1990,Li et al. 2025a,1990-04-14,34.6,550,tmax_c,23.22824353092083,0.0,0.0,batch_016501a0d590d20b839d.csv,-21.75,-49.75
25,episodes,1.0,1990-05-19,0.0,175,0.0,2,25,>=,REP,98540,OK,1990,Li et al. (2025b),1990-05-13,33.7,175,tmax_c,23.22824353092083,0.0,0.0,batch_016501a0d590d20b839d.csv,-21.75,-49.75
25,episodes,1.0,1990-05-12,0.0,175,0.0,2,25,>=,FLO,98540,OK,1990,Li et al. (2025b),1990-05-06,33.7,175,tmax_c,23.22824353092083,0.0,0.0,batch_016501a0d590d20b839d.csv,-21.75,-49.75
25,episodes,1.0,1990-06-15,0.0,675,0.0,2,25,>=,FIL,98540,OK,1990,Li et al. (2025b),1990-05-20,32.7,675,tmax_c,23.22824353092083,0.0,0.0,batch_016501a0d590d20b839d.csv,-21.75,-49.75
25,days,1.0,1990-06-25,0.0,250,0.0,1,25,>,MAT,98540,OK,1990,Ortega Gómez et al. (2019),1990-06-16,10.0,250,precip_mm,23.22824353092083,0.0,0.0,batch_016501a0d590d20b839d.csv,-21.75,-49.75
25,episodes,1.0,1991-03-23,0.0,175,0.0,2,25,>=,EST,98540,OK,1991,Li et al. 2025a,1991-03-17,34.0,175,tmax_c,23.22824353092083,0.0,0.0,batch_016501a0d590d20b839d.csv,-21.75,-49.75
25,episodes,1.0,1991-05-05,0.0,550,0.0,2,25,>=,VEG,98540,OK,1991,Li et al. 2025a,1991-04-14,34.6,550,tmax_c,23.22824353092083,0.0,0.0,batch_016501a0d590d20b839d.csv,-21.75,-49.75
25,episodes,1.0,1991-05-19,0.0,175,0.0,2,25,>=,REP,98540,OK,1991,Li et al. (2025b),1991-05-13,33.7,175,tmax_c,23.22824353092083,0.0,0.0,batch_016501a0d590d20b839d.csv,-21.75,-49.75
25,episodes,1.0,1991-05-12,0.0,175,0.0,2,25,>=,FLO,98540,OK,1991,Li et al. (2025b),1991-05-06,33.7,175,tmax_c,23.22824353092083,0.0,0.0,batch_016501a0d590d20b839d.csv,-21.75,-49.75
25,episodes,1.0,1991-06-15,0.0,675,0.0,2,25,>=,FIL,98540,OK,1991,Li et al. (2025b),1991-05-20,32.7,675,tmax_c,23.22824353092083,0.0,0.0,batch_016501a0d590d20b839d.csv,-21.75,-49.75
25,days,1.0,1991-06-25,1.0,250,1.199833307538502,1,25,>,MAT,98540,OK,1991,Ortega Gómez et al. (2019),1991-06-16,10.0,250,precip_mm,23.22824353092083,27.87002026401456,23.22824353092083,batch_016501a0d590d20b839d.csv,-21.75,-49.75
25,episodes,1.0,1992-03-23,0.0,175,0.0,2,25,>=,EST,98540,OK,1992,Li et al. 2025a,1992-03-17,34.0,175,tmax_c,23.22824353092083,0.0,0.0,batch_016501a0d590d20b839d.csv,-21.75,-49.75
25,episodes,1.0,1992-05-05,0.0,550,0.0,2,25,>=,VEG,98540,OK,1992,Li et al. 2025a,1992-04-14,34.6,550,tmax_c,23.22824353092083,0.0,0.0,batch_016501a0d590d20b839d.csv,-21.75,-49.75
25,episodes,1.0,1992-05-19,0.0,175,0.0,2,25,>=,REP,98540,OK,1992,Li et al. (2025b),1992-05-13,33.7,175,tmax_c,23.22824353092083,0.0,0.0,batch_016501a0d590d20b839d.csv,-21.75,-49.75
25,episodes,1.0,1992-05-12,0.0,175,0.0,2,25,>=,FLO,98540,OK,1992,Li et al. (2025b),1992-05-06,33.7,175,tmax_c,23.22824353092083,0.0,0.0,batch_016501a0d590d20b839d.csv,-21.75,-49.75
25,episodes,1.0,1992-06-15,0.0,675,0.0,2,25,>=,FIL,98540,OK,1992,Li et al. (2025b),1992-05-20,32.7,675,tmax_c,23.22824353092083,0.0,0.0,batch_016501a0d590d20b839d.csv,-21.75,-49.75
25,days,1.0,1992-06-25,0.0,250,0.0,1,25,>,MAT,98540,OK,1992,Ortega Gómez et al. (2019),1992-06-16,10.0,250,precip_mm,23.22824353092083,0.0,0.0,batch_016501a0d590d20b839d.csv,-21.75,-49.75
25,episodes,1.0,1997-03-23,0.0,175,0.0,2,25,>=,EST,98539,OK,1997,Li et al. 2025a,1997-03-17,34.0,175,tmax_c,23.22824353092083,0.0,0.0,batch_016790fc809d8a7f923b.csv,-21.75,-50.25
25,episodes,1.0,1997-05-05,0.0,550,0.0,2,25,>=,VEG,98539,OK,1997,Li et al. 2025a,1997-04-14,34.6,550,tmax_c,23.22824353092083,0.0,0.0,batch_016790fc809d8a7f923b.csv,-21.75,-50.25
25,episodes,1.0,1997-05-19,0.0,175,0.0,2,25,>=,REP,98539,OK,1997,Li et al. (2025b),1997-05-13,33.7,175,tmax_c,23.22824353092083,0.0,0.0,batch_016790fc809d8a7f923b.csv,-21.75,-50.25
25,episodes,1.0,1997-05-12,0.0,175,0.0,2,25,>=,FLO,98539,OK,1997,Li et al. (2025b),1997-05-06,33.7,175,tmax_c,23.22824353092083,0.0,0.0,batch_016790fc809d8a7f923b.csv,-21.75,-50.25
25,episodes,1.0,1997-06-15,0.0,675,0.0,2,25,>=,FIL,98539,OK,1997,Li et al. (2025b),1997-05-20,32.7,675,tmax_c,23.22824353092083,0.0,0.0,batch_016790fc809d8a7f923b.csv,-21.75,-50.25
25,days,1.0,1997-06-25,0.0,250,0.0,1,25,>,MAT,98539,OK,1997,Ortega Gómez et al. (2019),1997-06-16,10.0,250,precip_mm,23.22824353092083,0.0,0.0,batch_016790fc809d8a7f923b.csv,-21.75,-50.25
25,episodes,1.0,1998-03-23,0.0,175,0.0,2,25,>=,EST,98539,OK,1998,Li et al. 2025a,1998-03-17,34.0,175,tmax_c,23.22824353092083,0.0,0.0,batch_016790fc809d8a7f923b.csv,-21.75,-50.25
25,episodes,1.0,1998-05-05,0.0,550,0.0,2,25,>=,VEG,98539,OK,1998,Li et al. 2025a,1998-04-14,34.6,550,tmax_c,23.22824353092083,0.0,0.0,batch_016790fc809d8a7f923b.csv,-21.75,-50.25
25,episodes,1.0,1998-05-19,0.0,175,0.0,2,25,>=,REP,98539,OK,1998,Li et al. (2025b),1998-05-13,33.7,175,tmax_c,23.22824353092083,0.0,0.0,batch_016790fc809d8a7f923b.csv,-21.75,-50.25
25,episodes,1.0,1998-05-12,0.0,175,0.0,2,25,>=,FLO,98539,OK,1998,Li et al. (2025b),1998-05-06,33.7,175,tmax_c,23.22824353092083,0.0,0.0,batch_016790fc809d8a7f923b.csv,-21.75,-50.25
25,episodes,1.0,1998-06-15,0.0,675,0.0,2,25,>=,FIL,98539,OK,1998,Li et al. (2025b),1998-05-20,32.7,675,tmax_c,23.22824353092083,0.0,0.0,batch_016790fc809d8a7f923b.csv,-21.75,-50.25
25,days,1.0,1998-06-25,0.0,250,0.0,1,25,>,MAT,98539,OK,1998,Ortega Gómez et al. (2019),1998-06-16,10.0,250,precip_mm,23.22824353092083,0.0,0.0,batch_016790fc809d8a7f923b.csv,-21.75,-50.25
25,episodes,1.0,1999-03-23,0.0,175,0.0,2,25,>=,EST,98539,OK,1999,Li et al. 2025a,1999-03-17,34.0,175,tmax_c,23.22824353092083,0.0,0.0,batch_016790fc809d8a7f923b.csv,-21.75,-50.25
25,episodes,1.0,1999-05-05,0.0,550,0.0,2,25,>=,VEG,98539,OK,1999,Li et al. 2025a,1999-04-14,34.6,550,tmax_c,23.22824353092083,0.0,0.0,batch_016790fc809d8a7f923b.csv,-21.75,-50.25
25,episodes,1.0,1999-05-19,0.0,175,0.0,2,25,>=,REP,98539,OK,1999,Li et al. (2025b),1999-05-13,33.7,175,tmax_c,23.22824353092083,0.0,0.0,batch_016790fc809d8a7f923b.csv,-21.75,-50.25
25,episodes,1.0,1999-05-12,0.0,175,0.0,2,25,>=,FLO,98539,OK,1999,Li et al. (2025b),1999-05-06,33.7,175,tmax_c,23.22824353092083,0.0,0.0,batch_016790fc809d8a7f923b.csv,-21.75,-50.25
25,episodes,1.0,1999-06-15,0.0,675,0.0,2,25,>=,FIL,98539,OK,1999,Li et al. (2025b),1999-05-20,32.7,675,tmax_c,23.22824353092083,0.0,0.0,batch_016790fc809d8a7f923b.csv,-21.75,-50.25
25,days,1.0,1999-06-25,1.0,250,1.0,1,25,>,MAT,98539,OK,1999,Ortega Gómez et al. (2019),1999-06-16,10.0,250,precip_mm,23.22824353092083,23.22824353092083,23.22824353092083,batch_016790fc809d8a7f923b.csv,-21.75,-50.25
25,episodes,1.0,2000-03-23,0.0,175,0.0,2,25,>=,EST,98539,OK,2000,Li et al. 2025a,2000-03-17,34.0,175,tmax_c,23.22824353092083,0.0,0.0,batch_016790fc809d8a7f923b.csv,-21.75,-50.25
25,episodes,1.0,2000-05-05,0.0,550,0.0,2,25,>=,VEG,98539,OK,2000,Li et al. 2025a,2000-04-14,34.6,550,tmax_c,23.22824353092083,0.0,0.0,batch_016790fc809d8a7f923b.csv,-21.75,-50.25
25,episodes,1.0,2000-05-19,0.0,175,0.0,2,25,>=,REP,98539,OK,2000,Li et al. (2025b),2000-05-13,33.7,175,tmax_c,23.22824353092083,0.0,0.0,batch_016790fc809d8a7f923b.csv,-21.75,-50.25
25,episodes,1.0,2000-05-12,0.0,175,0.0,2,25,>=,FLO,98539,OK,2000,Li et al. (2025b),2000-05-06,33.7,175,tmax_c,23.22824353092083,0.0,0.0,batch_016790fc809d8a7f923b.csv,-21.75,-50.25
25,episodes,1.0,2000-06-15,0.0,675,0.0,2,25,>=,FIL,98539,OK,2000,Li et al. (2025b),2000-05-20,32.7,675,tmax_c,23.22824353092083,0.0,0.0,batch_016790fc809d8a7f923b.csv,-21.75,-50.25
25,days,1.0,2000-06-25,0.0,250,0.0,1,25,>,MAT,98539,OK,2000,Ortega Gómez et al. (2019),2000-06-16,10.0,250,precip_mm,23.22824353092083,0.0,0.0,batch_016790fc809d8a7f923b.csv,-21.75,-50.25
25,episodes,1.0,1985-02-23,0.0,250,0.0,2,25,>=,EST,103572,OK,1985,Li et al. 2025a,1985-02-14,34.0,250,tmax_c,23.749228943669948,0.0,0.0,batch_0182f7505b8af44635ca.csv,-18.25,-53.75
25,episodes,1.0,1985-04-28,0.0,825,0.0,2,25,>=,VEG,103572,OK,1985,Li et al. 2025a,1985-03-27,34.6,825,tmax_c,23.749228943669948,0.0,0.0,batch_0182f7505b8af44635ca.csv,-18.25,-53.75
25,episodes,1.0,1985-05-17,0.0,275,0.0,2,25,>=,REP,103572,OK,1985,Li et al. (2025b),1985-05-07,33.7,275,tmax_c,23.749228943669948,0.0,0.0,batch_0182f7505b8af44635ca.csv,-18.25,-53.75
25,episodes,1.0,1985-05-06,0.0,200,0.0,2,25,>=,FLO,103572,OK,1985,Li et al. (2025b),1985-04-29,33.7,200,tmax_c,23.749228943669948,0.0,0.0,batch_0182f7505b8af44635ca.csv,-18.25,-53.75
25,episodes,1.0,1985-06-25,0.0,975,0.0,2,25,>=,FIL,103572,OK,1985,Li et al. (2025b),1985-05-18,32.7,975,tmax_c,23.749228943669948,0.0,0.0,batch_0182f7505b8af44635ca.csv,-18.25,-53.75
25,days,1.0,1985-07-10,0.0,375,0.0,1,25,>,MAT,103572,OK,1985,Ortega Gómez et al. (2019),1985-06-26,10.0,375,precip_mm,23.749228943669948,0.0,0.0,batch_0182f7505b8af44635ca.csv,-18.25,-53.75
25,episodes,1.0,1986-02-23,0.0,250,0.0,2,25,>=,EST,103572,OK,1986,Li et al. 2025a,1986-02-14,34.0,250,tmax_c,23.749228943669948,0.0,0.0,batch_0182f7505b8af44635ca.csv,-18.25,-53.75
25,episodes,1.0,1986-04-28,0.0,825,0.0,2,25,>=,VEG,103572,OK,1986,Li et al. 2025a,1986-03-27,34.6,825,tmax_c,23.749228943669948,0.0,0.0,batch_0182f7505b8af44635ca.csv,-18.25,-53.75
25,episodes,1.0,1986-05-17,0.0,275,0.0,2,25,>=,REP,103572,OK,1986,Li et al. (2025b),1986-05-07,33.7,275,tmax_c,23.749228943669948,0.0,0.0,batch_0182f7505b8af44635ca.csv,-18.25,-53.75
25,episodes,1.0,1986-05-06,0.0,200,0.0,2,25,>=,FLO,103572,OK,1986,Li et al. (2025b),1986-04-29,33.7,200,tmax_c,23.749228943669948,0.0,0.0,batch_0182f7505b8af44635ca.csv,-18.25,-53.75
25,episodes,1.0,1986-06-25,0.0,975,0.0,2,25,>=,FIL,103572,OK,1986,Li et al. (2025b),1986-05-18,32.7,975,tmax_c,23.749228943669948,0.0,0.0,batch_0182f7505b8af44635ca.csv,-18.25,-53.75
25,days,1.0,1986-07-10,0.0,375,0.0,1,25,>,MAT,103572,OK,1986,Ortega Gómez et al. (2019),1986-06-26,10.0,375,precip_mm,23.749228943669948,0.0,0.0,batch_0182f7505b8af44635ca.csv,-18.25,-53.75
25,episodes,1.0,1987-02-23,0.0,250,0.0,2,25,>=,EST,103572,OK,1987,Li et al. 2025a,1987-02-14,34.0,250,tmax_c,23.749228943669948,0.0,0.0,batch_0182f7505b8af44635ca.csv,-18.25,-53.75
25,episodes,1.0,1987-04-28,0.0,825,0.0,2,25,>=,VEG,103572,OK,1987,Li et al. 2025a,1987-03-27,34.6,825,tmax_c,23.749228943669948,0.0,0.0,batch_0182f7505b8af44635ca.csv,-18.25,-53.75
25,episodes,1.0,1987-05-17,0.0,275,0.0,2,25,>=,REP,103572,OK,1987,Li et al. (2025b),1987-05-07,33.7,275,tmax_c,23.749228943669948,0.0,0.0,batch_0182f7505b8af44635ca.csv,-18.25,-53.75
25,episodes,1.0,1987-05-06,0.0,200,0.0,2,25,>=,FLO,103572,OK,1987,Li et al. (2025b),1987-04-29,33.7,200,tmax_c,23.749228943669948,0.0,0.0,batch_0182f7505b8af44635ca.csv,-18.25,-53.75
25,episodes,1.0,1987-06-25,0.0,975,0.0,2,25,>=,FIL,103572,OK,1987,Li et al. (2025b),1987-05-18,32.7,975,tmax_c,23.749228943669948,0.0,0.0,batch_0182f7505b8af44635ca.csv,-18.25,-53.75
25,days,1.0,1987-07-10,0.0,375,0.0,1,25,>,MAT,103572,OK,1987,Ortega Gómez et al. (2019),1987-06-26,10.0,375,precip_mm,23.749228943669948,0.0,0.0,batch_0182f7505b8af44635ca.csv,-18.25,-53.75
25,episodes,1.0,1988-02-23,0.0,250,0.0,2,25,>=,EST,103572,OK,1988,Li et al. 2025a,1988-02-14,34.0,250,tmax_c,23.749228943669948,0.0,0.0,batch_0182f7505b8af44635ca.csv,-18.25,-53.75
25,episodes,1.0,1988-04-28,0.0,825,0.0,2,25,>=,VEG,103572,OK,1988,Li et al. 2025a,1988-03-27,34.6,825,tmax_c,23.749228943669948,0.0,0.0,batch_0182f7505b8af44635ca.csv,-18.25,-53.75
25,episodes,1.0,1988-05-17,0.0,275,0.0,2,25,>=,REP,103572,OK,1988,Li et al. (2025b),1988-05-07,33.7,275,tmax_c,23.749228943669948,0.0,0.0,batch_0182f7505b8af44635ca.csv,-18.25,-53.75
25,episodes,1.0,1988-05-06,0.0,200,0.0,2,25,>=,FLO,103572,OK,1988,Li et al. (2025b),1988-04-29,33.7,200,tmax_c,23.749228943669948,0.0,0.0,batch_0182f7505b8af44635ca.csv,-18.25,-53.75
25,episodes,1.0,1988-06-25,0.0,975,0.0,2,25,>=,FIL,103572,OK,1988,Li et al. (2025b),1988-05-18,32.7,975,tmax_c,23.749228943669948,0.0,0.0,batch_0182f7505b8af44635ca.csv,-18.25,-53.75
25,days,1.0,1988-07-10,0.0,375,0.0,1,25,>,MAT,103572,OK,1988,Ortega Gómez et al. (2019),1988-06-26,10.0,375,precip_mm,23.749228943669948,0.0,0.0,batch_0182f7505b8af44635ca.csv,-18.25,-53.75
25,episodes,1.0,2005-02-21,0.0,200,0.0,2,25,>=,EST,107885,OK,2005,Li et al. 2025a,2005-02-14,34.0,200,tmax_c,24.125338871662567,0.0,0.0,batch_01845dc2ccc58baf7aef.csv,-15.25,-57.25
25,episodes,1.0,2005-04-12,0.0,625,0.0,2,25,>=,VEG,107885,OK,2005,Li et al. 2025a,2005-03-19,34.6,625,tmax_c,24.125338871662567,0.0,0.0,batch_01845dc2ccc58baf7aef.csv,-15.25,-57.25
25,episodes,1.0,2005-04-28,0.0,200,0.0,2,25,>=,REP,107885,OK,2005,Li et al. (2025b),2005-04-21,33.7,200,tmax_c,24.125338871662567,0.0,0.0,batch_01845dc2ccc58baf7aef.csv,-15.25,-57.25
25,episodes,1.0,2005-04-20,0.0799809712675078,200,0.0799809712675078,2,25,>=,FLO,107885,OK,2005,Li et al. (2025b),2005-04-13,33.7,200,tmax_c,24.125338871662567,1.929568035113335,1.929568035113335,batch_01845dc2ccc58baf7aef.csv,-15.25,-57.25
25,episodes,1.0,2005-05-29,0.5600569644657267,775,0.7600381793120696,2,25,>=,FIL,107885,OK,2005,Li et al. (2025b),2005-04-29,32.7,775,tmax_c,24.125338871662567,18.33617863130512,13.511564055170338,batch_01845dc2ccc58baf7aef.csv,-15.25,-57.25
25,days,1.0,2005-06-10,0.0,300,0.0,1,25,>,MAT,107885,OK,2005,Ortega Gómez et al. (2019),2005-05-30,10.0,300,precip_mm,24.125338871662567,0.0,0.0,batch_01845dc2ccc58baf7aef.csv,-15.25,-57.25
25,episodes,1.0,2006-02-21,0.0,200,0.0,2,25,>=,EST,107885,OK,2006,Li et al. 2025a,2006-02-14,34.0,200,tmax_c,24.125338871662567,0.0,0.0,batch_01845dc2ccc58baf7aef.csv,-15.25,-57.25
25,episodes,1.0,2006-04-12,0.0,625,0.0,2,25,>=,VEG,107885,OK,2006,Li et al. 2025a,2006-03-19,34.6,625,tmax_c,24.125338871662567,0.0,0.0,batch_01845dc2ccc58baf7aef.csv,-15.25,-57.25
25,episodes,1.0,2006-04-28,0.0,200,0.0,2,25,>=,REP,107885,OK,2006,Li et al. (2025b),2006-04-21,33.7,200,tmax_c,24.125338871662567,0.0,0.0,batch_01845dc2ccc58baf7aef.csv,-15.25,-57.25
25,episodes,1.0,2006-04-20,0.0,200,0.0,2,25,>=,FLO,107885,OK,2006,Li et al. (2025b),2006-04-13,33.7,200,tmax_c,24.125338871662567,0.0,0.0,batch_01845dc2ccc58baf7aef.csv,-15.25,-57.25
25,episodes,1.0,2006-05-29,0.0,775,0.0,2,25,>=,FIL,107885,OK,2006,Li et al. (2025b),2006-04-29,32.7,775,tmax_c,24.125338871662567,0.0,0.0,batch_01845dc2ccc58baf7aef.csv,-15.25,-57.25
25,days,1.0,2006-06-10,0.0,300,0.0,1,25,>,MAT,107885,OK,2006,Ortega Gómez et al. (2019),2006-05-30,10.0,300,precip_mm,24.125338871662567,0.0,0.0,batch_01845dc2ccc58baf7aef.csv,-15.25,-57.25
25,episodes,1.0,2007-02-21,0.0,200,0.0,2,25,>=,EST,107885,OK,2007,Li et al. 2025a,2007-02-14,34.0,200,tmax_c,24.125338871662567,0.0,0.0,batch_01845dc2ccc58baf7aef.csv,-15.25,-57.25
25,episodes,1.0,2007-04-12,0.0,625,0.0,2,25,>=,VEG,107885,OK,2007,Li et al. 2025a,2007-03-19,34.6,625,tmax_c,24.125338871662567,0.0,0.0,batch_01845dc2ccc58baf7aef.csv,-15.25,-57.25
25,episodes,1.0,2007-04-28,0.0,200,0.0,2,25,>=,REP,107885,OK,2007,Li et al. (2025b),2007-04-21,33.7,200,tmax_c,24.125338871662567,0.0,0.0,batch_01845dc2ccc58baf7aef.csv,-15.25,-57.25
25,episodes,1.0,2007-04-20,0.0,200,0.0,2,25,>=,FLO,107885,OK,2007,Li et al. (2025b),2007-04-13,33.7,200,tmax_c,24.125338871662567,0.0,0.0,batch_01845dc2ccc58baf7aef.csv,-15.25,-57.25
25,episodes,1.0,2007-05-29,1.0,775,2.2001890691416643,2,25,>=,FIL,107885,OK,2007,Li et al. (2025b),2007-04-29,32.7,775,tmax_c,24.125338871662567,53.08030687477048,24.125338871662567,batch_01845dc2ccc58baf7aef.csv,-15.25,-57.25
25,days,1.0,2007-06-10,0.0,300,0.0,1,25,>,MAT,107885,OK,2007,Ortega Gómez et al. (2019),2007-05-30,10.0,300,precip_mm,24.125338871662567,0.0,0.0,batch_01845dc2ccc58baf7aef.csv,-15.25,-57.25
25,episodes,1.0,2008-02-21,0.0,200,0.0,2,25,>=,EST,107885,OK,2008,Li et al. 2025a,2008-02-14,34.0,200,tmax_c,24.125338871662567,0.0,0.0,batch_01845dc2ccc58baf7aef.csv,-15.25,-57.25
25,episodes,1.0,2008-04-12,0.0,625,0.0,2,25,>=,VEG,107885,OK,2008,Li et al. 2025a,2008-03-19,34.6,625,tmax_c,24.125338871662567,0.0,0.0,batch_01845dc2ccc58baf7aef.csv,-15.25,-57.25
25,episodes,1.0,2008-04-28,0.0,200,0.0,2,25,>=,REP,107885,OK,2008,Li et al. (2025b),2008-04-21,33.7,200,tmax_c,24.125338871662567,0.0,0.0,batch_01845dc2ccc58baf7aef.csv,-15.25,-57.25
25,episodes,1.0,2008-04-20,0.0,200,0.0,2,25,>=,FLO,107885,OK,2008,Li et al. (2025b),2008-04-13,33.7,200,tmax_c,24.125338871662567,0.0,0.0,batch_01845dc2ccc58baf7aef.csv,-15.25,-57.25
25,episodes,1.0,2008-05-29,0.0,775,0.0,2,25,>=,FIL,107885,OK,2008,Li et al. (2025b),2008-04-29,32.7,775,tmax_c,24.125338871662567,0.0,0.0,batch_01845dc2ccc58baf7aef.csv,-15.25,-57.25
25,days,1.0,2008-06-10,0.0,300,0.0,1,25,>,MAT,107885,OK,2008,Ortega Gómez et al. (2019),2008-05-30,10.0,300,precip_mm,24.125338871662567,0.0,0.0,batch_01845dc2ccc58baf7aef.csv,-15.25,-57.25
25,episodes,1.0,1985-10-25,0.0,350,0.0,2,25,>=,EST,88614,OK,1985,Li et al. 2025a,1985-10-12,34.0,350,tmax_c,22.032519186586832,0.0,0.0,batch_0184eb7feb83bd215390.csv,-28.25,27.25
25,episodes,1.0,1986-01-21,0.0,1125,0.0,2,25,>=,VEG,88614,OK,1985,Li et al. 2025a,1985-12-08,34.6,1125,tmax_c,22.032519186586832,0.0,0.0,batch_0184eb7feb83bd215390.csv,-28.25,27.25
25,episodes,1.0,1986-02-17,0.0,350,0.0,2,25,>=,REP,88614,OK,1985,Li et al. (2025b),1986-02-04,33.7,350,tmax_c,22.032519186586832,0.0,0.0,batch_0184eb7feb83bd215390.csv,-28.25,27.25
25,episodes,1.0,1986-02-03,0.0,325,0.0,2,25,>=,FLO,88614,OK,1985,Li et al. (2025b),1986-01-22,33.7,325,tmax_c,22.032519186586832,0.0,0.0,batch_0184eb7feb83bd215390.csv,-28.25,27.25
25,episodes,1.0,1986-04-13,0.0,1375,0.0,2,25,>=,FIL,88614,OK,1985,Li et al. (2025b),1986-02-18,32.7,1375,tmax_c,22.032519186586832,0.0,0.0,batch_0184eb7feb83bd215390.csv,-28.25,27.25
25,days,1.0,1986-05-04,1.0,525,1.0,1,25,>,MAT,88614,OK,1985,Ortega Gómez et al. (2019),1986-04-14,10.0,525,precip_mm,22.032519186586832,22.032519186586832,22.032519186586832,batch_0184eb7feb83bd215390.csv,-28.25,27.25
25,episodes,1.0,1986-10-25,0.0,350,0.0,2,25,>=,EST,88614,OK,1986,Li et al. 2025a,1986-10-12,34.0,350,tmax_c,22.032519186586832,0.0,0.0,batch_0184eb7feb83bd215390.csv,-28.25,27.25
25,episodes,1.0,1987-01-21,0.0,1125,0.0,2,25,>=,VEG,88614,OK,1986,Li et al. 2025a,1986-12-08,34.6,1125,tmax_c,22.032519186586832,0.0,0.0,batch_0184eb7feb83bd215390.csv,-28.25,27.25
25,episodes,1.0,1987-02-17,0.0,350,0.0,2,25,>=,REP,88614,OK,1986,Li et al. (2025b),1987-02-04,33.7,350,tmax_c,22.032519186586832,0.0,0.0,batch_0184eb7feb83bd215390.csv,-28.25,27.25
25,episodes,1.0,1987-02-03,0.520112970696689,325,0.520112970696689,2,25,>=,FLO,88614,OK,1986,Li et al. (2025b),1987-01-22,33.7,325,tmax_c,22.032519186586832,11.459399006067477,11.459399006067477,batch_0184eb7feb83bd215390.csv,-28.25,27.25
25,episodes,1.0,1987-04-13,0.1599254983648631,1375,0.1599254983648631,2,25,>=,FIL,88614,OK,1986,Li et al. (2025b),1987-02-18,32.7,1375,tmax_c,22.032519186586832,3.5235616111483083,3.5235616111483083,batch_0184eb7feb83bd215390.csv,-28.25,27.25
25,days,1.0,1987-05-04,0.5996635246258845,525,0.5996635246258845,1,25,>,MAT,88614,OK,1986,Ortega Gómez et al. (2019),1987-04-14,10.0,525,precip_mm,22.032519186586832,13.212098111816085,13.212098111816085,batch_0184eb7feb83bd215390.csv,-28.25,27.25
25,episodes,1.0,1987-10-25,0.0,350,0.0,2,25,>=,EST,88614,OK,1987,Li et al. 2025a,1987-10-12,34.0,350,tmax_c,22.032519186586832,0.0,0.0,batch_0184eb7feb83bd215390.csv,-28.25,27.25
25,episodes,1.0,1988-01-21,0.5599252547844615,1125,0.5999627492964236,2,25,>=,VEG,88614,OK,1987,Li et al. 2025a,1987-12-08,34.6,1125,tmax_c,22.032519186586832,13.218690785110836,12.33656391909317,batch_0184eb7feb83bd215390.csv,-28.25,27.25
25,episodes,1.0,1988-02-17,0.7598503876076972,350,0.7598503876076972,2,25,>=,REP,88614,OK,1987,Li et al. (2025b),1988-02-04,33.7,350,tmax_c,22.032519186586832,16.74141824390203,16.74141824390203,batch_0184eb7feb83bd215390.csv,-28.25,27.25
25,episodes,1.0,1988-02-03,0.0,325,0.0,2,25,>=,FLO,88614,OK,1987,Li et al. (2025b),1988-01-22,33.7,325,tmax_c,22.032519186586832,0.0,0.0,batch_0184eb7feb83bd215390.csv,-28.25,27.25
25,episodes,1.0,1988-04-13,0.0,1400,0.0,2,25,>=,FIL,88614,OK,1987,Li et al. (2025b),1988-02-18,32.7,1400,tmax_c,22.032519186586832,0.0,0.0,batch_0184eb7feb83bd215390.csv,-28.25,27.25
25,days,1.0,1988-05-04,1.0,525,2.760074988909931,1,25,>,MAT,88614,OK,1987,Ortega Gómez et al. (2019),1988-04-14,10.0,525,precip_mm,22.032519186586832,60.8114051495765,22.032519186586832,batch_0184eb7feb83bd215390.csv,-28.25,27.25
25,episodes,1.0,1988-10-25,0.0,350,0.0,2,25,>=,EST,88614,OK,1988,Li et al. 2025a,1988-10-12,34.0,350,tmax_c,22.032519186586832,0.0,0.0,batch_0184eb7feb83bd215390.csv,-28.25,27.25
25,episodes,1.0,1989-01-21,0.0,1125,0.0,2,25,>=,VEG,88614,OK,1988,Li et al. 2025a,1988-12-08,34.6,1125,tmax_c,22.032519186586832,0.0,0.0,batch_0184eb7feb83bd215390.csv,-28.25,27.25
25,episodes,1.0,1989-02-17,0.0,350,0.0,2,25,>=,REP,88614,OK,1988,Li et al. (2025b),1989-02-04,33.7,350,tmax_c,22.032519186586832,0.0,0.0,batch_0184eb7feb83bd215390.csv,-28.25,27.25
25,episodes,1.0,1989-02-03,0.0,325,0.0,2,25,>=,FLO,88614,OK,1988,Li et al. (2025b),1989-01-22,33.7,325,tmax_c,22.032519186586832,0.0,0.0,batch_0184eb7feb83bd215390.csv,-28.25,27.25
25,episodes,1.0,1989-04-13,0.0,1375,0.0,2,25,>=,FIL,88614,OK,1988,Li et al. (2025b),1989-02-18,32.7,1375,tmax_c,22.032519186586832,0.0,0.0,batch_0184eb7feb83bd215390.csv,-28.25,27.25
25,days,1.0,1989-05-04,0.2396252990306675,525,0.2396252990306675,1,25,>,MAT,88614,OK,1988,Ortega Gómez et al. (2019),1989-04-14,10.0,525,precip_mm,22.032519186586832,5.27954899848479,5.27954899848479,batch_0184eb7feb83bd215390.csv,-28.25,27.25
25,episodes,1.0,1989-02-22,0.0,225,0.0,2,25,>=,EST,107178,OK,1989,Li et al. 2025a,1989-02-14,34.0,225,tmax_c,24.067220347556287,0.0,0.0,batch_0186ce8a43d39c2a5c4a.csv,-15.75,-50.75
25,episodes,1.0,1989-04-20,0.0,725,0.0,2,25,>=,VEG,107178,OK,1989,Li et al. 2025a,1989-03-23,34.6,725,tmax_c,24.067220347556287,0.0,0.0,batch_0186ce8a43d39c2a5c4a.csv,-15.75,-50.75
25,episodes,1.0,1989-05-07,0.0,225,0.0,2,25,>=,REP,107178,OK,1989,Li et al. (2025b),1989-04-29,33.7,225,tmax_c,24.067220347556287,0.0,0.0,batch_0186ce8a43d39c2a5c4a.csv,-15.75,-50.75
25,episodes,1.0,1989-04-28,0.0,200,0.0,2,25,>=,FLO,107178,OK,1989,Li et al. (2025b),1989-04-21,33.7,200,tmax_c,24.067220347556287,0.0,0.0,batch_0186ce8a43d39c2a5c4a.csv,-15.75,-50.75
25,episodes,1.0,1989-06-12,0.0,900,0.0,2,25,>=,FIL,107178,OK,1989,Li et al. (2025b),1989-05-08,32.7,900,tmax_c,24.067220347556287,0.0,0.0,batch_0186ce8a43d39c2a5c4a.csv,-15.75,-50.75
25,days,1.0,1989-06-25,0.0,325,0.0,1,25,>,MAT,107178,OK,1989,Ortega Gómez et al. (2019),1989-06-13,10.0,325,precip_mm,24.067220347556287,0.0,0.0,batch_0186ce8a43d39c2a5c4a.csv,-15.75,-50.75
25,episodes,1.0,1990-02-22,0.0,225,0.0,2,25,>=,EST,107178,OK,1990,Li et al. 2025a,1990-02-14,34.0,225,tmax_c,24.067220347556287,0.0,0.0,batch_0186ce8a43d39c2a5c4a.csv,-15.75,-50.75
25,episodes,1.0,1990-04-20,0.0,725,0.0,2,25,>=,VEG,107178,OK,1990,Li et al. 2025a,1990-03-23,34.6,725,tmax_c,24.067220347556287,0.0,0.0,batch_0186ce8a43d39c2a5c4a.csv,-15.75,-50.75
25,episodes,1.0,1990-05-07,0.0,225,0.0,2,25,>=,REP,107178,OK,1990,Li et al. (2025b),1990-04-29,33.7,225,tmax_c,24.067220347556287,0.0,0.0,batch_0186ce8a43d39c2a5c4a.csv,-15.75,-50.75
25,episodes,1.0,1990-04-28,0.0,200,0.0,2,25,>=,FLO,107178,OK,1990,Li et al. (2025b),1990-04-21,33.7,200,tmax_c,24.067220347556287,0.0,0.0,batch_0186ce8a43d39c2a5c4a.csv,-15.75,-50.75
25,episodes,1.0,1990-06-12,0.0,900,0.0,2,25,>=,FIL,107178,OK,1990,Li et al. (2025b),1990-05-08,32.7,900,tmax_c,24.067220347556287,0.0,0.0,batch_0186ce8a43d39c2a5c4a.csv,-15.75,-50.75
25,days,1.0,1990-06-25,0.0,325,0.0,1,25,>,MAT,107178,OK,1990,Ortega Gómez et al. (2019),1990-06-13,10.0,325,precip_mm,24.067220347556287,0.0,0.0,batch_0186ce8a43d39c2a5c4a.csv,-15.75,-50.75
25,episodes,1.0,1991-02-22,0.0,225,0.0,2,25,>=,EST,107178,OK,1991,Li et al. 2025a,1991-02-14,34.0,225,tmax_c,24.067220347556287,0.0,0.0,batch_0186ce8a43d39c2a5c4a.csv,-15.75,-50.75
25,episodes,1.0,1991-04-20,0.0,725,0.0,2,25,>=,VEG,107178,OK,1991,Li et al. 2025a,1991-03-23,34.6,725,tmax_c,24.067220347556287,0.0,0.0,batch_0186ce8a43d39c2a5c4a.csv,-15.75,-50.75
25,episodes,1.0,1991-05-07,0.0,225,0.0,2,25,>=,REP,107178,OK,1991,Li et al. (2025b),1991-04-29,33.7,225,tmax_c,24.067220347556287,0.0,0.0,batch_0186ce8a43d39c2a5c4a.csv,-15.75,-50.75
25,episodes,1.0,1991-04-28,0.0,200,0.0,2,25,>=,FLO,107178,OK,1991,Li et al. (2025b),1991-04-21,33.7,200,tmax_c,24.067220347556287,0.0,0.0,batch_0186ce8a43d39c2a5c4a.csv,-15.75,-50.75
25,episodes,1.0,1991-06-12,0.0,900,0.0,2,25,>=,FIL,107178,OK,1991,Li et al. (2025b),1991-05-08,32.7,900,tmax_c,24.067220347556287,0.0,0.0,batch_0186ce8a43d39c2a5c4a.csv,-15.75,-50.75
25,days,1.0,1991-06-25,0.0,325,0.0,1,25,>,MAT,107178,OK,1991,Ortega Gómez et al. (2019),1991-06-13,10.0,325,precip_mm,24.067220347556287,0.0,0.0,batch_0186ce8a43d39c2a5c4a.csv,-15.75,-50.75
25,episodes,1.0,1992-02-22,0.0,225,0.0,2,25,>=,EST,107178,OK,1992,Li et al. 2025a,1992-02-14,34.0,225,tmax_c,24.067220347556287,0.0,0.0,batch_0186ce8a43d39c2a5c4a.csv,-15.75,-50.75
25,episodes,1.0,1992-04-20,0.0,725,0.0,2,25,>=,VEG,107178,OK,1992,Li et al. 2025a,1992-03-23,34.6,725,tmax_c,24.067220347556287,0.0,0.0,batch_0186ce8a43d39c2a5c4a.csv,-15.75,-50.75
25,episodes,1.0,1992-05-07,0.0,225,0.0,2,25,>=,REP,107178,OK,1992,Li et al. (2025b),1992-04-29,33.7,225,tmax_c,24.067220347556287,0.0,0.0,batch_0186ce8a43d39c2a5c4a.csv,-15.75,-50.75
25,episodes,1.0,1992-04-28,0.0,200,0.0,2,25,>=,FLO,107178,OK,1992,Li et al. (2025b),1992-04-21,33.7,200,tmax_c,24.067220347556287,0.0,0.0,batch_0186ce8a43d39c2a5c4a.csv,-15.75,-50.75
25,episodes,1.0,1992-06-12,0.0,900,0.0,2,25,>=,FIL,107178,OK,1992,Li et al. (2025b),1992-05-08,32.7,900,tmax_c,24.067220347556287,0.0,0.0,batch_0186ce8a43d39c2a5c4a.csv,-15.75,-50.75
25,days,1.0,1992-06-25,0.0,325,0.0,1,25,>,MAT,107178,OK,1992,Ortega Gómez et al. (2019),1992-06-13,10.0,325,precip_mm,24.067220347556287,0.0,0.0,batch_0186ce8a43d39c2a5c4a.csv,-15.75,-50.75
25,episodes,1.0,1981-10-26,0.0,275,0.0,2,25,>=,EST,82692,OK,1981,Li et al. 2025a,1981-10-16,34.0,275,tmax_c,21.037705463977183,0.0,0.0,batch_018826f584d886075a16.csv,-32.75,-53.75
25,episodes,1.0,1982-01-03,0.0,875,0.0,2,25,>=,VEG,82692,OK,1981,Li et al. 2025a,1981-11-30,34.6,875,tmax_c,21.037705463977183,0.0,0.0,batch_018826f584d886075a16.csv,-32.75,-53.75
25,episodes,1.0,1982-01-24,0.0,275,0.0,2,25,>=,REP,82692,OK,1981,Li et al. (2025b),1982-01-14,33.7,275,tmax_c,21.037705463977183,0.0,0.0,batch_018826f584d886075a16.csv,-32.75,-53.75
25,episodes,1.0,1982-01-13,0.0,250,0.0,2,25,>=,FLO,82692,OK,1981,Li et al. (2025b),1982-01-04,33.7,250,tmax_c,21.037705463977183,0.0,0.0,batch_018826f584d886075a16.csv,-32.75,-53.75
25,episodes,1.0,1982-03-09,0.0,1100,0.0,2,25,>=,FIL,82692,OK,1981,Li et al. (2025b),1982-01-25,32.7,1100,tmax_c,21.037705463977183,0.0,0.0,batch_018826f584d886075a16.csv,-32.75,-53.75
25,days,1.0,1982-03-25,0.9200446366015912,400,1.1203583110117152,1,25,>,MAT,82692,OK,1981,Ortega Gómez et al. (2019),1982-03-10,10.0,400,precip_mm,21.037705463977183,23.569768161183408,19.3556280785362,batch_018826f584d886075a16.csv,-32.75,-53.75
25,episodes,1.0,1982-10-26,0.0,275,0.0,2,25,>=,EST,82692,OK,1982,Li et al. 2025a,1982-10-16,34.0,275,tmax_c,21.037705463977183,0.0,0.0,batch_018826f584d886075a16.csv,-32.75,-53.75
25,episodes,1.0,1983-01-03,0.0,875,0.0,2,25,>=,VEG,82692,OK,1982,Li et al. 2025a,1982-11-30,34.6,875,tmax_c,21.037705463977183,0.0,0.0,batch_018826f584d886075a16.csv,-32.75,-53.75
25,episodes,1.0,1983-01-24,0.0,275,0.0,2,25,>=,REP,82692,OK,1982,Li et al. (2025b),1983-01-14,33.7,275,tmax_c,21.037705463977183,0.0,0.0,batch_018826f584d886075a16.csv,-32.75,-53.75
25,episodes,1.0,1983-01-13,0.0,250,0.0,2,25,>=,FLO,82692,OK,1982,Li et al. (2025b),1983-01-04,33.7,250,tmax_c,21.037705463977183,0.0,0.0,batch_018826f584d886075a16.csv,-32.75,-53.75
25,episodes,1.0,1983-03-09,0.0,1100,0.0,2,25,>=,FIL,82692,OK,1982,Li et al. (2025b),1983-01-25,32.7,1100,tmax_c,21.037705463977183,0.0,0.0,batch_018826f584d886075a16.csv,-32.75,-53.75
25,days,1.0,1983-03-25,1.0,400,2.999999999999999,1,25,>,MAT,82692,OK,1982,Ortega Gómez et al. (2019),1983-03-10,10.0,400,precip_mm,21.037705463977183,63.11311639193153,21.037705463977183,batch_018826f584d886075a16.csv,-32.75,-53.75
25,episodes,1.0,1983-10-26,0.0,275,0.0,2,25,>=,EST,82692,OK,1983,Li et al. 2025a,1983-10-16,34.0,275,tmax_c,21.037705463977183,0.0,0.0,batch_018826f584d886075a16.csv,-32.75,-53.75
25,episodes,1.0,1984-01-03,0.0,875,0.0,2,25,>=,VEG,82692,OK,1983,Li et al. 2025a,1983-11-30,34.6,875,tmax_c,21.037705463977183,0.0,0.0,batch_018826f584d886075a16.csv,-32.75,-53.75
25,episodes,1.0,1984-01-24,0.0,275,0.0,2,25,>=,REP,82692,OK,1983,Li et al. (2025b),1984-01-14,33.7,275,tmax_c,21.037705463977183,0.0,0.0,batch_018826f584d886075a16.csv,-32.75,-53.75
25,episodes,1.0,1984-01-13,0.0,250,0.0,2,25,>=,FLO,82692,OK,1983,Li et al. (2025b),1984-01-04,33.7,250,tmax_c,21.037705463977183,0.0,0.0,batch_018826f584d886075a16.csv,-32.75,-53.75
25,episodes,1.0,1984-03-09,0.2002689159613734,1125,0.2002689159613734,2,25,>=,FIL,82692,OK,1983,Li et al. (2025b),1984-01-25,32.7,1125,tmax_c,21.037705463977183,4.213198467585372,4.213198467585372,batch_018826f584d886075a16.csv,-32.75,-53.75
25,days,1.0,1984-03-25,0.2804927079322943,400,0.2804927079322943,1,25,>,MAT,82692,OK,1983,Ortega Gómez et al. (2019),1984-03-10,10.0,400,precip_mm,21.037705463977183,5.900922974272985,5.900922974272985,batch_018826f584d886075a16.csv,-32.75,-53.75
25,episodes,1.0,1984-10-26,0.0,275,0.0,2,25,>=,EST,82692,OK,1984,Li et al. 2025a,1984-10-16,34.0,275,tmax_c,21.037705463977183,0.0,0.0,batch_018826f584d886075a16.csv,-32.75,-53.75
25,episodes,1.0,1985-01-03,0.0,875,0.0,2,25,>=,VEG,82692,OK,1984,Li et al. 2025a,1984-11-30,34.6,875,tmax_c,21.037705463977183,0.0,0.0,batch_018826f584d886075a16.csv,-32.75,-53.75
25,episodes,1.0,1985-01-24,0.0,275,0.0,2,25,>=,REP,82692,OK,1984,Li et al. (2025b),1985-01-14,33.7,275,tmax_c,21.037705463977183,0.0,0.0,batch_018826f584d886075a16.csv,-32.75,-53.75
25,episodes,1.0,1985-01-13,0.6798213320194573,250,0.6798213320194573,2,25,>=,FLO,82692,OK,1984,Li et al. (2025b),1985-01-04,33.7,250,tmax_c,21.037705463977183,14.301880951153985,14.301880951153985,batch_018826f584d886075a16.csv,-32.75,-53.75
25,episodes,1.0,1985-03-09,0.1602240356653888,1100,0.1602240356653888,2,25,>=,FIL,82692,OK,1984,Li et al. (2025b),1985-01-25,32.7,1100,tmax_c,21.037705463977183,3.370746070578225,3.370746070578225,batch_018826f584d886075a16.csv,-32.75,-53.75
25,days,1.0,1985-03-25,0.2004475838054256,400,0.2004475838054256,1,25,>,MAT,82692,OK,1984,Ortega Gómez et al. (2019),1985-03-10,10.0,400,precip_mm,21.037705463977183,4.216957229064428,4.216957229064428,batch_018826f584d886075a16.csv,-32.75,-53.75
25,episodes,1.0,1981-02-23,0.0,250,0.0,2,25,>=,EST,96369,OK,1981,Li et al. 2025a,1981-02-14,34.0,250,tmax_c,22.9783134852824,0.0,0.0,batch_01891d7ffe631656c0ea.csv,-23.25,-55.25
25,episodes,1.0,1981-04-28,0.0,825,0.0,2,25,>=,VEG,96369,OK,1981,Li et al. 2025a,1981-03-27,34.6,825,tmax_c,22.9783134852824,0.0,0.0,batch_01891d7ffe631656c0ea.csv,-23.25,-55.25
25,episodes,1.0,1981-05-17,0.0,275,0.0,2,25,>=,REP,96369,OK,1981,Li et al. (2025b),1981-05-07,33.7,275,tmax_c,22.9783134852824,0.0,0.0,batch_01891d7ffe631656c0ea.csv,-23.25,-55.25
25,episodes,1.0,1981-05-06,0.0,200,0.0,2,25,>=,FLO,96369,OK,1981,Li et al. (2025b),1981-04-29,33.7,200,tmax_c,22.9783134852824,0.0,0.0,batch_01891d7ffe631656c0ea.csv,-23.25,-55.25
25,episodes,1.0,1981-06-25,0.0,975,0.0,2,25,>=,FIL,96369,OK,1981,Li et al. (2025b),1981-05-18,32.7,975,tmax_c,22.9783134852824,0.0,0.0,batch_01891d7ffe631656c0ea.csv,-23.25,-55.25
25,days,1.0,1981-07-10,0.0,375,0.0,1,25,>,MAT,96369,OK,1981,Ortega Gómez et al. (2019),1981-06-26,10.0,375,precip_mm,22.9783134852824,0.0,0.0,batch_01891d7ffe631656c0ea.csv,-23.25,-55.25
25,episodes,1.0,1982-02-23,0.0,250,0.0,2,25,>=,EST,96369,OK,1982,Li et al. 2025a,1982-02-14,34.0,250,tmax_c,22.9783134852824,0.0,0.0,batch_01891d7ffe631656c0ea.csv,-23.25,-55.25
25,episodes,1.0,1982-04-28,0.0,825,0.0,2,25,>=,VEG,96369,OK,1982,Li et al. 2025a,1982-03-27,34.6,825,tmax_c,22.9783134852824,0.0,0.0,batch_01891d7ffe631656c0ea.csv,-23.25,-55.25
25,episodes,1.0,1982-05-17,0.0,275,0.0,2,25,>=,REP,96369,OK,1982,Li et al. (2025b),1982-05-07,33.7,275,tmax_c,22.9783134852824,0.0,0.0,batch_01891d7ffe631656c0ea.csv,-23.25,-55.25
25,episodes,1.0,1982-05-06,0.0,200,0.0,2,25,>=,FLO,96369,OK,1982,Li et al. (2025b),1982-04-29,33.7,200,tmax_c,22.9783134852824,0.0,0.0,batch_01891d7ffe631656c0ea.csv,-23.25,-55.25
25,episodes,1.0,1982-06-25,0.0,975,0.0,2,25,>=,FIL,96369,OK,1982,Li et al. (2025b),1982-05-18,32.7,975,tmax_c,22.9783134852824,0.0,0.0,batch_01891d7ffe631656c0ea.csv,-23.25,-55.25
25,days,1.0,1982-07-10,1.0,375,2.3197908505282383,1,25,>,MAT,96369,OK,1982,Ortega Gómez et al. (2019),1982-06-26,10.0,375,precip_mm,22.9783134852824,53.30488138372773,22.9783134852824,batch_01891d7ffe631656c0ea.csv,-23.25,-55.25
25,episodes,1.0,1983-02-23,0.0,250,0.0,2,25,>=,EST,96369,OK,1983,Li et al. 2025a,1983-02-14,34.0,250,tmax_c,22.9783134852824,0.0,0.0,batch_01891d7ffe631656c0ea.csv,-23.25,-55.25
25,episodes,1.0,1983-04-28,0.0,825,0.0,2,25,>=,VEG,96369,OK,1983,Li et al. 2025a,1983-03-27,34.6,825,tmax_c,22.9783134852824,0.0,0.0,batch_01891d7ffe631656c0ea.csv,-23.25,-55.25
25,episodes,1.0,1983-05-17,0.0,275,0.0,2,25,>=,REP,96369,OK,1983,Li et al. (2025b),1983-05-07,33.7,275,tmax_c,22.9783134852824,0.0,0.0,batch_01891d7ffe631656c0ea.csv,-23.25,-55.25
25,episodes,1.0,1983-05-06,0.0,200,0.0,2,25,>=,FLO,96369,OK,1983,Li et al. (2025b),1983-04-29,33.7,200,tmax_c,22.9783134852824,0.0,0.0,batch_01891d7ffe631656c0ea.csv,-23.25,-55.25
25,episodes,1.0,1983-06-25,0.0,975,0.0,2,25,>=,FIL,96369,OK,1983,Li et al. (2025b),1983-05-18,32.7,975,tmax_c,22.9783134852824,0.0,0.0,batch_01891d7ffe631656c0ea.csv,-23.25,-55.25
25,days,1.0,1983-07-10,1.0,375,4.0,1,25,>,MAT,96369,OK,1983,Ortega Gómez et al. (2019),1983-06-26,10.0,375,precip_mm,22.9783134852824,91.91325394112958,22.9783134852824,batch_01891d7ffe631656c0ea.csv,-23.25,-55.25
25,episodes,1.0,1984-02-23,0.0,250,0.0,2,25,>=,EST,96369,OK,1984,Li et al. 2025a,1984-02-14,34.0,250,tmax_c,22.9783134852824,0.0,0.0,batch_01891d7ffe631656c0ea.csv,-23.25,-55.25
25,episodes,1.0,1984-04-28,0.0,825,0.0,2,25,>=,VEG,96369,OK,1984,Li et al. 2025a,1984-03-27,34.6,825,tmax_c,22.9783134852824,0.0,0.0,batch_01891d7ffe631656c0ea.csv,-23.25,-55.25
25,episodes,1.0,1984-05-17,0.0,275,0.0,2,25,>=,REP,96369,OK,1984,Li et al. (2025b),1984-05-07,33.7,275,tmax_c,22.9783134852824,0.0,0.0,batch_01891d7ffe631656c0ea.csv,-23.25,-55.25
25,episodes,1.0,1984-05-06,0.0,200,0.0,2,25,>=,FLO,96369,OK,1984,Li et al. (2025b),1984-04-29,33.7,200,tmax_c,22.9783134852824,0.0,0.0,batch_01891d7ffe631656c0ea.csv,-23.25,-55.25
25,episodes,1.0,1984-06-25,0.0,975,0.0,2,25,>=,FIL,96369,OK,1984,Li et al. (2025b),1984-05-18,32.7,975,tmax_c,22.9783134852824,0.0,0.0,batch_01891d7ffe631656c0ea.csv,-23.25,-55.25
25,days,1.0,1984-07-10,0.9198805557212,375,1.519611684201148,1,25,>,MAT,96369,OK,1984,Ortega Gómez et al. (2019),1984-06-26,10.0,375,precip_mm,22.9783134852824,34.918113655471934,21.13730377837751,batch_01891d7ffe631656c0ea.csv,-23.25,-55.25
25,episodes,1.0,2005-03-23,0.0,175,0.0,2,25,>=,EST,98538,OK,2005,Li et al. 2025a,2005-03-17,34.0,175,tmax_c,23.22824353092083,0.0,0.0,batch_0189339419b5acb98bcf.csv,-21.75,-50.75
25,episodes,1.0,2005-05-05,0.0,550,0.0,2,25,>=,VEG,98538,OK,2005,Li et al. 2025a,2005-04-14,34.6,550,tmax_c,23.22824353092083,0.0,0.0,batch_0189339419b5acb98bcf.csv,-21.75,-50.75
25,episodes,1.0,2005-05-19,0.0,175,0.0,2,25,>=,REP,98538,OK,2005,Li et al. (2025b),2005-05-13,33.7,175,tmax_c,23.22824353092083,0.0,0.0,batch_0189339419b5acb98bcf.csv,-21.75,-50.75
25,episodes,1.0,2005-05-12,0.0,175,0.0,2,25,>=,FLO,98538,OK,2005,Li et al. (2025b),2005-05-06,33.7,175,tmax_c,23.22824353092083,0.0,0.0,batch_0189339419b5acb98bcf.csv,-21.75,-50.75
25,episodes,1.0,2005-06-15,0.0,675,0.0,2,25,>=,FIL,98538,OK,2005,Li et al. (2025b),2005-05-20,32.7,675,tmax_c,23.22824353092083,0.0,0.0,batch_0189339419b5acb98bcf.csv,-21.75,-50.75
25,days,1.0,2005-06-25,1.0,250,1.0,1,25,>,MAT,98538,OK,2005,Ortega Gómez et al. (2019),2005-06-16,10.0,250,precip_mm,23.22824353092083,23.22824353092083,23.22824353092083,batch_0189339419b5acb98bcf.csv,-21.75,-50.75
25,episodes,1.0,2006-03-23,0.0,175,0.0,2,25,>=,EST,98538,OK,2006,Li et al. 2025a,2006-03-17,34.0,175,tmax_c,23.22824353092083,0.0,0.0,batch_0189339419b5acb98bcf.csv,-21.75,-50.75
25,episodes,1.0,2006-05-05,0.0,550,0.0,2,25,>=,VEG,98538,OK,2006,Li et al. 2025a,2006-04-14,34.6,550,tmax_c,23.22824353092083,0.0,0.0,batch_0189339419b5acb98bcf.csv,-21.75,-50.75
25,episodes,1.0,2006-05-19,0.0,175,0.0,2,25,>=,REP,98538,OK,2006,Li et al. (2025b),2006-05-13,33.7,175,tmax_c,23.22824353092083,0.0,0.0,batch_0189339419b5acb98bcf.csv,-21.75,-50.75
25,episodes,1.0,2006-05-12,0.0,175,0.0,2,25,>=,FLO,98538,OK,2006,Li et al. (2025b),2006-05-06,33.7,175,tmax_c,23.22824353092083,0.0,0.0,batch_0189339419b5acb98bcf.csv,-21.75,-50.75
25,episodes,1.0,2006-06-15,0.0,675,0.0,2,25,>=,FIL,98538,OK,2006,Li et al. (2025b),2006-05-20,32.7,675,tmax_c,23.22824353092083,0.0,0.0,batch_0189339419b5acb98bcf.csv,-21.75,-50.75
25,days,1.0,2006-06-25,0.0,250,0.0,1,25,>,MAT,98538,OK,2006,Ortega Gómez et al. (2019),2006-06-16,10.0,250,precip_mm,23.22824353092083,0.0,0.0,batch_0189339419b5acb98bcf.csv,-21.75,-50.75
25,episodes,1.0,2007-03-23,0.0,175,0.0,2,25,>=,EST,98538,OK,2007,Li et al. 2025a,2007-03-17,34.0,175,tmax_c,23.22824353092083,0.0,0.0,batch_0189339419b5acb98bcf.csv,-21.75,-50.75
25,episodes,1.0,2007-05-05,0.0,550,0.0,2,25,>=,VEG,98538,OK,2007,Li et al. 2025a,2007-04-14,34.6,550,tmax_c,23.22824353092083,0.0,0.0,batch_0189339419b5acb98bcf.csv,-21.75,-50.75
25,episodes,1.0,2007-05-19,0.0,175,0.0,2,25,>=,REP,98538,OK,2007,Li et al. (2025b),2007-05-13,33.7,175,tmax_c,23.22824353092083,0.0,0.0,batch_0189339419b5acb98bcf.csv,-21.75,-50.75
25,episodes,1.0,2007-05-12,0.0,175,0.0,2,25,>=,FLO,98538,OK,2007,Li et al. (2025b),2007-05-06,33.7,175,tmax_c,23.22824353092083,0.0,0.0,batch_0189339419b5acb98bcf.csv,-21.75,-50.75
25,episodes,1.0,2007-06-15,0.0,675,0.0,2,25,>=,FIL,98538,OK,2007,Li et al. (2025b),2007-05-20,32.7,675,tmax_c,23.22824353092083,0.0,0.0,batch_0189339419b5acb98bcf.csv,-21.75,-50.75
25,days,1.0,2007-06-25,0.0,250,0.0,1,25,>,MAT,98538,OK,2007,Ortega Gómez et al. (2019),2007-06-16,10.0,250,precip_mm,23.22824353092083,0.0,0.0,batch_0189339419b5acb98bcf.csv,-21.75,-50.75
25,episodes,1.0,2008-03-23,0.0,175,0.0,2,25,>=,EST,98538,OK,2008,Li et al. 2025a,2008-03-17,34.0,175,tmax_c,23.22824353092083,0.0,0.0,batch_0189339419b5acb98bcf.csv,-21.75,-50.75
25,episodes,1.0,2008-05-05,0.0,550,0.0,2,25,>=,VEG,98538,OK,2008,Li et al. 2025a,2008-04-14,34.6,550,tmax_c,23.22824353092083,0.0,0.0,batch_0189339419b5acb98bcf.csv,-21.75,-50.75
25,episodes,1.0,2008-05-19,0.0,175,0.0,2,25,>=,REP,98538,OK,2008,Li et al. (2025b),2008-05-13,33.7,175,tmax_c,23.22824353092083,0.0,0.0,batch_0189339419b5acb98bcf.csv,-21.75,-50.75
25,episodes,1.0,2008-05-12,0.0,175,0.0,2,25,>=,FLO,98538,OK,2008,Li et al. (2025b),2008-05-06,33.7,175,tmax_c,23.22824353092083,0.0,0.0,batch_0189339419b5acb98bcf.csv,-21.75,-50.75
25,episodes,1.0,2008-06-15,0.0,675,0.0,2,25,>=,FIL,98538,OK,2008,Li et al. (2025b),2008-05-20,32.7,675,tmax_c,23.22824353092083,0.0,0.0,batch_0189339419b5acb98bcf.csv,-21.75,-50.75
25,days,1.0,2008-06-25,0.0,250,0.0,1,25,>,MAT,98538,OK,2008,Ortega Gómez et al. (2019),2008-06-16,10.0,250,precip_mm,23.22824353092083,0.0,0.0,batch_0189339419b5acb98bcf.csv,-21.75,-50.75
25,episodes,1.0,1993-11-22,0.1200003655417017,200,0.1200003655417017,2,25,>=,EST,99276,OK,1993,Li et al. 2025a,1993-11-15,34.0,200,tmax_c,23.3080240299314,2.7969714036465367,2.7969714036465367,batch_019a7f37b6a3361dd668.csv,-21.25,-41.75
25,episodes,1.0,1994-01-11,0.0,625,0.0,2,25,>=,VEG,99276,OK,1993,Li et al. 2025a,1993-12-18,34.6,625,tmax_c,23.3080240299314,0.0,0.0,batch_019a7f37b6a3361dd668.csv,-21.25,-41.75
25,episodes,1.0,1994-01-27,0.0,200,0.0,2,25,>=,REP,99276,OK,1993,Li et al. (2025b),1994-01-20,33.7,200,tmax_c,23.3080240299314,0.0,0.0,batch_019a7f37b6a3361dd668.csv,-21.25,-41.75
25,episodes,1.0,1994-01-19,0.0,200,0.0,2,25,>=,FLO,99276,OK,1993,Li et al. (2025b),1994-01-12,33.7,200,tmax_c,23.3080240299314,0.0,0.0,batch_019a7f37b6a3361dd668.csv,-21.25,-41.75
25,episodes,1.0,1994-02-27,1.0,775,1.639784100828098,2,25,>=,FIL,99276,OK,1993,Li et al. (2025b),1994-01-28,32.7,775,tmax_c,23.3080240299314,38.22012722600076,23.3080240299314,batch_019a7f37b6a3361dd668.csv,-21.25,-41.75
25,days,1.0,1994-03-11,1.0,300,5.999999999999998,1,25,>,MAT,99276,OK,1993,Ortega Gómez et al. (2019),1994-02-28,10.0,300,precip_mm,23.3080240299314,139.84814417958836,23.3080240299314,batch_019a7f37b6a3361dd668.csv,-21.25,-41.75
25,episodes,1.0,1994-11-22,0.0,200,0.0,2,25,>=,EST,99276,OK,1994,Li et al. 2025a,1994-11-15,34.0,200,tmax_c,23.3080240299314,0.0,0.0,batch_019a7f37b6a3361dd668.csv,-21.25,-41.75
25,episodes,1.0,1995-01-11,0.75970268178379,625,0.75970268178379,2,25,>=,VEG,99276,OK,1994,Li et al. 2025a,1994-12-18,34.6,625,tmax_c,23.3080240299314,17.707168362619903,17.707168362619903,batch_019a7f37b6a3361dd668.csv,-21.25,-41.75
25,episodes,1.0,1995-01-27,0.0,200,0.0,2,25,>=,REP,99276,OK,1994,Li et al. (2025b),1995-01-20,33.7,200,tmax_c,23.3080240299314,0.0,0.0,batch_019a7f37b6a3361dd668.csv,-21.25,-41.75
25,episodes,1.0,1995-01-19,0.919891928608077,200,0.919891928608077,2,25,>=,FLO,99276,OK,1994,Li et al. (2025b),1995-01-12,33.7,200,tmax_c,23.3080240299314,21.440863176937,21.440863176937,batch_019a7f37b6a3361dd668.csv,-21.25,-41.75
25,episodes,1.0,1995-02-27,0.7598924159968642,775,1.079757570327717,2,25,>=,FIL,99276,OK,1994,Li et al. (2025b),1995-01-28,32.7,775,tmax_c,23.3080240299314,25.16701539569876,17.711590692217538,batch_019a7f37b6a3361dd668.csv,-21.25,-41.75
25,days,1.0,1995-03-11,1.0,300,1.0,1,25,>,MAT,99276,OK,1994,Ortega Gómez et al. (2019),1995-02-28,10.0,300,precip_mm,23.3080240299314,23.3080240299314,23.3080240299314,batch_019a7f37b6a3361dd668.csv,-21.25,-41.75
25,episodes,1.0,1995-11-22,0.0,200,0.0,2,25,>=,EST,99276,OK,1995,Li et al. 2025a,1995-11-15,34.0,200,tmax_c,23.3080240299314,0.0,0.0,batch_019a7f37b6a3361dd668.csv,-21.25,-41.75
25,episodes,1.0,1996-01-11,0.0,625,0.0,2,25,>=,VEG,99276,OK,1995,Li et al. 2025a,1995-12-18,34.6,625,tmax_c,23.3080240299314,0.0,0.0,batch_019a7f37b6a3361dd668.csv,-21.25,-41.75
25,episodes,1.0,1996-01-27,0.2800277489724977,200,0.2800277489724977,2,25,>=,REP,99276,OK,1995,Li et al. (2025b),1996-01-20,33.7,200,tmax_c,23.3080240299314,6.526893502098575,6.526893502098575,batch_019a7f37b6a3361dd668.csv,-21.25,-41.75
25,episodes,1.0,1996-01-19,0.0,200,0.0,2,25,>=,FLO,99276,OK,1995,Li et al. (2025b),1996-01-12,33.7,200,tmax_c,23.3080240299314,0.0,0.0,batch_019a7f37b6a3361dd668.csv,-21.25,-41.75
25,episodes,1.0,1996-02-27,1.0,775,1.799729455978639,2,25,>=,FIL,99276,OK,1995,Li et al. (2025b),1996-01-28,32.7,775,tmax_c,23.3080240299314,41.94813740732548,23.3080240299314,batch_019a7f37b6a3361dd668.csv,-21.25,-41.75
25,days,1.0,1996-03-11,1.0,325,2.2803789811198114,1,25,>,MAT,99276,OK,1995,Ortega Gómez et al. (2019),1996-02-28,10.0,325,precip_mm,23.3080240299314,53.15112808929104,23.3080240299314,batch_019a7f37b6a3361dd668.csv,-21.25,-41.75
25,episodes,1.0,1996-11-22,0.0,200,0.0,2,25,>=,EST,99276,OK,1996,Li et al. 2025a,1996-11-15,34.0,200,tmax_c,23.3080240299314,0.0,0.0,batch_019a7f37b6a3361dd668.csv,-21.25,-41.75
25,episodes,1.0,1997-01-11,0.0,625,0.0,2,25,>=,VEG,99276,OK,1996,Li et al. 2025a,1996-12-18,34.6,625,tmax_c,23.3080240299314,0.0,0.0,batch_019a7f37b6a3361dd668.csv,-21.25,-41.75
25,episodes,1.0,1997-01-27,0.0,200,0.0,2,25,>=,REP,99276,OK,1996,Li et al. (2025b),1997-01-20,33.7,200,tmax_c,23.3080240299314,0.0,0.0,batch_019a7f37b6a3361dd668.csv,-21.25,-41.75
25,episodes,1.0,1997-01-19,0.0,200,0.0,2,25,>=,FLO,99276,OK,1996,Li et al. (2025b),1997-01-12,33.7,200,tmax_c,23.3080240299314,0.0,0.0,batch_019a7f37b6a3361dd668.csv,-21.25,-41.75
25,episodes,1.0,1997-02-27,0.7598924159968642,775,0.7598924159968642,2,25,>=,FIL,99276,OK,1996,Li et al. (2025b),1997-01-28,32.7,775,tmax_c,23.3080240299314,17.711590692217538,17.711590692217538,batch_019a7f37b6a3361dd668.csv,-21.25,-41.75
25,days,1.0,1997-03-11,1.0,300,5.999999999999998,1,25,>,MAT,99276,OK,1996,Ortega Gómez et al. (2019),1997-02-28,10.0,300,precip_mm,23.3080240299314,139.84814417958836,23.3080240299314,batch_019a7f37b6a3361dd668.csv,-21.25,-41.75
25,episodes,1.0,1985-11-08,0.0,225,0.0,2,25,>=,EST,86701,OK,1985,Li et al. 2025a,1985-10-31,34.0,225,tmax_c,21.7157217109392,0.0,0.0,batch_019c7034d7dabe42d05c.csv,-29.75,150.75
25,episodes,1.0,1986-01-04,0.7201195232930849,725,0.7201195232930849,2,25,>=,VEG,86701,OK,1985,Li et al. 2025a,1985-12-07,34.6,725,tmax_c,21.7157217109392,15.63791516644683,15.63791516644683,batch_019c7034d7dabe42d05c.csv,-29.75,150.75
25,episodes,1.0,1986-01-21,0.7600797633864086,250,0.7600797633864086,2,25,>=,REP,86701,OK,1985,Li et al. (2025b),1986-01-12,33.7,250,tmax_c,21.7157217109392,16.50568061981576,16.50568061981576,batch_019c7034d7dabe42d05c.csv,-29.75,150.75
25,episodes,1.0,1986-01-11,0.0,175,0.0,2,25,>=,FLO,86701,OK,1985,Li et al. (2025b),1986-01-05,33.7,175,tmax_c,21.7157217109392,0.0,0.0,batch_019c7034d7dabe42d05c.csv,-29.75,150.75
25,episodes,1.0,1986-02-25,1.0,875,1.4398009570149009,2,25,>=,FIL,86701,OK,1985,Li et al. (2025b),1986-01-22,32.7,875,tmax_c,21.7157217109392,31.266316901679517,21.7157217109392,batch_019c7034d7dabe42d05c.csv,-29.75,150.75
25,days,1.0,1986-03-10,0.0,325,0.0,1,25,>,MAT,86701,OK,1985,Ortega Gómez et al. (2019),1986-02-26,10.0,325,precip_mm,21.7157217109392,0.0,0.0,batch_019c7034d7dabe42d05c.csv,-29.75,150.75
25,episodes,1.0,1986-11-08,0.0,225,0.0,2,25,>=,EST,86701,OK,1986,Li et al. 2025a,1986-10-31,34.0,225,tmax_c,21.7157217109392,0.0,0.0,batch_019c7034d7dabe42d05c.csv,-29.75,150.75
25,episodes,1.0,1987-01-04,0.9600797633864084,725,0.9600797633864084,2,25,>=,VEG,86701,OK,1986,Li et al. 2025a,1986-12-07,34.6,725,tmax_c,21.7157217109392,20.848824962003597,20.848824962003597,batch_019c7034d7dabe42d05c.csv,-29.75,150.75
25,episodes,1.0,1987-01-21,0.840079519692015,250,0.840079519692015,2,25,>=,REP,86701,OK,1986,Li et al. (2025b),1987-01-12,33.7,250,tmax_c,21.7157217109392,18.24293306469126,18.24293306469126,batch_019c7034d7dabe42d05c.csv,-29.75,150.75
25,episodes,1.0,1987-01-11,0.0,175,0.0,2,25,>=,FLO,86701,OK,1986,Li et al. (2025b),1987-01-05,33.7,175,tmax_c,21.7157217109392,0.0,0.0,batch_019c7034d7dabe42d05c.csv,-29.75,150.75
25,episodes,1.0,1987-02-25,0.6401991648322595,875,0.800398207817359,2,25,>=,FIL,86701,OK,1986,Li et al. (2025b),1987-01-22,32.7,875,tmax_c,21.7157217109392,17.381224738896247,13.902386903073037,batch_019c7034d7dabe42d05c.csv,-29.75,150.75
25,days,1.0,1987-03-10,1.0,325,1.0798404732271834,1,25,>,MAT,86701,OK,1986,Ortega Gómez et al. (2019),1987-02-26,10.0,325,precip_mm,21.7157217109392,23.4495152088104,21.7157217109392,batch_019c7034d7dabe42d05c.csv,-29.75,150.75
25,episodes,1.0,1987-11-08,0.0,225,0.0,2,25,>=,EST,86701,OK,1987,Li et al. 2025a,1987-10-31,34.0,225,tmax_c,21.7157217109392,0.0,0.0,batch_019c7034d7dabe42d05c.csv,-29.75,150.75
25,episodes,1.0,1988-01-04,0.6399602400933236,725,0.6399602400933236,2,25,>=,VEG,86701,OK,1987,Li et al. 2025a,1987-12-07,34.6,725,tmax_c,21.7157217109392,13.897198479932449,13.897198479932449,batch_019c7034d7dabe42d05c.csv,-29.75,150.75
25,episodes,1.0,1988-01-21,0.8799603619405576,250,0.8799603619405576,2,25,>=,REP,86701,OK,1987,Li et al. (2025b),1988-01-12,33.7,250,tmax_c,21.7157217109392,19.10897433655848,19.10897433655848,batch_019c7034d7dabe42d05c.csv,-29.75,150.75
25,episodes,1.0,1988-01-11,0.9600797633864084,175,0.9600797633864084,2,25,>=,FLO,86701,OK,1987,Li et al. (2025b),1988-01-05,33.7,175,tmax_c,21.7157217109392,20.848824962003597,20.848824962003597,batch_019c7034d7dabe42d05c.csv,-29.75,150.75
25,episodes,1.0,1988-02-25,0.0,875,0.0,2,25,>=,FIL,86701,OK,1987,Li et al. (2025b),1988-01-22,32.7,875,tmax_c,21.7157217109392,0.0,0.0,batch_019c7034d7dabe42d05c.csv,-29.75,150.75
25,days,1.0,1988-03-10,0.0,350,0.0,1,25,>,MAT,86701,OK,1987,Ortega Gómez et al. (2019),1988-02-26,10.0,350,precip_mm,21.7157217109392,0.0,0.0,batch_019c7034d7dabe42d05c.csv,-29.75,150.75
25,episodes,1.0,1988-11-08,0.0801194014458509,225,0.0801194014458509,2,25,>=,EST,86701,OK,1988,Li et al. 2025a,1988-10-31,34.0,225,tmax_c,21.7157217109392,1.7398506254451185,1.7398506254451185,batch_019c7034d7dabe42d05c.csv,-29.75,150.75
25,episodes,1.0,1989-01-04,0.0,725,0.0,2,25,>=,VEG,86701,OK,1988,Li et al. 2025a,1988-12-07,34.6,725,tmax_c,21.7157217109392,0.0,0.0,batch_019c7034d7dabe42d05c.csv,-29.75,150.75
25,episodes,1.0,1989-01-21,0.0,250,0.0,2,25,>=,REP,86701,OK,1988,Li et al. (2025b),1989-01-12,33.7,250,tmax_c,21.7157217109392,0.0,0.0,batch_019c7034d7dabe42d05c.csv,-29.75,150.75
25,episodes,1.0,1989-01-11,0.0,175,0.0,2,25,>=,FLO,86701,OK,1988,Li et al. (2025b),1989-01-05,33.7,175,tmax_c,21.7157217109392,0.0,0.0,batch_019c7034d7dabe42d05c.csv,-29.75,150.75
25,episodes,1.0,1989-02-25,0.680119401445851,875,1.1203984515117529,2,25,>=,FIL,86701,OK,1988,Li et al. (2025b),1989-01-22,32.7,875,tmax_c,21.7157217109392,24.330260978396424,14.76928365200864,batch_019c7034d7dabe42d05c.csv,-29.75,150.75
25,days,1.0,1989-03-10,0.0,325,0.0,1,25,>,MAT,86701,OK,1988,Ortega Gómez et al. (2019),1989-02-26,10.0,325,precip_mm,21.7157217109392,0.0,0.0,batch_019c7034d7dabe42d05c.csv,-29.75,150.75
25,episodes,1.0,2005-08-26,0.9600628724762692,275,1.2403451895268407,2,25,>=,EST,94927,OK,2005,Li et al. 2025a,2005-08-16,34.0,275,tmax_c,22.802933442447703,28.28350880244073,21.892249781641524,batch_01abf02c3056fabcc43d.csv,-24.25,-56.25
25,episodes,1.0,2005-11-04,0.200250758917434,900,0.2403133876993096,2,25,>=,VEG,94927,OK,2005,Li et al. 2025a,2005-09-30,34.6,900,tmax_c,22.802933442447703,5.479850185036488,4.566304727393888,batch_01abf02c3056fabcc43d.csv,-24.25,-56.25
25,episodes,1.0,2005-11-25,0.0,275,0.0,2,25,>=,REP,94927,OK,2005,Li et al. (2025b),2005-11-15,33.7,275,tmax_c,22.802933442447703,0.0,0.0,batch_01abf02c3056fabcc43d.csv,-24.25,-56.25
25,episodes,1.0,2005-11-14,0.0,250,0.0,2,25,>=,FLO,94927,OK,2005,Li et al. (2025b),2005-11-05,33.7,250,tmax_c,22.802933442447703,0.0,0.0,batch_01abf02c3056fabcc43d.csv,-24.25,-56.25
25,episodes,1.0,2006-01-08,1.0,1100,4.680471421772627,2,25,>=,FIL,94927,OK,2005,Li et al. (2025b),2005-11-26,32.7,1100,tmax_c,22.802933442447703,106.7284783099598,22.802933442447703,batch_01abf02c3056fabcc43d.csv,-24.25,-56.25
25,days,1.0,2006-01-24,0.8799370055809591,400,1.3200314361903656,1,25,>,MAT,94927,OK,2005,Ortega Gómez et al. (2019),2006-01-09,10.0,400,precip_mm,22.802933442447703,30.10058898138756,20.065144971809342,batch_01abf02c3056fabcc43d.csv,-24.25,-56.25
25,episodes,1.0,2006-08-26,0.0,275,0.0,2,25,>=,EST,94927,OK,2006,Li et al. 2025a,2006-08-16,34.0,275,tmax_c,22.802933442447703,0.0,0.0,batch_01abf02c3056fabcc43d.csv,-24.25,-56.25
25,episodes,1.0,2006-11-04,1.0,900,1.0,2,25,>=,VEG,94927,OK,2006,Li et al. 2025a,2006-09-30,34.6,900,tmax_c,22.802933442447703,22.802933442447703,22.802933442447703,batch_01abf02c3056fabcc43d.csv,-24.25,-56.25
25,episodes,1.0,2006-11-25,1.0,275,1.0,2,25,>=,REP,94927,OK,2006,Li et al. (2025b),2006-11-15,33.7,275,tmax_c,22.802933442447703,22.802933442447703,22.802933442447703,batch_01abf02c3056fabcc43d.csv,-24.25,-56.25
25,episodes,1.0,2006-11-14,0.0,250,0.0,2,25,>=,FLO,94927,OK,2006,Li et al. (2025b),2006-11-05,33.7,250,tmax_c,22.802933442447703,0.0,0.0,batch_01abf02c3056fabcc43d.csv,-24.25,-56.25
25,episodes,1.0,2007-01-08,1.0,1100,3.160282316955032,2,25,>=,FIL,94927,OK,2006,Li et al. (2025b),2006-11-26,32.7,1100,tmax_c,22.802933442447703,72.06370733287001,22.802933442447703,batch_01abf02c3056fabcc43d.csv,-24.25,-56.25
25,days,1.0,2007-01-24,1.0,400,5.480345067584066,1,25,>,MAT,94927,OK,2006,Ortega Gómez et al. (2019),2007-01-09,10.0,400,precip_mm,22.802933442447703,124.96794381776604,22.802933442447703,batch_01abf02c3056fabcc43d.csv,-24.25,-56.25
25,episodes,1.0,2007-08-26,0.8402199318675515,275,0.8402199318675515,2,25,>=,EST,94927,OK,2007,Li et al. 2025a,2007-08-16,34.0,275,tmax_c,22.802933442447703,19.15947918339372,19.15947918339372,batch_01abf02c3056fabcc43d.csv,-24.25,-56.25
25,episodes,1.0,2007-11-04,1.0,900,2.999999999999998,2,25,>=,VEG,94927,OK,2007,Li et al. 2025a,2007-09-30,34.6,900,tmax_c,22.802933442447703,68.40880032734306,22.802933442447703,batch_01abf02c3056fabcc43d.csv,-24.25,-56.25
25,episodes,1.0,2007-11-25,0.0400626287818756,275,0.0400626287818756,2,25,>=,REP,94927,OK,2007,Li et al. (2025b),2007-11-15,33.7,275,tmax_c,22.802933442447703,0.9135454576426008,0.9135454576426008,batch_01abf02c3056fabcc43d.csv,-24.25,-56.25
25,episodes,1.0,2007-11-14,0.6801570593912821,250,0.6801570593912821,2,25,>=,FLO,94927,OK,2007,Li et al. (2025b),2007-11-05,33.7,250,tmax_c,22.802933442447703,15.509576155710356,15.509576155710356,batch_01abf02c3056fabcc43d.csv,-24.25,-56.25
25,episodes,1.0,2008-01-08,1.0,1100,4.760283169885447,2,25,>=,FIL,94927,OK,2007,Li et al. (2025b),2007-11-26,32.7,1100,tmax_c,22.802933442447703,108.54842029010184,22.802933442447703,batch_01abf02c3056fabcc43d.csv,-24.25,-56.25
25,days,1.0,2008-01-24,1.0,400,1.9201257449525384,1,25,>,MAT,94927,OK,2007,Ortega Gómez et al. (2019),2008-01-09,10.0,400,precip_mm,22.802933442447703,43.78449956328305,22.802933442447703,batch_01abf02c3056fabcc43d.csv,-24.25,-56.25
25,episodes,1.0,2008-08-26,0.0,275,0.0,2,25,>=,EST,94927,OK,2008,Li et al. 2025a,2008-08-16,34.0,275,tmax_c,22.802933442447703,0.0,0.0,batch_01abf02c3056fabcc43d.csv,-24.25,-56.25
25,episodes,1.0,2008-11-04,0.9201257449525384,900,0.9201257449525384,2,25,>=,VEG,94927,OK,2008,Li et al. 2025a,2008-09-30,34.6,900,tmax_c,22.802933442447703,20.981566120835343,20.981566120835343,batch_01abf02c3056fabcc43d.csv,-24.25,-56.25
25,episodes,1.0,2008-11-25,0.920094186915013,275,0.920094186915013,2,25,>=,REP,94927,OK,2008,Li et al. (2025b),2008-11-15,33.7,275,tmax_c,22.802933442447703,20.98084650500608,20.98084650500608,batch_01abf02c3056fabcc43d.csv,-24.25,-56.25
25,episodes,1.0,2008-11-14,0.0,250,0.0,2,25,>=,FLO,94927,OK,2008,Li et al. (2025b),2008-11-05,33.7,250,tmax_c,22.802933442447703,0.0,0.0,batch_01abf02c3056fabcc43d.csv,-24.25,-56.25
25,episodes,1.0,2009-01-08,1.0,1100,3.479591816054044,2,25,>=,FIL,94927,OK,2008,Li et al. (2025b),2008-11-26,32.7,1100,tmax_c,22.802933442447703,79.34490058836609,22.802933442447703,batch_01abf02c3056fabcc43d.csv,-24.25,-56.25
25,days,1.0,2009-01-24,1.0,400,4.359717804796661,1,25,>,MAT,94927,OK,2008,Ortega Gómez et al. (2019),2009-01-09,10.0,400,precip_mm,22.802933442447703,99.41435493063248,22.802933442447703,batch_01abf02c3056fabcc43d.csv,-24.25,-56.25
25,episodes,1.0,2001-11-02,0.0,275,0.0,2,25,>=,EST,76920,OK,2001,Li et al. 2025a,2001-10-23,34.0,275,tmax_c,20.044330047439555,0.0,0.0,batch_01b4c42a943bc2eea5bd.csv,-36.75,-59.75
25,episodes,1.0,2002-01-07,0.0,850,0.0,2,25,>=,VEG,76920,OK,2001,Li et al. 2025a,2001-12-05,34.6,850,tmax_c,20.044330047439555,0.0,0.0,batch_01b4c42a943bc2eea5bd.csv,-36.75,-59.75
25,episodes,1.0,2002-01-27,0.0,275,0.0,2,25,>=,REP,76920,OK,2001,Li et al. (2025b),2002-01-17,33.7,275,tmax_c,20.044330047439555,0.0,0.0,batch_01b4c42a943bc2eea5bd.csv,-36.75,-59.75
25,episodes,1.0,2002-01-16,0.0,225,0.0,2,25,>=,FLO,76920,OK,2001,Li et al. (2025b),2002-01-08,33.7,225,tmax_c,20.044330047439555,0.0,0.0,batch_01b4c42a943bc2eea5bd.csv,-36.75,-59.75
25,episodes,1.0,2002-03-10,0.0,1050,0.0,2,25,>=,FIL,76920,OK,2001,Li et al. (2025b),2002-01-28,32.7,1050,tmax_c,20.044330047439555,0.0,0.0,batch_01b4c42a943bc2eea5bd.csv,-36.75,-59.75
25,days,1.0,2002-03-25,1.0,375,4.560989498780129,1,25,>,MAT,76920,OK,2001,Ortega Gómez et al. (2019),2002-03-11,10.0,375,precip_mm,20.044330047439555,91.4219788564548,20.044330047439555,batch_01b4c42a943bc2eea5bd.csv,-36.75,-59.75
25,episodes,1.0,2002-11-02,0.0,275,0.0,2,25,>=,EST,76920,OK,2002,Li et al. 2025a,2002-10-23,34.0,275,tmax_c,20.044330047439555,0.0,0.0,batch_01b4c42a943bc2eea5bd.csv,-36.75,-59.75
25,episodes,1.0,2003-01-07,0.0,850,0.0,2,25,>=,VEG,76920,OK,2002,Li et al. 2025a,2002-12-05,34.6,850,tmax_c,20.044330047439555,0.0,0.0,batch_01b4c42a943bc2eea5bd.csv,-36.75,-59.75
25,episodes,1.0,2003-01-27,0.0,275,0.0,2,25,>=,REP,76920,OK,2002,Li et al. (2025b),2003-01-17,33.7,275,tmax_c,20.044330047439555,0.0,0.0,batch_01b4c42a943bc2eea5bd.csv,-36.75,-59.75
25,episodes,1.0,2003-01-16,0.0,225,0.0,2,25,>=,FLO,76920,OK,2002,Li et al. (2025b),2003-01-08,33.7,225,tmax_c,20.044330047439555,0.0,0.0,batch_01b4c42a943bc2eea5bd.csv,-36.75,-59.75
25,episodes,1.0,2003-03-10,0.7205206157137101,1050,0.7205206157137101,2,25,>=,FIL,76920,OK,2002,Li et al. (2025b),2003-01-28,32.7,1050,tmax_c,20.044330047439555,14.442353027349968,14.442353027349968,batch_01b4c42a943bc2eea5bd.csv,-36.75,-59.75
25,days,1.0,2003-03-25,0.8797399967611553,375,0.8797399967611553,1,25,>,MAT,76920,OK,2002,Ortega Gómez et al. (2019),2003-03-11,10.0,375,precip_mm,20.044330047439555,17.633798851014003,17.633798851014003,batch_01b4c42a943bc2eea5bd.csv,-36.75,-59.75
25,episodes,1.0,2003-11-02,0.0,275,0.0,2,25,>=,EST,76920,OK,2003,Li et al. 2025a,2003-10-23,34.0,275,tmax_c,20.044330047439555,0.0,0.0,batch_01b4c42a943bc2eea5bd.csv,-36.75,-59.75
25,episodes,1.0,2004-01-07,0.0,850,0.0,2,25,>=,VEG,76920,OK,2003,Li et al. 2025a,2003-12-05,34.6,850,tmax_c,20.044330047439555,0.0,0.0,batch_01b4c42a943bc2eea5bd.csv,-36.75,-59.75
25,episodes,1.0,2004-01-27,0.0,275,0.0,2,25,>=,REP,76920,OK,2003,Li et al. (2025b),2004-01-17,33.7,275,tmax_c,20.044330047439555,0.0,0.0,batch_01b4c42a943bc2eea5bd.csv,-36.75,-59.75
25,episodes,1.0,2004-01-16,0.0,225,0.0,2,25,>=,FLO,76920,OK,2003,Li et al. (2025b),2004-01-08,33.7,225,tmax_c,20.044330047439555,0.0,0.0,batch_01b4c42a943bc2eea5bd.csv,-36.75,-59.75
25,episodes,1.0,2004-03-10,0.0,1075,0.0,2,25,>=,FIL,76920,OK,2003,Li et al. (2025b),2004-01-28,32.7,1075,tmax_c,20.044330047439555,0.0,0.0,batch_01b4c42a943bc2eea5bd.csv,-36.75,-59.75
25,days,1.0,2004-03-25,0.0,375,0.0,1,25,>,MAT,76920,OK,2003,Ortega Gómez et al. (2019),2004-03-11,10.0,375,precip_mm,20.044330047439555,0.0,0.0,batch_01b4c42a943bc2eea5bd.csv,-36.75,-59.75
25,episodes,1.0,2004-11-02,0.0,275,0.0,2,25,>=,EST,76920,OK,2004,Li et al. 2025a,2004-10-23,34.0,275,tmax_c,20.044330047439555,0.0,0.0,batch_01b4c42a943bc2eea5bd.csv,-36.75,-59.75
25,episodes,1.0,2005-01-07,0.0,850,0.0,2,25,>=,VEG,76920,OK,2004,Li et al. 2025a,2004-12-05,34.6,850,tmax_c,20.044330047439555,0.0,0.0,batch_01b4c42a943bc2eea5bd.csv,-36.75,-59.75
25,episodes,1.0,2005-01-27,0.0,275,0.0,2,25,>=,REP,76920,OK,2004,Li et al. (2025b),2005-01-17,33.7,275,tmax_c,20.044330047439555,0.0,0.0,batch_01b4c42a943bc2eea5bd.csv,-36.75,-59.75
25,episodes,1.0,2005-01-16,0.0,225,0.0,2,25,>=,FLO,76920,OK,2004,Li et al. (2025b),2005-01-08,33.7,225,tmax_c,20.044330047439555,0.0,0.0,batch_01b4c42a943bc2eea5bd.csv,-36.75,-59.75
25,episodes,1.0,2005-03-10,0.0,1050,0.0,2,25,>=,FIL,76920,OK,2004,Li et al. (2025b),2005-01-28,32.7,1050,tmax_c,20.044330047439555,0.0,0.0,batch_01b4c42a943bc2eea5bd.csv,-36.75,-59.75
25,days,1.0,2005-03-25,0.0,375,0.0,1,25,>,MAT,76920,OK,2004,Ortega Gómez et al. (2019),2005-03-11,10.0,375,precip_mm,20.044330047439555,0.0,0.0,batch_01b4c42a943bc2eea5bd.csv,-36.75,-59.75
25,episodes,1.0,1989-08-26,0.0,275,0.0,2,25,>=,EST,92046,OK,1989,Li et al. 2025a,1989-08-16,34.0,275,tmax_c,22.431390911784813,0.0,0.0,batch_01c1c3198ab4c46b2460.csv,-26.25,-56.75
25,episodes,1.0,1989-11-04,0.0,900,0.0,2,25,>=,VEG,92046,OK,1989,Li et al. 2025a,1989-09-30,34.6,900,tmax_c,22.431390911784813,0.0,0.0,batch_01c1c3198ab4c46b2460.csv,-26.25,-56.75
25,episodes,1.0,1989-11-25,0.0,275,0.0,2,25,>=,REP,92046,OK,1989,Li et al. (2025b),1989-11-15,33.7,275,tmax_c,22.431390911784813,0.0,0.0,batch_01c1c3198ab4c46b2460.csv,-26.25,-56.75
25,episodes,1.0,1989-11-14,0.0,250,0.0,2,25,>=,FLO,92046,OK,1989,Li et al. (2025b),1989-11-05,33.7,250,tmax_c,22.431390911784813,0.0,0.0,batch_01c1c3198ab4c46b2460.csv,-26.25,-56.75
25,episodes,1.0,1990-01-08,1.0,1100,3.719519919703742,2,25,>=,FIL,92046,OK,1989,Li et al. (2025b),1989-11-26,32.7,1100,tmax_c,22.431390911784813,83.4340053230451,22.431390911784813,batch_01c1c3198ab4c46b2460.csv,-26.25,-56.75
25,days,1.0,1990-01-24,1.0,400,7.960790896750418,1,25,>,MAT,92046,OK,1989,Ortega Gómez et al. (2019),1990-01-09,10.0,400,precip_mm,22.431390911784813,178.5716125719866,22.431390911784813,batch_01c1c3198ab4c46b2460.csv,-26.25,-56.75
25,episodes,1.0,1990-08-26,0.0,275,0.0,2,25,>=,EST,92046,OK,1990,Li et al. 2025a,1990-08-16,34.0,275,tmax_c,22.431390911784813,0.0,0.0,batch_01c1c3198ab4c46b2460.csv,-26.25,-56.75
25,episodes,1.0,1990-11-04,0.0,900,0.0,2,25,>=,VEG,92046,OK,1990,Li et al. 2025a,1990-09-30,34.6,900,tmax_c,22.431390911784813,0.0,0.0,batch_01c1c3198ab4c46b2460.csv,-26.25,-56.75
25,episodes,1.0,1990-11-25,0.0,275,0.0,2,25,>=,REP,92046,OK,1990,Li et al. (2025b),1990-11-15,33.7,275,tmax_c,22.431390911784813,0.0,0.0,batch_01c1c3198ab4c46b2460.csv,-26.25,-56.75
25,episodes,1.0,1990-11-14,0.7196224283544402,250,0.7196224283544402,2,25,>=,FLO,92046,OK,1990,Li et al. (2025b),1990-11-05,33.7,250,tmax_c,22.431390911784813,16.142131999306308,16.142131999306308,batch_01c1c3198ab4c46b2460.csv,-26.25,-56.75
25,episodes,1.0,1991-01-08,1.0,1100,4.239725059061513,2,25,>=,FIL,92046,OK,1990,Li et al. (2025b),1990-11-26,32.7,1100,tmax_c,22.431390911784813,95.10293015829876,22.431390911784813,batch_01c1c3198ab4c46b2460.csv,-26.25,-56.75
25,days,1.0,1991-01-24,1.0,400,1.0,1,25,>,MAT,92046,OK,1990,Ortega Gómez et al. (2019),1991-01-09,10.0,400,precip_mm,22.431390911784813,22.431390911784813,22.431390911784813,batch_01c1c3198ab4c46b2460.csv,-26.25,-56.75
25,episodes,1.0,1991-08-26,0.0,275,0.0,2,25,>=,EST,92046,OK,1991,Li et al. 2025a,1991-08-16,34.0,275,tmax_c,22.431390911784813,0.0,0.0,batch_01c1c3198ab4c46b2460.csv,-26.25,-56.75
25,episodes,1.0,1991-11-04,0.0,900,0.0,2,25,>=,VEG,92046,OK,1991,Li et al. 2025a,1991-09-30,34.6,900,tmax_c,22.431390911784813,0.0,0.0,batch_01c1c3198ab4c46b2460.csv,-26.25,-56.75
25,episodes,1.0,1991-11-25,1.0,275,1.0,2,25,>=,REP,92046,OK,1991,Li et al. (2025b),1991-11-15,33.7,275,tmax_c,22.431390911784813,22.431390911784813,22.431390911784813,batch_01c1c3198ab4c46b2460.csv,-26.25,-56.75
25,episodes,1.0,1991-11-14,0.0,250,0.0,2,25,>=,FLO,92046,OK,1991,Li et al. (2025b),1991-11-05,33.7,250,tmax_c,22.431390911784813,0.0,0.0,batch_01c1c3198ab4c46b2460.csv,-26.25,-56.75
25,episodes,1.0,1992-01-08,0.9599314171005344,1100,1.4398293955248047,2,25,>=,FIL,92046,OK,1991,Li et al. (2025b),1991-11-26,32.7,1100,tmax_c,22.431390911784813,32.297376017295726,21.532596865485647,batch_01c1c3198ab4c46b2460.csv,-26.25,-56.75
25,days,1.0,1992-01-24,0.0,400,0.0,1,25,>,MAT,92046,OK,1991,Ortega Gómez et al. (2019),1992-01-09,10.0,400,precip_mm,22.431390911784813,0.0,0.0,batch_01c1c3198ab4c46b2460.csv,-26.25,-56.75
25,episodes,1.0,1992-08-26,0.0,275,0.0,2,25,>=,EST,92046,OK,1992,Li et al. 2025a,1992-08-16,34.0,275,tmax_c,22.431390911784813,0.0,0.0,batch_01c1c3198ab4c46b2460.csv,-26.25,-56.75
25,episodes,1.0,1992-11-04,0.0,900,0.0,2,25,>=,VEG,92046,OK,1992,Li et al. 2025a,1992-09-30,34.6,900,tmax_c,22.431390911784813,0.0,0.0,batch_01c1c3198ab4c46b2460.csv,-26.25,-56.75
25,episodes,1.0,1992-11-25,0.0,275,0.0,2,25,>=,REP,92046,OK,1992,Li et al. (2025b),1992-11-15,33.7,275,tmax_c,22.431390911784813,0.0,0.0,batch_01c1c3198ab4c46b2460.csv,-26.25,-56.75
25,episodes,1.0,1992-11-14,0.0,250,0.0,2,25,>=,FLO,92046,OK,1992,Li et al. (2025b),1992-11-05,33.7,250,tmax_c,22.431390911784813,0.0,0.0,batch_01c1c3198ab4c46b2460.csv,-26.25,-56.75
25,episodes,1.0,1993-01-08,1.0,1100,2.7195882588042077,2,25,>=,FIL,92046,OK,1992,Li et al. (2025b),1992-11-26,32.7,1100,tmax_c,22.431390911784813,61.00414735233738,22.431390911784813,batch_01c1c3198ab4c46b2460.csv,-26.25,-56.75
25,days,1.0,1993-01-24,1.0,400,2.759896882008749,1,25,>,MAT,92046,OK,1992,Ortega Gómez et al. (2019),1993-01-09,10.0,400,precip_mm,22.431390911784813,61.9083258365543,22.431390911784813,batch_01c1c3198ab4c46b2460.csv,-26.25,-56.75
25,episodes,1.0,2001-11-28,0.3198483790873728,450,0.4797726295257308,2,25,>=,EST,107355,OK,2001,Li et al. 2025a,2001-11-11,34.0,450,tmax_c,24.125338871662567,11.574677268656878,7.716450533034861,batch_01c20764e92f19a32636.csv,-15.25,37.75
25,episodes,1.0,2002-03-18,0.0,1425,0.0,2,25,>=,VEG,107355,OK,2001,Li et al. 2025a,2002-01-21,34.6,1425,tmax_c,24.125338871662567,0.0,0.0,batch_01c20764e92f19a32636.csv,-15.25,37.75
25,episodes,1.0,2002-04-20,0.0,450,0.0,2,25,>=,REP,107355,OK,2001,Li et al. (2025b),2002-04-03,33.7,450,tmax_c,24.125338871662567,0.0,0.0,batch_01c20764e92f19a32636.csv,-15.25,37.75
25,episodes,1.0,2002-04-02,0.0,375,0.0,2,25,>=,FLO,107355,OK,2001,Li et al. (2025b),2002-03-19,33.7,375,tmax_c,24.125338871662567,0.0,0.0,batch_01c20764e92f19a32636.csv,-15.25,37.75
25,episodes,1.0,2002-06-28,0.0,1725,0.0,2,25,>=,FIL,107355,OK,2001,Li et al. (2025b),2002-04-21,32.7,1725,tmax_c,24.125338871662567,0.0,0.0,batch_01c20764e92f19a32636.csv,-15.25,37.75
25,days,1.0,2002-07-23,0.0,625,0.0,1,25,>,MAT,107355,OK,2001,Ortega Gómez et al. (2019),2002-06-29,10.0,625,precip_mm,24.125338871662567,0.0,0.0,batch_01c20764e92f19a32636.csv,-15.25,37.75
25,episodes,1.0,2002-11-28,0.0799430355341988,450,0.0799430355341988,2,25,>=,EST,107355,OK,2002,Li et al. 2025a,2002-11-11,34.0,450,tmax_c,24.125338871662567,1.928652822691908,1.928652822691908,batch_01c20764e92f19a32636.csv,-15.25,37.75
25,episodes,1.0,2003-03-18,0.0,1425,0.0,2,25,>=,VEG,107355,OK,2002,Li et al. 2025a,2003-01-21,34.6,1425,tmax_c,24.125338871662567,0.0,0.0,batch_01c20764e92f19a32636.csv,-15.25,37.75
25,episodes,1.0,2003-04-20,0.0,450,0.0,2,25,>=,REP,107355,OK,2002,Li et al. (2025b),2003-04-03,33.7,450,tmax_c,24.125338871662567,0.0,0.0,batch_01c20764e92f19a32636.csv,-15.25,37.75
25,episodes,1.0,2003-04-02,0.0,375,0.0,2,25,>=,FLO,107355,OK,2002,Li et al. (2025b),2003-03-19,33.7,375,tmax_c,24.125338871662567,0.0,0.0,batch_01c20764e92f19a32636.csv,-15.25,37.75
25,episodes,1.0,2003-06-28,0.0,1725,0.0,2,25,>=,FIL,107355,OK,2002,Li et al. (2025b),2003-04-21,32.7,1725,tmax_c,24.125338871662567,0.0,0.0,batch_01c20764e92f19a32636.csv,-15.25,37.75
25,days,1.0,2003-07-23,0.0,625,0.0,1,25,>,MAT,107355,OK,2002,Ortega Gómez et al. (2019),2003-06-29,10.0,625,precip_mm,24.125338871662567,0.0,0.0,batch_01c20764e92f19a32636.csv,-15.25,37.75
25,episodes,1.0,2003-11-28,0.0,450,0.0,2,25,>=,EST,107355,OK,2003,Li et al. 2025a,2003-11-11,34.0,450,tmax_c,24.125338871662567,0.0,0.0,batch_01c20764e92f19a32636.csv,-15.25,37.75
25,episodes,1.0,2004-03-18,0.0,1450,0.0,2,25,>=,VEG,107355,OK,2003,Li et al. 2025a,2004-01-21,34.6,1450,tmax_c,24.125338871662567,0.0,0.0,batch_01c20764e92f19a32636.csv,-15.25,37.75
25,episodes,1.0,2004-04-20,0.0,450,0.0,2,25,>=,REP,107355,OK,2003,Li et al. (2025b),2004-04-03,33.7,450,tmax_c,24.125338871662567,0.0,0.0,batch_01c20764e92f19a32636.csv,-15.25,37.75
25,episodes,1.0,2004-04-02,0.0,375,0.0,2,25,>=,FLO,107355,OK,2003,Li et al. (2025b),2004-03-19,33.7,375,tmax_c,24.125338871662567,0.0,0.0,batch_01c20764e92f19a32636.csv,-15.25,37.75
25,episodes,1.0,2004-06-28,0.0,1725,0.0,2,25,>=,FIL,107355,OK,2003,Li et al. (2025b),2004-04-21,32.7,1725,tmax_c,24.125338871662567,0.0,0.0,batch_01c20764e92f19a32636.csv,-15.25,37.75
25,days,1.0,2004-07-23,0.0,625,0.0,1,25,>,MAT,107355,OK,2003,Ortega Gómez et al. (2019),2004-06-29,10.0,625,precip_mm,24.125338871662567,0.0,0.0,batch_01c20764e92f19a32636.csv,-15.25,37.75
25,episodes,1.0,2004-11-28,0.3599621861716671,450,0.3599621861716671,2,25,>=,EST,107355,OK,2004,Li et al. 2025a,2004-11-11,34.0,450,tmax_c,24.125338871662567,8.684209722375957,8.684209722375957,batch_01c20764e92f19a32636.csv,-15.25,37.75
25,episodes,1.0,2005-03-18,0.0,1425,0.0,2,25,>=,VEG,107355,OK,2004,Li et al. 2025a,2005-01-21,34.6,1425,tmax_c,24.125338871662567,0.0,0.0,batch_01c20764e92f19a32636.csv,-15.25,37.75
25,episodes,1.0,2005-04-20,0.0,450,0.0,2,25,>=,REP,107355,OK,2004,Li et al. (2025b),2005-04-03,33.7,450,tmax_c,24.125338871662567,0.0,0.0,batch_01c20764e92f19a32636.csv,-15.25,37.75
25,episodes,1.0,2005-04-02,0.0,375,0.0,2,25,>=,FLO,107355,OK,2004,Li et al. (2025b),2005-03-19,33.7,375,tmax_c,24.125338871662567,0.0,0.0,batch_01c20764e92f19a32636.csv,-15.25,37.75
25,episodes,1.0,2005-06-28,0.0,1725,0.0,2,25,>=,FIL,107355,OK,2004,Li et al. (2025b),2005-04-21,32.7,1725,tmax_c,24.125338871662567,0.0,0.0,batch_01c20764e92f19a32636.csv,-15.25,37.75
25,days,1.0,2005-07-23,0.0,625,0.0,1,25,>,MAT,107355,OK,2004,Ortega Gómez et al. (2019),2005-06-29,10.0,625,precip_mm,24.125338871662567,0.0,0.0,batch_01c20764e92f19a32636.csv,-15.25,37.75
25,episodes,1.0,1985-02-21,0.0,200,0.0,2,25,>=,EST,106450,OK,1985,Li et al. 2025a,1985-02-14,34.0,200,tmax_c,24.007269011440503,0.0,0.0,batch_01c61c1ef69d09310767.csv,-16.25,-54.75
25,episodes,1.0,1985-04-12,0.0,625,0.0,2,25,>=,VEG,106450,OK,1985,Li et al. 2025a,1985-03-19,34.6,625,tmax_c,24.007269011440503,0.0,0.0,batch_01c61c1ef69d09310767.csv,-16.25,-54.75
25,episodes,1.0,1985-04-28,0.0,200,0.0,2,25,>=,REP,106450,OK,1985,Li et al. (2025b),1985-04-21,33.7,200,tmax_c,24.007269011440503,0.0,0.0,batch_01c61c1ef69d09310767.csv,-16.25,-54.75
25,episodes,1.0,1985-04-20,0.0,200,0.0,2,25,>=,FLO,106450,OK,1985,Li et al. (2025b),1985-04-13,33.7,200,tmax_c,24.007269011440503,0.0,0.0,batch_01c61c1ef69d09310767.csv,-16.25,-54.75
25,episodes,1.0,1985-05-29,0.0,775,0.0,2,25,>=,FIL,106450,OK,1985,Li et al. (2025b),1985-04-29,32.7,775,tmax_c,24.007269011440503,0.0,0.0,batch_01c61c1ef69d09310767.csv,-16.25,-54.75
25,days,1.0,1985-06-10,0.0,300,0.0,1,25,>,MAT,106450,OK,1985,Ortega Gómez et al. (2019),1985-05-30,10.0,300,precip_mm,24.007269011440503,0.0,0.0,batch_01c61c1ef69d09310767.csv,-16.25,-54.75
25,episodes,1.0,1986-02-21,0.0,200,0.0,2,25,>=,EST,106450,OK,1986,Li et al. 2025a,1986-02-14,34.0,200,tmax_c,24.007269011440503,0.0,0.0,batch_01c61c1ef69d09310767.csv,-16.25,-54.75
25,episodes,1.0,1986-04-12,0.0,625,0.0,2,25,>=,VEG,106450,OK,1986,Li et al. 2025a,1986-03-19,34.6,625,tmax_c,24.007269011440503,0.0,0.0,batch_01c61c1ef69d09310767.csv,-16.25,-54.75
25,episodes,1.0,1986-04-28,0.0,200,0.0,2,25,>=,REP,106450,OK,1986,Li et al. (2025b),1986-04-21,33.7,200,tmax_c,24.007269011440503,0.0,0.0,batch_01c61c1ef69d09310767.csv,-16.25,-54.75
25,episodes,1.0,1986-04-20,0.0,200,0.0,2,25,>=,FLO,106450,OK,1986,Li et al. (2025b),1986-04-13,33.7,200,tmax_c,24.007269011440503,0.0,0.0,batch_01c61c1ef69d09310767.csv,-16.25,-54.75
25,episodes,1.0,1986-05-29,0.0,775,0.0,2,25,>=,FIL,106450,OK,1986,Li et al. (2025b),1986-04-29,32.7,775,tmax_c,24.007269011440503,0.0,0.0,batch_01c61c1ef69d09310767.csv,-16.25,-54.75
25,days,1.0,1986-06-10,1.0,300,1.0,1,25,>,MAT,106450,OK,1986,Ortega Gómez et al. (2019),1986-05-30,10.0,300,precip_mm,24.007269011440503,24.007269011440503,24.007269011440503,batch_01c61c1ef69d09310767.csv,-16.25,-54.75
25,episodes,1.0,1987-02-21,0.0,200,0.0,2,25,>=,EST,106450,OK,1987,Li et al. 2025a,1987-02-14,34.0,200,tmax_c,24.007269011440503,0.0,0.0,batch_01c61c1ef69d09310767.csv,-16.25,-54.75
25,episodes,1.0,1987-04-12,0.0,625,0.0,2,25,>=,VEG,106450,OK,1987,Li et al. 2025a,1987-03-19,34.6,625,tmax_c,24.007269011440503,0.0,0.0,batch_01c61c1ef69d09310767.csv,-16.25,-54.75
25,episodes,1.0,1987-04-28,0.0,200,0.0,2,25,>=,REP,106450,OK,1987,Li et al. (2025b),1987-04-21,33.7,200,tmax_c,24.007269011440503,0.0,0.0,batch_01c61c1ef69d09310767.csv,-16.25,-54.75
25,episodes,1.0,1987-04-20,0.0,200,0.0,2,25,>=,FLO,106450,OK,1987,Li et al. (2025b),1987-04-13,33.7,200,tmax_c,24.007269011440503,0.0,0.0,batch_01c61c1ef69d09310767.csv,-16.25,-54.75
25,episodes,1.0,1987-05-29,0.0,775,0.0,2,25,>=,FIL,106450,OK,1987,Li et al. (2025b),1987-04-29,32.7,775,tmax_c,24.007269011440503,0.0,0.0,batch_01c61c1ef69d09310767.csv,-16.25,-54.75
25,days,1.0,1987-06-10,0.0,300,0.0,1,25,>,MAT,106450,OK,1987,Ortega Gómez et al. (2019),1987-05-30,10.0,300,precip_mm,24.007269011440503,0.0,0.0,batch_01c61c1ef69d09310767.csv,-16.25,-54.75
25,episodes,1.0,1988-02-21,0.0,200,0.0,2,25,>=,EST,106450,OK,1988,Li et al. 2025a,1988-02-14,34.0,200,tmax_c,24.007269011440503,0.0,0.0,batch_01c61c1ef69d09310767.csv,-16.25,-54.75
25,episodes,1.0,1988-04-12,0.0,625,0.0,2,25,>=,VEG,106450,OK,1988,Li et al. 2025a,1988-03-19,34.6,625,tmax_c,24.007269011440503,0.0,0.0,batch_01c61c1ef69d09310767.csv,-16.25,-54.75
25,episodes,1.0,1988-04-28,0.0,200,0.0,2,25,>=,REP,106450,OK,1988,Li et al. (2025b),1988-04-21,33.7,200,tmax_c,24.007269011440503,0.0,0.0,batch_01c61c1ef69d09310767.csv,-16.25,-54.75
25,episodes,1.0,1988-04-20,0.0,200,0.0,2,25,>=,FLO,106450,OK,1988,Li et al. (2025b),1988-04-13,33.7,200,tmax_c,24.007269011440503,0.0,0.0,batch_01c61c1ef69d09310767.csv,-16.25,-54.75
25,episodes,1.0,1988-05-29,0.0,775,0.0,2,25,>=,FIL,106450,OK,1988,Li et al. (2025b),1988-04-29,32.7,775,tmax_c,24.007269011440503,0.0,0.0,batch_01c61c1ef69d09310767.csv,-16.25,-54.75
25,days,1.0,1988-06-10,0.0,300,0.0,1,25,>,MAT,106450,OK,1988,Ortega Gómez et al. (2019),1988-05-30,10.0,300,precip_mm,24.007269011440503,0.0,0.0,batch_01c61c1ef69d09310767.csv,-16.25,-54.75
25,episodes,1.0,1993-02-23,0.0,250,0.0,2,25,>=,EST,102876,OK,1993,Li et al. 2025a,1993-02-14,34.0,250,tmax_c,23.680184809525272,0.0,0.0,batch_01cf77b9cd9bbc6f7734.csv,-18.75,-41.75
25,episodes,1.0,1993-04-28,0.0,825,0.0,2,25,>=,VEG,102876,OK,1993,Li et al. 2025a,1993-03-27,34.6,825,tmax_c,23.680184809525272,0.0,0.0,batch_01cf77b9cd9bbc6f7734.csv,-18.75,-41.75
25,episodes,1.0,1993-05-17,0.0,275,0.0,2,25,>=,REP,102876,OK,1993,Li et al. (2025b),1993-05-07,33.7,275,tmax_c,23.680184809525272,0.0,0.0,batch_01cf77b9cd9bbc6f7734.csv,-18.75,-41.75
25,episodes,1.0,1993-05-06,0.0,200,0.0,2,25,>=,FLO,102876,OK,1993,Li et al. (2025b),1993-04-29,33.7,200,tmax_c,23.680184809525272,0.0,0.0,batch_01cf77b9cd9bbc6f7734.csv,-18.75,-41.75
25,episodes,1.0,1993-06-25,0.0,975,0.0,2,25,>=,FIL,102876,OK,1993,Li et al. (2025b),1993-05-18,32.7,975,tmax_c,23.680184809525272,0.0,0.0,batch_01cf77b9cd9bbc6f7734.csv,-18.75,-41.75
25,days,1.0,1993-07-10,0.0,375,0.0,1,25,>,MAT,102876,OK,1993,Ortega Gómez et al. (2019),1993-06-26,10.0,375,precip_mm,23.680184809525272,0.0,0.0,batch_01cf77b9cd9bbc6f7734.csv,-18.75,-41.75
25,episodes,1.0,1994-02-23,0.7999289257581572,250,0.999857851516314,2,25,>=,EST,102876,OK,1994,Li et al. 2025a,1994-02-14,34.0,250,tmax_c,23.680184809525272,23.6768187071612,18.942464796438184,batch_01cf77b9cd9bbc6f7734.csv,-18.75,-41.75
25,episodes,1.0,1994-04-28,0.0,825,0.0,2,25,>=,VEG,102876,OK,1994,Li et al. 2025a,1994-03-27,34.6,825,tmax_c,23.680184809525272,0.0,0.0,batch_01cf77b9cd9bbc6f7734.csv,-18.75,-41.75
25,episodes,1.0,1994-05-17,0.0,275,0.0,2,25,>=,REP,102876,OK,1994,Li et al. (2025b),1994-05-07,33.7,275,tmax_c,23.680184809525272,0.0,0.0,batch_01cf77b9cd9bbc6f7734.csv,-18.75,-41.75
25,episodes,1.0,1994-05-06,0.0,200,0.0,2,25,>=,FLO,102876,OK,1994,Li et al. (2025b),1994-04-29,33.7,200,tmax_c,23.680184809525272,0.0,0.0,batch_01cf77b9cd9bbc6f7734.csv,-18.75,-41.75
25,episodes,1.0,1994-06-25,0.0,975,0.0,2,25,>=,FIL,102876,OK,1994,Li et al. (2025b),1994-05-18,32.7,975,tmax_c,23.680184809525272,0.0,0.0,batch_01cf77b9cd9bbc6f7734.csv,-18.75,-41.75
25,days,1.0,1994-07-10,0.0,375,0.0,1,25,>,MAT,102876,OK,1994,Ortega Gómez et al. (2019),1994-06-26,10.0,375,precip_mm,23.680184809525272,0.0,0.0,batch_01cf77b9cd9bbc6f7734.csv,-18.75,-41.75
25,episodes,1.0,1995-02-23,0.0,250,0.0,2,25,>=,EST,102876,OK,1995,Li et al. 2025a,1995-02-14,34.0,250,tmax_c,23.680184809525272,0.0,0.0,batch_01cf77b9cd9bbc6f7734.csv,-18.75,-41.75
25,episodes,1.0,1995-04-28,0.0,825,0.0,2,25,>=,VEG,102876,OK,1995,Li et al. 2025a,1995-03-27,34.6,825,tmax_c,23.680184809525272,0.0,0.0,batch_01cf77b9cd9bbc6f7734.csv,-18.75,-41.75
25,episodes,1.0,1995-05-17,0.0,275,0.0,2,25,>=,REP,102876,OK,1995,Li et al. (2025b),1995-05-07,33.7,275,tmax_c,23.680184809525272,0.0,0.0,batch_01cf77b9cd9bbc6f7734.csv,-18.75,-41.75
25,episodes,1.0,1995-05-06,0.0,200,0.0,2,25,>=,FLO,102876,OK,1995,Li et al. (2025b),1995-04-29,33.7,200,tmax_c,23.680184809525272,0.0,0.0,batch_01cf77b9cd9bbc6f7734.csv,-18.75,-41.75
25,episodes,1.0,1995-06-25,0.0,975,0.0,2,25,>=,FIL,102876,OK,1995,Li et al. (2025b),1995-05-18,32.7,975,tmax_c,23.680184809525272,0.0,0.0,batch_01cf77b9cd9bbc6f7734.csv,-18.75,-41.75
25,days,1.0,1995-07-10,0.0,375,0.0,1,25,>,MAT,102876,OK,1995,Ortega Gómez et al. (2019),1995-06-26,10.0,375,precip_mm,23.680184809525272,0.0,0.0,batch_01cf77b9cd9bbc6f7734.csv,-18.75,-41.75
25,episodes,1.0,1996-02-23,0.7999289257581572,250,0.7999289257581572,2,25,>=,EST,102876,OK,1996,Li et al. 2025a,1996-02-14,34.0,250,tmax_c,23.680184809525272,18.942464796438184,18.942464796438184,batch_01cf77b9cd9bbc6f7734.csv,-18.75,-41.75
25,episodes,1.0,1996-04-28,0.0,825,0.0,2,25,>=,VEG,102876,OK,1996,Li et al. 2025a,1996-03-27,34.6,825,tmax_c,23.680184809525272,0.0,0.0,batch_01cf77b9cd9bbc6f7734.csv,-18.75,-41.75
25,episodes,1.0,1996-05-17,0.0,275,0.0,2,25,>=,REP,102876,OK,1996,Li et al. (2025b),1996-05-07,33.7,275,tmax_c,23.680184809525272,0.0,0.0,batch_01cf77b9cd9bbc6f7734.csv,-18.75,-41.75
25,episodes,1.0,1996-05-06,0.0,200,0.0,2,25,>=,FLO,102876,OK,1996,Li et al. (2025b),1996-04-29,33.7,200,tmax_c,23.680184809525272,0.0,0.0,batch_01cf77b9cd9bbc6f7734.csv,-18.75,-41.75
25,episodes,1.0,1996-06-25,0.0,975,0.0,2,25,>=,FIL,102876,OK,1996,Li et al. (2025b),1996-05-18,32.7,975,tmax_c,23.680184809525272,0.0,0.0,batch_01cf77b9cd9bbc6f7734.csv,-18.75,-41.75
25,days,1.0,1996-07-10,0.0,375,0.0,1,25,>,MAT,102876,OK,1996,Ortega Gómez et al. (2019),1996-06-26,10.0,375,precip_mm,23.680184809525272,0.0,0.0,batch_01cf77b9cd9bbc6f7734.csv,-18.75,-41.75
25,episodes,1.0,1993-12-08,1.0,325,2.079937104116325,2,25,>=,EST,105186,OK,1993,Li et al. 2025a,1993-11-26,34.0,325,tmax_c,23.94548942884158,49.805111939272834,23.94548942884158,batch_01d33e88e47f0cd28daa.csv,-16.75,33.25
25,episodes,1.0,1994-02-23,0.9600420117993014,1000,0.9600420117993014,2,25,>=,VEG,105186,OK,1993,Li et al. 2025a,1994-01-15,34.6,1000,tmax_c,23.94548942884158,22.988675844783973,22.988675844783973,batch_01d33e88e47f0cd28daa.csv,-16.75,33.25
25,episodes,1.0,1994-03-18,1.0,300,1.9200418899520677,2,25,>=,REP,105186,OK,1993,Li et al. (2025b),1994-03-07,33.7,300,tmax_c,23.94548942884158,45.97634277878024,23.94548942884158,batch_01d33e88e47f0cd28daa.csv,-16.75,33.25
25,episodes,1.0,1994-03-06,0.0,275,0.0,2,25,>=,FLO,105186,OK,1993,Li et al. (2025b),1994-02-24,33.7,275,tmax_c,23.94548942884158,0.0,0.0,batch_01d33e88e47f0cd28daa.csv,-16.75,33.25
25,episodes,1.0,1994-05-06,1.0,1225,5.480147163112831,2,25,>=,FIL,105186,OK,1993,Li et al. (2025b),1994-03-19,32.7,1225,tmax_c,23.94548942884158,131.22480596281446,23.94548942884158,batch_01d33e88e47f0cd28daa.csv,-16.75,33.25
25,days,1.0,1994-05-24,0.0,450,0.0,1,25,>,MAT,105186,OK,1993,Ortega Gómez et al. (2019),1994-05-07,10.0,450,precip_mm,23.94548942884158,0.0,0.0,batch_01d33e88e47f0cd28daa.csv,-16.75,33.25
25,episodes,1.0,1994-12-08,0.9600420117993014,325,1.9200840235986028,2,25,>=,EST,105186,OK,1994,Li et al. 2025a,1994-11-26,34.0,325,tmax_c,23.94548942884158,45.977351689567946,22.988675844783973,batch_01d33e88e47f0cd28daa.csv,-16.75,33.25
25,episodes,1.0,1995-02-23,0.9200628958836748,1000,2.120566062825394,2,25,>=,VEG,105186,OK,1994,Li et al. 2025a,1995-01-15,34.6,1000,tmax_c,23.94548942884158,50.77799224054568,22.031356347251904,batch_01d33e88e47f0cd28daa.csv,-16.75,33.25
25,episodes,1.0,1995-03-18,0.7202518271652535,300,2.00077612188574,2,25,>=,REP,105186,OK,1994,Li et al. (2025b),1995-03-07,33.7,300,tmax_c,23.94548942884158,47.90956347609364,17.24678251348941,batch_01d33e88e47f0cd28daa.csv,-16.75,33.25
25,episodes,1.0,1995-03-06,0.9200628958836748,275,0.9600630177309089,2,25,>=,FLO,105186,OK,1994,Li et al. (2025b),1995-02-24,33.7,275,tmax_c,23.94548942884158,22.98917884209722,22.031356347251904,batch_01d33e88e47f0cd28daa.csv,-16.75,33.25
25,episodes,1.0,1995-05-06,1.0,1225,3.239790184634048,2,25,>=,FIL,105186,OK,1994,Li et al. (2025b),1995-03-19,32.7,1225,tmax_c,23.94548942884158,77.5783616178193,23.94548942884158,batch_01d33e88e47f0cd28daa.csv,-16.75,33.25
25,days,1.0,1995-05-24,0.0,450,0.0,1,25,>,MAT,105186,OK,1994,Ortega Gómez et al. (2019),1995-05-07,10.0,450,precip_mm,23.94548942884158,0.0,0.0,batch_01d33e88e47f0cd28daa.csv,-16.75,33.25
25,episodes,1.0,1995-12-08,1.0,325,1.0,2,25,>=,EST,105186,OK,1995,Li et al. 2025a,1995-11-26,34.0,325,tmax_c,23.94548942884158,23.94548942884158,23.94548942884158,batch_01d33e88e47f0cd28daa.csv,-16.75,33.25
25,episodes,1.0,1996-02-23,0.0,1000,0.0,2,25,>=,VEG,105186,OK,1995,Li et al. 2025a,1996-01-15,34.6,1000,tmax_c,23.94548942884158,0.0,0.0,batch_01d33e88e47f0cd28daa.csv,-16.75,33.25
25,episodes,1.0,1996-03-18,0.0,300,0.0,2,25,>=,REP,105186,OK,1995,Li et al. (2025b),1996-03-07,33.7,300,tmax_c,23.94548942884158,0.0,0.0,batch_01d33e88e47f0cd28daa.csv,-16.75,33.25
25,episodes,1.0,1996-03-06,0.0,300,0.0,2,25,>=,FLO,105186,OK,1995,Li et al. (2025b),1996-02-24,33.7,300,tmax_c,23.94548942884158,0.0,0.0,batch_01d33e88e47f0cd28daa.csv,-16.75,33.25
25,episodes,1.0,1996-05-06,0.0,1225,0.0,2,25,>=,FIL,105186,OK,1995,Li et al. (2025b),1996-03-19,32.7,1225,tmax_c,23.94548942884158,0.0,0.0,batch_01d33e88e47f0cd28daa.csv,-16.75,33.25
25,days,1.0,1996-05-24,1.0,450,1.0,1,25,>,MAT,105186,OK,1995,Ortega Gómez et al. (2019),1996-05-07,10.0,450,precip_mm,23.94548942884158,23.94548942884158,23.94548942884158,batch_01d33e88e47f0cd28daa.csv,-16.75,33.25
25,episodes,1.0,1996-12-08,1.0,325,2.4397486601596947,2,25,>=,EST,105186,OK,1996,Li et al. 2025a,1996-11-26,34.0,325,tmax_c,23.94548942884158,58.42097575088438,23.94548942884158,batch_01d33e88e47f0cd28daa.csv,-16.75,33.25
25,episodes,1.0,1997-02-23,0.0,1000,0.0,2,25,>=,VEG,105186,OK,1996,Li et al. 2025a,1997-01-15,34.6,1000,tmax_c,23.94548942884158,0.0,0.0,batch_01d33e88e47f0cd28daa.csv,-16.75,33.25
25,episodes,1.0,1997-03-18,0.0,300,0.0,2,25,>=,REP,105186,OK,1996,Li et al. (2025b),1997-03-07,33.7,300,tmax_c,23.94548942884158,0.0,0.0,batch_01d33e88e47f0cd28daa.csv,-16.75,33.25
25,episodes,1.0,1997-03-06,0.0,275,0.0,2,25,>=,FLO,105186,OK,1996,Li et al. (2025b),1997-02-24,33.7,275,tmax_c,23.94548942884158,0.0,0.0,batch_01d33e88e47f0cd28daa.csv,-16.75,33.25
25,episodes,1.0,1997-05-06,0.0,1225,0.0,2,25,>=,FIL,105186,OK,1996,Li et al. (2025b),1997-03-19,32.7,1225,tmax_c,23.94548942884158,0.0,0.0,batch_01d33e88e47f0cd28daa.csv,-16.75,33.25
25,days,1.0,1997-05-24,0.0,450,0.0,1,25,>,MAT,105186,OK,1996,Ortega Gómez et al. (2019),1997-05-07,10.0,450,precip_mm,23.94548942884158,0.0,0.0,batch_01d33e88e47f0cd28daa.csv,-16.75,33.25
25,episodes,1.0,1985-02-22,0.0,225,0.0,2,25,>=,EST,103577,OK,1985,Li et al. 2025a,1985-02-14,34.0,225,tmax_c,23.749228943669948,0.0,0.0,batch_01df66350c3caf3c9ec6.csv,-18.25,-51.25
25,episodes,1.0,1985-04-20,0.0,725,0.0,2,25,>=,VEG,103577,OK,1985,Li et al. 2025a,1985-03-23,34.6,725,tmax_c,23.749228943669948,0.0,0.0,batch_01df66350c3caf3c9ec6.csv,-18.25,-51.25
25,episodes,1.0,1985-05-07,0.0,225,0.0,2,25,>=,REP,103577,OK,1985,Li et al. (2025b),1985-04-29,33.7,225,tmax_c,23.749228943669948,0.0,0.0,batch_01df66350c3caf3c9ec6.csv,-18.25,-51.25
25,episodes,1.0,1985-04-28,0.0,200,0.0,2,25,>=,FLO,103577,OK,1985,Li et al. (2025b),1985-04-21,33.7,200,tmax_c,23.749228943669948,0.0,0.0,batch_01df66350c3caf3c9ec6.csv,-18.25,-51.25
25,episodes,1.0,1985-06-12,0.0,900,0.0,2,25,>=,FIL,103577,OK,1985,Li et al. (2025b),1985-05-08,32.7,900,tmax_c,23.749228943669948,0.0,0.0,batch_01df66350c3caf3c9ec6.csv,-18.25,-51.25
25,days,1.0,1985-06-25,0.0,325,0.0,1,25,>,MAT,103577,OK,1985,Ortega Gómez et al. (2019),1985-06-13,10.0,325,precip_mm,23.749228943669948,0.0,0.0,batch_01df66350c3caf3c9ec6.csv,-18.25,-51.25
25,episodes,1.0,1986-02-22,0.0,225,0.0,2,25,>=,EST,103577,OK,1986,Li et al. 2025a,1986-02-14,34.0,225,tmax_c,23.749228943669948,0.0,0.0,batch_01df66350c3caf3c9ec6.csv,-18.25,-51.25
25,episodes,1.0,1986-04-20,0.0,725,0.0,2,25,>=,VEG,103577,OK,1986,Li et al. 2025a,1986-03-23,34.6,725,tmax_c,23.749228943669948,0.0,0.0,batch_01df66350c3caf3c9ec6.csv,-18.25,-51.25
25,episodes,1.0,1986-05-07,0.0,225,0.0,2,25,>=,REP,103577,OK,1986,Li et al. (2025b),1986-04-29,33.7,225,tmax_c,23.749228943669948,0.0,0.0,batch_01df66350c3caf3c9ec6.csv,-18.25,-51.25
25,episodes,1.0,1986-04-28,0.0,200,0.0,2,25,>=,FLO,103577,OK,1986,Li et al. (2025b),1986-04-21,33.7,200,tmax_c,23.749228943669948,0.0,0.0,batch_01df66350c3caf3c9ec6.csv,-18.25,-51.25
25,episodes,1.0,1986-06-12,0.0,900,0.0,2,25,>=,FIL,103577,OK,1986,Li et al. (2025b),1986-05-08,32.7,900,tmax_c,23.749228943669948,0.0,0.0,batch_01df66350c3caf3c9ec6.csv,-18.25,-51.25
25,days,1.0,1986-06-25,0.0,325,0.0,1,25,>,MAT,103577,OK,1986,Ortega Gómez et al. (2019),1986-06-13,10.0,325,precip_mm,23.749228943669948,0.0,0.0,batch_01df66350c3caf3c9ec6.csv,-18.25,-51.25
25,episodes,1.0,1987-02-22,0.0,225,0.0,2,25,>=,EST,103577,OK,1987,Li et al. 2025a,1987-02-14,34.0,225,tmax_c,23.749228943669948,0.0,0.0,batch_01df66350c3caf3c9ec6.csv,-18.25,-51.25
25,episodes,1.0,1987-04-20,0.0,725,0.0,2,25,>=,VEG,103577,OK,1987,Li et al. 2025a,1987-03-23,34.6,725,tmax_c,23.749228943669948,0.0,0.0,batch_01df66350c3caf3c9ec6.csv,-18.25,-51.25
25,episodes,1.0,1987-05-07,0.0,225,0.0,2,25,>=,REP,103577,OK,1987,Li et al. (2025b),1987-04-29,33.7,225,tmax_c,23.749228943669948,0.0,0.0,batch_01df66350c3caf3c9ec6.csv,-18.25,-51.25
25,episodes,1.0,1987-04-28,0.0,200,0.0,2,25,>=,FLO,103577,OK,1987,Li et al. (2025b),1987-04-21,33.7,200,tmax_c,23.749228943669948,0.0,0.0,batch_01df66350c3caf3c9ec6.csv,-18.25,-51.25
25,episodes,1.0,1987-06-12,0.0,900,0.0,2,25,>=,FIL,103577,OK,1987,Li et al. (2025b),1987-05-08,32.7,900,tmax_c,23.749228943669948,0.0,0.0,batch_01df66350c3caf3c9ec6.csv,-18.25,-51.25
25,days,1.0,1987-06-25,1.0,325,1.0,1,25,>,MAT,103577,OK,1987,Ortega Gómez et al. (2019),1987-06-13,10.0,325,precip_mm,23.749228943669948,23.749228943669948,23.749228943669948,batch_01df66350c3caf3c9ec6.csv,-18.25,-51.25
25,episodes,1.0,1988-02-22,0.0,225,0.0,2,25,>=,EST,103577,OK,1988,Li et al. 2025a,1988-02-14,34.0,225,tmax_c,23.749228943669948,0.0,0.0,batch_01df66350c3caf3c9ec6.csv,-18.25,-51.25
25,episodes,1.0,1988-04-20,0.0,725,0.0,2,25,>=,VEG,103577,OK,1988,Li et al. 2025a,1988-03-23,34.6,725,tmax_c,23.749228943669948,0.0,0.0,batch_01df66350c3caf3c9ec6.csv,-18.25,-51.25
25,episodes,1.0,1988-05-07,0.0,225,0.0,2,25,>=,REP,103577,OK,1988,Li et al. (2025b),1988-04-29,33.7,225,tmax_c,23.749228943669948,0.0,0.0,batch_01df66350c3caf3c9ec6.csv,-18.25,-51.25
25,episodes,1.0,1988-04-28,0.0,200,0.0,2,25,>=,FLO,103577,OK,1988,Li et al. (2025b),1988-04-21,33.7,200,tmax_c,23.749228943669948,0.0,0.0,batch_01df66350c3caf3c9ec6.csv,-18.25,-51.25
25,episodes,1.0,1988-06-12,0.0,900,0.0,2,25,>=,FIL,103577,OK,1988,Li et al. (2025b),1988-05-08,32.7,900,tmax_c,23.749228943669948,0.0,0.0,batch_01df66350c3caf3c9ec6.csv,-18.25,-51.25
25,days,1.0,1988-06-25,0.0,325,0.0,1,25,>,MAT,103577,OK,1988,Ortega Gómez et al. (2019),1988-06-13,10.0,325,precip_mm,23.749228943669948,0.0,0.0,batch_01df66350c3caf3c9ec6.csv,-18.25,-51.25
25,episodes,1.0,2013-11-08,0.0,225,0.0,2,25,>=,EST,84543,OK,2013,Li et al. 2025a,2013-10-31,34.0,225,tmax_c,21.38404136435541,0.0,0.0,batch_01e160e836c1b4635862.csv,-31.25,151.75
25,episodes,1.0,2014-01-04,0.0,725,0.0,2,25,>=,VEG,84543,OK,2013,Li et al. 2025a,2013-12-07,34.6,725,tmax_c,21.38404136435541,0.0,0.0,batch_01e160e836c1b4635862.csv,-31.25,151.75
25,episodes,1.0,2014-01-21,0.0,250,0.0,2,25,>=,REP,84543,OK,2013,Li et al. (2025b),2014-01-12,33.7,250,tmax_c,21.38404136435541,0.0,0.0,batch_01e160e836c1b4635862.csv,-31.25,151.75
25,episodes,1.0,2014-01-11,0.0,175,0.0,2,25,>=,FLO,84543,OK,2013,Li et al. (2025b),2014-01-05,33.7,175,tmax_c,21.38404136435541,0.0,0.0,batch_01e160e836c1b4635862.csv,-31.25,151.75
25,episodes,1.0,2014-02-25,0.0,875,0.0,2,25,>=,FIL,84543,OK,2013,Li et al. (2025b),2014-01-22,32.7,875,tmax_c,21.38404136435541,0.0,0.0,batch_01e160e836c1b4635862.csv,-31.25,151.75
25,days,1.0,2014-03-10,0.9599155610439988,325,1.519746317590368,1,25,>,MAT,84543,OK,2013,Ortega Gómez et al. (2019),2014-02-26,10.0,325,precip_mm,21.38404136435541,32.49831811867925,20.526874063653302,batch_01e160e836c1b4635862.csv,-31.25,151.75
25,episodes,1.0,2014-11-08,0.0,225,0.0,2,25,>=,EST,84543,OK,2014,Li et al. 2025a,2014-10-31,34.0,225,tmax_c,21.38404136435541,0.0,0.0,batch_01e160e836c1b4635862.csv,-31.25,151.75
25,episodes,1.0,2015-01-04,0.0,725,0.0,2,25,>=,VEG,84543,OK,2014,Li et al. 2025a,2014-12-07,34.6,725,tmax_c,21.38404136435541,0.0,0.0,batch_01e160e836c1b4635862.csv,-31.25,151.75
25,episodes,1.0,2015-01-21,0.0,250,0.0,2,25,>=,REP,84543,OK,2014,Li et al. (2025b),2015-01-12,33.7,250,tmax_c,21.38404136435541,0.0,0.0,batch_01e160e836c1b4635862.csv,-31.25,151.75
25,episodes,1.0,2015-01-11,0.0,175,0.0,2,25,>=,FLO,84543,OK,2014,Li et al. (2025b),2015-01-05,33.7,175,tmax_c,21.38404136435541,0.0,0.0,batch_01e160e836c1b4635862.csv,-31.25,151.75
25,episodes,1.0,2015-02-25,0.0,875,0.0,2,25,>=,FIL,84543,OK,2014,Li et al. (2025b),2015-01-22,32.7,875,tmax_c,21.38404136435541,0.0,0.0,batch_01e160e836c1b4635862.csv,-31.25,151.75
25,days,1.0,2015-03-10,0.7598728541127953,325,1.039449806273617,1,25,>,MAT,84543,OK,2014,Ortega Gómez et al. (2019),2015-02-26,10.0,325,precip_mm,21.38404136435541,22.227637653526248,16.24915254399882,batch_01e160e836c1b4635862.csv,-31.25,151.75
25,episodes,1.0,2015-11-08,0.0,225,0.0,2,25,>=,EST,84543,OK,2015,Li et al. 2025a,2015-10-31,34.0,225,tmax_c,21.38404136435541,0.0,0.0,batch_01e160e836c1b4635862.csv,-31.25,151.75
25,episodes,1.0,2016-01-04,0.0,725,0.0,2,25,>=,VEG,84543,OK,2015,Li et al. 2025a,2015-12-07,34.6,725,tmax_c,21.38404136435541,0.0,0.0,batch_01e160e836c1b4635862.csv,-31.25,151.75
25,episodes,1.0,2016-01-21,0.0,250,0.0,2,25,>=,REP,84543,OK,2015,Li et al. (2025b),2016-01-12,33.7,250,tmax_c,21.38404136435541,0.0,0.0,batch_01e160e836c1b4635862.csv,-31.25,151.75
25,episodes,1.0,2016-01-11,0.0,175,0.0,2,25,>=,FLO,84543,OK,2015,Li et al. (2025b),2016-01-05,33.7,175,tmax_c,21.38404136435541,0.0,0.0,batch_01e160e836c1b4635862.csv,-31.25,151.75
25,episodes,1.0,2016-02-25,0.0,875,0.0,2,25,>=,FIL,84543,OK,2015,Li et al. (2025b),2016-01-22,32.7,875,tmax_c,21.38404136435541,0.0,0.0,batch_01e160e836c1b4635862.csv,-31.25,151.75
25,days,1.0,2016-03-10,0.1597885370040279,350,0.1597885370040279,1,25,>,MAT,84543,OK,2015,Ortega Gómez et al. (2019),2016-02-26,10.0,350,precip_mm,21.38404136435541,3.4169246848439685,3.4169246848439685,batch_01e160e836c1b4635862.csv,-31.25,151.75
25,episodes,1.0,2016-11-08,0.0,225,0.0,2,25,>=,EST,84543,OK,2016,Li et al. 2025a,2016-10-31,34.0,225,tmax_c,21.38404136435541,0.0,0.0,batch_01e160e836c1b4635862.csv,-31.25,151.75
25,episodes,1.0,2017-01-04,0.0,725,0.0,2,25,>=,VEG,84543,OK,2016,Li et al. 2025a,2016-12-07,34.6,725,tmax_c,21.38404136435541,0.0,0.0,batch_01e160e836c1b4635862.csv,-31.25,151.75
25,episodes,1.0,2017-01-21,0.0,250,0.0,2,25,>=,REP,84543,OK,2016,Li et al. (2025b),2017-01-12,33.7,250,tmax_c,21.38404136435541,0.0,0.0,batch_01e160e836c1b4635862.csv,-31.25,151.75
25,episodes,1.0,2017-01-11,0.0,175,0.0,2,25,>=,FLO,84543,OK,2016,Li et al. (2025b),2017-01-05,33.7,175,tmax_c,21.38404136435541,0.0,0.0,batch_01e160e836c1b4635862.csv,-31.25,151.75
25,episodes,1.0,2017-02-25,1.0,875,1.1599574150447869,2,25,>=,FIL,84543,OK,2016,Li et al. (2025b),2017-01-22,32.7,875,tmax_c,21.38404136435541,24.804577344208504,21.38404136435541,batch_01e160e836c1b4635862.csv,-31.25,151.75
25,days,1.0,2017-03-10,1.0,325,2.6396616348112163,1,25,>,MAT,84543,OK,2016,Ortega Gómez et al. (2019),2017-02-26,10.0,325,precip_mm,21.38404136435541,56.44663358670508,21.38404136435541,batch_01e160e836c1b4635862.csv,-31.25,151.75
25,episodes,1.0,2009-10-25,0.0,275,0.0,2,25,>=,EST,89900,OK,2009,Li et al. 2025a,2009-10-15,34.0,275,tmax_c,22.13477321733814,0.0,0.0,batch_01e672e9958572fa1676.csv,-27.75,-49.75
25,episodes,1.0,2010-01-04,0.0,900,0.0,2,25,>=,VEG,89900,OK,2009,Li et al. 2025a,2009-11-30,34.6,900,tmax_c,22.13477321733814,0.0,0.0,batch_01e672e9958572fa1676.csv,-27.75,-49.75
25,episodes,1.0,2010-01-25,0.0,300,0.0,2,25,>=,REP,89900,OK,2009,Li et al. (2025b),2010-01-14,33.7,300,tmax_c,22.13477321733814,0.0,0.0,batch_01e672e9958572fa1676.csv,-27.75,-49.75
25,episodes,1.0,2010-01-13,0.0,225,0.0,2,25,>=,FLO,89900,OK,2009,Li et al. (2025b),2010-01-05,33.7,225,tmax_c,22.13477321733814,0.0,0.0,batch_01e672e9958572fa1676.csv,-27.75,-49.75
25,episodes,1.0,2010-03-10,0.0,1100,0.0,2,25,>=,FIL,89900,OK,2009,Li et al. (2025b),2010-01-26,32.7,1100,tmax_c,22.13477321733814,0.0,0.0,batch_01e672e9958572fa1676.csv,-27.75,-49.75
25,days,1.0,2010-03-26,1.0,400,2.479266091539318,1,25,>,MAT,89900,OK,2009,Ortega Gómez et al. (2019),2010-03-11,10.0,400,precip_mm,22.13477321733814,54.8779926816591,22.13477321733814,batch_01e672e9958572fa1676.csv,-27.75,-49.75
25,episodes,1.0,2010-10-25,0.0,275,0.0,2,25,>=,EST,89900,OK,2010,Li et al. 2025a,2010-10-15,34.0,275,tmax_c,22.13477321733814,0.0,0.0,batch_01e672e9958572fa1676.csv,-27.75,-49.75
25,episodes,1.0,2011-01-04,0.0,900,0.0,2,25,>=,VEG,89900,OK,2010,Li et al. 2025a,2010-11-30,34.6,900,tmax_c,22.13477321733814,0.0,0.0,batch_01e672e9958572fa1676.csv,-27.75,-49.75
25,episodes,1.0,2011-01-25,0.0,300,0.0,2,25,>=,REP,89900,OK,2010,Li et al. (2025b),2011-01-14,33.7,300,tmax_c,22.13477321733814,0.0,0.0,batch_01e672e9958572fa1676.csv,-27.75,-49.75
25,episodes,1.0,2011-01-13,0.0,225,0.0,2,25,>=,FLO,89900,OK,2010,Li et al. (2025b),2011-01-05,33.7,225,tmax_c,22.13477321733814,0.0,0.0,batch_01e672e9958572fa1676.csv,-27.75,-49.75
25,episodes,1.0,2011-03-10,0.0,1100,0.0,2,25,>=,FIL,89900,OK,2010,Li et al. (2025b),2011-01-26,32.7,1100,tmax_c,22.13477321733814,0.0,0.0,batch_01e672e9958572fa1676.csv,-27.75,-49.75
25,days,1.0,2011-03-26,0.5600734273890623,400,0.6001466110837308,1,25,>,MAT,89900,OK,2010,Ortega Gómez et al. (2019),2011-03-11,10.0,400,precip_mm,22.13477321733814,13.284109133492413,12.397098300314193,batch_01e672e9958572fa1676.csv,-27.75,-49.75
25,episodes,1.0,2011-10-25,0.0,275,0.0,2,25,>=,EST,89900,OK,2011,Li et al. 2025a,2011-10-15,34.0,275,tmax_c,22.13477321733814,0.0,0.0,batch_01e672e9958572fa1676.csv,-27.75,-49.75
25,episodes,1.0,2012-01-04,0.0,900,0.0,2,25,>=,VEG,89900,OK,2011,Li et al. 2025a,2011-11-30,34.6,900,tmax_c,22.13477321733814,0.0,0.0,batch_01e672e9958572fa1676.csv,-27.75,-49.75
25,episodes,1.0,2012-01-25,0.0,300,0.0,2,25,>=,REP,89900,OK,2011,Li et al. (2025b),2012-01-14,33.7,300,tmax_c,22.13477321733814,0.0,0.0,batch_01e672e9958572fa1676.csv,-27.75,-49.75
25,episodes,1.0,2012-01-13,0.0,225,0.0,2,25,>=,FLO,89900,OK,2011,Li et al. (2025b),2012-01-05,33.7,225,tmax_c,22.13477321733814,0.0,0.0,batch_01e672e9958572fa1676.csv,-27.75,-49.75
25,episodes,1.0,2012-03-10,0.0,1125,0.0,2,25,>=,FIL,89900,OK,2011,Li et al. (2025b),2012-01-26,32.7,1125,tmax_c,22.13477321733814,0.0,0.0,batch_01e672e9958572fa1676.csv,-27.75,-49.75
25,days,1.0,2012-03-26,0.9600734273890622,400,1.6399634080968215,1,25,>,MAT,89900,OK,2011,Ortega Gómez et al. (2019),2012-03-11,10.0,400,precip_mm,22.13477321733814,36.3002181229561,21.251007587249447,batch_01e672e9958572fa1676.csv,-27.75,-49.75
25,episodes,1.0,2012-10-25,0.0,275,0.0,2,25,>=,EST,89900,OK,2012,Li et al. 2025a,2012-10-15,34.0,275,tmax_c,22.13477321733814,0.0,0.0,batch_01e672e9958572fa1676.csv,-27.75,-49.75
25,episodes,1.0,2013-01-04,0.0,900,0.0,2,25,>=,VEG,89900,OK,2012,Li et al. 2025a,2012-11-30,34.6,900,tmax_c,22.13477321733814,0.0,0.0,batch_01e672e9958572fa1676.csv,-27.75,-49.75
25,episodes,1.0,2013-01-25,0.0,300,0.0,2,25,>=,REP,89900,OK,2012,Li et al. (2025b),2013-01-14,33.7,300,tmax_c,22.13477321733814,0.0,0.0,batch_01e672e9958572fa1676.csv,-27.75,-49.75
25,episodes,1.0,2013-01-13,0.0,225,0.0,2,25,>=,FLO,89900,OK,2012,Li et al. (2025b),2013-01-05,33.7,225,tmax_c,22.13477321733814,0.0,0.0,batch_01e672e9958572fa1676.csv,-27.75,-49.75
25,episodes,1.0,2013-03-10,0.0,1100,0.0,2,25,>=,FIL,89900,OK,2012,Li et al. (2025b),2013-01-26,32.7,1100,tmax_c,22.13477321733814,0.0,0.0,batch_01e672e9958572fa1676.csv,-27.75,-49.75
25,days,1.0,2013-03-26,1.0,400,3.719707265109713,1,25,>,MAT,89900,OK,2012,Ortega Gómez et al. (2019),2013-03-11,10.0,400,precip_mm,22.13477321733814,82.33487674808856,22.13477321733814,batch_01e672e9958572fa1676.csv,-27.75,-49.75
25,episodes,1.0,1989-10-25,0.0,275,0.0,2,25,>=,EST,90614,OK,1989,Li et al. 2025a,1989-10-15,34.0,275,tmax_c,22.235341599410717,0.0,0.0,batch_01ec95b6822a5b33a915.csv,-27.25,-52.75
25,episodes,1.0,1990-01-04,0.0,900,0.0,2,25,>=,VEG,90614,OK,1989,Li et al. 2025a,1989-11-30,34.6,900,tmax_c,22.235341599410717,0.0,0.0,batch_01ec95b6822a5b33a915.csv,-27.25,-52.75
25,episodes,1.0,1990-01-25,0.0,300,0.0,2,25,>=,REP,90614,OK,1989,Li et al. (2025b),1990-01-14,33.7,300,tmax_c,22.235341599410717,0.0,0.0,batch_01ec95b6822a5b33a915.csv,-27.25,-52.75
25,episodes,1.0,1990-01-13,0.0,225,0.0,2,25,>=,FLO,90614,OK,1989,Li et al. (2025b),1990-01-05,33.7,225,tmax_c,22.235341599410717,0.0,0.0,batch_01ec95b6822a5b33a915.csv,-27.25,-52.75
25,episodes,1.0,1990-03-10,0.0,1100,0.0,2,25,>=,FIL,90614,OK,1989,Li et al. (2025b),1990-01-26,32.7,1100,tmax_c,22.235341599410717,0.0,0.0,batch_01ec95b6822a5b33a915.csv,-27.25,-52.75
25,days,1.0,1990-03-26,1.0,400,3.640321876434792,1,25,>,MAT,90614,OK,1989,Ortega Gómez et al. (2019),1990-03-11,10.0,400,precip_mm,22.235341599410717,80.94380045433539,22.235341599410717,batch_01ec95b6822a5b33a915.csv,-27.25,-52.75
25,episodes,1.0,1990-10-25,0.0,275,0.0,2,25,>=,EST,90614,OK,1990,Li et al. 2025a,1990-10-15,34.0,275,tmax_c,22.235341599410717,0.0,0.0,batch_01ec95b6822a5b33a915.csv,-27.25,-52.75
25,episodes,1.0,1991-01-04,0.0,900,0.0,2,25,>=,VEG,90614,OK,1990,Li et al. 2025a,1990-11-30,34.6,900,tmax_c,22.235341599410717,0.0,0.0,batch_01ec95b6822a5b33a915.csv,-27.25,-52.75
25,episodes,1.0,1991-01-25,0.7599286071677324,300,0.7599286071677324,2,25,>=,REP,90614,OK,1990,Li et al. (2025b),1991-01-14,33.7,300,tmax_c,22.235341599410717,16.897272171538923,16.897272171538923,batch_01ec95b6822a5b33a915.csv,-27.25,-52.75
25,episodes,1.0,1991-01-13,0.0,225,0.0,2,25,>=,FLO,90614,OK,1990,Li et al. (2025b),1991-01-05,33.7,225,tmax_c,22.235341599410717,0.0,0.0,batch_01ec95b6822a5b33a915.csv,-27.25,-52.75
25,episodes,1.0,1991-03-10,0.0800360619577613,1100,0.0800360619577613,2,25,>=,FIL,90614,OK,1990,Li et al. (2025b),1991-01-26,32.7,1100,tmax_c,22.235341599410717,1.7796291779024238,1.7796291779024238,batch_01ec95b6822a5b33a915.csv,-27.25,-52.75
25,days,1.0,1991-03-26,1.0,400,1.43974915063726,1,25,>,MAT,90614,OK,1990,Ortega Gómez et al. (2019),1991-03-11,10.0,400,precip_mm,22.235341599410717,32.01331418188091,22.235341599410717,batch_01ec95b6822a5b33a915.csv,-27.25,-52.75
25,episodes,1.0,1991-10-25,0.0,275,0.0,2,25,>=,EST,90614,OK,1991,Li et al. 2025a,1991-10-15,34.0,275,tmax_c,22.235341599410717,0.0,0.0,batch_01ec95b6822a5b33a915.csv,-27.25,-52.75
25,episodes,1.0,1992-01-04,0.0,900,0.0,2,25,>=,VEG,90614,OK,1991,Li et al. 2025a,1991-11-30,34.6,900,tmax_c,22.235341599410717,0.0,0.0,batch_01ec95b6822a5b33a915.csv,-27.25,-52.75
25,episodes,1.0,1992-01-25,0.0,300,0.0,2,25,>=,REP,90614,OK,1991,Li et al. (2025b),1992-01-14,33.7,300,tmax_c,22.235341599410717,0.0,0.0,batch_01ec95b6822a5b33a915.csv,-27.25,-52.75
25,episodes,1.0,1992-01-13,0.0,225,0.0,2,25,>=,FLO,90614,OK,1991,Li et al. (2025b),1992-01-05,33.7,225,tmax_c,22.235341599410717,0.0,0.0,batch_01ec95b6822a5b33a915.csv,-27.25,-52.75
25,episodes,1.0,1992-03-10,0.0800360619577613,1125,0.0800360619577613,2,25,>=,FIL,90614,OK,1991,Li et al. (2025b),1992-01-26,32.7,1125,tmax_c,22.235341599410717,1.7796291779024238,1.7796291779024238,batch_01ec95b6822a5b33a915.csv,-27.25,-52.75
25,days,1.0,1992-03-26,1.0,400,4.520000243694392,1,25,>,MAT,90614,OK,1991,Ortega Gómez et al. (2019),1992-03-11,10.0,400,precip_mm,22.235341599410717,100.50374944796448,22.235341599410717,batch_01ec95b6822a5b33a915.csv,-27.25,-52.75
25,episodes,1.0,1992-10-25,0.0,275,0.0,2,25,>=,EST,90614,OK,1992,Li et al. 2025a,1992-10-15,34.0,275,tmax_c,22.235341599410717,0.0,0.0,batch_01ec95b6822a5b33a915.csv,-27.25,-52.75
25,episodes,1.0,1993-01-04,0.0,900,0.0,2,25,>=,VEG,90614,OK,1992,Li et al. 2025a,1992-11-30,34.6,900,tmax_c,22.235341599410717,0.0,0.0,batch_01ec95b6822a5b33a915.csv,-27.25,-52.75
25,episodes,1.0,1993-01-25,0.0,300,0.0,2,25,>=,REP,90614,OK,1992,Li et al. (2025b),1993-01-14,33.7,300,tmax_c,22.235341599410717,0.0,0.0,batch_01ec95b6822a5b33a915.csv,-27.25,-52.75
25,episodes,1.0,1993-01-13,0.0,225,0.0,2,25,>=,FLO,90614,OK,1992,Li et al. (2025b),1993-01-05,33.7,225,tmax_c,22.235341599410717,0.0,0.0,batch_01ec95b6822a5b33a915.csv,-27.25,-52.75
25,episodes,1.0,1993-03-10,0.0,1100,0.0,2,25,>=,FIL,90614,OK,1992,Li et al. (2025b),1993-01-26,32.7,1100,tmax_c,22.235341599410717,0.0,0.0,batch_01ec95b6822a5b33a915.csv,-27.25,-52.75
25,days,1.0,1993-03-26,1.0,400,1.7603232170819128,1,25,>,MAT,90614,OK,1992,Ortega Gómez et al. (2019),1993-03-11,10.0,400,precip_mm,22.235341599410717,39.14138805718995,22.235341599410717,batch_01ec95b6822a5b33a915.csv,-27.25,-52.75
25,episodes,1.0,2001-02-23,0.0,250,0.0,2,25,>=,EST,101420,OK,2001,Li et al. 2025a,2001-02-14,34.0,250,tmax_c,23.536691923280788,0.0,0.0,batch_01ee91c96e20c3d981d3.csv,-19.75,-49.75
25,episodes,1.0,2001-04-28,0.0,825,0.0,2,25,>=,VEG,101420,OK,2001,Li et al. 2025a,2001-03-27,34.6,825,tmax_c,23.536691923280788,0.0,0.0,batch_01ee91c96e20c3d981d3.csv,-19.75,-49.75
25,episodes,1.0,2001-05-17,0.0,275,0.0,2,25,>=,REP,101420,OK,2001,Li et al. (2025b),2001-05-07,33.7,275,tmax_c,23.536691923280788,0.0,0.0,batch_01ee91c96e20c3d981d3.csv,-19.75,-49.75
25,episodes,1.0,2001-05-06,0.0,200,0.0,2,25,>=,FLO,101420,OK,2001,Li et al. (2025b),2001-04-29,33.7,200,tmax_c,23.536691923280788,0.0,0.0,batch_01ee91c96e20c3d981d3.csv,-19.75,-49.75
25,episodes,1.0,2001-06-25,0.0,975,0.0,2,25,>=,FIL,101420,OK,2001,Li et al. (2025b),2001-05-18,32.7,975,tmax_c,23.536691923280788,0.0,0.0,batch_01ee91c96e20c3d981d3.csv,-19.75,-49.75
25,days,1.0,2001-07-10,0.0,375,0.0,1,25,>,MAT,101420,OK,2001,Ortega Gómez et al. (2019),2001-06-26,10.0,375,precip_mm,23.536691923280788,0.0,0.0,batch_01ee91c96e20c3d981d3.csv,-19.75,-49.75
25,episodes,1.0,2002-02-23,0.0,250,0.0,2,25,>=,EST,101420,OK,2002,Li et al. 2025a,2002-02-14,34.0,250,tmax_c,23.536691923280788,0.0,0.0,batch_01ee91c96e20c3d981d3.csv,-19.75,-49.75
25,episodes,1.0,2002-04-28,0.0,825,0.0,2,25,>=,VEG,101420,OK,2002,Li et al. 2025a,2002-03-27,34.6,825,tmax_c,23.536691923280788,0.0,0.0,batch_01ee91c96e20c3d981d3.csv,-19.75,-49.75
25,episodes,1.0,2002-05-17,0.0,275,0.0,2,25,>=,REP,101420,OK,2002,Li et al. (2025b),2002-05-07,33.7,275,tmax_c,23.536691923280788,0.0,0.0,batch_01ee91c96e20c3d981d3.csv,-19.75,-49.75
25,episodes,1.0,2002-05-06,0.0,200,0.0,2,25,>=,FLO,101420,OK,2002,Li et al. (2025b),2002-04-29,33.7,200,tmax_c,23.536691923280788,0.0,0.0,batch_01ee91c96e20c3d981d3.csv,-19.75,-49.75
25,episodes,1.0,2002-06-25,0.1999003783524524,975,0.1999003783524524,2,25,>=,FIL,101420,OK,2002,Li et al. (2025b),2002-05-18,32.7,975,tmax_c,23.536691923280788,4.70499362062894,4.70499362062894,batch_01ee91c96e20c3d981d3.csv,-19.75,-49.75
25,days,1.0,2002-07-10,0.0,375,0.0,1,25,>,MAT,101420,OK,2002,Ortega Gómez et al. (2019),2002-06-26,10.0,375,precip_mm,23.536691923280788,0.0,0.0,batch_01ee91c96e20c3d981d3.csv,-19.75,-49.75
25,episodes,1.0,2003-02-23,0.0,250,0.0,2,25,>=,EST,101420,OK,2003,Li et al. 2025a,2003-02-14,34.0,250,tmax_c,23.536691923280788,0.0,0.0,batch_01ee91c96e20c3d981d3.csv,-19.75,-49.75
25,episodes,1.0,2003-04-28,0.0,825,0.0,2,25,>=,VEG,101420,OK,2003,Li et al. 2025a,2003-03-27,34.6,825,tmax_c,23.536691923280788,0.0,0.0,batch_01ee91c96e20c3d981d3.csv,-19.75,-49.75
25,episodes,1.0,2003-05-17,0.0,275,0.0,2,25,>=,REP,101420,OK,2003,Li et al. (2025b),2003-05-07,33.7,275,tmax_c,23.536691923280788,0.0,0.0,batch_01ee91c96e20c3d981d3.csv,-19.75,-49.75
25,episodes,1.0,2003-05-06,0.0,200,0.0,2,25,>=,FLO,101420,OK,2003,Li et al. (2025b),2003-04-29,33.7,200,tmax_c,23.536691923280788,0.0,0.0,batch_01ee91c96e20c3d981d3.csv,-19.75,-49.75
25,episodes,1.0,2003-06-25,0.0,975,0.0,2,25,>=,FIL,101420,OK,2003,Li et al. (2025b),2003-05-18,32.7,975,tmax_c,23.536691923280788,0.0,0.0,batch_01ee91c96e20c3d981d3.csv,-19.75,-49.75
25,days,1.0,2003-07-10,0.0,375,0.0,1,25,>,MAT,101420,OK,2003,Ortega Gómez et al. (2019),2003-06-26,10.0,375,precip_mm,23.536691923280788,0.0,0.0,batch_01ee91c96e20c3d981d3.csv,-19.75,-49.75
25,episodes,1.0,2004-02-23,0.0,250,0.0,2,25,>=,EST,101420,OK,2004,Li et al. 2025a,2004-02-14,34.0,250,tmax_c,23.536691923280788,0.0,0.0,batch_01ee91c96e20c3d981d3.csv,-19.75,-49.75
25,episodes,1.0,2004-04-28,0.0,825,0.0,2,25,>=,VEG,101420,OK,2004,Li et al. 2025a,2004-03-27,34.6,825,tmax_c,23.536691923280788,0.0,0.0,batch_01ee91c96e20c3d981d3.csv,-19.75,-49.75
25,episodes,1.0,2004-05-17,0.0,275,0.0,2,25,>=,REP,101420,OK,2004,Li et al. (2025b),2004-05-07,33.7,275,tmax_c,23.536691923280788,0.0,0.0,batch_01ee91c96e20c3d981d3.csv,-19.75,-49.75
25,episodes,1.0,2004-05-06,0.0,200,0.0,2,25,>=,FLO,101420,OK,2004,Li et al. (2025b),2004-04-29,33.7,200,tmax_c,23.536691923280788,0.0,0.0,batch_01ee91c96e20c3d981d3.csv,-19.75,-49.75
25,episodes,1.0,2004-06-25,0.0,975,0.0,2,25,>=,FIL,101420,OK,2004,Li et al. (2025b),2004-05-18,32.7,975,tmax_c,23.536691923280788,0.0,0.0,batch_01ee91c96e20c3d981d3.csv,-19.75,-49.75
25,days,1.0,2004-07-10,1.0,375,1.8801251666049008,1,25,>,MAT,101420,OK,2004,Ortega Gómez et al. (2019),2004-06-26,10.0,375,precip_mm,23.536691923280788,44.25192682358652,23.536691923280788,batch_01ee91c96e20c3d981d3.csv,-19.75,-49.75
25,episodes,1.0,1981-02-21,0.0,200,0.0,2,25,>=,EST,106452,OK,1981,Li et al. 2025a,1981-02-14,34.0,200,tmax_c,24.007269011440503,0.0,0.0,batch_01ef978e84ce54e2fcb2.csv,-16.25,-53.75
25,episodes,1.0,1981-04-12,0.0,625,0.0,2,25,>=,VEG,106452,OK,1981,Li et al. 2025a,1981-03-19,34.6,625,tmax_c,24.007269011440503,0.0,0.0,batch_01ef978e84ce54e2fcb2.csv,-16.25,-53.75
25,episodes,1.0,1981-04-28,0.0,200,0.0,2,25,>=,REP,106452,OK,1981,Li et al. (2025b),1981-04-21,33.7,200,tmax_c,24.007269011440503,0.0,0.0,batch_01ef978e84ce54e2fcb2.csv,-16.25,-53.75
25,episodes,1.0,1981-04-20,0.0,200,0.0,2,25,>=,FLO,106452,OK,1981,Li et al. (2025b),1981-04-13,33.7,200,tmax_c,24.007269011440503,0.0,0.0,batch_01ef978e84ce54e2fcb2.csv,-16.25,-53.75
25,episodes,1.0,1981-05-29,0.0,775,0.0,2,25,>=,FIL,106452,OK,1981,Li et al. (2025b),1981-04-29,32.7,775,tmax_c,24.007269011440503,0.0,0.0,batch_01ef978e84ce54e2fcb2.csv,-16.25,-53.75
25,days,1.0,1981-06-10,1.0,300,2.720243878908088,1,25,>,MAT,106452,OK,1981,Ortega Gómez et al. (2019),1981-05-30,10.0,300,precip_mm,24.007269011440503,65.30562657767085,24.007269011440503,batch_01ef978e84ce54e2fcb2.csv,-16.25,-53.75
25,episodes,1.0,1982-02-21,0.0,200,0.0,2,25,>=,EST,106452,OK,1982,Li et al. 2025a,1982-02-14,34.0,200,tmax_c,24.007269011440503,0.0,0.0,batch_01ef978e84ce54e2fcb2.csv,-16.25,-53.75
25,episodes,1.0,1982-04-12,0.0,625,0.0,2,25,>=,VEG,106452,OK,1982,Li et al. 2025a,1982-03-19,34.6,625,tmax_c,24.007269011440503,0.0,0.0,batch_01ef978e84ce54e2fcb2.csv,-16.25,-53.75
25,episodes,1.0,1982-04-28,0.0,200,0.0,2,25,>=,REP,106452,OK,1982,Li et al. (2025b),1982-04-21,33.7,200,tmax_c,24.007269011440503,0.0,0.0,batch_01ef978e84ce54e2fcb2.csv,-16.25,-53.75
25,episodes,1.0,1982-04-20,0.0,200,0.0,2,25,>=,FLO,106452,OK,1982,Li et al. (2025b),1982-04-13,33.7,200,tmax_c,24.007269011440503,0.0,0.0,batch_01ef978e84ce54e2fcb2.csv,-16.25,-53.75
25,episodes,1.0,1982-05-29,0.0,775,0.0,2,25,>=,FIL,106452,OK,1982,Li et al. (2025b),1982-04-29,32.7,775,tmax_c,24.007269011440503,0.0,0.0,batch_01ef978e84ce54e2fcb2.csv,-16.25,-53.75
25,days,1.0,1982-06-10,0.8,300,0.8,1,25,>,MAT,106452,OK,1982,Ortega Gómez et al. (2019),1982-05-30,10.0,300,precip_mm,24.007269011440503,19.205815209152405,19.205815209152405,batch_01ef978e84ce54e2fcb2.csv,-16.25,-53.75
25,episodes,1.0,1983-02-21,0.0,200,0.0,2,25,>=,EST,106452,OK,1983,Li et al. 2025a,1983-02-14,34.0,200,tmax_c,24.007269011440503,0.0,0.0,batch_01ef978e84ce54e2fcb2.csv,-16.25,-53.75
25,episodes,1.0,1983-04-12,0.0,625,0.0,2,25,>=,VEG,106452,OK,1983,Li et al. 2025a,1983-03-19,34.6,625,tmax_c,24.007269011440503,0.0,0.0,batch_01ef978e84ce54e2fcb2.csv,-16.25,-53.75
25,episodes,1.0,1983-04-28,0.0,200,0.0,2,25,>=,REP,106452,OK,1983,Li et al. (2025b),1983-04-21,33.7,200,tmax_c,24.007269011440503,0.0,0.0,batch_01ef978e84ce54e2fcb2.csv,-16.25,-53.75
25,episodes,1.0,1983-04-20,0.0,200,0.0,2,25,>=,FLO,106452,OK,1983,Li et al. (2025b),1983-04-13,33.7,200,tmax_c,24.007269011440503,0.0,0.0,batch_01ef978e84ce54e2fcb2.csv,-16.25,-53.75
25,episodes,1.0,1983-05-29,0.2399593129098899,775,0.2399593129098899,2,25,>=,FIL,106452,OK,1983,Li et al. (2025b),1983-04-29,32.7,775,tmax_c,24.007269011440503,5.760767776828158,5.760767776828158,batch_01ef978e84ce54e2fcb2.csv,-16.25,-53.75
25,days,1.0,1983-06-10,1.0,300,1.959959556604284,1,25,>,MAT,106452,OK,1983,Ortega Gómez et al. (2019),1983-05-30,10.0,300,precip_mm,24.007269011440503,47.05327632694269,24.007269011440503,batch_01ef978e84ce54e2fcb2.csv,-16.25,-53.75
25,episodes,1.0,1984-02-21,0.0,200,0.0,2,25,>=,EST,106452,OK,1984,Li et al. 2025a,1984-02-14,34.0,200,tmax_c,24.007269011440503,0.0,0.0,batch_01ef978e84ce54e2fcb2.csv,-16.25,-53.75
25,episodes,1.0,1984-04-12,0.0,625,0.0,2,25,>=,VEG,106452,OK,1984,Li et al. 2025a,1984-03-19,34.6,625,tmax_c,24.007269011440503,0.0,0.0,batch_01ef978e84ce54e2fcb2.csv,-16.25,-53.75
25,episodes,1.0,1984-04-28,0.0,200,0.0,2,25,>=,REP,106452,OK,1984,Li et al. (2025b),1984-04-21,33.7,200,tmax_c,24.007269011440503,0.0,0.0,batch_01ef978e84ce54e2fcb2.csv,-16.25,-53.75
25,episodes,1.0,1984-04-20,0.0,200,0.0,2,25,>=,FLO,106452,OK,1984,Li et al. (2025b),1984-04-13,33.7,200,tmax_c,24.007269011440503,0.0,0.0,batch_01ef978e84ce54e2fcb2.csv,-16.25,-53.75
25,episodes,1.0,1984-05-29,0.0,775,0.0,2,25,>=,FIL,106452,OK,1984,Li et al. (2025b),1984-04-29,32.7,775,tmax_c,24.007269011440503,0.0,0.0,batch_01ef978e84ce54e2fcb2.csv,-16.25,-53.75
25,days,1.0,1984-06-10,0.0,300,0.0,1,25,>,MAT,106452,OK,1984,Ortega Gómez et al. (2019),1984-05-30,10.0,300,precip_mm,24.007269011440503,0.0,0.0,batch_01ef978e84ce54e2fcb2.csv,-16.25,-53.75
25,episodes,1.0,2001-02-22,0.0,225,0.0,2,25,>=,EST,103574,OK,2001,Li et al. 2025a,2001-02-14,34.0,225,tmax_c,23.749228943669948,0.0,0.0,batch_01f1b2bd3abc8aa2f33a.csv,-18.25,-52.75
25,episodes,1.0,2001-04-20,0.0,725,0.0,2,25,>=,VEG,103574,OK,2001,Li et al. 2025a,2001-03-23,34.6,725,tmax_c,23.749228943669948,0.0,0.0,batch_01f1b2bd3abc8aa2f33a.csv,-18.25,-52.75
25,episodes,1.0,2001-05-07,0.0,225,0.0,2,25,>=,REP,103574,OK,2001,Li et al. (2025b),2001-04-29,33.7,225,tmax_c,23.749228943669948,0.0,0.0,batch_01f1b2bd3abc8aa2f33a.csv,-18.25,-52.75
25,episodes,1.0,2001-04-28,0.0,200,0.0,2,25,>=,FLO,103574,OK,2001,Li et al. (2025b),2001-04-21,33.7,200,tmax_c,23.749228943669948,0.0,0.0,batch_01f1b2bd3abc8aa2f33a.csv,-18.25,-52.75
25,episodes,1.0,2001-06-12,0.0,900,0.0,2,25,>=,FIL,103574,OK,2001,Li et al. (2025b),2001-05-08,32.7,900,tmax_c,23.749228943669948,0.0,0.0,batch_01f1b2bd3abc8aa2f33a.csv,-18.25,-52.75
25,days,1.0,2001-06-25,0.0,325,0.0,1,25,>,MAT,103574,OK,2001,Ortega Gómez et al. (2019),2001-06-13,10.0,325,precip_mm,23.749228943669948,0.0,0.0,batch_01f1b2bd3abc8aa2f33a.csv,-18.25,-52.75
25,episodes,1.0,2002-02-22,0.0,225,0.0,2,25,>=,EST,103574,OK,2002,Li et al. 2025a,2002-02-14,34.0,225,tmax_c,23.749228943669948,0.0,0.0,batch_01f1b2bd3abc8aa2f33a.csv,-18.25,-52.75
25,episodes,1.0,2002-04-20,0.0,725,0.0,2,25,>=,VEG,103574,OK,2002,Li et al. 2025a,2002-03-23,34.6,725,tmax_c,23.749228943669948,0.0,0.0,batch_01f1b2bd3abc8aa2f33a.csv,-18.25,-52.75
25,episodes,1.0,2002-05-07,0.0,225,0.0,2,25,>=,REP,103574,OK,2002,Li et al. (2025b),2002-04-29,33.7,225,tmax_c,23.749228943669948,0.0,0.0,batch_01f1b2bd3abc8aa2f33a.csv,-18.25,-52.75
25,episodes,1.0,2002-04-28,0.0,200,0.0,2,25,>=,FLO,103574,OK,2002,Li et al. (2025b),2002-04-21,33.7,200,tmax_c,23.749228943669948,0.0,0.0,batch_01f1b2bd3abc8aa2f33a.csv,-18.25,-52.75
25,episodes,1.0,2002-06-12,0.0,900,0.0,2,25,>=,FIL,103574,OK,2002,Li et al. (2025b),2002-05-08,32.7,900,tmax_c,23.749228943669948,0.0,0.0,batch_01f1b2bd3abc8aa2f33a.csv,-18.25,-52.75
25,days,1.0,2002-06-25,0.0,325,0.0,1,25,>,MAT,103574,OK,2002,Ortega Gómez et al. (2019),2002-06-13,10.0,325,precip_mm,23.749228943669948,0.0,0.0,batch_01f1b2bd3abc8aa2f33a.csv,-18.25,-52.75
25,episodes,1.0,2003-02-22,0.0,225,0.0,2,25,>=,EST,103574,OK,2003,Li et al. 2025a,2003-02-14,34.0,225,tmax_c,23.749228943669948,0.0,0.0,batch_01f1b2bd3abc8aa2f33a.csv,-18.25,-52.75
25,episodes,1.0,2003-04-20,0.0,725,0.0,2,25,>=,VEG,103574,OK,2003,Li et al. 2025a,2003-03-23,34.6,725,tmax_c,23.749228943669948,0.0,0.0,batch_01f1b2bd3abc8aa2f33a.csv,-18.25,-52.75
25,episodes,1.0,2003-05-07,0.0,225,0.0,2,25,>=,REP,103574,OK,2003,Li et al. (2025b),2003-04-29,33.7,225,tmax_c,23.749228943669948,0.0,0.0,batch_01f1b2bd3abc8aa2f33a.csv,-18.25,-52.75
25,episodes,1.0,2003-04-28,0.0,200,0.0,2,25,>=,FLO,103574,OK,2003,Li et al. (2025b),2003-04-21,33.7,200,tmax_c,23.749228943669948,0.0,0.0,batch_01f1b2bd3abc8aa2f33a.csv,-18.25,-52.75
25,episodes,1.0,2003-06-12,0.0,900,0.0,2,25,>=,FIL,103574,OK,2003,Li et al. (2025b),2003-05-08,32.7,900,tmax_c,23.749228943669948,0.0,0.0,batch_01f1b2bd3abc8aa2f33a.csv,-18.25,-52.75
25,days,1.0,2003-06-25,0.0,325,0.0,1,25,>,MAT,103574,OK,2003,Ortega Gómez et al. (2019),2003-06-13,10.0,325,precip_mm,23.749228943669948,0.0,0.0,batch_01f1b2bd3abc8aa2f33a.csv,-18.25,-52.75
25,episodes,1.0,2004-02-22,0.0,225,0.0,2,25,>=,EST,103574,OK,2004,Li et al. 2025a,2004-02-14,34.0,225,tmax_c,23.749228943669948,0.0,0.0,batch_01f1b2bd3abc8aa2f33a.csv,-18.25,-52.75
25,episodes,1.0,2004-04-20,0.0,725,0.0,2,25,>=,VEG,103574,OK,2004,Li et al. 2025a,2004-03-23,34.6,725,tmax_c,23.749228943669948,0.0,0.0,batch_01f1b2bd3abc8aa2f33a.csv,-18.25,-52.75
25,episodes,1.0,2004-05-07,0.0,225,0.0,2,25,>=,REP,103574,OK,2004,Li et al. (2025b),2004-04-29,33.7,225,tmax_c,23.749228943669948,0.0,0.0,batch_01f1b2bd3abc8aa2f33a.csv,-18.25,-52.75
25,episodes,1.0,2004-04-28,0.0,200,0.0,2,25,>=,FLO,103574,OK,2004,Li et al. (2025b),2004-04-21,33.7,200,tmax_c,23.749228943669948,0.0,0.0,batch_01f1b2bd3abc8aa2f33a.csv,-18.25,-52.75
25,episodes,1.0,2004-06-12,0.0,900,0.0,2,25,>=,FIL,103574,OK,2004,Li et al. (2025b),2004-05-08,32.7,900,tmax_c,23.749228943669948,0.0,0.0,batch_01f1b2bd3abc8aa2f33a.csv,-18.25,-52.75
25,days,1.0,2004-06-25,0.0,325,0.0,1,25,>,MAT,103574,OK,2004,Ortega Gómez et al. (2019),2004-06-13,10.0,325,precip_mm,23.749228943669948,0.0,0.0,batch_01f1b2bd3abc8aa2f33a.csv,-18.25,-52.75
25,episodes,1.0,1997-03-08,0.0,200,0.0,2,25,>=,EST,94215,OK,1997,Li et al. 2025a,1997-03-01,34.0,200,tmax_c,22.712635251373527,0.0,0.0,batch_01f35d972cbb6bbac3e3.csv,-24.75,-52.25
25,episodes,1.0,1997-04-27,0.0,625,0.0,2,25,>=,VEG,94215,OK,1997,Li et al. 2025a,1997-04-03,34.6,625,tmax_c,22.712635251373527,0.0,0.0,batch_01f35d972cbb6bbac3e3.csv,-24.75,-52.25
25,episodes,1.0,1997-05-13,0.0,200,0.0,2,25,>=,REP,94215,OK,1997,Li et al. (2025b),1997-05-06,33.7,200,tmax_c,22.712635251373527,0.0,0.0,batch_01f35d972cbb6bbac3e3.csv,-24.75,-52.25
25,episodes,1.0,1997-05-05,0.0,200,0.0,2,25,>=,FLO,94215,OK,1997,Li et al. (2025b),1997-04-28,33.7,200,tmax_c,22.712635251373527,0.0,0.0,batch_01f35d972cbb6bbac3e3.csv,-24.75,-52.25
25,episodes,1.0,1997-06-13,0.0,775,0.0,2,25,>=,FIL,94215,OK,1997,Li et al. (2025b),1997-05-14,32.7,775,tmax_c,22.712635251373527,0.0,0.0,batch_01f35d972cbb6bbac3e3.csv,-24.75,-52.25
25,days,1.0,1997-06-25,1.0,300,2.6003211051295283,1,25,>,MAT,94215,OK,1997,Ortega Gómez et al. (2019),1997-06-14,10.0,300,precip_mm,22.712635251373527,59.0601447972555,22.712635251373527,batch_01f35d972cbb6bbac3e3.csv,-24.75,-52.25
25,episodes,1.0,1998-03-08,0.0,200,0.0,2,25,>=,EST,94215,OK,1998,Li et al. 2025a,1998-03-01,34.0,200,tmax_c,22.712635251373527,0.0,0.0,batch_01f35d972cbb6bbac3e3.csv,-24.75,-52.25
25,episodes,1.0,1998-04-27,0.0,625,0.0,2,25,>=,VEG,94215,OK,1998,Li et al. 2025a,1998-04-03,34.6,625,tmax_c,22.712635251373527,0.0,0.0,batch_01f35d972cbb6bbac3e3.csv,-24.75,-52.25
25,episodes,1.0,1998-05-13,0.0,200,0.0,2,25,>=,REP,94215,OK,1998,Li et al. (2025b),1998-05-06,33.7,200,tmax_c,22.712635251373527,0.0,0.0,batch_01f35d972cbb6bbac3e3.csv,-24.75,-52.25
25,episodes,1.0,1998-05-05,0.0,200,0.0,2,25,>=,FLO,94215,OK,1998,Li et al. (2025b),1998-04-28,33.7,200,tmax_c,22.712635251373527,0.0,0.0,batch_01f35d972cbb6bbac3e3.csv,-24.75,-52.25
25,episodes,1.0,1998-06-13,0.0,775,0.0,2,25,>=,FIL,94215,OK,1998,Li et al. (2025b),1998-05-14,32.7,775,tmax_c,22.712635251373527,0.0,0.0,batch_01f35d972cbb6bbac3e3.csv,-24.75,-52.25
25,days,1.0,1998-06-25,1.0,300,3.0000000000000018,1,25,>,MAT,94215,OK,1998,Ortega Gómez et al. (2019),1998-06-14,10.0,300,precip_mm,22.712635251373527,68.13790575412062,22.712635251373527,batch_01f35d972cbb6bbac3e3.csv,-24.75,-52.25
25,episodes,1.0,1999-03-08,0.0,200,0.0,2,25,>=,EST,94215,OK,1999,Li et al. 2025a,1999-03-01,34.0,200,tmax_c,22.712635251373527,0.0,0.0,batch_01f35d972cbb6bbac3e3.csv,-24.75,-52.25
25,episodes,1.0,1999-04-27,0.0,625,0.0,2,25,>=,VEG,94215,OK,1999,Li et al. 2025a,1999-04-03,34.6,625,tmax_c,22.712635251373527,0.0,0.0,batch_01f35d972cbb6bbac3e3.csv,-24.75,-52.25
25,episodes,1.0,1999-05-13,0.0,200,0.0,2,25,>=,REP,94215,OK,1999,Li et al. (2025b),1999-05-06,33.7,200,tmax_c,22.712635251373527,0.0,0.0,batch_01f35d972cbb6bbac3e3.csv,-24.75,-52.25
25,episodes,1.0,1999-05-05,0.0,200,0.0,2,25,>=,FLO,94215,OK,1999,Li et al. (2025b),1999-04-28,33.7,200,tmax_c,22.712635251373527,0.0,0.0,batch_01f35d972cbb6bbac3e3.csv,-24.75,-52.25
25,episodes,1.0,1999-06-13,0.0,775,0.0,2,25,>=,FIL,94215,OK,1999,Li et al. (2025b),1999-05-14,32.7,775,tmax_c,22.712635251373527,0.0,0.0,batch_01f35d972cbb6bbac3e3.csv,-24.75,-52.25
25,days,1.0,1999-06-25,1.0,300,2.0003203742420506,1,25,>,MAT,94215,OK,1999,Ortega Gómez et al. (2019),1999-06-14,10.0,300,precip_mm,22.712635251373527,45.43254704605068,22.712635251373527,batch_01f35d972cbb6bbac3e3.csv,-24.75,-52.25
25,episodes,1.0,2000-03-08,0.0,200,0.0,2,25,>=,EST,94215,OK,2000,Li et al. 2025a,2000-03-01,34.0,200,tmax_c,22.712635251373527,0.0,0.0,batch_01f35d972cbb6bbac3e3.csv,-24.75,-52.25
25,episodes,1.0,2000-04-27,0.0,625,0.0,2,25,>=,VEG,94215,OK,2000,Li et al. 2025a,2000-04-03,34.6,625,tmax_c,22.712635251373527,0.0,0.0,batch_01f35d972cbb6bbac3e3.csv,-24.75,-52.25
25,episodes,1.0,2000-05-13,0.0,200,0.0,2,25,>=,REP,94215,OK,2000,Li et al. (2025b),2000-05-06,33.7,200,tmax_c,22.712635251373527,0.0,0.0,batch_01f35d972cbb6bbac3e3.csv,-24.75,-52.25
25,episodes,1.0,2000-05-05,0.0,200,0.0,2,25,>=,FLO,94215,OK,2000,Li et al. (2025b),2000-04-28,33.7,200,tmax_c,22.712635251373527,0.0,0.0,batch_01f35d972cbb6bbac3e3.csv,-24.75,-52.25
25,episodes,1.0,2000-06-13,0.0,775,0.0,2,25,>=,FIL,94215,OK,2000,Li et al. (2025b),2000-05-14,32.7,775,tmax_c,22.712635251373527,0.0,0.0,batch_01f35d972cbb6bbac3e3.csv,-24.75,-52.25
25,days,1.0,2000-06-25,1.0,300,2.8801930285606203,1,25,>,MAT,94215,OK,2000,Ortega Gómez et al. (2019),2000-06-14,10.0,300,precip_mm,22.712635251373527,65.41677371124622,22.712635251373527,batch_01f35d972cbb6bbac3e3.csv,-24.75,-52.25
25,episodes,1.0,1997-11-23,1.0,325,1.0,2,25,>=,EST,103734,OK,1997,Li et al. 2025a,1997-11-11,34.0,325,tmax_c,23.816464482081678,23.816464482081678,23.816464482081678,batch_01f51e41ceeb193d4f3c.csv,-17.75,27.25
25,episodes,1.0,1998-02-13,0.0,1050,0.0,2,25,>=,VEG,103734,OK,1997,Li et al. 2025a,1998-01-03,34.6,1050,tmax_c,23.81646448208168,0.0,0.0,batch_01f51e41ceeb193d4f3c.csv,-17.75,27.25
25,episodes,1.0,1998-03-10,0.0,350,0.0,2,25,>=,REP,103734,OK,1997,Li et al. (2025b),1998-02-25,33.7,350,tmax_c,23.81646448208168,0.0,0.0,batch_01f51e41ceeb193d4f3c.csv,-17.75,27.25
25,episodes,1.0,1998-02-24,0.0,275,0.0,2,25,>=,FLO,103734,OK,1997,Li et al. (2025b),1998-02-14,33.7,275,tmax_c,23.81646448208168,0.0,0.0,batch_01f51e41ceeb193d4f3c.csv,-17.75,27.25
25,episodes,1.0,1998-04-30,0.239821636106962,1275,0.2797769537652723,2,25,>=,FIL,103734,OK,1997,Li et al. (2025b),1998-03-11,32.7,1275,tmax_c,23.81646448208168,6.663297882255616,5.711703478376179,batch_01f51e41ceeb193d4f3c.csv,-17.75,27.25
25,days,1.0,1998-05-19,0.0,475,0.0,1,25,>,MAT,103734,OK,1997,Ortega Gómez et al. (2019),1998-05-01,10.0,475,precip_mm,23.816464482081678,0.0,0.0,batch_01f51e41ceeb193d4f3c.csv,-17.75,27.25
25,episodes,1.0,1998-11-23,0.8798666840581115,325,1.0397104176754413,2,25,>=,EST,103734,OK,1998,Li et al. 2025a,1998-11-11,34.0,325,tmax_c,23.81646448208168,24.762226234217454,20.955313629837,batch_01f51e41ceeb193d4f3c.csv,-17.75,27.25
25,episodes,1.0,1999-02-13,0.0,1050,0.0,2,25,>=,VEG,103734,OK,1998,Li et al. 2025a,1999-01-03,34.6,1050,tmax_c,23.816464482081678,0.0,0.0,batch_01f51e41ceeb193d4f3c.csv,-17.75,27.25
25,episodes,1.0,1999-03-10,0.0,350,0.0,2,25,>=,REP,103734,OK,1998,Li et al. (2025b),1999-02-25,33.7,350,tmax_c,23.816464482081678,0.0,0.0,batch_01f51e41ceeb193d4f3c.csv,-17.75,27.25
25,episodes,1.0,1999-02-24,0.0,275,0.0,2,25,>=,FLO,103734,OK,1998,Li et al. (2025b),1999-02-14,33.7,275,tmax_c,23.81646448208168,0.0,0.0,batch_01f51e41ceeb193d4f3c.csv,-17.75,27.25
25,episodes,1.0,1999-04-30,0.0399553176583103,1275,0.0399553176583103,2,25,>=,FIL,103734,OK,1998,Li et al. (2025b),1999-03-11,32.7,1275,tmax_c,23.81646448208168,0.9515944038794382,0.9515944038794382,batch_01f51e41ceeb193d4f3c.csv,-17.75,27.25
25,days,1.0,1999-05-19,0.0,475,0.0,1,25,>,MAT,103734,OK,1998,Ortega Gómez et al. (2019),1999-05-01,10.0,475,precip_mm,23.816464482081678,0.0,0.0,batch_01f51e41ceeb193d4f3c.csv,-17.75,27.25
25,episodes,1.0,1999-11-23,1.0,325,1.0,2,25,>=,EST,103734,OK,1999,Li et al. 2025a,1999-11-11,34.0,325,tmax_c,23.81646448208168,23.81646448208168,23.81646448208168,batch_01f51e41ceeb193d4f3c.csv,-17.75,27.25
25,episodes,1.0,2000-02-13,0.0,1050,0.0,2,25,>=,VEG,103734,OK,1999,Li et al. 2025a,2000-01-03,34.6,1050,tmax_c,23.816464482081678,0.0,0.0,batch_01f51e41ceeb193d4f3c.csv,-17.75,27.25
25,episodes,1.0,2000-03-10,0.0,375,0.0,2,25,>=,REP,103734,OK,1999,Li et al. (2025b),2000-02-25,33.7,375,tmax_c,23.81646448208168,0.0,0.0,batch_01f51e41ceeb193d4f3c.csv,-17.75,27.25
25,episodes,1.0,2000-02-24,0.0,275,0.0,2,25,>=,FLO,103734,OK,1999,Li et al. (2025b),2000-02-14,33.7,275,tmax_c,23.81646448208168,0.0,0.0,batch_01f51e41ceeb193d4f3c.csv,-17.75,27.25
25,episodes,1.0,2000-04-30,0.0,1275,0.0,2,25,>=,FIL,103734,OK,1999,Li et al. (2025b),2000-03-11,32.7,1275,tmax_c,23.816464482081678,0.0,0.0,batch_01f51e41ceeb193d4f3c.csv,-17.75,27.25
25,days,1.0,2000-05-19,0.0,475,0.0,1,25,>,MAT,103734,OK,1999,Ortega Gómez et al. (2019),2000-05-01,10.0,475,precip_mm,23.81646448208168,0.0,0.0,batch_01f51e41ceeb193d4f3c.csv,-17.75,27.25
25,episodes,1.0,2000-11-23,0.7998890251950403,325,1.2399564142152864,2,25,>=,EST,103734,OK,2000,Li et al. 2025a,2000-11-11,34.0,325,tmax_c,23.816464482081678,29.53137789848772,19.05052855816461,batch_01f51e41ceeb193d4f3c.csv,-17.75,27.25
25,episodes,1.0,2001-02-13,0.0,1050,0.0,2,25,>=,VEG,103734,OK,2000,Li et al. 2025a,2001-01-03,34.6,1050,tmax_c,23.81646448208168,0.0,0.0,batch_01f51e41ceeb193d4f3c.csv,-17.75,27.25
25,episodes,1.0,2001-03-10,0.0,350,0.0,2,25,>=,REP,103734,OK,2000,Li et al. (2025b),2001-02-25,33.7,350,tmax_c,23.816464482081678,0.0,0.0,batch_01f51e41ceeb193d4f3c.csv,-17.75,27.25
25,episodes,1.0,2001-02-24,0.0,275,0.0,2,25,>=,FLO,103734,OK,2000,Li et al. (2025b),2001-02-14,33.7,275,tmax_c,23.816464482081678,0.0,0.0,batch_01f51e41ceeb193d4f3c.csv,-17.75,27.25
25,episodes,1.0,2001-04-30,0.0,1275,0.0,2,25,>=,FIL,103734,OK,2000,Li et al. (2025b),2001-03-11,32.7,1275,tmax_c,23.816464482081678,0.0,0.0,batch_01f51e41ceeb193d4f3c.csv,-17.75,27.25
25,days,1.0,2001-05-19,0.0,475,0.0,1,25,>,MAT,103734,OK,2000,Ortega Gómez et al. (2019),2001-05-01,10.0,475,precip_mm,23.81646448208168,0.0,0.0,batch_01f51e41ceeb193d4f3c.csv,-17.75,27.25
25,episodes,1.0,2001-10-12,0.0,325,0.0,2,25,>=,EST,87007,OK,2001,Li et al. 2025a,2001-09-30,34.0,325,tmax_c,21.7157217109392,0.0,0.0,batch_01faaebdbe0f6b43b77e.csv,-29.75,-56.25
25,episodes,1.0,2002-01-03,0.2403978422757313,1050,0.2403978422757313,2,25,>=,VEG,87007,OK,2001,Li et al. 2025a,2001-11-23,34.6,1050,tmax_c,21.7157217109392,5.220412642770036,5.220412642770036,batch_01faaebdbe0f6b43b77e.csv,-29.75,-56.25
25,episodes,1.0,2002-01-28,1.0,325,1.0,2,25,>=,REP,87007,OK,2001,Li et al. (2025b),2002-01-16,33.7,325,tmax_c,21.7157217109392,21.7157217109392,21.7157217109392,batch_01faaebdbe0f6b43b77e.csv,-29.75,-56.25
25,episodes,1.0,2002-01-15,0.0,300,0.0,2,25,>=,FLO,87007,OK,2001,Li et al. (2025b),2002-01-04,33.7,300,tmax_c,21.7157217109392,0.0,0.0,batch_01faaebdbe0f6b43b77e.csv,-29.75,-56.25
25,episodes,1.0,2002-03-21,1.0,1300,3.0,2,25,>=,FIL,87007,OK,2001,Li et al. (2025b),2002-01-29,32.7,1300,tmax_c,21.7157217109392,65.14716513281759,21.7157217109392,batch_01faaebdbe0f6b43b77e.csv,-29.75,-56.25
25,days,1.0,2002-04-09,1.0,475,3.840319053545633,1,25,>,MAT,87007,OK,2001,Ortega Gómez et al. (2019),2002-03-22,10.0,475,precip_mm,21.7157217109392,83.39529984801437,21.7157217109392,batch_01faaebdbe0f6b43b77e.csv,-29.75,-56.25
25,episodes,1.0,2002-10-12,0.0,325,0.0,2,25,>=,EST,87007,OK,2002,Li et al. 2025a,2002-09-30,34.0,325,tmax_c,21.7157217109392,0.0,0.0,batch_01faaebdbe0f6b43b77e.csv,-29.75,-56.25
25,episodes,1.0,2003-01-03,0.0,1050,0.0,2,25,>=,VEG,87007,OK,2002,Li et al. 2025a,2002-11-23,34.6,1050,tmax_c,21.7157217109392,0.0,0.0,batch_01faaebdbe0f6b43b77e.csv,-29.75,-56.25
25,episodes,1.0,2003-01-28,0.0,325,0.0,2,25,>=,REP,87007,OK,2002,Li et al. (2025b),2003-01-16,33.7,325,tmax_c,21.7157217109392,0.0,0.0,batch_01faaebdbe0f6b43b77e.csv,-29.75,-56.25
25,episodes,1.0,2003-01-15,0.0,300,0.0,2,25,>=,FLO,87007,OK,2002,Li et al. (2025b),2003-01-04,33.7,300,tmax_c,21.7157217109392,0.0,0.0,batch_01faaebdbe0f6b43b77e.csv,-29.75,-56.25
25,episodes,1.0,2003-03-21,1.0,1300,1.9600797633864084,2,25,>=,FIL,87007,OK,2002,Li et al. (2025b),2003-01-29,32.7,1300,tmax_c,21.7157217109392,42.56454667294279,21.7157217109392,batch_01faaebdbe0f6b43b77e.csv,-29.75,-56.25
25,days,1.0,2003-04-09,1.0,475,1.639760709719437,1,25,>,MAT,87007,OK,2002,Ortega Gómez et al. (2019),2003-03-22,10.0,475,precip_mm,21.7157217109392,35.608587244799445,21.7157217109392,batch_01faaebdbe0f6b43b77e.csv,-29.75,-56.25
25,episodes,1.0,2003-10-12,0.0,325,0.0,2,25,>=,EST,87007,OK,2003,Li et al. 2025a,2003-09-30,34.0,325,tmax_c,21.7157217109392,0.0,0.0,batch_01faaebdbe0f6b43b77e.csv,-29.75,-56.25
25,episodes,1.0,2004-01-03,0.0,1050,0.0,2,25,>=,VEG,87007,OK,2003,Li et al. 2025a,2003-11-23,34.6,1050,tmax_c,21.7157217109392,0.0,0.0,batch_01faaebdbe0f6b43b77e.csv,-29.75,-56.25
25,episodes,1.0,2004-01-28,0.0,325,0.0,2,25,>=,REP,87007,OK,2003,Li et al. (2025b),2004-01-16,33.7,325,tmax_c,21.7157217109392,0.0,0.0,batch_01faaebdbe0f6b43b77e.csv,-29.75,-56.25
25,episodes,1.0,2004-01-15,0.0,300,0.0,2,25,>=,FLO,87007,OK,2003,Li et al. (2025b),2004-01-04,33.7,300,tmax_c,21.7157217109392,0.0,0.0,batch_01faaebdbe0f6b43b77e.csv,-29.75,-56.25
25,episodes,1.0,2004-03-21,1.0,1325,1.0,2,25,>=,FIL,87007,OK,2003,Li et al. (2025b),2004-01-29,32.7,1325,tmax_c,21.7157217109392,21.7157217109392,21.7157217109392,batch_01faaebdbe0f6b43b77e.csv,-29.75,-56.25
25,days,1.0,2004-04-09,1.0,475,1.4004776056621402,1,25,>,MAT,87007,OK,2003,Ortega Gómez et al. (2019),2004-03-22,10.0,475,precip_mm,21.7157217109392,30.41238194696148,21.7157217109392,batch_01faaebdbe0f6b43b77e.csv,-29.75,-56.25
25,episodes,1.0,2004-10-12,0.0,325,0.0,2,25,>=,EST,87007,OK,2004,Li et al. 2025a,2004-09-30,34.0,325,tmax_c,21.7157217109392,0.0,0.0,batch_01faaebdbe0f6b43b77e.csv,-29.75,-56.25
25,episodes,1.0,2005-01-03,0.0,1050,0.0,2,25,>=,VEG,87007,OK,2004,Li et al. 2025a,2004-11-23,34.6,1050,tmax_c,21.7157217109392,0.0,0.0,batch_01faaebdbe0f6b43b77e.csv,-29.75,-56.25
25,episodes,1.0,2005-01-28,1.0,325,1.0,2,25,>=,REP,87007,OK,2004,Li et al. (2025b),2005-01-16,33.7,325,tmax_c,21.7157217109392,21.7157217109392,21.7157217109392,batch_01faaebdbe0f6b43b77e.csv,-29.75,-56.25
25,episodes,1.0,2005-01-15,1.0,300,2.0,2,25,>=,FLO,87007,OK,2004,Li et al. (2025b),2005-01-04,33.7,300,tmax_c,21.7157217109392,43.43144342187839,21.7157217109392,batch_01faaebdbe0f6b43b77e.csv,-29.75,-56.25
25,episodes,1.0,2005-03-21,1.0,1300,3.0,2,25,>=,FIL,87007,OK,2004,Li et al. (2025b),2005-01-29,32.7,1300,tmax_c,21.7157217109392,65.14716513281759,21.7157217109392,batch_01faaebdbe0f6b43b77e.csv,-29.75,-56.25
25,days,1.0,2005-04-09,1.0,475,5.000000000000002,1,25,>,MAT,87007,OK,2004,Ortega Gómez et al. (2019),2005-03-22,10.0,475,precip_mm,21.7157217109392,108.57860855469602,21.7157217109392,batch_01faaebdbe0f6b43b77e.csv,-29.75,-56.25
25,episodes,1.0,2013-11-02,0.0,275,0.0,2,25,>=,EST,77639,OK,2013,Li et al. 2025a,2013-10-23,34.0,275,tmax_c,20.173946350106043,0.0,0.0,batch_0202a492ef09e80f137d.csv,-36.25,-60.25
25,episodes,1.0,2014-01-07,1.0,850,3.000000000000001,2,25,>=,VEG,77639,OK,2013,Li et al. 2025a,2013-12-05,34.6,850,tmax_c,20.173946350106043,60.52183905031814,20.173946350106043,batch_0202a492ef09e80f137d.csv,-36.25,-60.25
25,episodes,1.0,2014-01-27,1.0,275,1.0,2,25,>=,REP,77639,OK,2013,Li et al. (2025b),2014-01-17,33.7,275,tmax_c,20.173946350106043,20.173946350106043,20.173946350106043,batch_0202a492ef09e80f137d.csv,-36.25,-60.25
25,episodes,1.0,2014-01-16,1.0,225,1.0,2,25,>=,FLO,77639,OK,2013,Li et al. (2025b),2014-01-08,33.7,225,tmax_c,20.173946350106043,20.173946350106043,20.173946350106043,batch_0202a492ef09e80f137d.csv,-36.25,-60.25
25,episodes,1.0,2014-03-10,0.0,1050,0.0,2,25,>=,FIL,77639,OK,2013,Li et al. (2025b),2014-01-28,32.7,1050,tmax_c,20.173946350106043,0.0,0.0,batch_0202a492ef09e80f137d.csv,-36.25,-60.25
25,days,1.0,2014-03-25,1.0,375,1.0,1,25,>,MAT,77639,OK,2013,Ortega Gómez et al. (2019),2014-03-11,10.0,375,precip_mm,20.173946350106043,20.173946350106043,20.173946350106043,batch_0202a492ef09e80f137d.csv,-36.25,-60.25
25,episodes,1.0,2014-11-02,0.0,275,0.0,2,25,>=,EST,77639,OK,2014,Li et al. 2025a,2014-10-23,34.0,275,tmax_c,20.173946350106043,0.0,0.0,batch_0202a492ef09e80f137d.csv,-36.25,-60.25
25,episodes,1.0,2015-01-07,0.0,850,0.0,2,25,>=,VEG,77639,OK,2014,Li et al. 2025a,2014-12-05,34.6,850,tmax_c,20.173946350106043,0.0,0.0,batch_0202a492ef09e80f137d.csv,-36.25,-60.25
25,episodes,1.0,2015-01-27,0.0,275,0.0,2,25,>=,REP,77639,OK,2014,Li et al. (2025b),2015-01-17,33.7,275,tmax_c,20.173946350106043,0.0,0.0,batch_0202a492ef09e80f137d.csv,-36.25,-60.25
25,episodes,1.0,2015-01-16,0.0,225,0.0,2,25,>=,FLO,77639,OK,2014,Li et al. (2025b),2015-01-08,33.7,225,tmax_c,20.173946350106043,0.0,0.0,batch_0202a492ef09e80f137d.csv,-36.25,-60.25
25,episodes,1.0,2015-03-10,0.0,1050,0.0,2,25,>=,FIL,77639,OK,2014,Li et al. (2025b),2015-01-28,32.7,1050,tmax_c,20.173946350106043,0.0,0.0,batch_0202a492ef09e80f137d.csv,-36.25,-60.25
25,days,1.0,2015-03-25,0.0,375,0.0,1,25,>,MAT,77639,OK,2014,Ortega Gómez et al. (2019),2015-03-11,10.0,375,precip_mm,20.173946350106043,0.0,0.0,batch_0202a492ef09e80f137d.csv,-36.25,-60.25
25,episodes,1.0,2015-11-02,0.0,275,0.0,2,25,>=,EST,77639,OK,2015,Li et al. 2025a,2015-10-23,34.0,275,tmax_c,20.173946350106043,0.0,0.0,batch_0202a492ef09e80f137d.csv,-36.25,-60.25
25,episodes,1.0,2016-01-07,0.4792335051619157,850,0.4792335051619157,2,25,>=,VEG,77639,OK,2015,Li et al. 2025a,2015-12-05,34.6,850,tmax_c,20.173946350106043,9.668031022309757,9.668031022309757,batch_0202a492ef09e80f137d.csv,-36.25,-60.25
25,episodes,1.0,2016-01-27,0.0,275,0.0,2,25,>=,REP,77639,OK,2015,Li et al. (2025b),2016-01-17,33.7,275,tmax_c,20.173946350106043,0.0,0.0,batch_0202a492ef09e80f137d.csv,-36.25,-60.25
25,episodes,1.0,2016-01-16,0.0,225,0.0,2,25,>=,FLO,77639,OK,2015,Li et al. (2025b),2016-01-08,33.7,225,tmax_c,20.173946350106043,0.0,0.0,batch_0202a492ef09e80f137d.csv,-36.25,-60.25
25,episodes,1.0,2016-03-10,0.0,1075,0.0,2,25,>=,FIL,77639,OK,2015,Li et al. (2025b),2016-01-28,32.7,1075,tmax_c,20.173946350106043,0.0,0.0,batch_0202a492ef09e80f137d.csv,-36.25,-60.25
25,days,1.0,2016-03-25,1.0,375,1.919846774140724,1,25,>,MAT,77639,OK,2015,Ortega Gómez et al. (2019),2016-03-11,10.0,375,precip_mm,20.173946350106043,38.73088582193911,20.173946350106043,batch_0202a492ef09e80f137d.csv,-36.25,-60.25
25,episodes,1.0,2016-11-02,0.0,275,0.0,2,25,>=,EST,77639,OK,2016,Li et al. 2025a,2016-10-23,34.0,275,tmax_c,20.173946350106043,0.0,0.0,batch_0202a492ef09e80f137d.csv,-36.25,-60.25
25,episodes,1.0,2017-01-07,0.0,850,0.0,2,25,>=,VEG,77639,OK,2016,Li et al. 2025a,2016-12-05,34.6,850,tmax_c,20.173946350106043,0.0,0.0,batch_0202a492ef09e80f137d.csv,-36.25,-60.25
25,episodes,1.0,2017-01-27,0.0398976870160896,275,0.0398976870160896,2,25,>=,REP,77639,OK,2016,Li et al. (2025b),2017-01-17,33.7,275,tmax_c,20.173946350106043,0.804893797355914,0.804893797355914,batch_0202a492ef09e80f137d.csv,-36.25,-60.25
25,episodes,1.0,2017-01-16,0.0,225,0.0,2,25,>=,FLO,77639,OK,2016,Li et al. (2025b),2017-01-08,33.7,225,tmax_c,20.173946350106043,0.0,0.0,batch_0202a492ef09e80f137d.csv,-36.25,-60.25
25,episodes,1.0,2017-03-10,1.0,1050,2.0,2,25,>=,FIL,77639,OK,2016,Li et al. (2025b),2017-01-28,32.7,1050,tmax_c,20.173946350106043,40.347892700212086,20.173946350106043,batch_0202a492ef09e80f137d.csv,-36.25,-60.25
25,days,1.0,2017-03-25,0.0,375,0.0,1,25,>,MAT,77639,OK,2016,Ortega Gómez et al. (2019),2017-03-11,10.0,375,precip_mm,20.173946350106043,0.0,0.0,batch_0202a492ef09e80f137d.csv,-36.25,-60.25
25,episodes,1.0,2001-12-09,0.0,225,0.0,2,25,>=,EST,87178,OK,2001,Li et al. 2025a,2001-12-01,34.0,225,tmax_c,21.8229854549849,0.0,0.0,batch_02053ca970a3e2704c6e.csv,-29.25,29.25
25,episodes,1.0,2002-02-03,0.0,725,0.0,2,25,>=,VEG,87178,OK,2001,Li et al. 2025a,2002-01-06,34.6,725,tmax_c,21.8229854549849,0.0,0.0,batch_02053ca970a3e2704c6e.csv,-29.25,29.25
25,episodes,1.0,2002-02-20,0.0,225,0.0,2,25,>=,REP,87178,OK,2001,Li et al. (2025b),2002-02-12,33.7,225,tmax_c,21.8229854549849,0.0,0.0,batch_02053ca970a3e2704c6e.csv,-29.25,29.25
25,episodes,1.0,2002-02-11,0.0,200,0.0,2,25,>=,FLO,87178,OK,2001,Li et al. (2025b),2002-02-04,33.7,200,tmax_c,21.8229854549849,0.0,0.0,batch_02053ca970a3e2704c6e.csv,-29.25,29.25
25,episodes,1.0,2002-03-27,0.0,875,0.0,2,25,>=,FIL,87178,OK,2001,Li et al. (2025b),2002-02-21,32.7,875,tmax_c,21.8229854549849,0.0,0.0,batch_02053ca970a3e2704c6e.csv,-29.25,29.25
25,days,1.0,2002-04-09,0.1201560693251234,325,0.1201560693251234,1,25,>,MAT,87178,OK,2001,Ortega Gómez et al. (2019),2002-03-28,10.0,325,precip_mm,21.8229854549849,2.622164153210326,2.622164153210326,batch_02053ca970a3e2704c6e.csv,-29.25,29.25
25,episodes,1.0,2002-12-09,0.0,225,0.0,2,25,>=,EST,87178,OK,2002,Li et al. 2025a,2002-12-01,34.0,225,tmax_c,21.8229854549849,0.0,0.0,batch_02053ca970a3e2704c6e.csv,-29.25,29.25
25,episodes,1.0,2003-02-03,0.0,725,0.0,2,25,>=,VEG,87178,OK,2002,Li et al. 2025a,2003-01-06,34.6,725,tmax_c,21.8229854549849,0.0,0.0,batch_02053ca970a3e2704c6e.csv,-29.25,29.25
25,episodes,1.0,2003-02-20,0.0,225,0.0,2,25,>=,REP,87178,OK,2002,Li et al. (2025b),2003-02-12,33.7,225,tmax_c,21.8229854549849,0.0,0.0,batch_02053ca970a3e2704c6e.csv,-29.25,29.25
25,episodes,1.0,2003-02-11,0.0,200,0.0,2,25,>=,FLO,87178,OK,2002,Li et al. (2025b),2003-02-04,33.7,200,tmax_c,21.8229854549849,0.0,0.0,batch_02053ca970a3e2704c6e.csv,-29.25,29.25
25,episodes,1.0,2003-03-27,0.0,875,0.0,2,25,>=,FIL,87178,OK,2002,Li et al. (2025b),2003-02-21,32.7,875,tmax_c,21.8229854549849,0.0,0.0,batch_02053ca970a3e2704c6e.csv,-29.25,29.25
25,days,1.0,2003-04-09,0.2801169910405401,325,0.320117112887774,1,25,>,MAT,87178,OK,2002,Ortega Gómez et al. (2019),2003-03-28,10.0,325,precip_mm,21.8229854549849,6.985911098441651,6.112989021171842,batch_02053ca970a3e2704c6e.csv,-29.25,29.25
25,episodes,1.0,2003-12-09,0.0,225,0.0,2,25,>=,EST,87178,OK,2003,Li et al. 2025a,2003-12-01,34.0,225,tmax_c,21.8229854549849,0.0,0.0,batch_02053ca970a3e2704c6e.csv,-29.25,29.25
25,episodes,1.0,2004-02-03,0.0,725,0.0,2,25,>=,VEG,87178,OK,2003,Li et al. 2025a,2004-01-06,34.6,725,tmax_c,21.8229854549849,0.0,0.0,batch_02053ca970a3e2704c6e.csv,-29.25,29.25
25,episodes,1.0,2004-02-20,0.0,225,0.0,2,25,>=,REP,87178,OK,2003,Li et al. (2025b),2004-02-12,33.7,225,tmax_c,21.8229854549849,0.0,0.0,batch_02053ca970a3e2704c6e.csv,-29.25,29.25
25,episodes,1.0,2004-02-11,0.0,200,0.0,2,25,>=,FLO,87178,OK,2003,Li et al. (2025b),2004-02-04,33.7,200,tmax_c,21.8229854549849,0.0,0.0,batch_02053ca970a3e2704c6e.csv,-29.25,29.25
25,episodes,1.0,2004-03-27,0.0,900,0.0,2,25,>=,FIL,87178,OK,2003,Li et al. (2025b),2004-02-21,32.7,900,tmax_c,21.8229854549849,0.0,0.0,batch_02053ca970a3e2704c6e.csv,-29.25,29.25
25,days,1.0,2004-04-09,0.7602339820810803,325,1.6407799807276149,1,25,>,MAT,87178,OK,2003,Ortega Gómez et al. (2019),2004-03-28,10.0,325,precip_mm,21.8229854549849,35.80671765424914,16.590575133340664,batch_02053ca970a3e2704c6e.csv,-29.25,29.25
25,episodes,1.0,2004-12-09,0.0,225,0.0,2,25,>=,EST,87178,OK,2004,Li et al. 2025a,2004-12-01,34.0,225,tmax_c,21.8229854549849,0.0,0.0,batch_02053ca970a3e2704c6e.csv,-29.25,29.25
25,episodes,1.0,2005-02-03,0.0,725,0.0,2,25,>=,VEG,87178,OK,2004,Li et al. 2025a,2005-01-06,34.6,725,tmax_c,21.8229854549849,0.0,0.0,batch_02053ca970a3e2704c6e.csv,-29.25,29.25
25,episodes,1.0,2005-02-20,0.0,225,0.0,2,25,>=,REP,87178,OK,2004,Li et al. (2025b),2005-02-12,33.7,225,tmax_c,21.8229854549849,0.0,0.0,batch_02053ca970a3e2704c6e.csv,-29.25,29.25
25,episodes,1.0,2005-02-11,0.0,200,0.0,2,25,>=,FLO,87178,OK,2004,Li et al. (2025b),2005-02-04,33.7,200,tmax_c,21.8229854549849,0.0,0.0,batch_02053ca970a3e2704c6e.csv,-29.25,29.25
25,episodes,1.0,2005-03-27,0.0,875,0.0,2,25,>=,FIL,87178,OK,2004,Li et al. (2025b),2005-02-21,32.7,875,tmax_c,21.8229854549849,0.0,0.0,batch_02053ca970a3e2704c6e.csv,-29.25,29.25
25,days,1.0,2005-04-09,0.2404286420643666,325,0.2404286420643666,1,25,>,MAT,87178,OK,2004,Ortega Gómez et al. (2019),2005-03-28,10.0,325,precip_mm,21.8229854549849,5.246870758732444,5.246870758732444,batch_02053ca970a3e2704c6e.csv,-29.25,29.25
25,episodes,1.0,1997-02-23,0.0,250,0.0,2,25,>=,EST,98533,OK,1997,Li et al. 2025a,1997-02-14,34.0,250,tmax_c,23.22824353092083,0.0,0.0,batch_0208ea4005aac19a00a8.csv,-21.75,-53.25
25,episodes,1.0,1997-04-28,0.0,825,0.0,2,25,>=,VEG,98533,OK,1997,Li et al. 2025a,1997-03-27,34.6,825,tmax_c,23.22824353092083,0.0,0.0,batch_0208ea4005aac19a00a8.csv,-21.75,-53.25
25,episodes,1.0,1997-05-17,0.0,275,0.0,2,25,>=,REP,98533,OK,1997,Li et al. (2025b),1997-05-07,33.7,275,tmax_c,23.22824353092083,0.0,0.0,batch_0208ea4005aac19a00a8.csv,-21.75,-53.25
25,episodes,1.0,1997-05-06,0.0,200,0.0,2,25,>=,FLO,98533,OK,1997,Li et al. (2025b),1997-04-29,33.7,200,tmax_c,23.22824353092083,0.0,0.0,batch_0208ea4005aac19a00a8.csv,-21.75,-53.25
25,episodes,1.0,1997-06-25,0.0,975,0.0,2,25,>=,FIL,98533,OK,1997,Li et al. (2025b),1997-05-18,32.7,975,tmax_c,23.22824353092083,0.0,0.0,batch_0208ea4005aac19a00a8.csv,-21.75,-53.25
25,days,1.0,1997-07-10,0.0,375,0.0,1,25,>,MAT,98533,OK,1997,Ortega Gómez et al. (2019),1997-06-26,10.0,375,precip_mm,23.22824353092083,0.0,0.0,batch_0208ea4005aac19a00a8.csv,-21.75,-53.25
25,episodes,1.0,1998-02-23,0.0,250,0.0,2,25,>=,EST,98533,OK,1998,Li et al. 2025a,1998-02-14,34.0,250,tmax_c,23.22824353092083,0.0,0.0,batch_0208ea4005aac19a00a8.csv,-21.75,-53.25
25,episodes,1.0,1998-04-28,0.0,825,0.0,2,25,>=,VEG,98533,OK,1998,Li et al. 2025a,1998-03-27,34.6,825,tmax_c,23.22824353092083,0.0,0.0,batch_0208ea4005aac19a00a8.csv,-21.75,-53.25
25,episodes,1.0,1998-05-17,0.0,275,0.0,2,25,>=,REP,98533,OK,1998,Li et al. (2025b),1998-05-07,33.7,275,tmax_c,23.22824353092083,0.0,0.0,batch_0208ea4005aac19a00a8.csv,-21.75,-53.25
25,episodes,1.0,1998-05-06,0.0,200,0.0,2,25,>=,FLO,98533,OK,1998,Li et al. (2025b),1998-04-29,33.7,200,tmax_c,23.22824353092083,0.0,0.0,batch_0208ea4005aac19a00a8.csv,-21.75,-53.25
25,episodes,1.0,1998-06-25,0.0,975,0.0,2,25,>=,FIL,98533,OK,1998,Li et al. (2025b),1998-05-18,32.7,975,tmax_c,23.22824353092083,0.0,0.0,batch_0208ea4005aac19a00a8.csv,-21.75,-53.25
25,days,1.0,1998-07-10,0.8798612724144421,375,0.8798612724144421,1,25,>,MAT,98533,OK,1998,Ortega Gómez et al. (2019),1998-06-26,10.0,375,precip_mm,23.22824353092083,20.437631909068536,20.437631909068536,batch_0208ea4005aac19a00a8.csv,-21.75,-53.25
25,episodes,1.0,1999-02-23,0.0,250,0.0,2,25,>=,EST,98533,OK,1999,Li et al. 2025a,1999-02-14,34.0,250,tmax_c,23.22824353092083,0.0,0.0,batch_0208ea4005aac19a00a8.csv,-21.75,-53.25
25,episodes,1.0,1999-04-28,0.0,825,0.0,2,25,>=,VEG,98533,OK,1999,Li et al. 2025a,1999-03-27,34.6,825,tmax_c,23.22824353092083,0.0,0.0,batch_0208ea4005aac19a00a8.csv,-21.75,-53.25
25,episodes,1.0,1999-05-17,0.0,275,0.0,2,25,>=,REP,98533,OK,1999,Li et al. (2025b),1999-05-07,33.7,275,tmax_c,23.22824353092083,0.0,0.0,batch_0208ea4005aac19a00a8.csv,-21.75,-53.25
25,episodes,1.0,1999-05-06,0.0,200,0.0,2,25,>=,FLO,98533,OK,1999,Li et al. (2025b),1999-04-29,33.7,200,tmax_c,23.22824353092083,0.0,0.0,batch_0208ea4005aac19a00a8.csv,-21.75,-53.25
25,episodes,1.0,1999-06-25,0.0,975,0.0,2,25,>=,FIL,98533,OK,1999,Li et al. (2025b),1999-05-18,32.7,975,tmax_c,23.22824353092083,0.0,0.0,batch_0208ea4005aac19a00a8.csv,-21.75,-53.25
25,days,1.0,1999-07-10,0.6799724006656879,375,0.6799724006656879,1,25,>,MAT,98533,OK,1999,Ortega Gómez et al. (2019),1999-06-26,10.0,375,precip_mm,23.22824353092083,15.794564516967473,15.794564516967473,batch_0208ea4005aac19a00a8.csv,-21.75,-53.25
25,episodes,1.0,2000-02-23,0.0,250,0.0,2,25,>=,EST,98533,OK,2000,Li et al. 2025a,2000-02-14,34.0,250,tmax_c,23.22824353092083,0.0,0.0,batch_0208ea4005aac19a00a8.csv,-21.75,-53.25
25,episodes,1.0,2000-04-28,0.0,825,0.0,2,25,>=,VEG,98533,OK,2000,Li et al. 2025a,2000-03-27,34.6,825,tmax_c,23.22824353092083,0.0,0.0,batch_0208ea4005aac19a00a8.csv,-21.75,-53.25
25,episodes,1.0,2000-05-17,0.0,275,0.0,2,25,>=,REP,98533,OK,2000,Li et al. (2025b),2000-05-07,33.7,275,tmax_c,23.22824353092083,0.0,0.0,batch_0208ea4005aac19a00a8.csv,-21.75,-53.25
25,episodes,1.0,2000-05-06,0.0,200,0.0,2,25,>=,FLO,98533,OK,2000,Li et al. (2025b),2000-04-29,33.7,200,tmax_c,23.22824353092083,0.0,0.0,batch_0208ea4005aac19a00a8.csv,-21.75,-53.25
25,episodes,1.0,2000-06-25,0.0,975,0.0,2,25,>=,FIL,98533,OK,2000,Li et al. (2025b),2000-05-18,32.7,975,tmax_c,23.22824353092083,0.0,0.0,batch_0208ea4005aac19a00a8.csv,-21.75,-53.25
25,days,1.0,2000-07-10,0.0,375,0.0,1,25,>,MAT,98533,OK,2000,Ortega Gómez et al. (2019),2000-06-26,10.0,375,precip_mm,23.22824353092083,0.0,0.0,batch_0208ea4005aac19a00a8.csv,-21.75,-53.25
7,episodes,0.28,1997-10-12,0.0,325,0.0,2,25,>=,EST,82694,INCOMPLETE,1997,Li et al. 2025a,1997-09-30,34.0,91,tmax_c,5.88771987067,0.0,0.0,batch_020bb814b4c2e689d431.csv,-32.75,-52.75
7,episodes,0.28,1998-01-03,0.0,1050,0.0,2,25,>=,VEG,82694,INCOMPLETE,1997,Li et al. 2025a,1997-11-23,34.6,294,tmax_c,5.88771987067,0.0,0.0,batch_020bb814b4c2e689d431.csv,-32.75,-52.75
7,episodes,0.28,1998-01-28,0.0,325,0.0,2,25,>=,REP,82694,INCOMPLETE,1997,Li et al. (2025b),1998-01-16,33.7,91,tmax_c,5.88771987067,0.0,0.0,batch_020bb814b4c2e689d431.csv,-32.75,-52.75
7,episodes,0.28,1998-01-15,0.0,300,0.0,2,25,>=,FLO,82694,INCOMPLETE,1997,Li et al. (2025b),1998-01-04,33.7,84,tmax_c,5.88771987067,0.0,0.0,batch_020bb814b4c2e689d431.csv,-32.75,-52.75
7,episodes,0.28,1998-03-21,0.0,1300,0.0,2,25,>=,FIL,82694,INCOMPLETE,1997,Li et al. (2025b),1998-01-29,32.7,364,tmax_c,5.88771987067,0.0,0.0,batch_020bb814b4c2e689d431.csv,-32.75,-52.75
7,days,0.28,1998-04-09,1.0,475,1.0,1,25,>,MAT,82694,INCOMPLETE,1997,Ortega Gómez et al. (2019),1998-03-22,10.0,133,precip_mm,5.88771987067,5.88771987067,5.88771987067,batch_020bb814b4c2e689d431.csv,-32.75,-52.75
7,episodes,0.28,1998-10-12,0.0,325,0.0,2,25,>=,EST,82694,INCOMPLETE,1998,Li et al. 2025a,1998-09-30,34.0,91,tmax_c,5.88771987067,0.0,0.0,batch_020bb814b4c2e689d431.csv,-32.75,-52.75
7,episodes,0.28,1999-01-03,0.0,1050,0.0,2,25,>=,VEG,82694,INCOMPLETE,1998,Li et al. 2025a,1998-11-23,34.6,294,tmax_c,5.88771987067,0.0,0.0,batch_020bb814b4c2e689d431.csv,-32.75,-52.75
7,episodes,0.28,1999-01-28,0.0,325,0.0,2,25,>=,REP,82694,INCOMPLETE,1998,Li et al. (2025b),1999-01-16,33.7,91,tmax_c,5.88771987067,0.0,0.0,batch_020bb814b4c2e689d431.csv,-32.75,-52.75
7,episodes,0.28,1999-01-15,0.0,300,0.0,2,25,>=,FLO,82694,INCOMPLETE,1998,Li et al. (2025b),1999-01-04,33.7,84,tmax_c,5.88771987067,0.0,0.0,batch_020bb814b4c2e689d431.csv,-32.75,-52.75
7,episodes,0.28,1999-03-21,0.0,1300,0.0,2,25,>=,FIL,82694,INCOMPLETE,1998,Li et al. (2025b),1999-01-29,32.7,364,tmax_c,5.88771987067,0.0,0.0,batch_020bb814b4c2e689d431.csv,-32.75,-52.75
7,days,0.28,1999-04-09,1.0,475,3.715430050241217,1,25,>,MAT,82694,INCOMPLETE,1998,Ortega Gómez et al. (2019),1999-03-22,10.0,133,precip_mm,5.88771987067,21.875411334889648,5.88771987067,batch_020bb814b4c2e689d431.csv,-32.75,-52.75
7,episodes,0.28,1999-10-12,0.0,325,0.0,2,25,>=,EST,82694,INCOMPLETE,1999,Li et al. 2025a,1999-09-30,34.0,91,tmax_c,5.88771987067,0.0,0.0,batch_020bb814b4c2e689d431.csv,-32.75,-52.75
7,episodes,0.28,2000-01-03,0.0,1050,0.0,2,25,>=,VEG,82694,INCOMPLETE,1999,Li et al. 2025a,1999-11-23,34.6,294,tmax_c,5.88771987067,0.0,0.0,batch_020bb814b4c2e689d431.csv,-32.75,-52.75
7,episodes,0.28,2000-01-28,0.0,325,0.0,2,25,>=,REP,82694,INCOMPLETE,1999,Li et al. (2025b),2000-01-16,33.7,91,tmax_c,5.88771987067,0.0,0.0,batch_020bb814b4c2e689d431.csv,-32.75,-52.75
7,episodes,0.28,2000-01-15,0.0,300,0.0,2,25,>=,FLO,82694,INCOMPLETE,1999,Li et al. (2025b),2000-01-04,33.7,84,tmax_c,5.88771987067,0.0,0.0,batch_020bb814b4c2e689d431.csv,-32.75,-52.75
7,episodes,0.28,2000-03-21,0.0,1325,0.0,2,25,>=,FIL,82694,INCOMPLETE,1999,Li et al. (2025b),2000-01-29,32.7,371,tmax_c,5.88771987067,0.0,0.0,batch_020bb814b4c2e689d431.csv,-32.75,-52.75
7,days,0.28,2000-04-09,1.0,475,2.0,1,25,>,MAT,82694,INCOMPLETE,1999,Ortega Gómez et al. (2019),2000-03-22,10.0,133,precip_mm,5.88771987067,11.77543974134,5.88771987067,batch_020bb814b4c2e689d431.csv,-32.75,-52.75
7,episodes,0.28,2000-10-12,0.0,325,0.0,2,25,>=,EST,82694,INCOMPLETE,2000,Li et al. 2025a,2000-09-30,34.0,91,tmax_c,5.88771987067,0.0,0.0,batch_020bb814b4c2e689d431.csv,-32.75,-52.75
7,episodes,0.28,2001-01-03,0.0,1050,0.0,2,25,>=,VEG,82694,INCOMPLETE,2000,Li et al. 2025a,2000-11-23,34.6,294,tmax_c,5.88771987067,0.0,0.0,batch_020bb814b4c2e689d431.csv,-32.75,-52.75
7,episodes,0.28,2001-01-28,0.0,325,0.0,2,25,>=,REP,82694,INCOMPLETE,2000,Li et al. (2025b),2001-01-16,33.7,91,tmax_c,5.88771987067,0.0,0.0,batch_020bb814b4c2e689d431.csv,-32.75,-52.75
7,episodes,0.28,2001-01-15,0.0,300,0.0,2,25,>=,FLO,82694,INCOMPLETE,2000,Li et al. (2025b),2001-01-04,33.7,84,tmax_c,5.88771987067,0.0,0.0,batch_020bb814b4c2e689d431.csv,-32.75,-52.75
7,episodes,0.28,2001-03-21,0.0,1300,0.0,2,25,>=,FIL,82694,INCOMPLETE,2000,Li et al. (2025b),2001-01-29,32.7,364,tmax_c,5.88771987067,0.0,0.0,batch_020bb814b4c2e689d431.csv,-32.75,-52.75
7,days,0.28,2001-04-09,1.0,475,5.285851118483288,1,25,>,MAT,82694,INCOMPLETE,2000,Ortega Gómez et al. (2019),2001-03-22,10.0,133,precip_mm,5.88771987067,31.121610663697297,5.88771987067,batch_020bb814b4c2e689d431.csv,-32.75,-52.75
25,episodes,1.0,1997-11-24,0.0,350,0.0,2,25,>=,EST,103743,OK,1997,Li et al. 2025a,1997-11-11,34.0,350,tmax_c,23.816464482081678,0.0,0.0,batch_0223b5a90cfebc7cefc3.csv,-17.75,31.75
25,episodes,1.0,1998-02-16,0.0,1075,0.0,2,25,>=,VEG,103743,OK,1997,Li et al. 2025a,1998-01-05,34.6,1075,tmax_c,23.816464482081678,0.0,0.0,batch_0223b5a90cfebc7cefc3.csv,-17.75,31.75
25,episodes,1.0,1998-03-13,0.0,350,0.0,2,25,>=,REP,103743,OK,1997,Li et al. (2025b),1998-02-28,33.7,350,tmax_c,23.816464482081678,0.0,0.0,batch_0223b5a90cfebc7cefc3.csv,-17.75,31.75
25,episodes,1.0,1998-02-27,0.0,275,0.0,2,25,>=,FLO,103743,OK,1997,Li et al. (2025b),1998-02-17,33.7,275,tmax_c,23.816464482081678,0.0,0.0,batch_0223b5a90cfebc7cefc3.csv,-17.75,31.75
25,episodes,1.0,1998-05-05,0.0,1325,0.0,2,25,>=,FIL,103743,OK,1997,Li et al. (2025b),1998-03-14,32.7,1325,tmax_c,23.816464482081678,0.0,0.0,batch_0223b5a90cfebc7cefc3.csv,-17.75,31.75
25,days,1.0,1998-05-24,0.0,475,0.0,1,25,>,MAT,103743,OK,1997,Ortega Gómez et al. (2019),1998-05-06,10.0,475,precip_mm,23.816464482081678,0.0,0.0,batch_0223b5a90cfebc7cefc3.csv,-17.75,31.75
25,episodes,1.0,1998-11-24,0.0,350,0.0,2,25,>=,EST,103743,OK,1998,Li et al. 2025a,1998-11-11,34.0,350,tmax_c,23.816464482081678,0.0,0.0,batch_0223b5a90cfebc7cefc3.csv,-17.75,31.75
25,episodes,1.0,1999-02-16,0.0,1075,0.0,2,25,>=,VEG,103743,OK,1998,Li et al. 2025a,1999-01-05,34.6,1075,tmax_c,23.816464482081678,0.0,0.0,batch_0223b5a90cfebc7cefc3.csv,-17.75,31.75
25,episodes,1.0,1999-03-13,0.0,350,0.0,2,25,>=,REP,103743,OK,1998,Li et al. (2025b),1999-02-28,33.7,350,tmax_c,23.816464482081678,0.0,0.0,batch_0223b5a90cfebc7cefc3.csv,-17.75,31.75
25,episodes,1.0,1999-02-27,0.0,275,0.0,2,25,>=,FLO,103743,OK,1998,Li et al. (2025b),1999-02-17,33.7,275,tmax_c,23.816464482081678,0.0,0.0,batch_0223b5a90cfebc7cefc3.csv,-17.75,31.75
25,episodes,1.0,1999-05-05,0.0,1325,0.0,2,25,>=,FIL,103743,OK,1998,Li et al. (2025b),1999-03-14,32.7,1325,tmax_c,23.81646448208168,0.0,0.0,batch_0223b5a90cfebc7cefc3.csv,-17.75,31.75
25,days,1.0,1999-05-24,0.0,475,0.0,1,25,>,MAT,103743,OK,1998,Ortega Gómez et al. (2019),1999-05-06,10.0,475,precip_mm,23.81646448208168,0.0,0.0,batch_0223b5a90cfebc7cefc3.csv,-17.75,31.75
25,episodes,1.0,1999-11-24,0.0,350,0.0,2,25,>=,EST,103743,OK,1999,Li et al. 2025a,1999-11-11,34.0,350,tmax_c,23.816464482081678,0.0,0.0,batch_0223b5a90cfebc7cefc3.csv,-17.75,31.75
25,episodes,1.0,2000-02-16,0.0,1075,0.0,2,25,>=,VEG,103743,OK,1999,Li et al. 2025a,2000-01-05,34.6,1075,tmax_c,23.81646448208168,0.0,0.0,batch_0223b5a90cfebc7cefc3.csv,-17.75,31.75
25,episodes,1.0,2000-03-13,0.0,375,0.0,2,25,>=,REP,103743,OK,1999,Li et al. (2025b),2000-02-28,33.7,375,tmax_c,23.816464482081678,0.0,0.0,batch_0223b5a90cfebc7cefc3.csv,-17.75,31.75
25,episodes,1.0,2000-02-27,0.0,275,0.0,2,25,>=,FLO,103743,OK,1999,Li et al. (2025b),2000-02-17,33.7,275,tmax_c,23.81646448208168,0.0,0.0,batch_0223b5a90cfebc7cefc3.csv,-17.75,31.75
25,episodes,1.0,2000-05-05,0.0,1325,0.0,2,25,>=,FIL,103743,OK,1999,Li et al. (2025b),2000-03-14,32.7,1325,tmax_c,23.816464482081678,0.0,0.0,batch_0223b5a90cfebc7cefc3.csv,-17.75,31.75
25,days,1.0,2000-05-24,0.359687710861146,475,0.359687710861146,1,25,>,MAT,103743,OK,1999,Ortega Gómez et al. (2019),2000-05-06,10.0,475,precip_mm,23.816464482081678,8.566489590365746,8.566489590365746,batch_0223b5a90cfebc7cefc3.csv,-17.75,31.75
25,episodes,1.0,2000-11-24,0.0,350,0.0,2,25,>=,EST,103743,OK,2000,Li et al. 2025a,2000-11-11,34.0,350,tmax_c,23.81646448208168,0.0,0.0,batch_0223b5a90cfebc7cefc3.csv,-17.75,31.75
25,episodes,1.0,2001-02-16,0.0,1075,0.0,2,25,>=,VEG,103743,OK,2000,Li et al. 2025a,2001-01-05,34.6,1075,tmax_c,23.81646448208168,0.0,0.0,batch_0223b5a90cfebc7cefc3.csv,-17.75,31.75
25,episodes,1.0,2001-03-13,0.0,350,0.0,2,25,>=,REP,103743,OK,2000,Li et al. (2025b),2001-02-28,33.7,350,tmax_c,23.81646448208168,0.0,0.0,batch_0223b5a90cfebc7cefc3.csv,-17.75,31.75
25,episodes,1.0,2001-02-27,0.0,275,0.0,2,25,>=,FLO,103743,OK,2000,Li et al. (2025b),2001-02-17,33.7,275,tmax_c,23.816464482081678,0.0,0.0,batch_0223b5a90cfebc7cefc3.csv,-17.75,31.75
25,episodes,1.0,2001-05-05,0.0,1325,0.0,2,25,>=,FIL,103743,OK,2000,Li et al. (2025b),2001-03-14,32.7,1325,tmax_c,23.816464482081678,0.0,0.0,batch_0223b5a90cfebc7cefc3.csv,-17.75,31.75
25,days,1.0,2001-05-24,0.0,475,0.0,1,25,>,MAT,103743,OK,2000,Ortega Gómez et al. (2019),2001-05-06,10.0,475,precip_mm,23.816464482081678,0.0,0.0,batch_0223b5a90cfebc7cefc3.csv,-17.75,31.75
25,episodes,1.0,1989-11-02,0.0,275,0.0,2,25,>=,EST,77634,OK,1989,Li et al. 2025a,1989-10-23,34.0,275,tmax_c,20.173946350106043,0.0,0.0,batch_02273f61fa1c19a92cef.csv,-36.25,-62.75
25,episodes,1.0,1990-01-07,0.0,850,0.0,2,25,>=,VEG,77634,OK,1989,Li et al. 2025a,1989-12-05,34.6,850,tmax_c,20.173946350106043,0.0,0.0,batch_02273f61fa1c19a92cef.csv,-36.25,-62.75
25,episodes,1.0,1990-01-27,1.0,275,1.0,2,25,>=,REP,77634,OK,1989,Li et al. (2025b),1990-01-17,33.7,275,tmax_c,20.173946350106043,20.173946350106043,20.173946350106043,batch_02273f61fa1c19a92cef.csv,-36.25,-62.75
25,episodes,1.0,1990-01-16,0.8005115649195523,225,0.8005115649195523,2,25,>=,FLO,77634,OK,1989,Li et al. (2025b),1990-01-08,33.7,225,tmax_c,20.173946350106043,16.14947736332648,16.14947736332648,batch_02273f61fa1c19a92cef.csv,-36.25,-62.75
25,episodes,1.0,1990-03-10,0.0,1050,0.0,2,25,>=,FIL,77634,OK,1989,Li et al. (2025b),1990-01-28,32.7,1050,tmax_c,20.173946350106043,0.0,0.0,batch_02273f61fa1c19a92cef.csv,-36.25,-62.75
25,days,1.0,1990-03-25,1.0,375,1.0,1,25,>,MAT,77634,OK,1989,Ortega Gómez et al. (2019),1990-03-11,10.0,375,precip_mm,20.173946350106043,20.173946350106043,20.173946350106043,batch_02273f61fa1c19a92cef.csv,-36.25,-62.75
25,episodes,1.0,1990-11-02,0.0,275,0.0,2,25,>=,EST,77634,OK,1990,Li et al. 2025a,1990-10-23,34.0,275,tmax_c,20.173946350106043,0.0,0.0,batch_02273f61fa1c19a92cef.csv,-36.25,-62.75
25,episodes,1.0,1991-01-07,0.0,850,0.0,2,25,>=,VEG,77634,OK,1990,Li et al. 2025a,1990-12-05,34.6,850,tmax_c,20.173946350106043,0.0,0.0,batch_02273f61fa1c19a92cef.csv,-36.25,-62.75
25,episodes,1.0,1991-01-27,0.0,275,0.0,2,25,>=,REP,77634,OK,1990,Li et al. (2025b),1991-01-17,33.7,275,tmax_c,20.173946350106043,0.0,0.0,batch_02273f61fa1c19a92cef.csv,-36.25,-62.75
25,episodes,1.0,1991-01-16,0.0,225,0.0,2,25,>=,FLO,77634,OK,1990,Li et al. (2025b),1991-01-08,33.7,225,tmax_c,20.173946350106043,0.0,0.0,batch_02273f61fa1c19a92cef.csv,-36.25,-62.75
25,episodes,1.0,1991-03-10,1.0,1050,1.0,2,25,>=,FIL,77634,OK,1990,Li et al. (2025b),1991-01-28,32.7,1050,tmax_c,20.173946350106043,20.173946350106043,20.173946350106043,batch_02273f61fa1c19a92cef.csv,-36.25,-62.75
25,days,1.0,1991-03-25,0.0,375,0.0,1,25,>,MAT,77634,OK,1990,Ortega Gómez et al. (2019),1991-03-11,10.0,375,precip_mm,20.173946350106043,0.0,0.0,batch_02273f61fa1c19a92cef.csv,-36.25,-62.75
25,episodes,1.0,1991-11-02,0.0,275,0.0,2,25,>=,EST,77634,OK,1991,Li et al. 2025a,1991-10-23,34.0,275,tmax_c,20.173946350106043,0.0,0.0,batch_02273f61fa1c19a92cef.csv,-36.25,-62.75
25,episodes,1.0,1992-01-07,0.0,850,0.0,2,25,>=,VEG,77634,OK,1991,Li et al. 2025a,1991-12-05,34.6,850,tmax_c,20.173946350106043,0.0,0.0,batch_02273f61fa1c19a92cef.csv,-36.25,-62.75
25,episodes,1.0,1992-01-27,0.0,275,0.0,2,25,>=,REP,77634,OK,1991,Li et al. (2025b),1992-01-17,33.7,275,tmax_c,20.173946350106043,0.0,0.0,batch_02273f61fa1c19a92cef.csv,-36.25,-62.75
25,episodes,1.0,1992-01-16,0.0,225,0.0,2,25,>=,FLO,77634,OK,1991,Li et al. (2025b),1992-01-08,33.7,225,tmax_c,20.173946350106043,0.0,0.0,batch_02273f61fa1c19a92cef.csv,-36.25,-62.75
25,episodes,1.0,1992-03-10,0.0,1075,0.0,2,25,>=,FIL,77634,OK,1991,Li et al. (2025b),1992-01-28,32.7,1075,tmax_c,20.173946350106043,0.0,0.0,batch_02273f61fa1c19a92cef.csv,-36.25,-62.75
25,days,1.0,1992-03-25,1.0,375,3.160306451718553,1,25,>,MAT,77634,OK,1991,Ortega Gómez et al. (2019),1992-03-11,10.0,375,precip_mm,20.173946350106043,63.75585280686409,20.173946350106043,batch_02273f61fa1c19a92cef.csv,-36.25,-62.75
25,episodes,1.0,1992-11-02,0.0,275,0.0,2,25,>=,EST,77634,OK,1992,Li et al. 2025a,1992-10-23,34.0,275,tmax_c,20.173946350106043,0.0,0.0,batch_02273f61fa1c19a92cef.csv,-36.25,-62.75
25,episodes,1.0,1993-01-07,0.0,850,0.0,2,25,>=,VEG,77634,OK,1992,Li et al. 2025a,1992-12-05,34.6,850,tmax_c,20.173946350106043,0.0,0.0,batch_02273f61fa1c19a92cef.csv,-36.25,-62.75
25,episodes,1.0,1993-01-27,0.0,275,0.0,2,25,>=,REP,77634,OK,1992,Li et al. (2025b),1993-01-17,33.7,275,tmax_c,20.173946350106043,0.0,0.0,batch_02273f61fa1c19a92cef.csv,-36.25,-62.75
25,episodes,1.0,1993-01-16,0.0,225,0.0,2,25,>=,FLO,77634,OK,1992,Li et al. (2025b),1993-01-08,33.7,225,tmax_c,20.173946350106043,0.0,0.0,batch_02273f61fa1c19a92cef.csv,-36.25,-62.75
25,episodes,1.0,1993-03-10,0.1997956177265728,1050,0.1997956177265728,2,25,>=,FIL,77634,OK,1992,Li et al. (2025b),1993-01-28,32.7,1050,tmax_c,20.173946350106043,4.030666073002176,4.030666073002176,batch_02273f61fa1c19a92cef.csv,-36.25,-62.75
25,days,1.0,1993-03-25,1.0,375,2.0799997563056065,1,25,>,MAT,77634,OK,1992,Ortega Gómez et al. (2019),1993-03-11,10.0,375,precip_mm,20.173946350106043,41.96180349194295,20.173946350106043,batch_02273f61fa1c19a92cef.csv,-36.25,-62.75
25,episodes,1.0,1989-02-23,0.0,250,0.0,2,25,>=,EST,99271,OK,1989,Li et al. 2025a,1989-02-14,34.0,250,tmax_c,23.3080240299314,0.0,0.0,batch_022a4a5c413468882155.csv,-21.25,-44.25
25,episodes,1.0,1989-04-28,0.0,825,0.0,2,25,>=,VEG,99271,OK,1989,Li et al. 2025a,1989-03-27,34.6,825,tmax_c,23.3080240299314,0.0,0.0,batch_022a4a5c413468882155.csv,-21.25,-44.25
25,episodes,1.0,1989-05-17,0.0,275,0.0,2,25,>=,REP,99271,OK,1989,Li et al. (2025b),1989-05-07,33.7,275,tmax_c,23.3080240299314,0.0,0.0,batch_022a4a5c413468882155.csv,-21.25,-44.25
25,episodes,1.0,1989-05-06,0.0,200,0.0,2,25,>=,FLO,99271,OK,1989,Li et al. (2025b),1989-04-29,33.7,200,tmax_c,23.3080240299314,0.0,0.0,batch_022a4a5c413468882155.csv,-21.25,-44.25
25,episodes,1.0,1989-06-25,0.0,975,0.0,2,25,>=,FIL,99271,OK,1989,Li et al. (2025b),1989-05-18,32.7,975,tmax_c,23.3080240299314,0.0,0.0,batch_022a4a5c413468882155.csv,-21.25,-44.25
25,days,1.0,1989-07-10,0.9600542793903551,375,0.9600542793903551,1,25,>,MAT,99271,OK,1989,Ortega Gómez et al. (2019),1989-06-26,10.0,375,precip_mm,23.3080240299314,22.37696821406887,22.37696821406887,batch_022a4a5c413468882155.csv,-21.25,-44.25
25,episodes,1.0,1990-02-23,0.0,250,0.0,2,25,>=,EST,99271,OK,1990,Li et al. 2025a,1990-02-14,34.0,250,tmax_c,23.3080240299314,0.0,0.0,batch_022a4a5c413468882155.csv,-21.25,-44.25
25,episodes,1.0,1990-04-28,0.0,825,0.0,2,25,>=,VEG,99271,OK,1990,Li et al. 2025a,1990-03-27,34.6,825,tmax_c,23.3080240299314,0.0,0.0,batch_022a4a5c413468882155.csv,-21.25,-44.25
25,episodes,1.0,1990-05-17,0.0,275,0.0,2,25,>=,REP,99271,OK,1990,Li et al. (2025b),1990-05-07,33.7,275,tmax_c,23.3080240299314,0.0,0.0,batch_022a4a5c413468882155.csv,-21.25,-44.25
25,episodes,1.0,1990-05-06,0.0,200,0.0,2,25,>=,FLO,99271,OK,1990,Li et al. (2025b),1990-04-29,33.7,200,tmax_c,23.3080240299314,0.0,0.0,batch_022a4a5c413468882155.csv,-21.25,-44.25
25,episodes,1.0,1990-06-25,0.0,975,0.0,2,25,>=,FIL,99271,OK,1990,Li et al. (2025b),1990-05-18,32.7,975,tmax_c,23.3080240299314,0.0,0.0,batch_022a4a5c413468882155.csv,-21.25,-44.25
25,days,1.0,1990-07-10,0.2001893686715209,375,0.2001893686715209,1,25,>,MAT,99271,OK,1990,Ortega Gómez et al. (2019),1990-06-26,10.0,375,precip_mm,23.3080240299314,4.666018615532606,4.666018615532606,batch_022a4a5c413468882155.csv,-21.25,-44.25
25,episodes,1.0,1991-02-23,0.0,250,0.0,2,25,>=,EST,99271,OK,1991,Li et al. 2025a,1991-02-14,34.0,250,tmax_c,23.3080240299314,0.0,0.0,batch_022a4a5c413468882155.csv,-21.25,-44.25
25,episodes,1.0,1991-04-28,0.0,825,0.0,2,25,>=,VEG,99271,OK,1991,Li et al. 2025a,1991-03-27,34.6,825,tmax_c,23.3080240299314,0.0,0.0,batch_022a4a5c413468882155.csv,-21.25,-44.25
25,episodes,1.0,1991-05-17,0.0,275,0.0,2,25,>=,REP,99271,OK,1991,Li et al. (2025b),1991-05-07,33.7,275,tmax_c,23.3080240299314,0.0,0.0,batch_022a4a5c413468882155.csv,-21.25,-44.25
25,episodes,1.0,1991-05-06,0.0,200,0.0,2,25,>=,FLO,99271,OK,1991,Li et al. (2025b),1991-04-29,33.7,200,tmax_c,23.3080240299314,0.0,0.0,batch_022a4a5c413468882155.csv,-21.25,-44.25
25,episodes,1.0,1991-06-25,0.0,975,0.0,2,25,>=,FIL,99271,OK,1991,Li et al. (2025b),1991-05-18,32.7,975,tmax_c,23.3080240299314,0.0,0.0,batch_022a4a5c413468882155.csv,-21.25,-44.25
25,days,1.0,1991-07-10,0.0,375,0.0,1,25,>,MAT,99271,OK,1991,Ortega Gómez et al. (2019),1991-06-26,10.0,375,precip_mm,23.3080240299314,0.0,0.0,batch_022a4a5c413468882155.csv,-21.25,-44.25
25,episodes,1.0,1992-02-23,0.0,250,0.0,2,25,>=,EST,99271,OK,1992,Li et al. 2025a,1992-02-14,34.0,250,tmax_c,23.3080240299314,0.0,0.0,batch_022a4a5c413468882155.csv,-21.25,-44.25
25,episodes,1.0,1992-04-28,0.0,825,0.0,2,25,>=,VEG,99271,OK,1992,Li et al. 2025a,1992-03-27,34.6,825,tmax_c,23.3080240299314,0.0,0.0,batch_022a4a5c413468882155.csv,-21.25,-44.25
25,episodes,1.0,1992-05-17,0.0,275,0.0,2,25,>=,REP,99271,OK,1992,Li et al. (2025b),1992-05-07,33.7,275,tmax_c,23.3080240299314,0.0,0.0,batch_022a4a5c413468882155.csv,-21.25,-44.25
25,episodes,1.0,1992-05-06,0.0,200,0.0,2,25,>=,FLO,99271,OK,1992,Li et al. (2025b),1992-04-29,33.7,200,tmax_c,23.3080240299314,0.0,0.0,batch_022a4a5c413468882155.csv,-21.25,-44.25
25,episodes,1.0,1992-06-25,0.0,975,0.0,2,25,>=,FIL,99271,OK,1992,Li et al. (2025b),1992-05-18,32.7,975,tmax_c,23.3080240299314,0.0,0.0,batch_022a4a5c413468882155.csv,-21.25,-44.25
25,days,1.0,1992-07-10,0.0,375,0.0,1,25,>,MAT,99271,OK,1992,Ortega Gómez et al. (2019),1992-06-26,10.0,375,precip_mm,23.3080240299314,0.0,0.0,batch_022a4a5c413468882155.csv,-21.25,-44.25
25,episodes,1.0,2013-03-23,0.0,175,0.0,2,25,>=,EST,100702,OK,2013,Li et al. 2025a,2013-03-17,34.0,175,tmax_c,23.462254098719804,0.0,0.0,batch_022e8d902217d6bc8197.csv,-20.25,-48.75
25,episodes,1.0,2013-05-05,0.0,550,0.0,2,25,>=,VEG,100702,OK,2013,Li et al. 2025a,2013-04-14,34.6,550,tmax_c,23.462254098719804,0.0,0.0,batch_022e8d902217d6bc8197.csv,-20.25,-48.75
25,episodes,1.0,2013-05-19,0.0,175,0.0,2,25,>=,REP,100702,OK,2013,Li et al. (2025b),2013-05-13,33.7,175,tmax_c,23.462254098719804,0.0,0.0,batch_022e8d902217d6bc8197.csv,-20.25,-48.75
25,episodes,1.0,2013-05-12,0.0,175,0.0,2,25,>=,FLO,100702,OK,2013,Li et al. (2025b),2013-05-06,33.7,175,tmax_c,23.462254098719804,0.0,0.0,batch_022e8d902217d6bc8197.csv,-20.25,-48.75
25,episodes,1.0,2013-06-15,0.0,675,0.0,2,25,>=,FIL,100702,OK,2013,Li et al. (2025b),2013-05-20,32.7,675,tmax_c,23.462254098719804,0.0,0.0,batch_022e8d902217d6bc8197.csv,-20.25,-48.75
25,days,1.0,2013-06-25,0.0,250,0.0,1,25,>,MAT,100702,OK,2013,Ortega Gómez et al. (2019),2013-06-16,10.0,250,precip_mm,23.462254098719804,0.0,0.0,batch_022e8d902217d6bc8197.csv,-20.25,-48.75
25,episodes,1.0,2014-03-23,0.0,175,0.0,2,25,>=,EST,100702,OK,2014,Li et al. 2025a,2014-03-17,34.0,175,tmax_c,23.462254098719804,0.0,0.0,batch_022e8d902217d6bc8197.csv,-20.25,-48.75
25,episodes,1.0,2014-05-05,0.0,550,0.0,2,25,>=,VEG,100702,OK,2014,Li et al. 2025a,2014-04-14,34.6,550,tmax_c,23.462254098719804,0.0,0.0,batch_022e8d902217d6bc8197.csv,-20.25,-48.75
25,episodes,1.0,2014-05-19,0.0,175,0.0,2,25,>=,REP,100702,OK,2014,Li et al. (2025b),2014-05-13,33.7,175,tmax_c,23.462254098719804,0.0,0.0,batch_022e8d902217d6bc8197.csv,-20.25,-48.75
25,episodes,1.0,2014-05-12,0.0,175,0.0,2,25,>=,FLO,100702,OK,2014,Li et al. (2025b),2014-05-06,33.7,175,tmax_c,23.462254098719804,0.0,0.0,batch_022e8d902217d6bc8197.csv,-20.25,-48.75
25,episodes,1.0,2014-06-15,0.0,675,0.0,2,25,>=,FIL,100702,OK,2014,Li et al. (2025b),2014-05-20,32.7,675,tmax_c,23.462254098719804,0.0,0.0,batch_022e8d902217d6bc8197.csv,-20.25,-48.75
25,days,1.0,2014-06-25,0.0,250,0.0,1,25,>,MAT,100702,OK,2014,Ortega Gómez et al. (2019),2014-06-16,10.0,250,precip_mm,23.462254098719804,0.0,0.0,batch_022e8d902217d6bc8197.csv,-20.25,-48.75
25,episodes,1.0,2015-03-23,0.0,175,0.0,2,25,>=,EST,100702,OK,2015,Li et al. 2025a,2015-03-17,34.0,175,tmax_c,23.462254098719804,0.0,0.0,batch_022e8d902217d6bc8197.csv,-20.25,-48.75
25,episodes,1.0,2015-05-05,0.0,550,0.0,2,25,>=,VEG,100702,OK,2015,Li et al. 2025a,2015-04-14,34.6,550,tmax_c,23.462254098719804,0.0,0.0,batch_022e8d902217d6bc8197.csv,-20.25,-48.75
25,episodes,1.0,2015-05-19,0.0,175,0.0,2,25,>=,REP,100702,OK,2015,Li et al. (2025b),2015-05-13,33.7,175,tmax_c,23.462254098719804,0.0,0.0,batch_022e8d902217d6bc8197.csv,-20.25,-48.75
25,episodes,1.0,2015-05-12,0.0,175,0.0,2,25,>=,FLO,100702,OK,2015,Li et al. (2025b),2015-05-06,33.7,175,tmax_c,23.462254098719804,0.0,0.0,batch_022e8d902217d6bc8197.csv,-20.25,-48.75
25,episodes,1.0,2015-06-15,0.0,675,0.0,2,25,>=,FIL,100702,OK,2015,Li et al. (2025b),2015-05-20,32.7,675,tmax_c,23.462254098719804,0.0,0.0,batch_022e8d902217d6bc8197.csv,-20.25,-48.75
25,days,1.0,2015-06-25,0.0,250,0.0,1,25,>,MAT,100702,OK,2015,Ortega Gómez et al. (2019),2015-06-16,10.0,250,precip_mm,23.462254098719804,0.0,0.0,batch_022e8d902217d6bc8197.csv,-20.25,-48.75
25,episodes,1.0,2016-03-23,0.0,175,0.0,2,25,>=,EST,100702,OK,2016,Li et al. 2025a,2016-03-17,34.0,175,tmax_c,23.462254098719804,0.0,0.0,batch_022e8d902217d6bc8197.csv,-20.25,-48.75
25,episodes,1.0,2016-05-05,0.0,550,0.0,2,25,>=,VEG,100702,OK,2016,Li et al. 2025a,2016-04-14,34.6,550,tmax_c,23.462254098719804,0.0,0.0,batch_022e8d902217d6bc8197.csv,-20.25,-48.75
25,episodes,1.0,2016-05-19,0.0,175,0.0,2,25,>=,REP,100702,OK,2016,Li et al. (2025b),2016-05-13,33.7,175,tmax_c,23.462254098719804,0.0,0.0,batch_022e8d902217d6bc8197.csv,-20.25,-48.75
25,episodes,1.0,2016-05-12,0.0,175,0.0,2,25,>=,FLO,100702,OK,2016,Li et al. (2025b),2016-05-06,33.7,175,tmax_c,23.462254098719804,0.0,0.0,batch_022e8d902217d6bc8197.csv,-20.25,-48.75
25,episodes,1.0,2016-06-15,0.0,675,0.0,2,25,>=,FIL,100702,OK,2016,Li et al. (2025b),2016-05-20,32.7,675,tmax_c,23.462254098719804,0.0,0.0,batch_022e8d902217d6bc8197.csv,-20.25,-48.75
25,days,1.0,2016-06-25,0.0,250,0.0,1,25,>,MAT,100702,OK,2016,Ortega Gómez et al. (2019),2016-06-16,10.0,250,precip_mm,23.462254098719804,0.0,0.0,batch_022e8d902217d6bc8197.csv,-20.25,-48.75
25,episodes,1.0,2001-02-21,0.0,200,0.0,2,25,>=,EST,105005,OK,2001,Li et al. 2025a,2001-02-14,34.0,200,tmax_c,23.881886304513923,0.0,0.0,batch_022f85fd2b7d8e1d0a94.csv,-17.25,-57.25
25,episodes,1.0,2001-04-12,0.0,625,0.0,2,25,>=,VEG,105005,OK,2001,Li et al. 2025a,2001-03-19,34.6,625,tmax_c,23.881886304513923,0.0,0.0,batch_022f85fd2b7d8e1d0a94.csv,-17.25,-57.25
25,episodes,1.0,2001-04-28,0.0,200,0.0,2,25,>=,REP,105005,OK,2001,Li et al. (2025b),2001-04-21,33.7,200,tmax_c,23.881886304513923,0.0,0.0,batch_022f85fd2b7d8e1d0a94.csv,-17.25,-57.25
25,episodes,1.0,2001-04-20,0.0,200,0.0,2,25,>=,FLO,105005,OK,2001,Li et al. (2025b),2001-04-13,33.7,200,tmax_c,23.881886304513923,0.0,0.0,batch_022f85fd2b7d8e1d0a94.csv,-17.25,-57.25
25,episodes,1.0,2001-05-29,0.0,775,0.0,2,25,>=,FIL,105005,OK,2001,Li et al. (2025b),2001-04-29,32.7,775,tmax_c,23.881886304513923,0.0,0.0,batch_022f85fd2b7d8e1d0a94.csv,-17.25,-57.25
25,days,1.0,2001-06-10,0.0,300,0.0,1,25,>,MAT,105005,OK,2001,Ortega Gómez et al. (2019),2001-05-30,10.0,300,precip_mm,23.881886304513923,0.0,0.0,batch_022f85fd2b7d8e1d0a94.csv,-17.25,-57.25
25,episodes,1.0,2002-02-21,0.0,200,0.0,2,25,>=,EST,105005,OK,2002,Li et al. 2025a,2002-02-14,34.0,200,tmax_c,23.881886304513923,0.0,0.0,batch_022f85fd2b7d8e1d0a94.csv,-17.25,-57.25
25,episodes,1.0,2002-04-12,0.0,625,0.0,2,25,>=,VEG,105005,OK,2002,Li et al. 2025a,2002-03-19,34.6,625,tmax_c,23.881886304513923,0.0,0.0,batch_022f85fd2b7d8e1d0a94.csv,-17.25,-57.25
25,episodes,1.0,2002-04-28,0.0,200,0.0,2,25,>=,REP,105005,OK,2002,Li et al. (2025b),2002-04-21,33.7,200,tmax_c,23.881886304513923,0.0,0.0,batch_022f85fd2b7d8e1d0a94.csv,-17.25,-57.25
25,episodes,1.0,2002-04-20,0.0,200,0.0,2,25,>=,FLO,105005,OK,2002,Li et al. (2025b),2002-04-13,33.7,200,tmax_c,23.881886304513923,0.0,0.0,batch_022f85fd2b7d8e1d0a94.csv,-17.25,-57.25
25,episodes,1.0,2002-05-29,0.9600433434633714,775,1.1200864432981423,2,25,>=,FIL,105005,OK,2002,Li et al. (2025b),2002-04-29,32.7,775,tmax_c,23.881886304513923,26.74977709007361,22.927645975997645,batch_022f85fd2b7d8e1d0a94.csv,-17.25,-57.25
25,days,1.0,2002-06-10,0.0,300,0.0,1,25,>,MAT,105005,OK,2002,Ortega Gómez et al. (2019),2002-05-30,10.0,300,precip_mm,23.881886304513923,0.0,0.0,batch_022f85fd2b7d8e1d0a94.csv,-17.25,-57.25
25,episodes,1.0,2003-02-21,0.0,200,0.0,2,25,>=,EST,105005,OK,2003,Li et al. 2025a,2003-02-14,34.0,200,tmax_c,23.881886304513923,0.0,0.0,batch_022f85fd2b7d8e1d0a94.csv,-17.25,-57.25
25,episodes,1.0,2003-04-12,0.0,625,0.0,2,25,>=,VEG,105005,OK,2003,Li et al. 2025a,2003-03-19,34.6,625,tmax_c,23.881886304513923,0.0,0.0,batch_022f85fd2b7d8e1d0a94.csv,-17.25,-57.25
25,episodes,1.0,2003-04-28,0.0,200,0.0,2,25,>=,REP,105005,OK,2003,Li et al. (2025b),2003-04-21,33.7,200,tmax_c,23.881886304513923,0.0,0.0,batch_022f85fd2b7d8e1d0a94.csv,-17.25,-57.25
25,episodes,1.0,2003-04-20,0.0,200,0.0,2,25,>=,FLO,105005,OK,2003,Li et al. (2025b),2003-04-13,33.7,200,tmax_c,23.881886304513923,0.0,0.0,batch_022f85fd2b7d8e1d0a94.csv,-17.25,-57.25
25,episodes,1.0,2003-05-29,0.9600433434633714,775,1.200129664914354,2,25,>=,FIL,105005,OK,2003,Li et al. (2025b),2003-04-29,32.7,775,tmax_c,23.881886304513923,28.661360208159,22.927645975997645,batch_022f85fd2b7d8e1d0a94.csv,-17.25,-57.25
25,days,1.0,2003-06-10,0.0,300,0.0,1,25,>,MAT,105005,OK,2003,Ortega Gómez et al. (2019),2003-05-30,10.0,300,precip_mm,23.881886304513923,0.0,0.0,batch_022f85fd2b7d8e1d0a94.csv,-17.25,-57.25
25,episodes,1.0,2004-02-21,0.0,200,0.0,2,25,>=,EST,105005,OK,2004,Li et al. 2025a,2004-02-14,34.0,200,tmax_c,23.881886304513923,0.0,0.0,batch_022f85fd2b7d8e1d0a94.csv,-17.25,-57.25
25,episodes,1.0,2004-04-12,0.0,625,0.0,2,25,>=,VEG,105005,OK,2004,Li et al. 2025a,2004-03-19,34.6,625,tmax_c,23.881886304513923,0.0,0.0,batch_022f85fd2b7d8e1d0a94.csv,-17.25,-57.25
25,episodes,1.0,2004-04-28,0.0,200,0.0,2,25,>=,REP,105005,OK,2004,Li et al. (2025b),2004-04-21,33.7,200,tmax_c,23.881886304513923,0.0,0.0,batch_022f85fd2b7d8e1d0a94.csv,-17.25,-57.25
25,episodes,1.0,2004-04-20,0.0,200,0.0,2,25,>=,FLO,105005,OK,2004,Li et al. (2025b),2004-04-13,33.7,200,tmax_c,23.881886304513923,0.0,0.0,batch_022f85fd2b7d8e1d0a94.csv,-17.25,-57.25
25,episodes,1.0,2004-05-29,0.0,775,0.0,2,25,>=,FIL,105005,OK,2004,Li et al. (2025b),2004-04-29,32.7,775,tmax_c,23.881886304513923,0.0,0.0,batch_022f85fd2b7d8e1d0a94.csv,-17.25,-57.25
25,days,1.0,2004-06-10,0.0,300,0.0,1,25,>,MAT,105005,OK,2004,Ortega Gómez et al. (2019),2004-05-30,10.0,300,precip_mm,23.881886304513923,0.0,0.0,batch_022f85fd2b7d8e1d0a94.csv,-17.25,-57.25
25,episodes,1.0,2005-10-12,0.0,325,0.0,2,25,>=,EST,89891,OK,2005,Li et al. 2025a,2005-09-30,34.0,325,tmax_c,22.13477321733814,0.0,0.0,batch_02308cf1eab085eb5448.csv,-27.75,-54.25
25,episodes,1.0,2006-01-03,0.0,1050,0.0,2,25,>=,VEG,89891,OK,2005,Li et al. 2025a,2005-11-23,34.6,1050,tmax_c,22.13477321733814,0.0,0.0,batch_02308cf1eab085eb5448.csv,-27.75,-54.25
25,episodes,1.0,2006-01-28,0.0,325,0.0,2,25,>=,REP,89891,OK,2005,Li et al. (2025b),2006-01-16,33.7,325,tmax_c,22.13477321733814,0.0,0.0,batch_02308cf1eab085eb5448.csv,-27.75,-54.25
25,episodes,1.0,2006-01-15,1.0,300,1.6802571176530714,2,25,>=,FLO,89891,OK,2005,Li et al. (2025b),2006-01-04,33.7,300,tmax_c,22.13477321733814,37.192110246068985,22.13477321733814,batch_02308cf1eab085eb5448.csv,-27.75,-54.25
25,episodes,1.0,2006-03-21,1.0,1300,1.0,2,25,>=,FIL,89891,OK,2005,Li et al. (2025b),2006-01-29,32.7,1300,tmax_c,22.13477321733814,22.13477321733814,22.13477321733814,batch_02308cf1eab085eb5448.csv,-27.75,-54.25
25,days,1.0,2006-04-09,1.0,475,4.479119602191061,1,25,>,MAT,89891,OK,2005,Ortega Gómez et al. (2019),2006-03-22,10.0,475,precip_mm,22.13477321733814,99.14429660783296,22.13477321733814,batch_02308cf1eab085eb5448.csv,-27.75,-54.25
25,episodes,1.0,2006-10-12,0.0,325,0.0,2,25,>=,EST,89891,OK,2006,Li et al. 2025a,2006-09-30,34.0,325,tmax_c,22.13477321733814,0.0,0.0,batch_02308cf1eab085eb5448.csv,-27.75,-54.25
25,episodes,1.0,2007-01-03,0.9600734273890622,1050,0.9600734273890622,2,25,>=,VEG,89891,OK,2006,Li et al. 2025a,2006-11-23,34.6,1050,tmax_c,22.13477321733814,21.251007587249447,21.251007587249447,batch_02308cf1eab085eb5448.csv,-27.75,-54.25
25,episodes,1.0,2007-01-28,0.0,325,0.0,2,25,>=,REP,89891,OK,2006,Li et al. (2025b),2007-01-16,33.7,325,tmax_c,22.13477321733814,0.0,0.0,batch_02308cf1eab085eb5448.csv,-27.75,-54.25
25,episodes,1.0,2007-01-15,0.0,300,0.0,2,25,>=,FLO,89891,OK,2006,Li et al. (2025b),2007-01-04,33.7,300,tmax_c,22.13477321733814,0.0,0.0,batch_02308cf1eab085eb5448.csv,-27.75,-54.25
25,episodes,1.0,2007-03-21,0.2002563866815776,1300,0.2002563866815776,2,25,>=,FIL,89891,OK,2006,Li et al. (2025b),2007-01-29,32.7,1300,tmax_c,22.13477321733814,4.432629704520295,4.432629704520295,batch_02308cf1eab085eb5448.csv,-27.75,-54.25
25,days,1.0,2007-04-09,1.0,475,2.639668723651312,1,25,>,MAT,89891,OK,2006,Ortega Gómez et al. (2019),2007-03-22,10.0,475,precip_mm,22.13477321733814,58.428468566922206,22.13477321733814,batch_02308cf1eab085eb5448.csv,-27.75,-54.25
25,episodes,1.0,2007-10-12,0.0,325,0.0,2,25,>=,EST,89891,OK,2007,Li et al. 2025a,2007-09-30,34.0,325,tmax_c,22.13477321733814,0.0,0.0,batch_02308cf1eab085eb5448.csv,-27.75,-54.25
25,episodes,1.0,2008-01-03,0.0,1050,0.0,2,25,>=,VEG,89891,OK,2007,Li et al. 2025a,2007-11-23,34.6,1050,tmax_c,22.13477321733814,0.0,0.0,batch_02308cf1eab085eb5448.csv,-27.75,-54.25
25,episodes,1.0,2008-01-28,0.0,325,0.0,2,25,>=,REP,89891,OK,2007,Li et al. (2025b),2008-01-16,33.7,325,tmax_c,22.13477321733814,0.0,0.0,batch_02308cf1eab085eb5448.csv,-27.75,-54.25
25,episodes,1.0,2008-01-15,0.0,300,0.0,2,25,>=,FLO,89891,OK,2007,Li et al. (2025b),2008-01-04,33.7,300,tmax_c,22.13477321733814,0.0,0.0,batch_02308cf1eab085eb5448.csv,-27.75,-54.25
25,episodes,1.0,2008-03-21,0.640293587820777,1325,0.7604766689604523,2,25,>=,FIL,89891,OK,2007,Li et al. (2025b),2008-01-29,32.7,1325,tmax_c,22.13477321733814,16.83297860451634,14.172753358928682,batch_02308cf1eab085eb5448.csv,-27.75,-54.25
25,days,1.0,2008-04-09,1.0,475,1.6796700639705124,1,25,>,MAT,89891,OK,2007,Ortega Gómez et al. (2019),2008-03-22,10.0,475,precip_mm,22.13477321733814,37.17911594593914,22.13477321733814,batch_02308cf1eab085eb5448.csv,-27.75,-54.25
25,episodes,1.0,2008-10-12,0.0,325,0.0,2,25,>=,EST,89891,OK,2008,Li et al. 2025a,2008-09-30,34.0,325,tmax_c,22.13477321733814,0.0,0.0,batch_02308cf1eab085eb5448.csv,-27.75,-54.25
25,episodes,1.0,2009-01-03,0.240292856625834,1050,0.2803660403205026,2,25,>=,VEG,89891,OK,2008,Li et al. 2025a,2008-11-23,34.6,1050,tmax_c,22.13477321733814,6.205838720337406,5.318827887159184,batch_02308cf1eab085eb5448.csv,-27.75,-54.25
25,episodes,1.0,2009-01-28,0.0,325,0.0,2,25,>=,REP,89891,OK,2008,Li et al. (2025b),2009-01-16,33.7,325,tmax_c,22.13477321733814,0.0,0.0,batch_02308cf1eab085eb5448.csv,-27.75,-54.25
25,episodes,1.0,2009-01-15,0.0,300,0.0,2,25,>=,FLO,89891,OK,2008,Li et al. (2025b),2009-01-04,33.7,300,tmax_c,22.13477321733814,0.0,0.0,batch_02308cf1eab085eb5448.csv,-27.75,-54.25
25,episodes,1.0,2009-03-21,0.8402568740703649,1300,1.60088039792063,2,25,>=,FIL,89891,OK,2008,Li et al. (2025b),2009-01-29,32.7,1300,tmax_c,22.13477321733814,35.435124556055186,18.598895351856974,batch_02308cf1eab085eb5448.csv,-27.75,-54.25
25,days,1.0,2009-04-09,0.279816918860325,475,0.279816918860325,1,25,>,MAT,89891,OK,2008,Ortega Gómez et al. (2019),2009-03-22,10.0,475,precip_mm,22.13477321733814,6.193684041347601,6.193684041347601,batch_02308cf1eab085eb5448.csv,-27.75,-54.25
25,episodes,1.0,2013-03-08,0.0,200,0.0,2,25,>=,EST,93499,OK,2013,Li et al. 2025a,2013-03-01,34.0,200,tmax_c,22.62060740518944,0.0,0.0,batch_0232fa7730600eeef98d.csv,-25.25,-50.25
25,episodes,1.0,2013-04-27,0.0,625,0.0,2,25,>=,VEG,93499,OK,2013,Li et al. 2025a,2013-04-03,34.6,625,tmax_c,22.62060740518944,0.0,0.0,batch_0232fa7730600eeef98d.csv,-25.25,-50.25
25,episodes,1.0,2013-05-13,0.0,200,0.0,2,25,>=,REP,93499,OK,2013,Li et al. (2025b),2013-05-06,33.7,200,tmax_c,22.62060740518944,0.0,0.0,batch_0232fa7730600eeef98d.csv,-25.25,-50.25
25,episodes,1.0,2013-05-05,0.0,200,0.0,2,25,>=,FLO,93499,OK,2013,Li et al. (2025b),2013-04-28,33.7,200,tmax_c,22.62060740518944,0.0,0.0,batch_0232fa7730600eeef98d.csv,-25.25,-50.25
25,episodes,1.0,2013-06-13,0.0,775,0.0,2,25,>=,FIL,93499,OK,2013,Li et al. (2025b),2013-05-14,32.7,775,tmax_c,22.62060740518944,0.0,0.0,batch_0232fa7730600eeef98d.csv,-25.25,-50.25
25,days,1.0,2013-06-25,1.0,300,5.960065825082306,1,25,>,MAT,93499,OK,2013,Ortega Gómez et al. (2019),2013-06-14,10.0,300,precip_mm,22.62060740518944,134.8203091382733,22.62060740518944,batch_0232fa7730600eeef98d.csv,-25.25,-50.25
25,episodes,1.0,2014-03-08,0.0,200,0.0,2,25,>=,EST,93499,OK,2014,Li et al. 2025a,2014-03-01,34.0,200,tmax_c,22.62060740518944,0.0,0.0,batch_0232fa7730600eeef98d.csv,-25.25,-50.25
25,episodes,1.0,2014-04-27,0.0,625,0.0,2,25,>=,VEG,93499,OK,2014,Li et al. 2025a,2014-04-03,34.6,625,tmax_c,22.62060740518944,0.0,0.0,batch_0232fa7730600eeef98d.csv,-25.25,-50.25
25,episodes,1.0,2014-05-13,0.0,200,0.0,2,25,>=,REP,93499,OK,2014,Li et al. (2025b),2014-05-06,33.7,200,tmax_c,22.62060740518944,0.0,0.0,batch_0232fa7730600eeef98d.csv,-25.25,-50.25
25,episodes,1.0,2014-05-05,0.0,200,0.0,2,25,>=,FLO,93499,OK,2014,Li et al. (2025b),2014-04-28,33.7,200,tmax_c,22.62060740518944,0.0,0.0,batch_0232fa7730600eeef98d.csv,-25.25,-50.25
25,episodes,1.0,2014-06-13,0.0,775,0.0,2,25,>=,FIL,93499,OK,2014,Li et al. (2025b),2014-05-14,32.7,775,tmax_c,22.62060740518944,0.0,0.0,batch_0232fa7730600eeef98d.csv,-25.25,-50.25
25,days,1.0,2014-06-25,0.0,300,0.0,1,25,>,MAT,93499,OK,2014,Ortega Gómez et al. (2019),2014-06-14,10.0,300,precip_mm,22.62060740518944,0.0,0.0,batch_0232fa7730600eeef98d.csv,-25.25,-50.25
25,episodes,1.0,2015-03-08,0.0,200,0.0,2,25,>=,EST,93499,OK,2015,Li et al. 2025a,2015-03-01,34.0,200,tmax_c,22.62060740518944,0.0,0.0,batch_0232fa7730600eeef98d.csv,-25.25,-50.25
25,episodes,1.0,2015-04-27,0.0,625,0.0,2,25,>=,VEG,93499,OK,2015,Li et al. 2025a,2015-04-03,34.6,625,tmax_c,22.62060740518944,0.0,0.0,batch_0232fa7730600eeef98d.csv,-25.25,-50.25
25,episodes,1.0,2015-05-13,0.0,200,0.0,2,25,>=,REP,93499,OK,2015,Li et al. (2025b),2015-05-06,33.7,200,tmax_c,22.62060740518944,0.0,0.0,batch_0232fa7730600eeef98d.csv,-25.25,-50.25
25,episodes,1.0,2015-05-05,0.0,200,0.0,2,25,>=,FLO,93499,OK,2015,Li et al. (2025b),2015-04-28,33.7,200,tmax_c,22.62060740518944,0.0,0.0,batch_0232fa7730600eeef98d.csv,-25.25,-50.25
25,episodes,1.0,2015-06-13,0.0,775,0.0,2,25,>=,FIL,93499,OK,2015,Li et al. (2025b),2015-05-14,32.7,775,tmax_c,22.62060740518944,0.0,0.0,batch_0232fa7730600eeef98d.csv,-25.25,-50.25
25,days,1.0,2015-06-25,1.0,300,2.0,1,25,>,MAT,93499,OK,2015,Ortega Gómez et al. (2019),2015-06-14,10.0,300,precip_mm,22.62060740518944,45.24121481037888,22.62060740518944,batch_0232fa7730600eeef98d.csv,-25.25,-50.25
25,episodes,1.0,2016-03-08,0.0,200,0.0,2,25,>=,EST,93499,OK,2016,Li et al. 2025a,2016-03-01,34.0,200,tmax_c,22.62060740518944,0.0,0.0,batch_0232fa7730600eeef98d.csv,-25.25,-50.25
25,episodes,1.0,2016-04-27,0.0,625,0.0,2,25,>=,VEG,93499,OK,2016,Li et al. 2025a,2016-04-03,34.6,625,tmax_c,22.62060740518944,0.0,0.0,batch_0232fa7730600eeef98d.csv,-25.25,-50.25
25,episodes,1.0,2016-05-13,0.0,200,0.0,2,25,>=,REP,93499,OK,2016,Li et al. (2025b),2016-05-06,33.7,200,tmax_c,22.62060740518944,0.0,0.0,batch_0232fa7730600eeef98d.csv,-25.25,-50.25
25,episodes,1.0,2016-05-05,0.0,200,0.0,2,25,>=,FLO,93499,OK,2016,Li et al. (2025b),2016-04-28,33.7,200,tmax_c,22.62060740518944,0.0,0.0,batch_0232fa7730600eeef98d.csv,-25.25,-50.25
25,episodes,1.0,2016-06-13,0.0,775,0.0,2,25,>=,FIL,93499,OK,2016,Li et al. (2025b),2016-05-14,32.7,775,tmax_c,22.62060740518944,0.0,0.0,batch_0232fa7730600eeef98d.csv,-25.25,-50.25
25,days,1.0,2016-06-25,1.0,300,4.160262325551653,1,25,>,MAT,93499,OK,2016,Ortega Gómez et al. (2019),2016-06-14,10.0,300,precip_mm,22.62060740518944,94.10766076890437,22.62060740518944,batch_0232fa7730600eeef98d.csv,-25.25,-50.25
25,episodes,1.0,1989-02-23,0.0,250,0.0,2,25,>=,EST,106474,OK,1989,Li et al. 2025a,1989-02-14,34.0,250,tmax_c,24.007269011440503,0.0,0.0,batch_023365fe701b7121ca3a.csv,-16.25,-42.75
25,episodes,1.0,1989-04-28,0.0,825,0.0,2,25,>=,VEG,106474,OK,1989,Li et al. 2025a,1989-03-27,34.6,825,tmax_c,24.007269011440503,0.0,0.0,batch_023365fe701b7121ca3a.csv,-16.25,-42.75
25,episodes,1.0,1989-05-17,0.0,275,0.0,2,25,>=,REP,106474,OK,1989,Li et al. (2025b),1989-05-07,33.7,275,tmax_c,24.007269011440503,0.0,0.0,batch_023365fe701b7121ca3a.csv,-16.25,-42.75
25,episodes,1.0,1989-05-06,0.0,200,0.0,2,25,>=,FLO,106474,OK,1989,Li et al. (2025b),1989-04-29,33.7,200,tmax_c,24.007269011440503,0.0,0.0,batch_023365fe701b7121ca3a.csv,-16.25,-42.75
25,episodes,1.0,1989-06-25,0.0,975,0.0,2,25,>=,FIL,106474,OK,1989,Li et al. (2025b),1989-05-18,32.7,975,tmax_c,24.007269011440503,0.0,0.0,batch_023365fe701b7121ca3a.csv,-16.25,-42.75
25,days,1.0,1989-07-10,1.0,375,1.8400205872085749,1,25,>,MAT,106474,OK,1989,Ortega Gómez et al. (2019),1989-06-26,10.0,375,precip_mm,24.007269011440503,44.17386922370498,24.007269011440503,batch_023365fe701b7121ca3a.csv,-16.25,-42.75
25,episodes,1.0,1990-02-23,0.0,250,0.0,2,25,>=,EST,106474,OK,1990,Li et al. 2025a,1990-02-14,34.0,250,tmax_c,24.007269011440503,0.0,0.0,batch_023365fe701b7121ca3a.csv,-16.25,-42.75
25,episodes,1.0,1990-04-28,0.0,825,0.0,2,25,>=,VEG,106474,OK,1990,Li et al. 2025a,1990-03-27,34.6,825,tmax_c,24.007269011440503,0.0,0.0,batch_023365fe701b7121ca3a.csv,-16.25,-42.75
25,episodes,1.0,1990-05-17,0.0,275,0.0,2,25,>=,REP,106474,OK,1990,Li et al. (2025b),1990-05-07,33.7,275,tmax_c,24.007269011440503,0.0,0.0,batch_023365fe701b7121ca3a.csv,-16.25,-42.75
25,episodes,1.0,1990-05-06,0.0,200,0.0,2,25,>=,FLO,106474,OK,1990,Li et al. (2025b),1990-04-29,33.7,200,tmax_c,24.007269011440503,0.0,0.0,batch_023365fe701b7121ca3a.csv,-16.25,-42.75
25,episodes,1.0,1990-06-25,0.0,975,0.0,2,25,>=,FIL,106474,OK,1990,Li et al. (2025b),1990-05-18,32.7,975,tmax_c,24.007269011440503,0.0,0.0,batch_023365fe701b7121ca3a.csv,-16.25,-42.75
25,days,1.0,1990-07-10,0.0,375,0.0,1,25,>,MAT,106474,OK,1990,Ortega Gómez et al. (2019),1990-06-26,10.0,375,precip_mm,24.007269011440503,0.0,0.0,batch_023365fe701b7121ca3a.csv,-16.25,-42.75
25,episodes,1.0,1991-02-23,0.0,250,0.0,2,25,>=,EST,106474,OK,1991,Li et al. 2025a,1991-02-14,34.0,250,tmax_c,24.007269011440503,0.0,0.0,batch_023365fe701b7121ca3a.csv,-16.25,-42.75
25,episodes,1.0,1991-04-28,0.0,825,0.0,2,25,>=,VEG,106474,OK,1991,Li et al. 2025a,1991-03-27,34.6,825,tmax_c,24.007269011440503,0.0,0.0,batch_023365fe701b7121ca3a.csv,-16.25,-42.75
25,episodes,1.0,1991-05-17,0.0,275,0.0,2,25,>=,REP,106474,OK,1991,Li et al. (2025b),1991-05-07,33.7,275,tmax_c,24.007269011440503,0.0,0.0,batch_023365fe701b7121ca3a.csv,-16.25,-42.75
25,episodes,1.0,1991-05-06,0.0,200,0.0,2,25,>=,FLO,106474,OK,1991,Li et al. (2025b),1991-04-29,33.7,200,tmax_c,24.007269011440503,0.0,0.0,batch_023365fe701b7121ca3a.csv,-16.25,-42.75
25,episodes,1.0,1991-06-25,0.0,975,0.0,2,25,>=,FIL,106474,OK,1991,Li et al. (2025b),1991-05-18,32.7,975,tmax_c,24.007269011440503,0.0,0.0,batch_023365fe701b7121ca3a.csv,-16.25,-42.75
25,days,1.0,1991-07-10,0.0,375,0.0,1,25,>,MAT,106474,OK,1991,Ortega Gómez et al. (2019),1991-06-26,10.0,375,precip_mm,24.007269011440503,0.0,0.0,batch_023365fe701b7121ca3a.csv,-16.25,-42.75
25,episodes,1.0,1992-02-23,0.0,250,0.0,2,25,>=,EST,106474,OK,1992,Li et al. 2025a,1992-02-14,34.0,250,tmax_c,24.007269011440503,0.0,0.0,batch_023365fe701b7121ca3a.csv,-16.25,-42.75
25,episodes,1.0,1992-04-28,0.0,825,0.0,2,25,>=,VEG,106474,OK,1992,Li et al. 2025a,1992-03-27,34.6,825,tmax_c,24.007269011440503,0.0,0.0,batch_023365fe701b7121ca3a.csv,-16.25,-42.75
25,episodes,1.0,1992-05-17,0.0,275,0.0,2,25,>=,REP,106474,OK,1992,Li et al. (2025b),1992-05-07,33.7,275,tmax_c,24.007269011440503,0.0,0.0,batch_023365fe701b7121ca3a.csv,-16.25,-42.75
25,episodes,1.0,1992-05-06,0.0,200,0.0,2,25,>=,FLO,106474,OK,1992,Li et al. (2025b),1992-04-29,33.7,200,tmax_c,24.007269011440503,0.0,0.0,batch_023365fe701b7121ca3a.csv,-16.25,-42.75
25,episodes,1.0,1992-06-25,0.0,975,0.0,2,25,>=,FIL,106474,OK,1992,Li et al. (2025b),1992-05-18,32.7,975,tmax_c,24.007269011440503,0.0,0.0,batch_023365fe701b7121ca3a.csv,-16.25,-42.75
25,days,1.0,1992-07-10,0.0,375,0.0,1,25,>,MAT,106474,OK,1992,Ortega Gómez et al. (2019),1992-06-26,10.0,375,precip_mm,24.007269011440503,0.0,0.0,batch_023365fe701b7121ca3a.csv,-16.25,-42.75
25,episodes,1.0,2005-02-23,1.0,250,1.0,2,25,>=,EST,97091,OK,2005,Li et al. 2025a,2005-02-14,34.0,250,tmax_c,23.063381981173684,23.063381981173684,23.063381981173684,batch_02412764fdac08ec2fc2.csv,-22.75,-54.25
25,episodes,1.0,2005-04-28,0.6797661280372573,825,0.6797661280372573,2,25,>=,VEG,97091,OK,2005,Li et al. 2025a,2005-03-27,34.6,825,tmax_c,23.063381981173684,15.677705868786685,15.677705868786685,batch_02412764fdac08ec2fc2.csv,-22.75,-54.25
25,episodes,1.0,2005-05-17,0.0,275,0.0,2,25,>=,REP,97091,OK,2005,Li et al. (2025b),2005-05-07,33.7,275,tmax_c,23.063381981173684,0.0,0.0,batch_02412764fdac08ec2fc2.csv,-22.75,-54.25
25,episodes,1.0,2005-05-06,0.0,200,0.0,2,25,>=,FLO,97091,OK,2005,Li et al. (2025b),2005-04-29,33.7,200,tmax_c,23.063381981173684,0.0,0.0,batch_02412764fdac08ec2fc2.csv,-22.75,-54.25
25,episodes,1.0,2005-06-25,0.0,975,0.0,2,25,>=,FIL,97091,OK,2005,Li et al. (2025b),2005-05-18,32.7,975,tmax_c,23.063381981173684,0.0,0.0,batch_02412764fdac08ec2fc2.csv,-22.75,-54.25
25,days,1.0,2005-07-10,0.919912450345226,375,0.919912450345226,1,25,>,MAT,97091,OK,2005,Ortega Gómez et al. (2019),2005-06-26,10.0,375,precip_mm,23.063381981173684,21.216292231549417,21.216292231549417,batch_02412764fdac08ec2fc2.csv,-22.75,-54.25
25,episodes,1.0,2006-02-23,0.0,250,0.0,2,25,>=,EST,97091,OK,2006,Li et al. 2025a,2006-02-14,34.0,250,tmax_c,23.063381981173684,0.0,0.0,batch_02412764fdac08ec2fc2.csv,-22.75,-54.25
25,episodes,1.0,2006-04-28,0.0,825,0.0,2,25,>=,VEG,97091,OK,2006,Li et al. 2025a,2006-03-27,34.6,825,tmax_c,23.063381981173684,0.0,0.0,batch_02412764fdac08ec2fc2.csv,-22.75,-54.25
25,episodes,1.0,2006-05-17,0.0,275,0.0,2,25,>=,REP,97091,OK,2006,Li et al. (2025b),2006-05-07,33.7,275,tmax_c,23.063381981173684,0.0,0.0,batch_02412764fdac08ec2fc2.csv,-22.75,-54.25
25,episodes,1.0,2006-05-06,0.0,200,0.0,2,25,>=,FLO,97091,OK,2006,Li et al. (2025b),2006-04-29,33.7,200,tmax_c,23.063381981173684,0.0,0.0,batch_02412764fdac08ec2fc2.csv,-22.75,-54.25
25,episodes,1.0,2006-06-25,0.0,975,0.0,2,25,>=,FIL,97091,OK,2006,Li et al. (2025b),2006-05-18,32.7,975,tmax_c,23.063381981173684,0.0,0.0,batch_02412764fdac08ec2fc2.csv,-22.75,-54.25
25,days,1.0,2006-07-10,0.9600585288698044,375,0.9600585288698044,1,25,>,MAT,97091,OK,2006,Ortega Gómez et al. (2019),2006-06-26,10.0,375,precip_mm,23.063381981173684,22.14219657560796,22.14219657560796,batch_02412764fdac08ec2fc2.csv,-22.75,-54.25
25,episodes,1.0,2007-02-23,0.0,250,0.0,2,25,>=,EST,97091,OK,2007,Li et al. 2025a,2007-02-14,34.0,250,tmax_c,23.063381981173684,0.0,0.0,batch_02412764fdac08ec2fc2.csv,-22.75,-54.25
25,episodes,1.0,2007-04-28,0.159824656995984,825,0.159824656995984,2,25,>=,VEG,97091,OK,2007,Li et al. 2025a,2007-03-27,34.6,825,tmax_c,23.063381981173684,3.686097114308443,3.686097114308443,batch_02412764fdac08ec2fc2.csv,-22.75,-54.25
25,episodes,1.0,2007-05-17,0.0,275,0.0,2,25,>=,REP,97091,OK,2007,Li et al. (2025b),2007-05-07,33.7,275,tmax_c,23.063381981173684,0.0,0.0,batch_02412764fdac08ec2fc2.csv,-22.75,-54.25
25,episodes,1.0,2007-05-06,0.0,200,0.0,2,25,>=,FLO,97091,OK,2007,Li et al. (2025b),2007-04-29,33.7,200,tmax_c,23.063381981173684,0.0,0.0,batch_02412764fdac08ec2fc2.csv,-22.75,-54.25
25,episodes,1.0,2007-06-25,0.0,975,0.0,2,25,>=,FIL,97091,OK,2007,Li et al. (2025b),2007-05-18,32.7,975,tmax_c,23.063381981173684,0.0,0.0,batch_02412764fdac08ec2fc2.csv,-22.75,-54.25
25,days,1.0,2007-07-10,0.0,375,0.0,1,25,>,MAT,97091,OK,2007,Ortega Gómez et al. (2019),2007-06-26,10.0,375,precip_mm,23.063381981173684,0.0,0.0,batch_02412764fdac08ec2fc2.csv,-22.75,-54.25
25,episodes,1.0,2008-02-23,0.0,250,0.0,2,25,>=,EST,97091,OK,2008,Li et al. 2025a,2008-02-14,34.0,250,tmax_c,23.063381981173684,0.0,0.0,batch_02412764fdac08ec2fc2.csv,-22.75,-54.25
25,episodes,1.0,2008-04-28,0.0,825,0.0,2,25,>=,VEG,97091,OK,2008,Li et al. 2025a,2008-03-27,34.6,825,tmax_c,23.063381981173684,0.0,0.0,batch_02412764fdac08ec2fc2.csv,-22.75,-54.25
25,episodes,1.0,2008-05-17,0.0,275,0.0,2,25,>=,REP,97091,OK,2008,Li et al. (2025b),2008-05-07,33.7,275,tmax_c,23.063381981173684,0.0,0.0,batch_02412764fdac08ec2fc2.csv,-22.75,-54.25
25,episodes,1.0,2008-05-06,0.0,200,0.0,2,25,>=,FLO,97091,OK,2008,Li et al. (2025b),2008-04-29,33.7,200,tmax_c,23.063381981173684,0.0,0.0,batch_02412764fdac08ec2fc2.csv,-22.75,-54.25
25,episodes,1.0,2008-06-25,0.0,975,0.0,2,25,>=,FIL,97091,OK,2008,Li et al. (2025b),2008-05-18,32.7,975,tmax_c,23.063381981173684,0.0,0.0,batch_02412764fdac08ec2fc2.csv,-22.75,-54.25
25,days,1.0,2008-07-10,0.0,375,0.0,1,25,>,MAT,97091,OK,2008,Ortega Gómez et al. (2019),2008-06-26,10.0,375,precip_mm,23.063381981173684,0.0,0.0,batch_02412764fdac08ec2fc2.csv,-22.75,-54.25
25,episodes,1.0,2013-02-21,0.0,200,0.0,2,25,>=,EST,107879,OK,2013,Li et al. 2025a,2013-02-14,34.0,200,tmax_c,24.125338871662567,0.0,0.0,batch_0249a4dcf2b3965fb0b9.csv,-15.25,-60.25
25,episodes,1.0,2013-04-12,0.0,625,0.0,2,25,>=,VEG,107879,OK,2013,Li et al. 2025a,2013-03-19,34.6,625,tmax_c,24.125338871662567,0.0,0.0,batch_0249a4dcf2b3965fb0b9.csv,-15.25,-60.25
25,episodes,1.0,2013-04-28,0.0,200,0.0,2,25,>=,REP,107879,OK,2013,Li et al. (2025b),2013-04-21,33.7,200,tmax_c,24.125338871662567,0.0,0.0,batch_0249a4dcf2b3965fb0b9.csv,-15.25,-60.25
25,episodes,1.0,2013-04-20,0.0,200,0.0,2,25,>=,FLO,107879,OK,2013,Li et al. (2025b),2013-04-13,33.7,200,tmax_c,24.125338871662567,0.0,0.0,batch_0249a4dcf2b3965fb0b9.csv,-15.25,-60.25
25,episodes,1.0,2013-05-29,0.0,775,0.0,2,25,>=,FIL,107879,OK,2013,Li et al. (2025b),2013-04-29,32.7,775,tmax_c,24.125338871662567,0.0,0.0,batch_0249a4dcf2b3965fb0b9.csv,-15.25,-60.25
25,days,1.0,2013-06-10,1.0,300,1.7998485009345329,1,25,>,MAT,107879,OK,2013,Ortega Gómez et al. (2019),2013-05-30,10.0,300,precip_mm,24.125338871662567,43.42195500269949,24.125338871662567,batch_0249a4dcf2b3965fb0b9.csv,-15.25,-60.25
25,episodes,1.0,2014-02-21,0.0,200,0.0,2,25,>=,EST,107879,OK,2014,Li et al. 2025a,2014-02-14,34.0,200,tmax_c,24.125338871662567,0.0,0.0,batch_0249a4dcf2b3965fb0b9.csv,-15.25,-60.25
25,episodes,1.0,2014-04-12,0.0,625,0.0,2,25,>=,VEG,107879,OK,2014,Li et al. 2025a,2014-03-19,34.6,625,tmax_c,24.125338871662567,0.0,0.0,batch_0249a4dcf2b3965fb0b9.csv,-15.25,-60.25
25,episodes,1.0,2014-04-28,0.0,200,0.0,2,25,>=,REP,107879,OK,2014,Li et al. (2025b),2014-04-21,33.7,200,tmax_c,24.125338871662567,0.0,0.0,batch_0249a4dcf2b3965fb0b9.csv,-15.25,-60.25
25,episodes,1.0,2014-04-20,0.0,200,0.0,2,25,>=,FLO,107879,OK,2014,Li et al. (2025b),2014-04-13,33.7,200,tmax_c,24.125338871662567,0.0,0.0,batch_0249a4dcf2b3965fb0b9.csv,-15.25,-60.25
25,episodes,1.0,2014-05-29,0.0,775,0.0,2,25,>=,FIL,107879,OK,2014,Li et al. (2025b),2014-04-29,32.7,775,tmax_c,24.125338871662567,0.0,0.0,batch_0249a4dcf2b3965fb0b9.csv,-15.25,-60.25
25,days,1.0,2014-06-10,0.9200378138861496,300,0.9200378138861496,1,25,>,MAT,107879,OK,2014,Ortega Gómez et al. (2019),2014-05-30,10.0,300,precip_mm,24.125338871662567,22.19622403474697,22.19622403474697,batch_0249a4dcf2b3965fb0b9.csv,-15.25,-60.25
25,episodes,1.0,2015-02-21,0.0,200,0.0,2,25,>=,EST,107879,OK,2015,Li et al. 2025a,2015-02-14,34.0,200,tmax_c,24.125338871662567,0.0,0.0,batch_0249a4dcf2b3965fb0b9.csv,-15.25,-60.25
25,episodes,1.0,2015-04-12,0.0,625,0.0,2,25,>=,VEG,107879,OK,2015,Li et al. 2025a,2015-03-19,34.6,625,tmax_c,24.125338871662567,0.0,0.0,batch_0249a4dcf2b3965fb0b9.csv,-15.25,-60.25
25,episodes,1.0,2015-04-28,0.0,200,0.0,2,25,>=,REP,107879,OK,2015,Li et al. (2025b),2015-04-21,33.7,200,tmax_c,24.125338871662567,0.0,0.0,batch_0249a4dcf2b3965fb0b9.csv,-15.25,-60.25
25,episodes,1.0,2015-04-20,0.0,200,0.0,2,25,>=,FLO,107879,OK,2015,Li et al. (2025b),2015-04-13,33.7,200,tmax_c,24.125338871662567,0.0,0.0,batch_0249a4dcf2b3965fb0b9.csv,-15.25,-60.25
25,episodes,1.0,2015-05-29,0.0,775,0.0,2,25,>=,FIL,107879,OK,2015,Li et al. (2025b),2015-04-29,32.7,775,tmax_c,24.125338871662567,0.0,0.0,batch_0249a4dcf2b3965fb0b9.csv,-15.25,-60.25
25,days,1.0,2015-06-10,0.2401893128938002,300,0.2401893128938002,1,25,>,MAT,107879,OK,2015,Ortega Gómez et al. (2019),2015-05-30,10.0,300,precip_mm,24.125338871662567,5.794648566914722,5.794648566914722,batch_0249a4dcf2b3965fb0b9.csv,-15.25,-60.25
25,episodes,1.0,2016-02-21,0.0,200,0.0,2,25,>=,EST,107879,OK,2016,Li et al. 2025a,2016-02-14,34.0,200,tmax_c,24.125338871662567,0.0,0.0,batch_0249a4dcf2b3965fb0b9.csv,-15.25,-60.25
25,episodes,1.0,2016-04-12,0.0,625,0.0,2,25,>=,VEG,107879,OK,2016,Li et al. 2025a,2016-03-19,34.6,625,tmax_c,24.125338871662567,0.0,0.0,batch_0249a4dcf2b3965fb0b9.csv,-15.25,-60.25
25,episodes,1.0,2016-04-28,0.0,200,0.0,2,25,>=,REP,107879,OK,2016,Li et al. (2025b),2016-04-21,33.7,200,tmax_c,24.125338871662567,0.0,0.0,batch_0249a4dcf2b3965fb0b9.csv,-15.25,-60.25
25,episodes,1.0,2016-04-20,0.0,200,0.0,2,25,>=,FLO,107879,OK,2016,Li et al. (2025b),2016-04-13,33.7,200,tmax_c,24.125338871662567,0.0,0.0,batch_0249a4dcf2b3965fb0b9.csv,-15.25,-60.25
25,episodes,1.0,2016-05-29,0.0,775,0.0,2,25,>=,FIL,107879,OK,2016,Li et al. (2025b),2016-04-29,32.7,775,tmax_c,24.125338871662567,0.0,0.0,batch_0249a4dcf2b3965fb0b9.csv,-15.25,-60.25
25,days,1.0,2016-06-10,0.0,300,0.0,1,25,>,MAT,107879,OK,2016,Ortega Gómez et al. (2019),2016-05-30,10.0,300,precip_mm,24.125338871662567,0.0,0.0,batch_0249a4dcf2b3965fb0b9.csv,-15.25,-60.25
25,episodes,1.0,1998-01-02,1.0,200,1.0,2,25,>=,EST,87889,OK,1997,Li et al. 2025a,1997-12-26,34.0,200,tmax_c,21.92858729419708,21.92858729419708,21.92858729419708,batch_024e340f859275d9b239.csv,-28.75,24.75
25,episodes,1.0,1998-02-23,1.0,650,2.0,2,25,>=,VEG,87889,OK,1997,Li et al. 2025a,1998-01-29,34.6,650,tmax_c,21.92858729419708,43.85717458839415,21.92858729419708,batch_024e340f859275d9b239.csv,-28.75,24.75
25,episodes,1.0,1998-03-11,0.360305407638663,225,0.360305407638663,2,25,>=,REP,87889,OK,1997,Li et al. (2025b),1998-03-03,33.7,225,tmax_c,21.92858729419708,7.900988583975684,7.900988583975684,batch_024e340f859275d9b239.csv,-28.75,24.75
25,episodes,1.0,1998-03-02,0.0,175,0.0,2,25,>=,FLO,87889,OK,1997,Li et al. (2025b),1998-02-24,33.7,175,tmax_c,21.92858729419708,0.0,0.0,batch_024e340f859275d9b239.csv,-28.75,24.75
25,episodes,1.0,1998-04-12,1.0,800,1.0,2,25,>=,FIL,87889,OK,1997,Li et al. (2025b),1998-03-12,32.7,800,tmax_c,21.92858729419708,21.92858729419708,21.92858729419708,batch_024e340f859275d9b239.csv,-28.75,24.75
25,days,1.0,1998-04-24,0.5194648969052822,300,0.5194648969052822,1,25,>,MAT,87889,OK,1997,Ortega Gómez et al. (2019),1998-04-13,10.0,300,precip_mm,21.92858729419708,11.391131338058564,11.391131338058564,batch_024e340f859275d9b239.csv,-28.75,24.75
25,episodes,1.0,1999-01-02,1.0,200,1.1600763215351706,2,25,>=,EST,87889,OK,1998,Li et al. 2025a,1998-12-26,34.0,200,tmax_c,21.92858729419708,25.438834884715025,21.92858729419708,batch_024e340f859275d9b239.csv,-28.75,24.75
25,episodes,1.0,1999-02-23,1.0,650,2.079846869773658,2,25,>=,VEG,87889,OK,1998,Li et al. 2025a,1999-01-29,34.6,650,tmax_c,21.92858729419708,45.60810364239419,21.92858729419708,batch_024e340f859275d9b239.csv,-28.75,24.75
25,episodes,1.0,1999-03-11,1.0,225,1.0,2,25,>=,REP,87889,OK,1998,Li et al. (2025b),1999-03-03,33.7,225,tmax_c,21.92858729419708,21.92858729419708,21.92858729419708,batch_024e340f859275d9b239.csv,-28.75,24.75
25,episodes,1.0,1999-03-02,1.0,175,1.0,2,25,>=,FLO,87889,OK,1998,Li et al. (2025b),1999-02-24,33.7,175,tmax_c,21.92858729419708,21.92858729419708,21.92858729419708,batch_024e340f859275d9b239.csv,-28.75,24.75
25,episodes,1.0,1999-04-12,1.0,800,2.119808709006035,2,25,>=,FIL,87889,OK,1998,Li et al. (2025b),1999-03-12,32.7,800,tmax_c,21.92858729419708,46.48441032243805,21.92858729419708,batch_024e340f859275d9b239.csv,-28.75,24.75
25,days,1.0,1999-04-24,0.0,300,0.0,1,25,>,MAT,87889,OK,1998,Ortega Gómez et al. (2019),1999-04-13,10.0,300,precip_mm,21.92858729419708,0.0,0.0,batch_024e340f859275d9b239.csv,-28.75,24.75
25,episodes,1.0,2000-01-02,0.0,200,0.0,2,25,>=,EST,87889,OK,1999,Li et al. 2025a,1999-12-26,34.0,200,tmax_c,21.92858729419708,0.0,0.0,batch_024e340f859275d9b239.csv,-28.75,24.75
25,episodes,1.0,2000-02-23,0.1198087090060352,650,0.1198087090060352,2,25,>=,VEG,87889,OK,1999,Li et al. 2025a,2000-01-29,34.6,650,tmax_c,21.92858729419708,2.627235734043899,2.627235734043899,batch_024e340f859275d9b239.csv,-28.75,24.75
25,episodes,1.0,2000-03-11,0.0,225,0.0,2,25,>=,REP,87889,OK,1999,Li et al. (2025b),2000-03-03,33.7,225,tmax_c,21.92858729419708,0.0,0.0,batch_024e340f859275d9b239.csv,-28.75,24.75
25,episodes,1.0,2000-03-02,0.0,200,0.0,2,25,>=,FLO,87889,OK,1999,Li et al. (2025b),2000-02-24,33.7,200,tmax_c,21.92858729419708,0.0,0.0,batch_024e340f859275d9b239.csv,-28.75,24.75
25,episodes,1.0,2000-04-12,0.0,800,0.0,2,25,>=,FIL,87889,OK,1999,Li et al. (2025b),2000-03-12,32.7,800,tmax_c,21.92858729419708,0.0,0.0,batch_024e340f859275d9b239.csv,-28.75,24.75
25,days,1.0,2000-04-24,1.0,300,1.6401527648011824,1,25,>,MAT,87889,OK,1999,Ortega Gómez et al. (2019),2000-04-13,10.0,300,precip_mm,21.92858729419708,35.96623307876141,21.92858729419708,batch_024e340f859275d9b239.csv,-28.75,24.75
25,episodes,1.0,2001-01-02,0.1599614738072172,200,0.1599614738072172,2,25,>=,EST,87889,OK,2000,Li et al. 2025a,2000-12-26,34.0,200,tmax_c,21.92858729419708,3.507729142089981,3.507729142089981,batch_024e340f859275d9b239.csv,-28.75,24.75
25,episodes,1.0,2001-02-23,0.919961595537984,650,0.959885030424813,2,25,>=,VEG,87889,OK,2000,Li et al. 2025a,2001-01-29,34.6,650,tmax_c,21.92858729419708,21.048922682063527,20.173458155063507,batch_024e340f859275d9b239.csv,-28.75,24.75
25,episodes,1.0,2001-03-11,1.0,225,1.920038038920388,2,25,>=,REP,87889,OK,2000,Li et al. (2025b),2001-03-03,33.7,225,tmax_c,21.92858729419708,42.103721744644695,21.92858729419708,batch_024e340f859275d9b239.csv,-28.75,24.75
25,episodes,1.0,2001-03-02,0.0,175,0.0,2,25,>=,FLO,87889,OK,2000,Li et al. (2025b),2001-02-24,33.7,175,tmax_c,21.92858729419708,0.0,0.0,batch_024e340f859275d9b239.csv,-28.75,24.75
25,episodes,1.0,2001-04-12,0.0,800,0.0,2,25,>=,FIL,87889,OK,2000,Li et al. (2025b),2001-03-12,32.7,800,tmax_c,21.92858729419708,0.0,0.0,batch_024e340f859275d9b239.csv,-28.75,24.75
25,days,1.0,2001-04-24,1.0,300,1.0,1,25,>,MAT,87889,OK,2000,Ortega Gómez et al. (2019),2001-04-13,10.0,300,precip_mm,21.92858729419708,21.92858729419708,21.92858729419708,batch_024e340f859275d9b239.csv,-28.75,24.75
25,episodes,1.0,1993-03-23,0.0,175,0.0,2,25,>=,EST,98542,OK,1993,Li et al. 2025a,1993-03-17,34.0,175,tmax_c,23.22824353092083,0.0,0.0,batch_02521295f80834917aaf.csv,-21.75,-48.75
25,episodes,1.0,1993-05-05,0.0,550,0.0,2,25,>=,VEG,98542,OK,1993,Li et al. 2025a,1993-04-14,34.6,550,tmax_c,23.22824353092083,0.0,0.0,batch_02521295f80834917aaf.csv,-21.75,-48.75
25,episodes,1.0,1993-05-19,0.0,175,0.0,2,25,>=,REP,98542,OK,1993,Li et al. (2025b),1993-05-13,33.7,175,tmax_c,23.22824353092083,0.0,0.0,batch_02521295f80834917aaf.csv,-21.75,-48.75
25,episodes,1.0,1993-05-12,0.0,175,0.0,2,25,>=,FLO,98542,OK,1993,Li et al. (2025b),1993-05-06,33.7,175,tmax_c,23.22824353092083,0.0,0.0,batch_02521295f80834917aaf.csv,-21.75,-48.75
25,episodes,1.0,1993-06-15,0.0,675,0.0,2,25,>=,FIL,98542,OK,1993,Li et al. (2025b),1993-05-20,32.7,675,tmax_c,23.22824353092083,0.0,0.0,batch_02521295f80834917aaf.csv,-21.75,-48.75
25,days,1.0,1993-06-25,1.0,250,1.0,1,25,>,MAT,98542,OK,1993,Ortega Gómez et al. (2019),1993-06-16,10.0,250,precip_mm,23.22824353092083,23.22824353092083,23.22824353092083,batch_02521295f80834917aaf.csv,-21.75,-48.75
25,episodes,1.0,1994-03-23,0.0,175,0.0,2,25,>=,EST,98542,OK,1994,Li et al. 2025a,1994-03-17,34.0,175,tmax_c,23.22824353092083,0.0,0.0,batch_02521295f80834917aaf.csv,-21.75,-48.75
25,episodes,1.0,1994-05-05,0.0,550,0.0,2,25,>=,VEG,98542,OK,1994,Li et al. 2025a,1994-04-14,34.6,550,tmax_c,23.22824353092083,0.0,0.0,batch_02521295f80834917aaf.csv,-21.75,-48.75
25,episodes,1.0,1994-05-19,0.0,175,0.0,2,25,>=,REP,98542,OK,1994,Li et al. (2025b),1994-05-13,33.7,175,tmax_c,23.22824353092083,0.0,0.0,batch_02521295f80834917aaf.csv,-21.75,-48.75
25,episodes,1.0,1994-05-12,0.0,175,0.0,2,25,>=,FLO,98542,OK,1994,Li et al. (2025b),1994-05-06,33.7,175,tmax_c,23.22824353092083,0.0,0.0,batch_02521295f80834917aaf.csv,-21.75,-48.75
25,episodes,1.0,1994-06-15,0.0,675,0.0,2,25,>=,FIL,98542,OK,1994,Li et al. (2025b),1994-05-20,32.7,675,tmax_c,23.22824353092083,0.0,0.0,batch_02521295f80834917aaf.csv,-21.75,-48.75
25,days,1.0,1994-06-25,1.0,250,1.0,1,25,>,MAT,98542,OK,1994,Ortega Gómez et al. (2019),1994-06-16,10.0,250,precip_mm,23.22824353092083,23.22824353092083,23.22824353092083,batch_02521295f80834917aaf.csv,-21.75,-48.75
25,episodes,1.0,1995-03-23,0.0,175,0.0,2,25,>=,EST,98542,OK,1995,Li et al. 2025a,1995-03-17,34.0,175,tmax_c,23.22824353092083,0.0,0.0,batch_02521295f80834917aaf.csv,-21.75,-48.75
25,episodes,1.0,1995-05-05,0.0,550,0.0,2,25,>=,VEG,98542,OK,1995,Li et al. 2025a,1995-04-14,34.6,550,tmax_c,23.22824353092083,0.0,0.0,batch_02521295f80834917aaf.csv,-21.75,-48.75
25,episodes,1.0,1995-05-19,0.0,175,0.0,2,25,>=,REP,98542,OK,1995,Li et al. (2025b),1995-05-13,33.7,175,tmax_c,23.22824353092083,0.0,0.0,batch_02521295f80834917aaf.csv,-21.75,-48.75
25,episodes,1.0,1995-05-12,0.0,175,0.0,2,25,>=,FLO,98542,OK,1995,Li et al. (2025b),1995-05-06,33.7,175,tmax_c,23.22824353092083,0.0,0.0,batch_02521295f80834917aaf.csv,-21.75,-48.75
25,episodes,1.0,1995-06-15,0.0,675,0.0,2,25,>=,FIL,98542,OK,1995,Li et al. (2025b),1995-05-20,32.7,675,tmax_c,23.22824353092083,0.0,0.0,batch_02521295f80834917aaf.csv,-21.75,-48.75
25,days,1.0,1995-06-25,0.0,250,0.0,1,25,>,MAT,98542,OK,1995,Ortega Gómez et al. (2019),1995-06-16,10.0,250,precip_mm,23.22824353092083,0.0,0.0,batch_02521295f80834917aaf.csv,-21.75,-48.75
25,episodes,1.0,1996-03-23,0.0,175,0.0,2,25,>=,EST,98542,OK,1996,Li et al. 2025a,1996-03-17,34.0,175,tmax_c,23.22824353092083,0.0,0.0,batch_02521295f80834917aaf.csv,-21.75,-48.75
25,episodes,1.0,1996-05-05,0.0,550,0.0,2,25,>=,VEG,98542,OK,1996,Li et al. 2025a,1996-04-14,34.6,550,tmax_c,23.22824353092083,0.0,0.0,batch_02521295f80834917aaf.csv,-21.75,-48.75
25,episodes,1.0,1996-05-19,0.0,175,0.0,2,25,>=,REP,98542,OK,1996,Li et al. (2025b),1996-05-13,33.7,175,tmax_c,23.22824353092083,0.0,0.0,batch_02521295f80834917aaf.csv,-21.75,-48.75
25,episodes,1.0,1996-05-12,0.0,175,0.0,2,25,>=,FLO,98542,OK,1996,Li et al. (2025b),1996-05-06,33.7,175,tmax_c,23.22824353092083,0.0,0.0,batch_02521295f80834917aaf.csv,-21.75,-48.75
25,episodes,1.0,1996-06-15,0.0,675,0.0,2,25,>=,FIL,98542,OK,1996,Li et al. (2025b),1996-05-20,32.7,675,tmax_c,23.22824353092083,0.0,0.0,batch_02521295f80834917aaf.csv,-21.75,-48.75
25,days,1.0,1996-06-25,0.0,250,0.0,1,25,>,MAT,98542,OK,1996,Ortega Gómez et al. (2019),1996-06-16,10.0,250,precip_mm,23.22824353092083,0.0,0.0,batch_02521295f80834917aaf.csv,-21.75,-48.75
25,episodes,1.0,2009-02-23,0.0,250,0.0,2,25,>=,EST,101436,OK,2009,Li et al. 2025a,2009-02-14,34.0,250,tmax_c,23.536691923280788,0.0,0.0,batch_025c0dd4167985466d59.csv,-19.75,-41.75
25,episodes,1.0,2009-04-28,0.0,825,0.0,2,25,>=,VEG,101436,OK,2009,Li et al. 2025a,2009-03-27,34.6,825,tmax_c,23.536691923280788,0.0,0.0,batch_025c0dd4167985466d59.csv,-19.75,-41.75
25,episodes,1.0,2009-05-17,0.0,275,0.0,2,25,>=,REP,101436,OK,2009,Li et al. (2025b),2009-05-07,33.7,275,tmax_c,23.536691923280788,0.0,0.0,batch_025c0dd4167985466d59.csv,-19.75,-41.75
25,episodes,1.0,2009-05-06,0.0,200,0.0,2,25,>=,FLO,101436,OK,2009,Li et al. (2025b),2009-04-29,33.7,200,tmax_c,23.536691923280788,0.0,0.0,batch_025c0dd4167985466d59.csv,-19.75,-41.75
25,episodes,1.0,2009-06-25,0.0,975,0.0,2,25,>=,FIL,101436,OK,2009,Li et al. (2025b),2009-05-18,32.7,975,tmax_c,23.536691923280788,0.0,0.0,batch_025c0dd4167985466d59.csv,-19.75,-41.75
25,days,1.0,2009-07-10,0.3601498587841282,375,0.3601498587841282,1,25,>,MAT,101436,OK,2009,Ortega Gómez et al. (2019),2009-06-26,10.0,375,precip_mm,23.536691923280788,8.476736272415106,8.476736272415106,batch_025c0dd4167985466d59.csv,-19.75,-41.75
25,episodes,1.0,2010-02-23,0.0,250,0.0,2,25,>=,EST,101436,OK,2010,Li et al. 2025a,2010-02-14,34.0,250,tmax_c,23.536691923280788,0.0,0.0,batch_025c0dd4167985466d59.csv,-19.75,-41.75
25,episodes,1.0,2010-04-28,0.0,825,0.0,2,25,>=,VEG,101436,OK,2010,Li et al. 2025a,2010-03-27,34.6,825,tmax_c,23.536691923280788,0.0,0.0,batch_025c0dd4167985466d59.csv,-19.75,-41.75
25,episodes,1.0,2010-05-17,0.0,275,0.0,2,25,>=,REP,101436,OK,2010,Li et al. (2025b),2010-05-07,33.7,275,tmax_c,23.536691923280788,0.0,0.0,batch_025c0dd4167985466d59.csv,-19.75,-41.75
25,episodes,1.0,2010-05-06,0.0,200,0.0,2,25,>=,FLO,101436,OK,2010,Li et al. (2025b),2010-04-29,33.7,200,tmax_c,23.536691923280788,0.0,0.0,batch_025c0dd4167985466d59.csv,-19.75,-41.75
25,episodes,1.0,2010-06-25,0.0,975,0.0,2,25,>=,FIL,101436,OK,2010,Li et al. (2025b),2010-05-18,32.7,975,tmax_c,23.536691923280788,0.0,0.0,batch_025c0dd4167985466d59.csv,-19.75,-41.75
25,days,1.0,2010-07-10,0.0,375,0.0,1,25,>,MAT,101436,OK,2010,Ortega Gómez et al. (2019),2010-06-26,10.0,375,precip_mm,23.536691923280788,0.0,0.0,batch_025c0dd4167985466d59.csv,-19.75,-41.75
25,episodes,1.0,2011-02-23,0.0,250,0.0,2,25,>=,EST,101436,OK,2011,Li et al. 2025a,2011-02-14,34.0,250,tmax_c,23.536691923280788,0.0,0.0,batch_025c0dd4167985466d59.csv,-19.75,-41.75
25,episodes,1.0,2011-04-28,0.0,825,0.0,2,25,>=,VEG,101436,OK,2011,Li et al. 2025a,2011-03-27,34.6,825,tmax_c,23.536691923280788,0.0,0.0,batch_025c0dd4167985466d59.csv,-19.75,-41.75
25,episodes,1.0,2011-05-17,0.0,275,0.0,2,25,>=,REP,101436,OK,2011,Li et al. (2025b),2011-05-07,33.7,275,tmax_c,23.536691923280788,0.0,0.0,batch_025c0dd4167985466d59.csv,-19.75,-41.75
25,episodes,1.0,2011-05-06,0.0,200,0.0,2,25,>=,FLO,101436,OK,2011,Li et al. (2025b),2011-04-29,33.7,200,tmax_c,23.536691923280788,0.0,0.0,batch_025c0dd4167985466d59.csv,-19.75,-41.75
25,episodes,1.0,2011-06-25,0.0,975,0.0,2,25,>=,FIL,101436,OK,2011,Li et al. (2025b),2011-05-18,32.7,975,tmax_c,23.536691923280788,0.0,0.0,batch_025c0dd4167985466d59.csv,-19.75,-41.75
25,days,1.0,2011-07-10,0.0,375,0.0,1,25,>,MAT,101436,OK,2011,Ortega Gómez et al. (2019),2011-06-26,10.0,375,precip_mm,23.536691923280788,0.0,0.0,batch_025c0dd4167985466d59.csv,-19.75,-41.75
25,episodes,1.0,2012-02-23,0.0,250,0.0,2,25,>=,EST,101436,OK,2012,Li et al. 2025a,2012-02-14,34.0,250,tmax_c,23.536691923280788,0.0,0.0,batch_025c0dd4167985466d59.csv,-19.75,-41.75
25,episodes,1.0,2012-04-28,0.0,825,0.0,2,25,>=,VEG,101436,OK,2012,Li et al. 2025a,2012-03-27,34.6,825,tmax_c,23.536691923280788,0.0,0.0,batch_025c0dd4167985466d59.csv,-19.75,-41.75
25,episodes,1.0,2012-05-17,0.0,275,0.0,2,25,>=,REP,101436,OK,2012,Li et al. (2025b),2012-05-07,33.7,275,tmax_c,23.536691923280788,0.0,0.0,batch_025c0dd4167985466d59.csv,-19.75,-41.75
25,episodes,1.0,2012-05-06,0.0,200,0.0,2,25,>=,FLO,101436,OK,2012,Li et al. (2025b),2012-04-29,33.7,200,tmax_c,23.536691923280788,0.0,0.0,batch_025c0dd4167985466d59.csv,-19.75,-41.75
25,episodes,1.0,2012-06-25,0.0,975,0.0,2,25,>=,FIL,101436,OK,2012,Li et al. (2025b),2012-05-18,32.7,975,tmax_c,23.536691923280788,0.0,0.0,batch_025c0dd4167985466d59.csv,-19.75,-41.75
25,days,1.0,2012-07-10,0.0,375,0.0,1,25,>,MAT,101436,OK,2012,Ortega Gómez et al. (2019),2012-06-26,10.0,375,precip_mm,23.536691923280788,0.0,0.0,batch_025c0dd4167985466d59.csv,-19.75,-41.75
25,episodes,1.0,1989-08-26,0.0,275,0.0,2,25,>=,EST,95646,OK,1989,Li et al. 2025a,1989-08-16,34.0,275,tmax_c,22.89149510185507,0.0,0.0,batch_025d05aa1c32d9a32383.csv,-23.75,-56.75
25,episodes,1.0,1989-11-04,0.0399694150066973,900,0.0399694150066973,2,25,>=,VEG,95646,OK,1989,Li et al. 2025a,1989-09-30,34.6,900,tmax_c,22.89149510185507,0.9149596678498249,0.9149596678498249,batch_025d05aa1c32d9a32383.csv,-23.75,-56.75
25,episodes,1.0,1989-11-25,1.0,275,1.0,2,25,>=,REP,95646,OK,1989,Li et al. (2025b),1989-11-15,33.7,275,tmax_c,22.89149510185507,22.89149510185507,22.89149510185507,batch_025d05aa1c32d9a32383.csv,-23.75,-56.75
25,episodes,1.0,1989-11-14,0.0,250,0.0,2,25,>=,FLO,95646,OK,1989,Li et al. (2025b),1989-11-05,33.7,250,tmax_c,22.89149510185507,0.0,0.0,batch_025d05aa1c32d9a32383.csv,-23.75,-56.75
25,episodes,1.0,1990-01-08,1.0,1100,2.119815759237172,2,25,>=,FIL,95646,OK,1989,Li et al. (2025b),1989-11-26,32.7,1100,tmax_c,22.89149510185507,48.52575206941292,22.89149510185507,batch_025d05aa1c32d9a32383.csv,-23.75,-56.75
25,days,1.0,1990-01-24,1.0,400,4.9199685621696725,1,25,>,MAT,95646,OK,1989,Ortega Gómez et al. (2019),1990-01-09,10.0,400,precip_mm,22.89149510185507,112.625436242188,22.89149510185507,batch_025d05aa1c32d9a32383.csv,-23.75,-56.75
25,episodes,1.0,1990-08-26,0.0,275,0.0,2,25,>=,EST,95646,OK,1990,Li et al. 2025a,1990-08-16,34.0,275,tmax_c,22.89149510185507,0.0,0.0,batch_025d05aa1c32d9a32383.csv,-23.75,-56.75
25,episodes,1.0,1990-11-04,0.0,900,0.0,2,25,>=,VEG,95646,OK,1990,Li et al. 2025a,1990-09-30,34.6,900,tmax_c,22.89149510185507,0.0,0.0,batch_025d05aa1c32d9a32383.csv,-23.75,-56.75
25,episodes,1.0,1990-11-25,1.0,275,1.6396323712180552,2,25,>=,REP,95646,OK,1990,Li et al. (2025b),1990-11-15,33.7,275,tmax_c,22.89149510185507,37.53363639458112,22.89149510185507,batch_025d05aa1c32d9a32383.csv,-23.75,-56.75
25,episodes,1.0,1990-11-14,1.0,250,1.0,2,25,>=,FLO,95646,OK,1990,Li et al. (2025b),1990-11-05,33.7,250,tmax_c,22.89149510185507,22.89149510185507,22.89149510185507,batch_025d05aa1c32d9a32383.csv,-23.75,-56.75
25,episodes,1.0,1991-01-08,1.0,1100,5.480276361190898,2,25,>=,FIL,95646,OK,1990,Li et al. (2025b),1990-11-26,32.7,1100,tmax_c,22.89149510185507,125.45171947901356,22.89149510185507,batch_025d05aa1c32d9a32383.csv,-23.75,-56.75
25,days,1.0,1991-01-24,1.0,400,1.9207355011649676,1,25,>,MAT,95646,OK,1990,Ortega Gómez et al. (2019),1991-01-09,10.0,400,precip_mm,22.89149510185507,43.968507316877,22.89149510185507,batch_025d05aa1c32d9a32383.csv,-23.75,-56.75
25,episodes,1.0,1991-08-26,0.0,275,0.0,2,25,>=,EST,95646,OK,1991,Li et al. 2025a,1991-08-16,34.0,275,tmax_c,22.89149510185507,0.0,0.0,batch_025d05aa1c32d9a32383.csv,-23.75,-56.75
25,episodes,1.0,1991-11-04,1.0,900,1.2399998780594503,2,25,>=,VEG,95646,OK,1991,Li et al. 2025a,1991-09-30,34.6,900,tmax_c,22.89149510185507,28.385451134898798,22.89149510185507,batch_025d05aa1c32d9a32383.csv,-23.75,-56.75
25,episodes,1.0,1991-11-25,1.0,275,1.0,2,25,>=,REP,95646,OK,1991,Li et al. (2025b),1991-11-15,33.7,275,tmax_c,22.89149510185507,22.89149510185507,22.89149510185507,batch_025d05aa1c32d9a32383.csv,-23.75,-56.75
25,episodes,1.0,1991-11-14,0.0,250,0.0,2,25,>=,FLO,95646,OK,1991,Li et al. (2025b),1991-11-05,33.7,250,tmax_c,22.89149510185507,0.0,0.0,batch_025d05aa1c32d9a32383.csv,-23.75,-56.75
25,episodes,1.0,1992-01-08,1.0,1100,3.679600567752784,2,25,>=,FIL,95646,OK,1991,Li et al. (2025b),1991-11-26,32.7,1100,tmax_c,22.89149510185507,84.23155837349599,22.89149510185507,batch_025d05aa1c32d9a32383.csv,-23.75,-56.75
25,days,1.0,1992-01-24,0.360030097604441,400,0.360030097604441,1,25,>,MAT,95646,OK,1991,Ortega Gómez et al. (2019),1992-01-09,10.0,400,precip_mm,22.89149510185507,8.241627215832466,8.241627215832466,batch_025d05aa1c32d9a32383.csv,-23.75,-56.75
25,episodes,1.0,1992-08-26,0.0,275,0.0,2,25,>=,EST,95646,OK,1992,Li et al. 2025a,1992-08-16,34.0,275,tmax_c,22.89149510185507,0.0,0.0,batch_025d05aa1c32d9a32383.csv,-23.75,-56.75
25,episodes,1.0,1992-11-04,0.0,900,0.0,2,25,>=,VEG,95646,OK,1992,Li et al. 2025a,1992-09-30,34.6,900,tmax_c,22.89149510185507,0.0,0.0,batch_025d05aa1c32d9a32383.csv,-23.75,-56.75
25,episodes,1.0,1992-11-25,0.0,275,0.0,2,25,>=,REP,95646,OK,1992,Li et al. (2025b),1992-11-15,33.7,275,tmax_c,22.89149510185507,0.0,0.0,batch_025d05aa1c32d9a32383.csv,-23.75,-56.75
25,episodes,1.0,1992-11-14,0.0,250,0.0,2,25,>=,FLO,95646,OK,1992,Li et al. (2025b),1992-11-05,33.7,250,tmax_c,22.89149510185507,0.0,0.0,batch_025d05aa1c32d9a32383.csv,-23.75,-56.75
25,episodes,1.0,1993-01-08,1.0,1100,2.7598769289436813,2,25,>=,FIL,95646,OK,1992,Li et al. (2025b),1992-11-26,32.7,1100,tmax_c,22.89149510185507,63.177709200637096,22.89149510185507,batch_025d05aa1c32d9a32383.csv,-23.75,-56.75
25,days,1.0,1993-01-24,1.0,400,5.680275995649344,1,25,>,MAT,95646,OK,1992,Ortega Gómez et al. (2019),1993-01-09,10.0,400,precip_mm,22.89149510185507,130.0300101315919,22.89149510185507,batch_025d05aa1c32d9a32383.csv,-23.75,-56.75
25,episodes,1.0,1985-10-12,0.0,325,0.0,2,25,>=,EST,87009,OK,1985,Li et al. 2025a,1985-09-30,34.0,325,tmax_c,21.7157217109392,0.0,0.0,batch_025e9a03434aa47e320a.csv,-29.75,-55.25
25,episodes,1.0,1986-01-03,1.0,1050,1.760756777696613,2,25,>=,VEG,87009,OK,1985,Li et al. 2025a,1985-11-23,34.6,1050,tmax_c,21.7157217109392,38.23610418510968,21.7157217109392,batch_025e9a03434aa47e320a.csv,-29.75,-55.25
25,episodes,1.0,1986-01-28,1.0,325,1.0,2,25,>=,REP,87009,OK,1985,Li et al. (2025b),1986-01-16,33.7,325,tmax_c,21.7157217109392,21.7157217109392,21.7157217109392,batch_025e9a03434aa47e320a.csv,-29.75,-55.25
25,episodes,1.0,1986-01-15,1.0,300,2.0,2,25,>=,FLO,87009,OK,1985,Li et al. (2025b),1986-01-04,33.7,300,tmax_c,21.7157217109392,43.43144342187839,21.7157217109392,batch_025e9a03434aa47e320a.csv,-29.75,-55.25
25,episodes,1.0,1986-03-21,1.0,1300,1.0,2,25,>=,FIL,87009,OK,1985,Li et al. (2025b),1986-01-29,32.7,1300,tmax_c,21.7157217109392,21.7157217109392,21.7157217109392,batch_025e9a03434aa47e320a.csv,-29.75,-55.25
25,days,1.0,1986-04-09,1.0,475,7.560676892462973,1,25,>,MAT,87009,OK,1985,Ortega Gómez et al. (2019),1986-03-22,10.0,475,precip_mm,21.7157217109392,164.18555534305446,21.7157217109392,batch_025e9a03434aa47e320a.csv,-29.75,-55.25
25,episodes,1.0,1986-10-12,0.0,325,0.0,2,25,>=,EST,87009,OK,1986,Li et al. 2025a,1986-09-30,34.0,325,tmax_c,21.7157217109392,0.0,0.0,batch_025e9a03434aa47e320a.csv,-29.75,-55.25
25,episodes,1.0,1987-01-03,0.0,1050,0.0,2,25,>=,VEG,87009,OK,1986,Li et al. 2025a,1986-11-23,34.6,1050,tmax_c,21.7157217109392,0.0,0.0,batch_025e9a03434aa47e320a.csv,-29.75,-55.25
25,episodes,1.0,1987-01-28,0.8401597704672104,325,0.8401597704672104,2,25,>=,REP,87009,OK,1986,Li et al. (2025b),1987-01-16,33.7,325,tmax_c,21.7157217109392,18.24467576819249,18.24467576819249,batch_025e9a03434aa47e320a.csv,-29.75,-55.25
25,episodes,1.0,1987-01-15,0.0,300,0.0,2,25,>=,FLO,87009,OK,1986,Li et al. (2025b),1987-01-04,33.7,300,tmax_c,21.7157217109392,0.0,0.0,batch_025e9a03434aa47e320a.csv,-29.75,-55.25
25,episodes,1.0,1987-03-21,1.0,1300,3.1201597705885487,2,25,>=,FIL,87009,OK,1986,Li et al. (2025b),1987-01-29,32.7,1300,tmax_c,21.7157217109392,67.7565212717688,21.7157217109392,batch_025e9a03434aa47e320a.csv,-29.75,-55.25
25,days,1.0,1987-04-09,1.0,475,3.919880598554149,1,25,>,MAT,87009,OK,1986,Ortega Gómez et al. (2019),1987-03-22,10.0,475,precip_mm,21.7157217109392,85.12303621831167,21.7157217109392,batch_025e9a03434aa47e320a.csv,-29.75,-55.25
25,episodes,1.0,1987-10-12,0.0,325,0.0,2,25,>=,EST,87009,OK,1987,Li et al. 2025a,1987-09-30,34.0,325,tmax_c,21.7157217109392,0.0,0.0,batch_025e9a03434aa47e320a.csv,-29.75,-55.25
25,episodes,1.0,1988-01-03,1.0,1050,1.0,2,25,>=,VEG,87009,OK,1987,Li et al. 2025a,1987-11-23,34.6,1050,tmax_c,21.7157217109392,21.7157217109392,21.7157217109392,batch_025e9a03434aa47e320a.csv,-29.75,-55.25
25,episodes,1.0,1988-01-28,0.6805180966520712,325,0.6805180966520712,2,25,>=,REP,87009,OK,1987,Li et al. (2025b),1988-01-16,33.7,325,tmax_c,21.7157217109392,14.777941606154402,14.777941606154402,batch_025e9a03434aa47e320a.csv,-29.75,-55.25
25,episodes,1.0,1988-01-15,1.0,300,1.0,2,25,>=,FLO,87009,OK,1987,Li et al. (2025b),1988-01-04,33.7,300,tmax_c,21.7157217109392,21.7157217109392,21.7157217109392,batch_025e9a03434aa47e320a.csv,-29.75,-55.25
25,episodes,1.0,1988-03-21,0.6003185663994485,1325,0.680318322705055,2,25,>=,FIL,87009,OK,1987,Li et al. (2025b),1988-01-29,32.7,1325,tmax_c,21.7157217109392,14.7736033707159,13.036350925840395,batch_025e9a03434aa47e320a.csv,-29.75,-55.25
25,days,1.0,1988-04-09,1.0,475,1.0,1,25,>,MAT,87009,OK,1987,Ortega Gómez et al. (2019),1988-03-22,10.0,475,precip_mm,21.7157217109392,21.7157217109392,21.7157217109392,batch_025e9a03434aa47e320a.csv,-29.75,-55.25
25,episodes,1.0,1988-10-12,0.0,325,0.0,2,25,>=,EST,87009,OK,1988,Li et al. 2025a,1988-09-30,34.0,325,tmax_c,21.7157217109392,0.0,0.0,batch_025e9a03434aa47e320a.csv,-29.75,-55.25
25,episodes,1.0,1989-01-03,0.9599204803079852,1050,0.9999603620618216,2,25,>=,VEG,87009,OK,1988,Li et al. 2025a,1988-11-23,34.6,1050,tmax_c,21.7157217109392,21.714860944504515,20.845366014999296,batch_025e9a03434aa47e320a.csv,-29.75,-55.25
25,episodes,1.0,1989-01-28,0.0,325,0.0,2,25,>=,REP,87009,OK,1988,Li et al. (2025b),1989-01-16,33.7,325,tmax_c,21.7157217109392,0.0,0.0,batch_025e9a03434aa47e320a.csv,-29.75,-55.25
25,episodes,1.0,1989-01-15,1.0,300,1.0,2,25,>=,FLO,87009,OK,1988,Li et al. (2025b),1989-01-04,33.7,300,tmax_c,21.7157217109392,21.7157217109392,21.7157217109392,batch_025e9a03434aa47e320a.csv,-29.75,-55.25
25,episodes,1.0,1989-03-21,1.0,1300,3.118925509198294,2,25,>=,FIL,87009,OK,1988,Li et al. (2025b),1989-01-29,32.7,1300,tmax_c,21.7157217109392,67.72971839489948,21.7157217109392,batch_025e9a03434aa47e320a.csv,-29.75,-55.25
25,days,1.0,1989-04-09,1.0,475,4.640835688031269,1,25,>,MAT,87009,OK,1988,Ortega Gómez et al. (2019),1989-03-22,10.0,475,precip_mm,21.7157217109392,100.77909630748208,21.7157217109392,batch_025e9a03434aa47e320a.csv,-29.75,-55.25
25,episodes,1.0,1997-12-07,0.0,175,0.0,2,25,>=,EST,96574,OK,1997,Li et al. 2025a,1997-12-01,34.0,175,tmax_c,23.063381981173684,0.0,0.0,batch_0260fcf5b316904125a0.csv,-22.75,47.25
25,episodes,1.0,1998-01-23,0.0,600,0.0,2,25,>=,VEG,96574,OK,1997,Li et al. 2025a,1997-12-31,34.6,600,tmax_c,23.063381981173684,0.0,0.0,batch_0260fcf5b316904125a0.csv,-22.75,47.25
25,episodes,1.0,1998-02-05,0.0,175,0.0,2,25,>=,REP,96574,OK,1997,Li et al. (2025b),1998-01-30,33.7,175,tmax_c,23.063381981173684,0.0,0.0,batch_0260fcf5b316904125a0.csv,-22.75,47.25
25,episodes,1.0,1998-01-29,0.0,150,0.0,2,25,>=,FLO,96574,OK,1997,Li et al. (2025b),1998-01-24,33.7,150,tmax_c,23.063381981173684,0.0,0.0,batch_0260fcf5b316904125a0.csv,-22.75,47.25
25,episodes,1.0,1998-03-06,0.0,725,0.0,2,25,>=,FIL,96574,OK,1997,Li et al. (2025b),1998-02-06,32.7,725,tmax_c,23.063381981173684,0.0,0.0,batch_0260fcf5b316904125a0.csv,-22.75,47.25
25,days,1.0,1998-03-17,0.3200002436943935,275,0.3200002436943935,1,25,>,MAT,96574,OK,1997,Ortega Gómez et al. (2019),1998-03-07,10.0,275,precip_mm,23.063381981173684,7.380287854392463,7.380287854392463,batch_0260fcf5b316904125a0.csv,-22.75,47.25
25,episodes,1.0,1998-12-07,0.0,175,0.0,2,25,>=,EST,96574,OK,1998,Li et al. 2025a,1998-12-01,34.0,175,tmax_c,23.063381981173684,0.0,0.0,batch_0260fcf5b316904125a0.csv,-22.75,47.25
25,episodes,1.0,1999-01-23,0.0,600,0.0,2,25,>=,VEG,96574,OK,1998,Li et al. 2025a,1998-12-31,34.6,600,tmax_c,23.063381981173684,0.0,0.0,batch_0260fcf5b316904125a0.csv,-22.75,47.25
25,episodes,1.0,1999-02-05,0.0,175,0.0,2,25,>=,REP,96574,OK,1998,Li et al. (2025b),1999-01-30,33.7,175,tmax_c,23.063381981173684,0.0,0.0,batch_0260fcf5b316904125a0.csv,-22.75,47.25
25,episodes,1.0,1999-01-29,0.0,150,0.0,2,25,>=,FLO,96574,OK,1998,Li et al. (2025b),1999-01-24,33.7,150,tmax_c,23.063381981173684,0.0,0.0,batch_0260fcf5b316904125a0.csv,-22.75,47.25
25,episodes,1.0,1999-03-06,0.0,725,0.0,2,25,>=,FIL,96574,OK,1998,Li et al. (2025b),1999-02-06,32.7,725,tmax_c,23.063381981173684,0.0,0.0,batch_0260fcf5b316904125a0.csv,-22.75,47.25
25,days,1.0,1999-03-17,0.8401460785245783,275,1.6806721074476296,1,25,>,MAT,96574,OK,1998,Ortega Gómez et al. (2019),1999-03-07,10.0,275,precip_mm,23.063381981173684,38.76198279916886,19.37660992899749,batch_0260fcf5b316904125a0.csv,-22.75,47.25
25,episodes,1.0,1999-12-07,0.0,175,0.0,2,25,>=,EST,96574,OK,1999,Li et al. 2025a,1999-12-01,34.0,175,tmax_c,23.063381981173684,0.0,0.0,batch_0260fcf5b316904125a0.csv,-22.75,47.25
25,episodes,1.0,2000-01-23,0.0,600,0.0,2,25,>=,VEG,96574,OK,1999,Li et al. 2025a,1999-12-31,34.6,600,tmax_c,23.063381981173684,0.0,0.0,batch_0260fcf5b316904125a0.csv,-22.75,47.25
25,episodes,1.0,2000-02-05,0.0,175,0.0,2,25,>=,REP,96574,OK,1999,Li et al. (2025b),2000-01-30,33.7,175,tmax_c,23.063381981173684,0.0,0.0,batch_0260fcf5b316904125a0.csv,-22.75,47.25
25,episodes,1.0,2000-01-29,0.0,150,0.0,2,25,>=,FLO,96574,OK,1999,Li et al. (2025b),2000-01-24,33.7,150,tmax_c,23.063381981173684,0.0,0.0,batch_0260fcf5b316904125a0.csv,-22.75,47.25
25,episodes,1.0,2000-03-06,0.0,750,0.0,2,25,>=,FIL,96574,OK,1999,Li et al. (2025b),2000-02-06,32.7,750,tmax_c,23.063381981173684,0.0,0.0,batch_0260fcf5b316904125a0.csv,-22.75,47.25
25,days,1.0,2000-03-17,0.0,275,0.0,1,25,>,MAT,96574,OK,1999,Ortega Gómez et al. (2019),2000-03-07,10.0,275,precip_mm,23.063381981173684,0.0,0.0,batch_0260fcf5b316904125a0.csv,-22.75,47.25
25,episodes,1.0,2000-12-07,0.0,175,0.0,2,25,>=,EST,96574,OK,2000,Li et al. 2025a,2000-12-01,34.0,175,tmax_c,23.063381981173684,0.0,0.0,batch_0260fcf5b316904125a0.csv,-22.75,47.25
25,episodes,1.0,2001-01-23,0.0,600,0.0,2,25,>=,VEG,96574,OK,2000,Li et al. 2025a,2000-12-31,34.6,600,tmax_c,23.063381981173684,0.0,0.0,batch_0260fcf5b316904125a0.csv,-22.75,47.25
25,episodes,1.0,2001-02-05,0.0,175,0.0,2,25,>=,REP,96574,OK,2000,Li et al. (2025b),2001-01-30,33.7,175,tmax_c,23.063381981173684,0.0,0.0,batch_0260fcf5b316904125a0.csv,-22.75,47.25
25,episodes,1.0,2001-01-29,0.0,150,0.0,2,25,>=,FLO,96574,OK,2000,Li et al. (2025b),2001-01-24,33.7,150,tmax_c,23.063381981173684,0.0,0.0,batch_0260fcf5b316904125a0.csv,-22.75,47.25
25,episodes,1.0,2001-03-06,0.0,725,0.0,2,25,>=,FIL,96574,OK,2000,Li et al. (2025b),2001-02-06,32.7,725,tmax_c,23.063381981173684,0.0,0.0,batch_0260fcf5b316904125a0.csv,-22.75,47.25
25,days,1.0,2001-03-17,0.0800293863265971,275,0.0800293863265971,1,25,>,MAT,96574,OK,2000,Ortega Gómez et al. (2019),2001-03-07,10.0,275,precip_mm,23.063381981173684,1.8457483065692275,1.8457483065692275,batch_0260fcf5b316904125a0.csv,-22.75,47.25
25,episodes,1.0,2001-11-24,0.0,350,0.0,2,25,>=,EST,98702,OK,2001,Li et al. 2025a,2001-11-11,34.0,350,tmax_c,23.3080240299314,0.0,0.0,batch_0269b5f2f96b23129bbe.csv,-21.25,31.25
25,episodes,1.0,2002-02-18,1.0,1100,5.318782978162735,2,25,>=,VEG,98702,OK,2001,Li et al. 2025a,2002-01-06,34.6,1100,tmax_c,23.3080240299314,123.97032146500712,23.3080240299314,batch_0269b5f2f96b23129bbe.csv,-21.25,31.25
25,episodes,1.0,2002-03-16,0.0,350,0.0,2,25,>=,REP,98702,OK,2001,Li et al. (2025b),2002-03-03,33.7,350,tmax_c,23.3080240299314,0.0,0.0,batch_0269b5f2f96b23129bbe.csv,-21.25,31.25
25,episodes,1.0,2002-03-02,0.919891928608077,300,1.0398922941497788,2,25,>=,FLO,98702,OK,2001,Li et al. (2025b),2002-02-19,33.7,300,tmax_c,23.3080240299314,24.23783458058353,21.440863176937,batch_0269b5f2f96b23129bbe.csv,-21.25,31.25
25,episodes,1.0,2002-05-09,1.0,1350,1.6798385021482851,2,25,>=,FIL,98702,OK,2001,Li et al. (2025b),2002-03-17,32.7,1350,tmax_c,23.3080240299314,39.1537161744762,23.3080240299314,batch_0269b5f2f96b23129bbe.csv,-21.25,31.25
25,days,1.0,2002-05-29,0.0,500,0.0,1,25,>,MAT,98702,OK,2001,Ortega Gómez et al. (2019),2002-05-10,10.0,500,precip_mm,23.3080240299314,0.0,0.0,batch_0269b5f2f96b23129bbe.csv,-21.25,31.25
25,episodes,1.0,2002-11-24,0.0,350,0.0,2,25,>=,EST,98702,OK,2002,Li et al. 2025a,2002-11-11,34.0,350,tmax_c,23.3080240299314,0.0,0.0,batch_0269b5f2f96b23129bbe.csv,-21.25,31.25
25,episodes,1.0,2003-02-18,1.0,1100,5.560486077651708,2,25,>=,VEG,98702,OK,2002,Li et al. 2025a,2003-01-06,34.6,1100,tmax_c,23.3080240299314,129.603943116005,23.3080240299314,batch_0269b5f2f96b23129bbe.csv,-21.25,31.25
25,episodes,1.0,2003-03-16,0.0,350,0.0,2,25,>=,REP,98702,OK,2002,Li et al. (2025b),2003-03-03,33.7,350,tmax_c,23.3080240299314,0.0,0.0,batch_0269b5f2f96b23129bbe.csv,-21.25,31.25
25,episodes,1.0,2003-03-02,0.4802443793101046,300,0.4802443793101046,2,25,>=,FLO,98702,OK,2002,Li et al. (2025b),2003-02-19,33.7,300,tmax_c,23.3080240299314,11.193547533199409,11.193547533199409,batch_0269b5f2f96b23129bbe.csv,-21.25,31.25
25,episodes,1.0,2003-05-09,0.3598650325661423,1350,0.3598650325661423,2,25,>=,FIL,98702,OK,2002,Li et al. (2025b),2003-03-17,32.7,1350,tmax_c,23.3080240299314,8.387742826583692,8.387742826583692,batch_0269b5f2f96b23129bbe.csv,-21.25,31.25
25,days,1.0,2003-05-29,0.0,500,0.0,1,25,>,MAT,98702,OK,2002,Ortega Gómez et al. (2019),2003-05-10,10.0,500,precip_mm,23.3080240299314,0.0,0.0,batch_0269b5f2f96b23129bbe.csv,-21.25,31.25
25,episodes,1.0,2003-11-24,1.0,350,1.0,2,25,>=,EST,98702,OK,2003,Li et al. 2025a,2003-11-11,34.0,350,tmax_c,23.3080240299314,23.3080240299314,23.3080240299314,batch_0269b5f2f96b23129bbe.csv,-21.25,31.25
25,episodes,1.0,2004-02-18,1.0,1100,1.6001078276974556,2,25,>=,VEG,98702,OK,2003,Li et al. 2025a,2004-01-06,34.6,1100,tmax_c,23.3080240299314,37.29535169845363,23.3080240299314,batch_0269b5f2f96b23129bbe.csv,-21.25,31.25
25,episodes,1.0,2004-03-16,0.0,350,0.0,2,25,>=,REP,98702,OK,2003,Li et al. (2025b),2004-03-03,33.7,350,tmax_c,23.3080240299314,0.0,0.0,batch_0269b5f2f96b23129bbe.csv,-21.25,31.25
25,episodes,1.0,2004-03-02,0.679919555650817,325,0.679919555650817,2,25,>=,FLO,98702,OK,2003,Li et al. (2025b),2004-02-19,33.7,325,tmax_c,23.3080240299314,15.84758134152952,15.84758134152952,batch_0269b5f2f96b23129bbe.csv,-21.25,31.25
25,episodes,1.0,2004-05-09,0.0,1350,0.0,2,25,>=,FIL,98702,OK,2003,Li et al. (2025b),2004-03-17,32.7,1350,tmax_c,23.3080240299314,0.0,0.0,batch_0269b5f2f96b23129bbe.csv,-21.25,31.25
25,days,1.0,2004-05-29,0.0,500,0.0,1,25,>,MAT,98702,OK,2003,Ortega Gómez et al. (2019),2004-05-10,10.0,500,precip_mm,23.3080240299314,0.0,0.0,batch_0269b5f2f96b23129bbe.csv,-21.25,31.25
25,episodes,1.0,2004-11-24,1.0,350,2.0,2,25,>=,EST,98702,OK,2004,Li et al. 2025a,2004-11-11,34.0,350,tmax_c,23.3080240299314,46.6160480598628,23.3080240299314,batch_0269b5f2f96b23129bbe.csv,-21.25,31.25
25,episodes,1.0,2005-02-18,1.0,1100,3.159946207915981,2,25,>=,VEG,98702,OK,2004,Li et al. 2025a,2005-01-06,34.6,1100,tmax_c,23.3080240299314,73.65210214739629,23.3080240299314,batch_0269b5f2f96b23129bbe.csv,-21.25,31.25
25,episodes,1.0,2005-03-16,1.0,350,1.0,2,25,>=,REP,98702,OK,2004,Li et al. (2025b),2005-03-03,33.7,350,tmax_c,23.3080240299314,23.3080240299314,23.3080240299314,batch_0269b5f2f96b23129bbe.csv,-21.25,31.25
25,episodes,1.0,2005-03-02,1.0,300,1.9200268960420088,2,25,>=,FLO,98702,OK,2004,Li et al. (2025b),2005-02-19,33.7,300,tmax_c,23.3080240299314,44.752033031061735,23.3080240299314,batch_0269b5f2f96b23129bbe.csv,-21.25,31.25
25,episodes,1.0,2005-05-09,1.0,1350,4.120326285660674,2,25,>=,FIL,98702,OK,2004,Li et al. (2025b),2005-03-17,32.7,1350,tmax_c,23.3080240299314,96.03666407733698,23.3080240299314,batch_0269b5f2f96b23129bbe.csv,-21.25,31.25
25,days,1.0,2005-05-29,0.0,500,0.0,1,25,>,MAT,98702,OK,2004,Ortega Gómez et al. (2019),2005-05-10,10.0,500,precip_mm,23.3080240299314,0.0,0.0,batch_0269b5f2f96b23129bbe.csv,-21.25,31.25
25,episodes,1.0,1993-11-18,0.0,325,0.0,2,25,>=,EST,102287,OK,1993,Li et al. 2025a,1993-11-06,34.0,325,tmax_c,23.680184809525272,0.0,0.0,batch_026e196682ff4ab5a7b5.csv,-18.75,23.75
25,episodes,1.0,1994-02-08,0.0,1050,0.0,2,25,>=,VEG,102287,OK,1993,Li et al. 2025a,1993-12-29,34.6,1050,tmax_c,23.680184809525272,0.0,0.0,batch_026e196682ff4ab5a7b5.csv,-18.75,23.75
25,episodes,1.0,1994-03-05,0.0,350,0.0,2,25,>=,REP,102287,OK,1993,Li et al. (2025b),1994-02-20,33.7,350,tmax_c,23.680184809525272,0.0,0.0,batch_026e196682ff4ab5a7b5.csv,-18.75,23.75
25,episodes,1.0,1994-02-19,0.0,275,0.0,2,25,>=,FLO,102287,OK,1993,Li et al. (2025b),1994-02-09,33.7,275,tmax_c,23.680184809525272,0.0,0.0,batch_026e196682ff4ab5a7b5.csv,-18.75,23.75
25,episodes,1.0,1994-04-25,1.0,1275,2.960118457045757,2,25,>=,FIL,102287,OK,1993,Li et al. (2025b),1994-03-06,32.7,1275,tmax_c,23.680184809525272,70.09615212093031,23.680184809525272,batch_026e196682ff4ab5a7b5.csv,-18.75,23.75
25,days,1.0,1994-05-14,0.0,475,0.0,1,25,>,MAT,102287,OK,1993,Ortega Gómez et al. (2019),1994-04-26,10.0,475,precip_mm,23.680184809525272,0.0,0.0,batch_026e196682ff4ab5a7b5.csv,-18.75,23.75
25,episodes,1.0,1994-11-18,1.0,325,1.0,2,25,>=,EST,102287,OK,1994,Li et al. 2025a,1994-11-06,34.0,325,tmax_c,23.680184809525272,23.680184809525272,23.680184809525272,batch_026e196682ff4ab5a7b5.csv,-18.75,23.75
25,episodes,1.0,1995-02-08,1.0,1050,2.1199999999279804,2,25,>=,VEG,102287,OK,1994,Li et al. 2025a,1994-12-29,34.6,1050,tmax_c,23.680184809525272,50.20199179448814,23.680184809525272,batch_026e196682ff4ab5a7b5.csv,-18.75,23.75
25,episodes,1.0,1995-03-05,0.0,350,0.0,2,25,>=,REP,102287,OK,1994,Li et al. (2025b),1995-02-20,33.7,350,tmax_c,23.680184809525272,0.0,0.0,batch_026e196682ff4ab5a7b5.csv,-18.75,23.75
25,episodes,1.0,1995-02-19,0.4797634514500402,275,0.4797634514500402,2,25,>=,FLO,102287,OK,1994,Li et al. (2025b),1995-02-09,33.7,275,tmax_c,23.680184809525272,11.360887195192658,11.360887195192658,batch_026e196682ff4ab5a7b5.csv,-18.75,23.75
25,episodes,1.0,1995-04-25,1.0,1275,4.199905478086568,2,25,>=,FIL,102287,OK,1994,Li et al. (2025b),1995-03-06,32.7,1275,tmax_c,23.680184809525272,99.45453790362752,23.680184809525272,batch_026e196682ff4ab5a7b5.csv,-18.75,23.75
25,days,1.0,1995-05-14,0.5996458472627529,475,0.5996458472627529,1,25,>,MAT,102287,OK,1994,Ortega Gómez et al. (2019),1995-04-26,10.0,475,precip_mm,23.680184809525272,14.199724483446351,14.199724483446351,batch_026e196682ff4ab5a7b5.csv,-18.75,23.75
25,episodes,1.0,1995-11-18,1.0,325,1.0,2,25,>=,EST,102287,OK,1995,Li et al. 2025a,1995-11-06,34.0,325,tmax_c,23.680184809525272,23.680184809525272,23.680184809525272,batch_026e196682ff4ab5a7b5.csv,-18.75,23.75
25,episodes,1.0,1996-02-08,0.3599528608904801,1050,0.4799290476053168,2,25,>=,VEG,102287,OK,1995,Li et al. 2025a,1995-12-29,34.6,1050,tmax_c,23.680184809525272,11.364808542753352,8.52375026860391,batch_026e196682ff4ab5a7b5.csv,-18.75,23.75
25,episodes,1.0,1996-03-05,0.0,375,0.0,2,25,>=,REP,102287,OK,1995,Li et al. (2025b),1996-02-20,33.7,375,tmax_c,23.680184809525272,0.0,0.0,batch_026e196682ff4ab5a7b5.csv,-18.75,23.75
25,episodes,1.0,1996-02-19,0.0,275,0.0,2,25,>=,FLO,102287,OK,1995,Li et al. (2025b),1996-02-09,33.7,275,tmax_c,23.680184809525272,0.0,0.0,batch_026e196682ff4ab5a7b5.csv,-18.75,23.75
25,episodes,1.0,1996-04-25,0.0,1275,0.0,2,25,>=,FIL,102287,OK,1995,Li et al. (2025b),1996-03-06,32.7,1275,tmax_c,23.680184809525272,0.0,0.0,batch_026e196682ff4ab5a7b5.csv,-18.75,23.75
25,days,1.0,1996-05-14,0.0,475,0.0,1,25,>,MAT,102287,OK,1995,Ortega Gómez et al. (2019),1996-04-26,10.0,475,precip_mm,23.680184809525272,0.0,0.0,batch_026e196682ff4ab5a7b5.csv,-18.75,23.75
25,episodes,1.0,1996-11-18,1.0,325,1.95995286089048,2,25,>=,EST,102287,OK,1996,Li et al. 2025a,1996-11-06,34.0,325,tmax_c,23.680184809525272,46.41204596384435,23.680184809525272,batch_026e196682ff4ab5a7b5.csv,-18.75,23.75
25,episodes,1.0,1997-02-08,0.0,1050,0.0,2,25,>=,VEG,102287,OK,1996,Li et al. 2025a,1996-12-29,34.6,1050,tmax_c,23.680184809525272,0.0,0.0,batch_026e196682ff4ab5a7b5.csv,-18.75,23.75
25,episodes,1.0,1997-03-05,0.0,350,0.0,2,25,>=,REP,102287,OK,1996,Li et al. (2025b),1997-02-20,33.7,350,tmax_c,23.680184809525272,0.0,0.0,batch_026e196682ff4ab5a7b5.csv,-18.75,23.75
25,episodes,1.0,1997-02-19,0.0,275,0.0,2,25,>=,FLO,102287,OK,1996,Li et al. (2025b),1997-02-09,33.7,275,tmax_c,23.680184809525272,0.0,0.0,batch_026e196682ff4ab5a7b5.csv,-18.75,23.75
25,episodes,1.0,1997-04-25,0.0399764304092301,1275,0.0399764304092301,2,25,>=,FIL,102287,OK,1996,Li et al. (2025b),1997-03-06,32.7,1275,tmax_c,23.680184809525272,0.9466492601156964,0.9466492601156964,batch_026e196682ff4ab5a7b5.csv,-18.75,23.75
25,days,1.0,1997-05-14,0.0,475,0.0,1,25,>,MAT,102287,OK,1996,Ortega Gómez et al. (2019),1997-04-26,10.0,475,precip_mm,23.680184809525272,0.0,0.0,batch_026e196682ff4ab5a7b5.csv,-18.75,23.75
25,episodes,1.0,1989-11-23,0.0,325,0.0,2,25,>=,EST,100855,OK,1989,Li et al. 2025a,1989-11-11,34.0,325,tmax_c,23.536691923280788,0.0,0.0,batch_026f13c7126cff03a72c.csv,-19.75,27.75
25,episodes,1.0,1990-02-13,0.0,1050,0.0,2,25,>=,VEG,100855,OK,1989,Li et al. 2025a,1990-01-03,34.6,1050,tmax_c,23.536691923280788,0.0,0.0,batch_026f13c7126cff03a72c.csv,-19.75,27.75
25,episodes,1.0,1990-03-10,0.0,350,0.0,2,25,>=,REP,100855,OK,1989,Li et al. (2025b),1990-02-25,33.7,350,tmax_c,23.536691923280788,0.0,0.0,batch_026f13c7126cff03a72c.csv,-19.75,27.75
25,episodes,1.0,1990-02-24,0.0,275,0.0,2,25,>=,FLO,100855,OK,1989,Li et al. (2025b),1990-02-14,33.7,275,tmax_c,23.536691923280788,0.0,0.0,batch_026f13c7126cff03a72c.csv,-19.75,27.75
25,episodes,1.0,1990-04-30,0.8800749293920641,1275,1.4002499676681734,2,25,>=,FIL,100855,OK,1989,Li et al. (2025b),1990-03-11,32.7,1275,tmax_c,23.536691923280788,32.957252104589685,20.714052482504105,batch_026f13c7126cff03a72c.csv,-19.75,27.75
25,days,1.0,1990-05-19,0.0,475,0.0,1,25,>,MAT,100855,OK,1989,Ortega Gómez et al. (2019),1990-05-01,10.0,475,precip_mm,23.536691923280788,0.0,0.0,batch_026f13c7126cff03a72c.csv,-19.75,27.75
25,episodes,1.0,1990-11-23,1.0,325,2.0,2,25,>=,EST,100855,OK,1990,Li et al. 2025a,1990-11-11,34.0,325,tmax_c,23.536691923280788,47.073383846561576,23.536691923280788,batch_026f13c7126cff03a72c.csv,-19.75,27.75
25,episodes,1.0,1991-02-13,0.0,1050,0.0,2,25,>=,VEG,100855,OK,1990,Li et al. 2025a,1991-01-03,34.6,1050,tmax_c,23.536691923280788,0.0,0.0,batch_026f13c7126cff03a72c.csv,-19.75,27.75
25,episodes,1.0,1991-03-10,0.0,350,0.0,2,25,>=,REP,100855,OK,1990,Li et al. (2025b),1991-02-25,33.7,350,tmax_c,23.536691923280788,0.0,0.0,batch_026f13c7126cff03a72c.csv,-19.75,27.75
25,episodes,1.0,1991-02-24,0.0,275,0.0,2,25,>=,FLO,100855,OK,1990,Li et al. (2025b),1991-02-14,33.7,275,tmax_c,23.536691923280788,0.0,0.0,batch_026f13c7126cff03a72c.csv,-19.75,27.75
25,episodes,1.0,1991-04-30,0.0,1275,0.0,2,25,>=,FIL,100855,OK,1990,Li et al. (2025b),1991-03-11,32.7,1275,tmax_c,23.536691923280788,0.0,0.0,batch_026f13c7126cff03a72c.csv,-19.75,27.75
25,days,1.0,1991-05-19,0.0,475,0.0,1,25,>,MAT,100855,OK,1990,Ortega Gómez et al. (2019),1991-05-01,10.0,475,precip_mm,23.536691923280788,0.0,0.0,batch_026f13c7126cff03a72c.csv,-19.75,27.75
25,episodes,1.0,1991-11-23,1.0,325,1.0,2,25,>=,EST,100855,OK,1991,Li et al. 2025a,1991-11-11,34.0,325,tmax_c,23.536691923280788,23.536691923280788,23.536691923280788,batch_026f13c7126cff03a72c.csv,-19.75,27.75
25,episodes,1.0,1992-02-13,1.0,1050,1.2798001476212468,2,25,>=,VEG,100855,OK,1991,Li et al. 2025a,1992-01-03,34.6,1050,tmax_c,23.536691923280788,30.12226179793056,23.536691923280788,batch_026f13c7126cff03a72c.csv,-19.75,27.75
25,episodes,1.0,1992-03-10,1.0,375,2.3203245315186107,2,25,>=,REP,100855,OK,1991,Li et al. (2025b),1992-02-25,33.7,375,tmax_c,23.536691923280788,54.61276366038437,23.536691923280788,batch_026f13c7126cff03a72c.csv,-19.75,27.75
25,episodes,1.0,1992-02-24,1.0,275,1.3999243395246803,2,25,>=,FLO,100855,OK,1991,Li et al. (2025b),1992-02-14,33.7,275,tmax_c,23.536691923280788,32.94958789529474,23.536691923280788,batch_026f13c7126cff03a72c.csv,-19.75,27.75
25,episodes,1.0,1992-04-30,0.3598003913157149,1275,0.5996757120234939,2,25,>=,FIL,100855,OK,1991,Li et al. (2025b),1992-03-11,32.7,1275,tmax_c,23.536691923280788,14.114382487771024,8.468510964273854,batch_026f13c7126cff03a72c.csv,-19.75,27.75
25,days,1.0,1992-05-19,0.0,475,0.0,1,25,>,MAT,100855,OK,1991,Ortega Gómez et al. (2019),1992-05-01,10.0,475,precip_mm,23.536691923280788,0.0,0.0,batch_026f13c7126cff03a72c.csv,-19.75,27.75
25,episodes,1.0,1992-11-23,1.0,325,1.0799751859735385,2,25,>=,EST,100855,OK,1992,Li et al. 2025a,1992-11-11,34.0,325,tmax_c,23.536691923280788,25.41904323704705,23.536691923280788,batch_026f13c7126cff03a72c.csv,-19.75,27.75
25,episodes,1.0,1993-02-13,0.0,1050,0.0,2,25,>=,VEG,100855,OK,1992,Li et al. 2025a,1993-01-03,34.6,1050,tmax_c,23.536691923280788,0.0,0.0,batch_026f13c7126cff03a72c.csv,-19.75,27.75
25,episodes,1.0,1993-03-10,0.0,350,0.0,2,25,>=,REP,100855,OK,1992,Li et al. (2025b),1993-02-25,33.7,350,tmax_c,23.536691923280788,0.0,0.0,batch_026f13c7126cff03a72c.csv,-19.75,27.75
25,episodes,1.0,1993-02-24,0.0,275,0.0,2,25,>=,FLO,100855,OK,1992,Li et al. (2025b),1993-02-14,33.7,275,tmax_c,23.536691923280788,0.0,0.0,batch_026f13c7126cff03a72c.csv,-19.75,27.75
25,episodes,1.0,1993-04-30,0.0,1275,0.0,2,25,>=,FIL,100855,OK,1992,Li et al. (2025b),1993-03-11,32.7,1275,tmax_c,23.536691923280788,0.0,0.0,batch_026f13c7126cff03a72c.csv,-19.75,27.75
25,days,1.0,1993-05-19,0.0,475,0.0,1,25,>,MAT,100855,OK,1992,Ortega Gómez et al. (2019),1993-05-01,10.0,475,precip_mm,23.536691923280788,0.0,0.0,batch_026f13c7126cff03a72c.csv,-19.75,27.75
25,episodes,1.0,2005-12-06,0.8,400,1.0800536701543342,2,25,>=,EST,98709,OK,2005,Li et al. 2025a,2005-11-21,34.0,400,tmax_c,23.3080240299314,25.17391689757282,18.64641922394512,batch_0271e9112547388eed22.csv,-21.25,34.75
25,episodes,1.0,2006-03-18,0.0,1300,0.0,2,25,>=,VEG,98709,OK,2005,Li et al. 2025a,2006-01-26,34.6,1300,tmax_c,23.3080240299314,0.0,0.0,batch_0271e9112547388eed22.csv,-21.25,34.75
25,episodes,1.0,2006-04-17,0.0,400,0.0,2,25,>=,REP,98709,OK,2005,Li et al. (2025b),2006-04-02,33.7,400,tmax_c,23.3080240299314,0.0,0.0,batch_0271e9112547388eed22.csv,-21.25,34.75
25,episodes,1.0,2006-04-01,0.0,350,0.0,2,25,>=,FLO,98709,OK,2005,Li et al. (2025b),2006-03-19,33.7,350,tmax_c,23.3080240299314,0.0,0.0,batch_0271e9112547388eed22.csv,-21.25,34.75
25,episodes,1.0,2006-06-20,1.0,1600,1.0,2,25,>=,FIL,98709,OK,2005,Li et al. (2025b),2006-04-18,32.7,1600,tmax_c,23.3080240299314,23.3080240299314,23.3080240299314,batch_0271e9112547388eed22.csv,-21.25,34.75
25,days,1.0,2006-07-13,0.0,575,0.0,1,25,>,MAT,98709,OK,2005,Ortega Gómez et al. (2019),2006-06-21,10.0,575,precip_mm,23.3080240299314,0.0,0.0,batch_0271e9112547388eed22.csv,-21.25,34.75
25,episodes,1.0,2006-12-06,0.7199188245676361,400,0.7199188245676361,2,25,>=,EST,98709,OK,2006,Li et al. 2025a,2006-11-21,34.0,400,tmax_c,23.3080240299314,16.77988526262243,16.77988526262243,batch_0271e9112547388eed22.csv,-21.25,34.75
25,episodes,1.0,2007-03-18,1.0,1300,1.0800541575431954,2,25,>=,VEG,98709,OK,2006,Li et al. 2025a,2007-01-26,34.6,1300,tmax_c,23.3080240299314,25.17392825764411,23.3080240299314,batch_0271e9112547388eed22.csv,-21.25,34.75
25,episodes,1.0,2007-04-17,0.0,400,0.0,2,25,>=,REP,98709,OK,2006,Li et al. (2025b),2007-04-02,33.7,400,tmax_c,23.3080240299314,0.0,0.0,batch_0271e9112547388eed22.csv,-21.25,34.75
25,episodes,1.0,2007-04-01,0.0,350,0.0,2,25,>=,FLO,98709,OK,2006,Li et al. (2025b),2007-03-19,33.7,350,tmax_c,23.3080240299314,0.0,0.0,batch_0271e9112547388eed22.csv,-21.25,34.75
25,episodes,1.0,2007-06-20,0.2,1600,0.2,2,25,>=,FIL,98709,OK,2006,Li et al. (2025b),2007-04-18,32.7,1600,tmax_c,23.3080240299314,4.66160480598628,4.66160480598628,batch_0271e9112547388eed22.csv,-21.25,34.75
25,days,1.0,2007-07-13,0.0,575,0.0,1,25,>,MAT,98709,OK,2006,Ortega Gómez et al. (2019),2007-06-21,10.0,575,precip_mm,23.3080240299314,0.0,0.0,batch_0271e9112547388eed22.csv,-21.25,34.75
25,episodes,1.0,2007-12-06,0.4001083150863166,400,0.4001083150863166,2,25,>=,EST,98709,OK,2007,Li et al. 2025a,2007-11-21,34.0,400,tmax_c,23.3080240299314,9.325734222607233,9.325734222607233,batch_0271e9112547388eed22.csv,-21.25,34.75
25,episodes,1.0,2008-03-18,0.8798647888716746,1325,1.3995672268786212,2,25,>=,VEG,98709,OK,2007,Li et al. 2025a,2008-01-26,34.6,1325,tmax_c,23.3080240299314,32.62114655559135,20.50790964211151,batch_0271e9112547388eed22.csv,-21.25,34.75
25,episodes,1.0,2008-04-17,0.0,400,0.0,2,25,>=,REP,98709,OK,2007,Li et al. (2025b),2008-04-02,33.7,400,tmax_c,23.3080240299314,0.0,0.0,batch_0271e9112547388eed22.csv,-21.25,34.75
25,episodes,1.0,2008-04-01,0.0,350,0.0,2,25,>=,FLO,98709,OK,2007,Li et al. (2025b),2008-03-19,33.7,350,tmax_c,23.3080240299314,0.0,0.0,batch_0271e9112547388eed22.csv,-21.25,34.75
25,episodes,1.0,2008-06-20,0.6399457206096449,1600,0.6399457206096449,2,25,>=,FIL,98709,OK,2007,Li et al. (2025b),2008-04-18,32.7,1600,tmax_c,23.3080240299314,14.91587023382137,14.91587023382137,batch_0271e9112547388eed22.csv,-21.25,34.75
25,days,1.0,2008-07-13,0.0,575,0.0,1,25,>,MAT,98709,OK,2007,Ortega Gómez et al. (2019),2008-06-21,10.0,575,precip_mm,23.3080240299314,0.0,0.0,batch_0271e9112547388eed22.csv,-21.25,34.75
25,episodes,1.0,2008-12-06,0.8799187027204022,400,1.5197561082437303,2,25,>=,EST,98709,OK,2008,Li et al. 2025a,2008-11-21,34.0,400,tmax_c,23.3080240299314,35.4225118905799,20.5091662673932,batch_0271e9112547388eed22.csv,-21.25,34.75
25,episodes,1.0,2009-03-18,0.0,1300,0.0,2,25,>=,VEG,98709,OK,2008,Li et al. 2025a,2009-01-26,34.6,1300,tmax_c,23.3080240299314,0.0,0.0,batch_0271e9112547388eed22.csv,-21.25,34.75
25,episodes,1.0,2009-04-17,0.0,400,0.0,2,25,>=,REP,98709,OK,2008,Li et al. (2025b),2009-04-02,33.7,400,tmax_c,23.3080240299314,0.0,0.0,batch_0271e9112547388eed22.csv,-21.25,34.75
25,episodes,1.0,2009-04-01,0.0,350,0.0,2,25,>=,FLO,98709,OK,2008,Li et al. (2025b),2009-03-19,33.7,350,tmax_c,23.3080240299314,0.0,0.0,batch_0271e9112547388eed22.csv,-21.25,34.75
25,episodes,1.0,2009-06-20,0.0,1600,0.0,2,25,>=,FIL,98709,OK,2008,Li et al. (2025b),2009-04-18,32.7,1600,tmax_c,23.3080240299314,0.0,0.0,batch_0271e9112547388eed22.csv,-21.25,34.75
25,days,1.0,2009-07-13,0.0,575,0.0,1,25,>,MAT,98709,OK,2008,Ortega Gómez et al. (2019),2009-06-21,10.0,575,precip_mm,23.3080240299314,0.0,0.0,batch_0271e9112547388eed22.csv,-21.25,34.75
25,episodes,1.0,2005-10-25,0.0,275,0.0,2,25,>=,EST,90619,OK,2005,Li et al. 2025a,2005-10-15,34.0,275,tmax_c,22.235341599410717,0.0,0.0,batch_02797d3b850f3c51ec81.csv,-27.25,-50.25
25,episodes,1.0,2006-01-04,0.0,900,0.0,2,25,>=,VEG,90619,OK,2005,Li et al. 2025a,2005-11-30,34.6,900,tmax_c,22.235341599410717,0.0,0.0,batch_02797d3b850f3c51ec81.csv,-27.25,-50.25
25,episodes,1.0,2006-01-25,0.0,300,0.0,2,25,>=,REP,90619,OK,2005,Li et al. (2025b),2006-01-14,33.7,300,tmax_c,22.235341599410717,0.0,0.0,batch_02797d3b850f3c51ec81.csv,-27.25,-50.25
25,episodes,1.0,2006-01-13,0.0,225,0.0,2,25,>=,FLO,90619,OK,2005,Li et al. (2025b),2006-01-05,33.7,225,tmax_c,22.235341599410717,0.0,0.0,batch_02797d3b850f3c51ec81.csv,-27.25,-50.25
25,episodes,1.0,2006-03-10,0.0,1100,0.0,2,25,>=,FIL,90619,OK,2005,Li et al. (2025b),2006-01-26,32.7,1100,tmax_c,22.235341599410717,0.0,0.0,batch_02797d3b850f3c51ec81.csv,-27.25,-50.25
25,days,1.0,2006-03-26,0.9201437602235956,400,2.400789950146594,1,25,>,MAT,90619,OK,2005,Ortega Gómez et al. (2019),2006-03-11,10.0,400,precip_mm,22.235341599410717,53.38238464994173,20.459710829137908,batch_02797d3b850f3c51ec81.csv,-27.25,-50.25
25,episodes,1.0,2006-10-25,0.0,275,0.0,2,25,>=,EST,90619,OK,2006,Li et al. 2025a,2006-10-15,34.0,275,tmax_c,22.235341599410717,0.0,0.0,batch_02797d3b850f3c51ec81.csv,-27.25,-50.25
25,episodes,1.0,2007-01-04,0.0,900,0.0,2,25,>=,VEG,90619,OK,2006,Li et al. 2025a,2006-11-30,34.6,900,tmax_c,22.235341599410717,0.0,0.0,batch_02797d3b850f3c51ec81.csv,-27.25,-50.25
25,episodes,1.0,2007-01-25,0.0,300,0.0,2,25,>=,REP,90619,OK,2006,Li et al. (2025b),2007-01-14,33.7,300,tmax_c,22.235341599410717,0.0,0.0,batch_02797d3b850f3c51ec81.csv,-27.25,-50.25
25,episodes,1.0,2007-01-13,0.0,225,0.0,2,25,>=,FLO,90619,OK,2006,Li et al. (2025b),2007-01-05,33.7,225,tmax_c,22.235341599410717,0.0,0.0,batch_02797d3b850f3c51ec81.csv,-27.25,-50.25
25,episodes,1.0,2007-03-10,0.0,1100,0.0,2,25,>=,FIL,90619,OK,2006,Li et al. (2025b),2007-01-26,32.7,1100,tmax_c,22.235341599410717,0.0,0.0,batch_02797d3b850f3c51ec81.csv,-27.25,-50.25
25,days,1.0,2007-03-26,1.0,400,6.240789950474587,1,25,>,MAT,90619,OK,2006,Ortega Gómez et al. (2019),2007-03-11,10.0,400,precip_mm,22.235341599410717,138.7660963989719,22.235341599410717,batch_02797d3b850f3c51ec81.csv,-27.25,-50.25
25,episodes,1.0,2007-10-25,0.0,275,0.0,2,25,>=,EST,90619,OK,2007,Li et al. 2025a,2007-10-15,34.0,275,tmax_c,22.235341599410717,0.0,0.0,batch_02797d3b850f3c51ec81.csv,-27.25,-50.25
25,episodes,1.0,2008-01-04,0.0,900,0.0,2,25,>=,VEG,90619,OK,2007,Li et al. 2025a,2007-11-30,34.6,900,tmax_c,22.235341599410717,0.0,0.0,batch_02797d3b850f3c51ec81.csv,-27.25,-50.25
25,episodes,1.0,2008-01-25,0.0,300,0.0,2,25,>=,REP,90619,OK,2007,Li et al. (2025b),2008-01-14,33.7,300,tmax_c,22.235341599410717,0.0,0.0,batch_02797d3b850f3c51ec81.csv,-27.25,-50.25
25,episodes,1.0,2008-01-13,0.0,225,0.0,2,25,>=,FLO,90619,OK,2007,Li et al. (2025b),2008-01-05,33.7,225,tmax_c,22.235341599410717,0.0,0.0,batch_02797d3b850f3c51ec81.csv,-27.25,-50.25
25,episodes,1.0,2008-03-10,0.0,1125,0.0,2,25,>=,FIL,90619,OK,2007,Li et al. (2025b),2008-01-26,32.7,1125,tmax_c,22.235341599410717,0.0,0.0,batch_02797d3b850f3c51ec81.csv,-27.25,-50.25
25,days,1.0,2008-03-26,1.0,400,3.800610615572686,1,25,>,MAT,90619,OK,2007,Ortega Gómez et al. (2019),2008-03-11,10.0,400,precip_mm,22.235341599410717,84.5078753236053,22.235341599410717,batch_02797d3b850f3c51ec81.csv,-27.25,-50.25
25,episodes,1.0,2008-10-25,0.0,275,0.0,2,25,>=,EST,90619,OK,2008,Li et al. 2025a,2008-10-15,34.0,275,tmax_c,22.235341599410717,0.0,0.0,batch_02797d3b850f3c51ec81.csv,-27.25,-50.25
25,episodes,1.0,2009-01-04,0.0,900,0.0,2,25,>=,VEG,90619,OK,2008,Li et al. 2025a,2008-11-30,34.6,900,tmax_c,22.235341599410717,0.0,0.0,batch_02797d3b850f3c51ec81.csv,-27.25,-50.25
25,episodes,1.0,2009-01-25,0.0,300,0.0,2,25,>=,REP,90619,OK,2008,Li et al. (2025b),2009-01-14,33.7,300,tmax_c,22.235341599410717,0.0,0.0,batch_02797d3b850f3c51ec81.csv,-27.25,-50.25
25,episodes,1.0,2009-01-13,0.0,225,0.0,2,25,>=,FLO,90619,OK,2008,Li et al. (2025b),2009-01-05,33.7,225,tmax_c,22.235341599410717,0.0,0.0,batch_02797d3b850f3c51ec81.csv,-27.25,-50.25
25,episodes,1.0,2009-03-10,0.0,1100,0.0,2,25,>=,FIL,90619,OK,2008,Li et al. (2025b),2009-01-26,32.7,1100,tmax_c,22.235341599410717,0.0,0.0,batch_02797d3b850f3c51ec81.csv,-27.25,-50.25
25,days,1.0,2009-03-26,0.0,400,0.0,1,25,>,MAT,90619,OK,2008,Ortega Gómez et al. (2019),2009-03-11,10.0,400,precip_mm,22.235341599410717,0.0,0.0,batch_02797d3b850f3c51ec81.csv,-27.25,-50.25
25,episodes,1.0,1997-10-12,0.0,325,0.0,2,25,>=,EST,89172,OK,1997,Li et al. 2025a,1997-09-30,34.0,325,tmax_c,22.032519186586832,0.0,0.0,batch_028111e788bb3d91cc0f.csv,-28.25,-53.75
25,episodes,1.0,1998-01-03,0.0,1050,0.0,2,25,>=,VEG,89172,OK,1997,Li et al. 2025a,1997-11-23,34.6,1050,tmax_c,22.032519186586832,0.0,0.0,batch_028111e788bb3d91cc0f.csv,-28.25,-53.75
25,episodes,1.0,1998-01-28,0.0,325,0.0,2,25,>=,REP,89172,OK,1997,Li et al. (2025b),1998-01-16,33.7,325,tmax_c,22.032519186586832,0.0,0.0,batch_028111e788bb3d91cc0f.csv,-28.25,-53.75
25,episodes,1.0,1998-01-15,0.0,300,0.0,2,25,>=,FLO,89172,OK,1997,Li et al. (2025b),1998-01-04,33.7,300,tmax_c,22.032519186586832,0.0,0.0,batch_028111e788bb3d91cc0f.csv,-28.25,-53.75
25,episodes,1.0,1998-03-21,0.0,1300,0.0,2,25,>=,FIL,89172,OK,1997,Li et al. (2025b),1998-01-29,32.7,1300,tmax_c,22.032519186586832,0.0,0.0,batch_028111e788bb3d91cc0f.csv,-28.25,-53.75
25,days,1.0,1998-04-09,1.0,475,5.480785800053801,1,25,>,MAT,89172,OK,1997,Ortega Gómez et al. (2019),1998-03-22,10.0,475,precip_mm,22.032519186586832,120.75551829725804,22.032519186586832,batch_028111e788bb3d91cc0f.csv,-28.25,-53.75
25,episodes,1.0,1998-10-12,0.0,325,0.0,2,25,>=,EST,89172,OK,1998,Li et al. 2025a,1998-09-30,34.0,325,tmax_c,22.032519186586832,0.0,0.0,batch_028111e788bb3d91cc0f.csv,-28.25,-53.75
25,episodes,1.0,1999-01-03,0.0799252546703953,1050,0.0799252546703953,2,25,>=,VEG,89172,OK,1998,Li et al. 2025a,1998-11-23,34.6,1050,tmax_c,22.032519186586832,1.7609547070183238,1.7609547070183238,batch_028111e788bb3d91cc0f.csv,-28.25,-53.75
25,episodes,1.0,1999-01-28,0.0,325,0.0,2,25,>=,REP,89172,OK,1998,Li et al. (2025b),1999-01-16,33.7,325,tmax_c,22.032519186586832,0.0,0.0,batch_028111e788bb3d91cc0f.csv,-28.25,-53.75
25,episodes,1.0,1999-01-15,0.0,300,0.0,2,25,>=,FLO,89172,OK,1998,Li et al. (2025b),1999-01-04,33.7,300,tmax_c,22.032519186586832,0.0,0.0,batch_028111e788bb3d91cc0f.csv,-28.25,-53.75
25,episodes,1.0,1999-03-21,0.0399626273351976,1300,0.0399626273351976,2,25,>=,FIL,89172,OK,1998,Li et al. (2025b),1999-01-29,32.7,1300,tmax_c,22.032519186586832,0.8804773535091619,0.8804773535091619,batch_028111e788bb3d91cc0f.csv,-28.25,-53.75
25,days,1.0,1999-04-09,1.0,475,7.319849900446967,1,25,>,MAT,89172,OK,1998,Ortega Gómez et al. (2019),1999-03-22,10.0,475,precip_mm,22.032519186586832,161.27473337453353,22.032519186586832,batch_028111e788bb3d91cc0f.csv,-28.25,-53.75
25,episodes,1.0,1999-10-12,0.0,325,0.0,2,25,>=,EST,89172,OK,1999,Li et al. 2025a,1999-09-30,34.0,325,tmax_c,22.032519186586832,0.0,0.0,batch_028111e788bb3d91cc0f.csv,-28.25,-53.75
25,episodes,1.0,2000-01-03,0.0,1050,0.0,2,25,>=,VEG,89172,OK,1999,Li et al. 2025a,1999-11-23,34.6,1050,tmax_c,22.032519186586832,0.0,0.0,batch_028111e788bb3d91cc0f.csv,-28.25,-53.75
25,episodes,1.0,2000-01-28,0.0,325,0.0,2,25,>=,REP,89172,OK,1999,Li et al. (2025b),2000-01-16,33.7,325,tmax_c,22.032519186586832,0.0,0.0,batch_028111e788bb3d91cc0f.csv,-28.25,-53.75
25,episodes,1.0,2000-01-15,0.1199253765176292,300,0.1199253765176292,2,25,>=,FLO,89172,OK,1999,Li et al. (2025b),2000-01-04,33.7,300,tmax_c,22.032519186586832,2.642258159083316,2.642258159083316,batch_028111e788bb3d91cc0f.csv,-28.25,-53.75
25,episodes,1.0,2000-03-21,0.0,1325,0.0,2,25,>=,FIL,89172,OK,1999,Li et al. (2025b),2000-01-29,32.7,1325,tmax_c,22.032519186586832,0.0,0.0,batch_028111e788bb3d91cc0f.csv,-28.25,-53.75
25,days,1.0,2000-04-09,1.0,475,2.119812649515333,1,25,>,MAT,89172,OK,1999,Ortega Gómez et al. (2019),2000-03-22,10.0,475,precip_mm,22.032519186586832,46.70481287241605,22.032519186586832,batch_028111e788bb3d91cc0f.csv,-28.25,-53.75
25,episodes,1.0,2000-10-12,0.0,325,0.0,2,25,>=,EST,89172,OK,2000,Li et al. 2025a,2000-09-30,34.0,325,tmax_c,22.032519186586832,0.0,0.0,batch_028111e788bb3d91cc0f.csv,-28.25,-53.75
25,episodes,1.0,2001-01-03,0.0,1050,0.0,2,25,>=,VEG,89172,OK,2000,Li et al. 2025a,2000-11-23,34.6,1050,tmax_c,22.032519186586832,0.0,0.0,batch_028111e788bb3d91cc0f.csv,-28.25,-53.75
25,episodes,1.0,2001-01-28,0.0,325,0.0,2,25,>=,REP,89172,OK,2000,Li et al. (2025b),2001-01-16,33.7,325,tmax_c,22.032519186586832,0.0,0.0,batch_028111e788bb3d91cc0f.csv,-28.25,-53.75
25,episodes,1.0,2001-01-15,0.0,300,0.0,2,25,>=,FLO,89172,OK,2000,Li et al. (2025b),2001-01-04,33.7,300,tmax_c,22.032519186586832,0.0,0.0,batch_028111e788bb3d91cc0f.csv,-28.25,-53.75
25,episodes,1.0,2001-03-21,0.0,1300,0.0,2,25,>=,FIL,89172,OK,2000,Li et al. (2025b),2001-01-29,32.7,1300,tmax_c,22.032519186586832,0.0,0.0,batch_028111e788bb3d91cc0f.csv,-28.25,-53.75
25,days,1.0,2001-04-09,1.0,475,6.480149490431074,1,25,>,MAT,89172,OK,2000,Ortega Gómez et al. (2019),2001-03-22,10.0,475,precip_mm,22.032519186586832,142.77401797987352,22.032519186586832,batch_028111e788bb3d91cc0f.csv,-28.25,-53.75
25,episodes,1.0,1993-10-12,0.0,325,0.0,2,25,>=,EST,84854,OK,1993,Li et al. 2025a,1993-09-30,34.0,325,tmax_c,21.38404136435541,0.0,0.0,batch_02811a03cfb3483d8312.csv,-31.25,-52.75
25,episodes,1.0,1994-01-03,0.0,1050,0.0,2,25,>=,VEG,84854,OK,1993,Li et al. 2025a,1993-11-23,34.6,1050,tmax_c,21.38404136435541,0.0,0.0,batch_02811a03cfb3483d8312.csv,-31.25,-52.75
25,episodes,1.0,1994-01-28,0.0,325,0.0,2,25,>=,REP,84854,OK,1993,Li et al. (2025b),1994-01-16,33.7,325,tmax_c,21.38404136435541,0.0,0.0,batch_02811a03cfb3483d8312.csv,-31.25,-52.75
25,episodes,1.0,1994-01-15,0.0,300,0.0,2,25,>=,FLO,84854,OK,1993,Li et al. (2025b),1994-01-04,33.7,300,tmax_c,21.38404136435541,0.0,0.0,batch_02811a03cfb3483d8312.csv,-31.25,-52.75
25,episodes,1.0,1994-03-21,0.0,1300,0.0,2,25,>=,FIL,84854,OK,1993,Li et al. (2025b),1994-01-29,32.7,1300,tmax_c,21.38404136435541,0.0,0.0,batch_02811a03cfb3483d8312.csv,-31.25,-52.75
25,days,1.0,1994-04-09,1.0,475,2.559408195967221,1,25,>,MAT,84854,OK,1993,Ortega Gómez et al. (2019),1994-03-22,10.0,475,precip_mm,21.38404136435541,54.73049073083334,21.38404136435541,batch_02811a03cfb3483d8312.csv,-31.25,-52.75
25,episodes,1.0,1994-10-12,0.0,325,0.0,2,25,>=,EST,84854,OK,1994,Li et al. 2025a,1994-09-30,34.0,325,tmax_c,21.38404136435541,0.0,0.0,batch_02811a03cfb3483d8312.csv,-31.25,-52.75
25,episodes,1.0,1995-01-03,0.6404650238160309,1050,0.6404650238160309,2,25,>=,VEG,84854,OK,1994,Li et al. 2025a,1994-11-23,34.6,1050,tmax_c,21.38404136435541,13.69573056170488,13.69573056170488,batch_02811a03cfb3483d8312.csv,-31.25,-52.75
25,episodes,1.0,1995-01-28,0.0,325,0.0,2,25,>=,REP,84854,OK,1994,Li et al. (2025b),1995-01-16,33.7,325,tmax_c,21.38404136435541,0.0,0.0,batch_02811a03cfb3483d8312.csv,-31.25,-52.75
25,episodes,1.0,1995-01-15,0.0,300,0.0,2,25,>=,FLO,84854,OK,1994,Li et al. (2025b),1995-01-04,33.7,300,tmax_c,21.38404136435541,0.0,0.0,batch_02811a03cfb3483d8312.csv,-31.25,-52.75
25,episodes,1.0,1995-03-21,0.0,1300,0.0,2,25,>=,FIL,84854,OK,1994,Li et al. (2025b),1995-01-29,32.7,1300,tmax_c,21.38404136435541,0.0,0.0,batch_02811a03cfb3483d8312.csv,-31.25,-52.75
25,days,1.0,1995-04-09,1.0,475,3.239704097919196,1,25,>,MAT,84854,OK,1994,Ortega Gómez et al. (2019),1995-03-22,10.0,475,precip_mm,21.38404136435541,69.27796643817582,21.38404136435541,batch_02811a03cfb3483d8312.csv,-31.25,-52.75
25,episodes,1.0,1995-10-12,0.0,325,0.0,2,25,>=,EST,84854,OK,1995,Li et al. 2025a,1995-09-30,34.0,325,tmax_c,21.38404136435541,0.0,0.0,batch_02811a03cfb3483d8312.csv,-31.25,-52.75
25,episodes,1.0,1996-01-03,0.1602956582575797,1050,0.1602956582575797,2,25,>=,VEG,84854,OK,1995,Li et al. 2025a,1995-11-23,34.6,1050,tmax_c,21.38404136435541,3.4277689867066647,3.4277689867066647,batch_02811a03cfb3483d8312.csv,-31.25,-52.75
25,episodes,1.0,1996-01-28,0.0,325,0.0,2,25,>=,REP,84854,OK,1995,Li et al. (2025b),1996-01-16,33.7,325,tmax_c,21.38404136435541,0.0,0.0,batch_02811a03cfb3483d8312.csv,-31.25,-52.75
25,episodes,1.0,1996-01-15,0.0,300,0.0,2,25,>=,FLO,84854,OK,1995,Li et al. (2025b),1996-01-04,33.7,300,tmax_c,21.38404136435541,0.0,0.0,batch_02811a03cfb3483d8312.csv,-31.25,-52.75
25,episodes,1.0,1996-03-21,0.0,1325,0.0,2,25,>=,FIL,84854,OK,1995,Li et al. (2025b),1996-01-29,32.7,1325,tmax_c,21.38404136435541,0.0,0.0,batch_02811a03cfb3483d8312.csv,-31.25,-52.75
25,days,1.0,1996-04-09,1.0,475,2.9198311220879973,1,25,>,MAT,84854,OK,1995,Ortega Gómez et al. (2019),1996-03-22,10.0,475,precip_mm,21.38404136435541,62.437789491662016,21.38404136435541,batch_02811a03cfb3483d8312.csv,-31.25,-52.75
25,episodes,1.0,1996-10-12,0.0,325,0.0,2,25,>=,EST,84854,OK,1996,Li et al. 2025a,1996-09-30,34.0,325,tmax_c,21.38404136435541,0.0,0.0,batch_02811a03cfb3483d8312.csv,-31.25,-52.75
25,episodes,1.0,1997-01-03,0.0,1050,0.0,2,25,>=,VEG,84854,OK,1996,Li et al. 2025a,1996-11-23,34.6,1050,tmax_c,21.38404136435541,0.0,0.0,batch_02811a03cfb3483d8312.csv,-31.25,-52.75
25,episodes,1.0,1997-01-28,0.0,325,0.0,2,25,>=,REP,84854,OK,1996,Li et al. (2025b),1997-01-16,33.7,325,tmax_c,21.38404136435541,0.0,0.0,batch_02811a03cfb3483d8312.csv,-31.25,-52.75
25,episodes,1.0,1997-01-15,0.0,300,0.0,2,25,>=,FLO,84854,OK,1996,Li et al. (2025b),1997-01-04,33.7,300,tmax_c,21.38404136435541,0.0,0.0,batch_02811a03cfb3483d8312.csv,-31.25,-52.75
25,episodes,1.0,1997-03-21,0.0,1300,0.0,2,25,>=,FIL,84854,OK,1996,Li et al. (2025b),1997-01-29,32.7,1300,tmax_c,21.38404136435541,0.0,0.0,batch_02811a03cfb3483d8312.csv,-31.25,-52.75
25,days,1.0,1997-04-09,0.7995778052199931,475,0.8794509030271822,1,25,>,MAT,84854,OK,1996,Ortega Gómez et al. (2019),1997-03-22,10.0,475,precip_mm,21.38404136435541,18.806214488252987,17.09820486084485,batch_02811a03cfb3483d8312.csv,-31.25,-52.75
25,episodes,1.0,1993-02-22,0.0,225,0.0,2,25,>=,EST,104295,OK,1993,Li et al. 2025a,1993-02-14,34.0,225,tmax_c,23.81646448208168,0.0,0.0,batch_028aeff246aebb41f51d.csv,-17.75,-52.25
25,episodes,1.0,1993-04-20,0.0,725,0.0,2,25,>=,VEG,104295,OK,1993,Li et al. 2025a,1993-03-23,34.6,725,tmax_c,23.81646448208168,0.0,0.0,batch_028aeff246aebb41f51d.csv,-17.75,-52.25
25,episodes,1.0,1993-05-07,0.0,225,0.0,2,25,>=,REP,104295,OK,1993,Li et al. (2025b),1993-04-29,33.7,225,tmax_c,23.816464482081678,0.0,0.0,batch_028aeff246aebb41f51d.csv,-17.75,-52.25
25,episodes,1.0,1993-04-28,0.0,200,0.0,2,25,>=,FLO,104295,OK,1993,Li et al. (2025b),1993-04-21,33.7,200,tmax_c,23.816464482081678,0.0,0.0,batch_028aeff246aebb41f51d.csv,-17.75,-52.25
25,episodes,1.0,1993-06-12,0.0,900,0.0,2,25,>=,FIL,104295,OK,1993,Li et al. (2025b),1993-05-08,32.7,900,tmax_c,23.816464482081678,0.0,0.0,batch_028aeff246aebb41f51d.csv,-17.75,-52.25
25,days,1.0,1993-06-25,0.0,325,0.0,1,25,>,MAT,104295,OK,1993,Ortega Gómez et al. (2019),1993-06-13,10.0,325,precip_mm,23.816464482081678,0.0,0.0,batch_028aeff246aebb41f51d.csv,-17.75,-52.25
25,episodes,1.0,1994-02-22,0.0,225,0.0,2,25,>=,EST,104295,OK,1994,Li et al. 2025a,1994-02-14,34.0,225,tmax_c,23.816464482081678,0.0,0.0,batch_028aeff246aebb41f51d.csv,-17.75,-52.25
25,episodes,1.0,1994-04-20,0.0,725,0.0,2,25,>=,VEG,104295,OK,1994,Li et al. 2025a,1994-03-23,34.6,725,tmax_c,23.81646448208168,0.0,0.0,batch_028aeff246aebb41f51d.csv,-17.75,-52.25
25,episodes,1.0,1994-05-07,0.0,225,0.0,2,25,>=,REP,104295,OK,1994,Li et al. (2025b),1994-04-29,33.7,225,tmax_c,23.81646448208168,0.0,0.0,batch_028aeff246aebb41f51d.csv,-17.75,-52.25
25,episodes,1.0,1994-04-28,0.0,200,0.0,2,25,>=,FLO,104295,OK,1994,Li et al. (2025b),1994-04-21,33.7,200,tmax_c,23.816464482081678,0.0,0.0,batch_028aeff246aebb41f51d.csv,-17.75,-52.25
25,episodes,1.0,1994-06-12,0.0,900,0.0,2,25,>=,FIL,104295,OK,1994,Li et al. (2025b),1994-05-08,32.7,900,tmax_c,23.816464482081678,0.0,0.0,batch_028aeff246aebb41f51d.csv,-17.75,-52.25
25,days,1.0,1994-06-25,1.0,325,1.0,1,25,>,MAT,104295,OK,1994,Ortega Gómez et al. (2019),1994-06-13,10.0,325,precip_mm,23.81646448208168,23.81646448208168,23.81646448208168,batch_028aeff246aebb41f51d.csv,-17.75,-52.25
25,episodes,1.0,1995-02-22,0.0,225,0.0,2,25,>=,EST,104295,OK,1995,Li et al. 2025a,1995-02-14,34.0,225,tmax_c,23.81646448208168,0.0,0.0,batch_028aeff246aebb41f51d.csv,-17.75,-52.25
25,episodes,1.0,1995-04-20,0.0,725,0.0,2,25,>=,VEG,104295,OK,1995,Li et al. 2025a,1995-03-23,34.6,725,tmax_c,23.81646448208168,0.0,0.0,batch_028aeff246aebb41f51d.csv,-17.75,-52.25
25,episodes,1.0,1995-05-07,0.0,225,0.0,2,25,>=,REP,104295,OK,1995,Li et al. (2025b),1995-04-29,33.7,225,tmax_c,23.81646448208168,0.0,0.0,batch_028aeff246aebb41f51d.csv,-17.75,-52.25
25,episodes,1.0,1995-04-28,0.0,200,0.0,2,25,>=,FLO,104295,OK,1995,Li et al. (2025b),1995-04-21,33.7,200,tmax_c,23.816464482081678,0.0,0.0,batch_028aeff246aebb41f51d.csv,-17.75,-52.25
25,episodes,1.0,1995-06-12,0.0,900,0.0,2,25,>=,FIL,104295,OK,1995,Li et al. (2025b),1995-05-08,32.7,900,tmax_c,23.81646448208168,0.0,0.0,batch_028aeff246aebb41f51d.csv,-17.75,-52.25
25,days,1.0,1995-06-25,1.0,325,1.0,1,25,>,MAT,104295,OK,1995,Ortega Gómez et al. (2019),1995-06-13,10.0,325,precip_mm,23.816464482081678,23.816464482081678,23.816464482081678,batch_028aeff246aebb41f51d.csv,-17.75,-52.25
25,episodes,1.0,1996-02-22,0.0,225,0.0,2,25,>=,EST,104295,OK,1996,Li et al. 2025a,1996-02-14,34.0,225,tmax_c,23.81646448208168,0.0,0.0,batch_028aeff246aebb41f51d.csv,-17.75,-52.25
25,episodes,1.0,1996-04-20,0.0,725,0.0,2,25,>=,VEG,104295,OK,1996,Li et al. 2025a,1996-03-23,34.6,725,tmax_c,23.81646448208168,0.0,0.0,batch_028aeff246aebb41f51d.csv,-17.75,-52.25
25,episodes,1.0,1996-05-07,0.0,225,0.0,2,25,>=,REP,104295,OK,1996,Li et al. (2025b),1996-04-29,33.7,225,tmax_c,23.816464482081678,0.0,0.0,batch_028aeff246aebb41f51d.csv,-17.75,-52.25
25,episodes,1.0,1996-04-28,0.0,200,0.0,2,25,>=,FLO,104295,OK,1996,Li et al. (2025b),1996-04-21,33.7,200,tmax_c,23.81646448208168,0.0,0.0,batch_028aeff246aebb41f51d.csv,-17.75,-52.25
25,episodes,1.0,1996-06-12,0.0,900,0.0,2,25,>=,FIL,104295,OK,1996,Li et al. (2025b),1996-05-08,32.7,900,tmax_c,23.816464482081678,0.0,0.0,batch_028aeff246aebb41f51d.csv,-17.75,-52.25
25,days,1.0,1996-06-25,0.0,325,0.0,1,25,>,MAT,104295,OK,1996,Ortega Gómez et al. (2019),1996-06-13,10.0,325,precip_mm,23.816464482081678,0.0,0.0,batch_028aeff246aebb41f51d.csv,-17.75,-52.25
25,episodes,1.0,1997-10-12,0.0,325,0.0,2,25,>=,EST,88453,OK,1997,Li et al. 2025a,1997-09-30,34.0,325,tmax_c,21.92858729419708,0.0,0.0,batch_028bcbfccd34d665c8b0.csv,-28.75,-53.25
25,episodes,1.0,1998-01-03,0.0,1050,0.0,2,25,>=,VEG,88453,OK,1997,Li et al. 2025a,1997-11-23,34.6,1050,tmax_c,21.92858729419708,0.0,0.0,batch_028bcbfccd34d665c8b0.csv,-28.75,-53.25
25,episodes,1.0,1998-01-28,0.0,325,0.0,2,25,>=,REP,88453,OK,1997,Li et al. (2025b),1998-01-16,33.7,325,tmax_c,21.92858729419708,0.0,0.0,batch_028bcbfccd34d665c8b0.csv,-28.75,-53.25
25,episodes,1.0,1998-01-15,0.0,300,0.0,2,25,>=,FLO,88453,OK,1997,Li et al. (2025b),1998-01-04,33.7,300,tmax_c,21.92858729419708,0.0,0.0,batch_028bcbfccd34d665c8b0.csv,-28.75,-53.25
25,episodes,1.0,1998-03-21,0.0,1300,0.0,2,25,>=,FIL,88453,OK,1997,Li et al. (2025b),1998-01-29,32.7,1300,tmax_c,21.92858729419708,0.0,0.0,batch_028bcbfccd34d665c8b0.csv,-28.75,-53.25
25,days,1.0,1998-04-09,1.0,475,4.63965630974648,1,25,>,MAT,88453,OK,1997,Ortega Gómez et al. (2019),1998-03-22,10.0,475,precip_mm,21.92858729419708,101.74110840334797,21.92858729419708,batch_028bcbfccd34d665c8b0.csv,-28.75,-53.25
25,episodes,1.0,1998-10-12,0.0,325,0.0,2,25,>=,EST,88453,OK,1998,Li et al. 2025a,1998-09-30,34.0,325,tmax_c,21.92858729419708,0.0,0.0,batch_028bcbfccd34d665c8b0.csv,-28.75,-53.25
25,episodes,1.0,1999-01-03,0.0,1050,0.0,2,25,>=,VEG,88453,OK,1998,Li et al. 2025a,1998-11-23,34.6,1050,tmax_c,21.92858729419708,0.0,0.0,batch_028bcbfccd34d665c8b0.csv,-28.75,-53.25
25,episodes,1.0,1999-01-28,0.0,325,0.0,2,25,>=,REP,88453,OK,1998,Li et al. (2025b),1999-01-16,33.7,325,tmax_c,21.92858729419708,0.0,0.0,batch_028bcbfccd34d665c8b0.csv,-28.75,-53.25
25,episodes,1.0,1999-01-15,0.0,300,0.0,2,25,>=,FLO,88453,OK,1998,Li et al. (2025b),1999-01-04,33.7,300,tmax_c,21.92858729419708,0.0,0.0,batch_028bcbfccd34d665c8b0.csv,-28.75,-53.25
25,episodes,1.0,1999-03-21,0.0,1300,0.0,2,25,>=,FIL,88453,OK,1998,Li et al. (2025b),1999-01-29,32.7,1300,tmax_c,21.92858729419708,0.0,0.0,batch_028bcbfccd34d665c8b0.csv,-28.75,-53.25
25,days,1.0,1999-04-09,1.0,475,7.079655578663303,1,25,>,MAT,88453,OK,1998,Ortega Gómez et al. (2019),1999-03-22,10.0,475,precip_mm,21.92858729419708,155.24684536956755,21.92858729419708,batch_028bcbfccd34d665c8b0.csv,-28.75,-53.25
25,episodes,1.0,1999-10-12,0.0,325,0.0,2,25,>=,EST,88453,OK,1999,Li et al. 2025a,1999-09-30,34.0,325,tmax_c,21.92858729419708,0.0,0.0,batch_028bcbfccd34d665c8b0.csv,-28.75,-53.25
25,episodes,1.0,2000-01-03,0.0,1050,0.0,2,25,>=,VEG,88453,OK,1999,Li et al. 2025a,1999-11-23,34.6,1050,tmax_c,21.92858729419708,0.0,0.0,batch_028bcbfccd34d665c8b0.csv,-28.75,-53.25
25,episodes,1.0,2000-01-28,0.0,325,0.0,2,25,>=,REP,88453,OK,1999,Li et al. (2025b),2000-01-16,33.7,325,tmax_c,21.92858729419708,0.0,0.0,batch_028bcbfccd34d665c8b0.csv,-28.75,-53.25
25,episodes,1.0,2000-01-15,0.0,300,0.0,2,25,>=,FLO,88453,OK,1999,Li et al. (2025b),2000-01-04,33.7,300,tmax_c,21.92858729419708,0.0,0.0,batch_028bcbfccd34d665c8b0.csv,-28.75,-53.25
25,episodes,1.0,2000-03-21,0.0,1325,0.0,2,25,>=,FIL,88453,OK,1999,Li et al. (2025b),2000-01-29,32.7,1325,tmax_c,21.92858729419708,0.0,0.0,batch_028bcbfccd34d665c8b0.csv,-28.75,-53.25
25,days,1.0,2000-04-09,1.0,475,2.839656309746481,1,25,>,MAT,88453,OK,1999,Ortega Gómez et al. (2019),2000-03-22,10.0,475,precip_mm,21.92858729419708,62.26965127379325,21.92858729419708,batch_028bcbfccd34d665c8b0.csv,-28.75,-53.25
25,episodes,1.0,2000-10-12,0.0,325,0.0,2,25,>=,EST,88453,OK,2000,Li et al. 2025a,2000-09-30,34.0,325,tmax_c,21.92858729419708,0.0,0.0,batch_028bcbfccd34d665c8b0.csv,-28.75,-53.25
25,episodes,1.0,2001-01-03,0.0,1050,0.0,2,25,>=,VEG,88453,OK,2000,Li et al. 2025a,2000-11-23,34.6,1050,tmax_c,21.92858729419708,0.0,0.0,batch_028bcbfccd34d665c8b0.csv,-28.75,-53.25
25,episodes,1.0,2001-01-28,0.0,325,0.0,2,25,>=,REP,88453,OK,2000,Li et al. (2025b),2001-01-16,33.7,325,tmax_c,21.92858729419708,0.0,0.0,batch_028bcbfccd34d665c8b0.csv,-28.75,-53.25
25,episodes,1.0,2001-01-15,0.0,300,0.0,2,25,>=,FLO,88453,OK,2000,Li et al. (2025b),2001-01-04,33.7,300,tmax_c,21.92858729419708,0.0,0.0,batch_028bcbfccd34d665c8b0.csv,-28.75,-53.25
25,episodes,1.0,2001-03-21,0.0,1300,0.0,2,25,>=,FIL,88453,OK,2000,Li et al. (2025b),2001-01-29,32.7,1300,tmax_c,21.92858729419708,0.0,0.0,batch_028bcbfccd34d665c8b0.csv,-28.75,-53.25
25,days,1.0,2001-04-09,1.0,475,7.040076565229644,1,25,>,MAT,88453,OK,2000,Ortega Gómez et al. (2019),2001-03-22,10.0,475,precip_mm,21.92858729419708,154.37893351846935,21.92858729419708,batch_028bcbfccd34d665c8b0.csv,-28.75,-53.25
25,episodes,1.0,2009-10-25,0.0,275,0.0,2,25,>=,EST,89898,OK,2009,Li et al. 2025a,2009-10-15,34.0,275,tmax_c,22.13477321733814,0.0,0.0,batch_028d3778233bb11209c3.csv,-27.75,-50.75
25,episodes,1.0,2010-01-04,0.0,900,0.0,2,25,>=,VEG,89898,OK,2009,Li et al. 2025a,2009-11-30,34.6,900,tmax_c,22.13477321733814,0.0,0.0,batch_028d3778233bb11209c3.csv,-27.75,-50.75
25,episodes,1.0,2010-01-25,0.0,300,0.0,2,25,>=,REP,89898,OK,2009,Li et al. (2025b),2010-01-14,33.7,300,tmax_c,22.13477321733814,0.0,0.0,batch_028d3778233bb11209c3.csv,-27.75,-50.75
25,episodes,1.0,2010-01-13,0.0,225,0.0,2,25,>=,FLO,89898,OK,2009,Li et al. (2025b),2010-01-05,33.7,225,tmax_c,22.13477321733814,0.0,0.0,batch_028d3778233bb11209c3.csv,-27.75,-50.75
25,episodes,1.0,2010-03-10,0.0,1100,0.0,2,25,>=,FIL,89898,OK,2009,Li et al. (2025b),2010-01-26,32.7,1100,tmax_c,22.13477321733814,0.0,0.0,batch_028d3778233bb11209c3.csv,-27.75,-50.75
25,days,1.0,2010-03-26,1.0,400,3.799670551470988,1,25,>,MAT,89898,OK,2009,Ortega Gómez et al. (2019),2010-03-11,10.0,400,precip_mm,22.13477321733814,84.10484595740846,22.13477321733814,batch_028d3778233bb11209c3.csv,-27.75,-50.75
25,episodes,1.0,2010-10-25,0.0,275,0.0,2,25,>=,EST,89898,OK,2010,Li et al. 2025a,2010-10-15,34.0,275,tmax_c,22.13477321733814,0.0,0.0,batch_028d3778233bb11209c3.csv,-27.75,-50.75
25,episodes,1.0,2011-01-04,0.0,900,0.0,2,25,>=,VEG,89898,OK,2010,Li et al. 2025a,2010-11-30,34.6,900,tmax_c,22.13477321733814,0.0,0.0,batch_028d3778233bb11209c3.csv,-27.75,-50.75
25,episodes,1.0,2011-01-25,0.0,300,0.0,2,25,>=,REP,89898,OK,2010,Li et al. (2025b),2011-01-14,33.7,300,tmax_c,22.13477321733814,0.0,0.0,batch_028d3778233bb11209c3.csv,-27.75,-50.75
25,episodes,1.0,2011-01-13,0.0,225,0.0,2,25,>=,FLO,89898,OK,2010,Li et al. (2025b),2011-01-05,33.7,225,tmax_c,22.13477321733814,0.0,0.0,batch_028d3778233bb11209c3.csv,-27.75,-50.75
25,episodes,1.0,2011-03-10,0.0,1100,0.0,2,25,>=,FIL,89898,OK,2010,Li et al. (2025b),2011-01-26,32.7,1100,tmax_c,22.13477321733814,0.0,0.0,batch_028d3778233bb11209c3.csv,-27.75,-50.75
25,days,1.0,2011-03-26,0.6404767908076119,400,0.6404767908076119,1,25,>,MAT,89898,OK,2010,Ortega Gómez et al. (2019),2011-03-11,10.0,400,precip_mm,22.13477321733814,14.17680851549501,14.17680851549501,batch_028d3778233bb11209c3.csv,-27.75,-50.75
25,episodes,1.0,2011-10-25,0.0,275,0.0,2,25,>=,EST,89898,OK,2011,Li et al. 2025a,2011-10-15,34.0,275,tmax_c,22.13477321733814,0.0,0.0,batch_028d3778233bb11209c3.csv,-27.75,-50.75
25,episodes,1.0,2012-01-04,0.0,900,0.0,2,25,>=,VEG,89898,OK,2011,Li et al. 2025a,2011-11-30,34.6,900,tmax_c,22.13477321733814,0.0,0.0,batch_028d3778233bb11209c3.csv,-27.75,-50.75
25,episodes,1.0,2012-01-25,0.0,300,0.0,2,25,>=,REP,89898,OK,2011,Li et al. (2025b),2012-01-14,33.7,300,tmax_c,22.13477321733814,0.0,0.0,batch_028d3778233bb11209c3.csv,-27.75,-50.75
25,episodes,1.0,2012-01-13,0.0,225,0.0,2,25,>=,FLO,89898,OK,2011,Li et al. (2025b),2012-01-05,33.7,225,tmax_c,22.13477321733814,0.0,0.0,batch_028d3778233bb11209c3.csv,-27.75,-50.75
25,episodes,1.0,2012-03-10,0.0,1125,0.0,2,25,>=,FIL,89898,OK,2011,Li et al. (2025b),2012-01-26,32.7,1125,tmax_c,22.13477321733814,0.0,0.0,batch_028d3778233bb11209c3.csv,-27.75,-50.75
25,days,1.0,2012-03-26,1.0,400,1.0,1,25,>,MAT,89898,OK,2011,Ortega Gómez et al. (2019),2012-03-11,10.0,400,precip_mm,22.13477321733814,22.13477321733814,22.13477321733814,batch_028d3778233bb11209c3.csv,-27.75,-50.75
25,episodes,1.0,2012-10-25,0.0,275,0.0,2,25,>=,EST,89898,OK,2012,Li et al. 2025a,2012-10-15,34.0,275,tmax_c,22.13477321733814,0.0,0.0,batch_028d3778233bb11209c3.csv,-27.75,-50.75
25,episodes,1.0,2013-01-04,0.0,900,0.0,2,25,>=,VEG,89898,OK,2012,Li et al. 2025a,2012-11-30,34.6,900,tmax_c,22.13477321733814,0.0,0.0,batch_028d3778233bb11209c3.csv,-27.75,-50.75
25,episodes,1.0,2013-01-25,0.0,300,0.0,2,25,>=,REP,89898,OK,2012,Li et al. (2025b),2013-01-14,33.7,300,tmax_c,22.13477321733814,0.0,0.0,batch_028d3778233bb11209c3.csv,-27.75,-50.75
25,episodes,1.0,2013-01-13,0.0,225,0.0,2,25,>=,FLO,89898,OK,2012,Li et al. (2025b),2013-01-05,33.7,225,tmax_c,22.13477321733814,0.0,0.0,batch_028d3778233bb11209c3.csv,-27.75,-50.75
25,episodes,1.0,2013-03-10,0.0,1100,0.0,2,25,>=,FIL,89898,OK,2012,Li et al. (2025b),2013-01-26,32.7,1100,tmax_c,22.13477321733814,0.0,0.0,batch_028d3778233bb11209c3.csv,-27.75,-50.75
25,days,1.0,2013-03-26,1.0,400,4.399560044566733,1,25,>,MAT,89898,OK,2012,Ortega Gómez et al. (2019),2013-03-11,10.0,400,precip_mm,22.13477321733814,97.38326384254673,22.13477321733814,batch_028d3778233bb11209c3.csv,-27.75,-50.75
25,episodes,1.0,2005-10-31,0.0,375,0.0,2,25,>=,EST,91497,OK,2005,Li et al. 2025a,2005-10-17,34.0,375,tmax_c,22.431390911784813,0.0,0.0,batch_028e6badb68b941f9c0c.csv,-26.25,28.75
25,episodes,1.0,2006-01-29,0.0,1150,0.0,2,25,>=,VEG,91497,OK,2005,Li et al. 2025a,2005-12-15,34.6,1150,tmax_c,22.431390911784813,0.0,0.0,batch_028e6badb68b941f9c0c.csv,-26.25,28.75
25,episodes,1.0,2006-02-25,0.0,350,0.0,2,25,>=,REP,91497,OK,2005,Li et al. (2025b),2006-02-12,33.7,350,tmax_c,22.431390911784813,0.0,0.0,batch_028e6badb68b941f9c0c.csv,-26.25,28.75
25,episodes,1.0,2006-02-11,0.0,325,0.0,2,25,>=,FLO,91497,OK,2005,Li et al. (2025b),2006-01-30,33.7,325,tmax_c,22.431390911784813,0.0,0.0,batch_028e6badb68b941f9c0c.csv,-26.25,28.75
25,episodes,1.0,2006-04-23,0.0,1425,0.0,2,25,>=,FIL,91497,OK,2005,Li et al. (2025b),2006-02-26,32.7,1425,tmax_c,22.431390911784813,0.0,0.0,batch_028e6badb68b941f9c0c.csv,-26.25,28.75
25,days,1.0,2006-05-14,0.0,525,0.0,1,25,>,MAT,91497,OK,2005,Ortega Gómez et al. (2019),2006-04-24,10.0,525,precip_mm,22.431390911784813,0.0,0.0,batch_028e6badb68b941f9c0c.csv,-26.25,28.75
25,episodes,1.0,2006-10-31,0.0,375,0.0,2,25,>=,EST,91497,OK,2006,Li et al. 2025a,2006-10-17,34.0,375,tmax_c,22.431390911784813,0.0,0.0,batch_028e6badb68b941f9c0c.csv,-26.25,28.75
25,episodes,1.0,2007-01-29,0.0,1150,0.0,2,25,>=,VEG,91497,OK,2006,Li et al. 2025a,2006-12-15,34.6,1150,tmax_c,22.431390911784813,0.0,0.0,batch_028e6badb68b941f9c0c.csv,-26.25,28.75
25,episodes,1.0,2007-02-25,0.0,350,0.0,2,25,>=,REP,91497,OK,2006,Li et al. (2025b),2007-02-12,33.7,350,tmax_c,22.431390911784813,0.0,0.0,batch_028e6badb68b941f9c0c.csv,-26.25,28.75
25,episodes,1.0,2007-02-11,0.0,325,0.0,2,25,>=,FLO,91497,OK,2006,Li et al. (2025b),2007-01-30,33.7,325,tmax_c,22.431390911784813,0.0,0.0,batch_028e6badb68b941f9c0c.csv,-26.25,28.75
25,episodes,1.0,2007-04-23,0.0,1425,0.0,2,25,>=,FIL,91497,OK,2006,Li et al. (2025b),2007-02-26,32.7,1425,tmax_c,22.431390911784813,0.0,0.0,batch_028e6badb68b941f9c0c.csv,-26.25,28.75
25,days,1.0,2007-05-14,0.0,525,0.0,1,25,>,MAT,91497,OK,2006,Ortega Gómez et al. (2019),2007-04-24,10.0,525,precip_mm,22.431390911784813,0.0,0.0,batch_028e6badb68b941f9c0c.csv,-26.25,28.75
25,episodes,1.0,2007-10-31,0.0,375,0.0,2,25,>=,EST,91497,OK,2007,Li et al. 2025a,2007-10-17,34.0,375,tmax_c,22.431390911784813,0.0,0.0,batch_028e6badb68b941f9c0c.csv,-26.25,28.75
25,episodes,1.0,2008-01-29,0.0,1150,0.0,2,25,>=,VEG,91497,OK,2007,Li et al. 2025a,2007-12-15,34.6,1150,tmax_c,22.431390911784813,0.0,0.0,batch_028e6badb68b941f9c0c.csv,-26.25,28.75
25,episodes,1.0,2008-02-25,0.0,350,0.0,2,25,>=,REP,91497,OK,2007,Li et al. (2025b),2008-02-12,33.7,350,tmax_c,22.431390911784813,0.0,0.0,batch_028e6badb68b941f9c0c.csv,-26.25,28.75
25,episodes,1.0,2008-02-11,0.0,325,0.0,2,25,>=,FLO,91497,OK,2007,Li et al. (2025b),2008-01-30,33.7,325,tmax_c,22.431390911784813,0.0,0.0,batch_028e6badb68b941f9c0c.csv,-26.25,28.75
25,episodes,1.0,2008-04-23,0.0,1450,0.0,2,25,>=,FIL,91497,OK,2007,Li et al. (2025b),2008-02-26,32.7,1450,tmax_c,22.431390911784813,0.0,0.0,batch_028e6badb68b941f9c0c.csv,-26.25,28.75
25,days,1.0,2008-05-14,0.7196224283544402,525,0.9593820225077366,1,25,>,MAT,91497,OK,2007,Ortega Gómez et al. (2019),2008-04-24,10.0,525,precip_mm,22.431390911784813,21.520273180609777,16.142131999306308,batch_028e6badb68b941f9c0c.csv,-26.25,28.75
25,episodes,1.0,2008-10-31,0.0,375,0.0,2,25,>=,EST,91497,OK,2008,Li et al. 2025a,2008-10-17,34.0,375,tmax_c,22.431390911784813,0.0,0.0,batch_028e6badb68b941f9c0c.csv,-26.25,28.75
25,episodes,1.0,2009-01-29,0.0,1150,0.0,2,25,>=,VEG,91497,OK,2008,Li et al. 2025a,2008-12-15,34.6,1150,tmax_c,22.431390911784813,0.0,0.0,batch_028e6badb68b941f9c0c.csv,-26.25,28.75
25,episodes,1.0,2009-02-25,0.0,350,0.0,2,25,>=,REP,91497,OK,2008,Li et al. (2025b),2009-02-12,33.7,350,tmax_c,22.431390911784813,0.0,0.0,batch_028e6badb68b941f9c0c.csv,-26.25,28.75
25,episodes,1.0,2009-02-11,0.0,325,0.0,2,25,>=,FLO,91497,OK,2008,Li et al. (2025b),2009-01-30,33.7,325,tmax_c,22.431390911784813,0.0,0.0,batch_028e6badb68b941f9c0c.csv,-26.25,28.75
25,episodes,1.0,2009-04-23,0.0,1425,0.0,2,25,>=,FIL,91497,OK,2008,Li et al. (2025b),2009-02-26,32.7,1425,tmax_c,22.431390911784813,0.0,0.0,batch_028e6badb68b941f9c0c.csv,-26.25,28.75
25,days,1.0,2009-05-14,0.0,525,0.0,1,25,>,MAT,91497,OK,2008,Ortega Gómez et al. (2019),2009-04-24,10.0,525,precip_mm,22.431390911784813,0.0,0.0,batch_028e6badb68b941f9c0c.csv,-26.25,28.75
25,episodes,1.0,2013-10-25,0.0,350,0.0,2,25,>=,EST,89331,OK,2013,Li et al. 2025a,2013-10-12,34.0,350,tmax_c,22.13477321733814,0.0,0.0,batch_029f20d5752c8c9abb0b.csv,-27.75,25.75
25,episodes,1.0,2014-01-21,0.1199268163054057,1125,0.1199268163054057,2,25,>=,VEG,89331,OK,2013,Li et al. 2025a,2013-12-08,34.6,1125,tmax_c,22.13477321733814,2.654552881597525,2.654552881597525,batch_029f20d5752c8c9abb0b.csv,-27.75,25.75
25,episodes,1.0,2014-02-17,0.0,350,0.0,2,25,>=,REP,89331,OK,2013,Li et al. (2025b),2014-02-04,33.7,350,tmax_c,22.13477321733814,0.0,0.0,batch_029f20d5752c8c9abb0b.csv,-27.75,25.75
25,episodes,1.0,2014-02-03,0.7198902245137669,325,0.7198902245137669,2,25,>=,FLO,89331,OK,2013,Li et al. (2025b),2014-01-22,33.7,325,tmax_c,22.13477321733814,15.934606860990868,15.934606860990868,batch_029f20d5752c8c9abb0b.csv,-27.75,25.75
25,episodes,1.0,2014-04-13,0.0,1375,0.0,2,25,>=,FIL,89331,OK,2013,Li et al. (2025b),2014-02-18,32.7,1375,tmax_c,22.13477321733814,0.0,0.0,batch_029f20d5752c8c9abb0b.csv,-27.75,25.75
25,days,1.0,2014-05-04,0.0,525,0.0,1,25,>,MAT,89331,OK,2013,Ortega Gómez et al. (2019),2014-04-14,10.0,525,precip_mm,22.13477321733814,0.0,0.0,batch_029f20d5752c8c9abb0b.csv,-27.75,25.75
25,episodes,1.0,2014-10-25,0.0,350,0.0,2,25,>=,EST,89331,OK,2014,Li et al. 2025a,2014-10-12,34.0,350,tmax_c,22.13477321733814,0.0,0.0,batch_029f20d5752c8c9abb0b.csv,-27.75,25.75
25,episodes,1.0,2015-01-21,0.0,1125,0.0,2,25,>=,VEG,89331,OK,2014,Li et al. 2025a,2014-12-08,34.6,1125,tmax_c,22.13477321733814,0.0,0.0,batch_029f20d5752c8c9abb0b.csv,-27.75,25.75
25,episodes,1.0,2015-02-17,1.0,350,1.0,2,25,>=,REP,89331,OK,2014,Li et al. (2025b),2015-02-04,33.7,350,tmax_c,22.13477321733814,22.13477321733814,22.13477321733814,batch_029f20d5752c8c9abb0b.csv,-27.75,25.75
25,episodes,1.0,2015-02-03,1.0,325,1.0,2,25,>=,FLO,89331,OK,2014,Li et al. (2025b),2015-01-22,33.7,325,tmax_c,22.13477321733814,22.13477321733814,22.13477321733814,batch_029f20d5752c8c9abb0b.csv,-27.75,25.75
25,episodes,1.0,2015-04-13,0.6803666496681374,1375,0.6803666496681374,2,25,>=,FIL,89331,OK,2014,Li et al. (2025b),2015-02-18,32.7,1375,tmax_c,22.13477321733814,15.05976149504437,15.05976149504437,batch_029f20d5752c8c9abb0b.csv,-27.75,25.75
25,days,1.0,2015-05-04,0.0,525,0.0,1,25,>,MAT,89331,OK,2014,Ortega Gómez et al. (2019),2015-04-14,10.0,525,precip_mm,22.13477321733814,0.0,0.0,batch_029f20d5752c8c9abb0b.csv,-27.75,25.75
25,episodes,1.0,2015-10-25,0.959999878152766,350,0.959999878152766,2,25,>=,EST,89331,OK,2015,Li et al. 2025a,2015-10-12,34.0,350,tmax_c,22.13477321733814,21.249379591583725,21.249379591583725,batch_029f20d5752c8c9abb0b.csv,-27.75,25.75
25,episodes,1.0,2016-01-21,1.0,1125,4.040000121847234,2,25,>=,VEG,89331,OK,2015,Li et al. 2025a,2015-12-08,34.6,1125,tmax_c,22.13477321733814,89.42448649510698,22.13477321733814,batch_029f20d5752c8c9abb0b.csv,-27.75,25.75
25,episodes,1.0,2016-02-17,1.0,350,1.9599998781527657,2,25,>=,REP,89331,OK,2015,Li et al. (2025b),2016-02-04,33.7,350,tmax_c,22.13477321733814,43.38415280892186,22.13477321733814,batch_029f20d5752c8c9abb0b.csv,-27.75,25.75
25,episodes,1.0,2016-02-03,0.3597071431508644,325,0.3597071431508644,2,25,>=,FLO,89331,OK,2015,Li et al. (2025b),2016-01-22,33.7,325,tmax_c,22.13477321733814,7.962036038300969,7.962036038300969,batch_029f20d5752c8c9abb0b.csv,-27.75,25.75
25,episodes,1.0,2016-04-13,1.0,1400,2.6795970021230797,2,25,>=,FIL,89331,OK,2015,Li et al. (2025b),2016-02-18,32.7,1400,tmax_c,22.13477321733814,59.312271955853504,22.13477321733814,batch_029f20d5752c8c9abb0b.csv,-27.75,25.75
25,days,1.0,2016-05-04,0.6802565085287373,525,0.6802565085287373,1,25,>,MAT,89331,OK,2015,Ortega Gómez et al. (2019),2016-04-14,10.0,525,precip_mm,22.13477321733814,15.057323545901848,15.057323545901848,batch_029f20d5752c8c9abb0b.csv,-27.75,25.75
25,episodes,1.0,2016-10-25,0.0,350,0.0,2,25,>=,EST,89331,OK,2016,Li et al. 2025a,2016-10-12,34.0,350,tmax_c,22.13477321733814,0.0,0.0,batch_029f20d5752c8c9abb0b.csv,-27.75,25.75
25,episodes,1.0,2017-01-21,1.0,1125,1.4801467329308904,2,25,>=,VEG,89331,OK,2016,Li et al. 2025a,2016-12-08,34.6,1125,tmax_c,22.13477321733814,32.76271226180922,22.13477321733814,batch_029f20d5752c8c9abb0b.csv,-27.75,25.75
25,episodes,1.0,2017-02-17,0.0,350,0.0,2,25,>=,REP,89331,OK,2016,Li et al. (2025b),2017-02-04,33.7,350,tmax_c,22.13477321733814,0.0,0.0,batch_029f20d5752c8c9abb0b.csv,-27.75,25.75
25,episodes,1.0,2017-02-03,0.0,325,0.0,2,25,>=,FLO,89331,OK,2016,Li et al. (2025b),2017-01-22,33.7,325,tmax_c,22.13477321733814,0.0,0.0,batch_029f20d5752c8c9abb0b.csv,-27.75,25.75
25,episodes,1.0,2017-04-13,0.0,1375,0.0,2,25,>=,FIL,89331,OK,2016,Li et al. (2025b),2017-02-18,32.7,1375,tmax_c,22.13477321733814,0.0,0.0,batch_029f20d5752c8c9abb0b.csv,-27.75,25.75
25,days,1.0,2017-05-04,0.0,525,0.0,1,25,>,MAT,89331,OK,2016,Ortega Gómez et al. (2019),2017-04-14,10.0,525,precip_mm,22.13477321733814,0.0,0.0,batch_029f20d5752c8c9abb0b.csv,-27.75,25.75
25,episodes,1.0,1997-03-23,0.0,175,0.0,2,25,>=,EST,99979,OK,1997,Li et al. 2025a,1997-03-17,34.0,175,tmax_c,23.3860295326714,0.0,0.0,batch_02a1b0c935392abbabdc.csv,-20.75,-50.25
25,episodes,1.0,1997-05-05,0.0,550,0.0,2,25,>=,VEG,99979,OK,1997,Li et al. 2025a,1997-04-14,34.6,550,tmax_c,23.3860295326714,0.0,0.0,batch_02a1b0c935392abbabdc.csv,-20.75,-50.25
25,episodes,1.0,1997-05-19,0.0,175,0.0,2,25,>=,REP,99979,OK,1997,Li et al. (2025b),1997-05-13,33.7,175,tmax_c,23.3860295326714,0.0,0.0,batch_02a1b0c935392abbabdc.csv,-20.75,-50.25
25,episodes,1.0,1997-05-12,0.0,175,0.0,2,25,>=,FLO,99979,OK,1997,Li et al. (2025b),1997-05-06,33.7,175,tmax_c,23.3860295326714,0.0,0.0,batch_02a1b0c935392abbabdc.csv,-20.75,-50.25
25,episodes,1.0,1997-06-15,0.0,675,0.0,2,25,>=,FIL,99979,OK,1997,Li et al. (2025b),1997-05-20,32.7,675,tmax_c,23.3860295326714,0.0,0.0,batch_02a1b0c935392abbabdc.csv,-20.75,-50.25
25,days,1.0,1997-06-25,0.0,250,0.0,1,25,>,MAT,99979,OK,1997,Ortega Gómez et al. (2019),1997-06-16,10.0,250,precip_mm,23.3860295326714,0.0,0.0,batch_02a1b0c935392abbabdc.csv,-20.75,-50.25
25,episodes,1.0,1998-03-23,0.0,175,0.0,2,25,>=,EST,99979,OK,1998,Li et al. 2025a,1998-03-17,34.0,175,tmax_c,23.3860295326714,0.0,0.0,batch_02a1b0c935392abbabdc.csv,-20.75,-50.25
25,episodes,1.0,1998-05-05,0.0,550,0.0,2,25,>=,VEG,99979,OK,1998,Li et al. 2025a,1998-04-14,34.6,550,tmax_c,23.3860295326714,0.0,0.0,batch_02a1b0c935392abbabdc.csv,-20.75,-50.25
25,episodes,1.0,1998-05-19,0.0,175,0.0,2,25,>=,REP,99979,OK,1998,Li et al. (2025b),1998-05-13,33.7,175,tmax_c,23.3860295326714,0.0,0.0,batch_02a1b0c935392abbabdc.csv,-20.75,-50.25
25,episodes,1.0,1998-05-12,0.0,175,0.0,2,25,>=,FLO,99979,OK,1998,Li et al. (2025b),1998-05-06,33.7,175,tmax_c,23.3860295326714,0.0,0.0,batch_02a1b0c935392abbabdc.csv,-20.75,-50.25
25,episodes,1.0,1998-06-15,0.0,675,0.0,2,25,>=,FIL,99979,OK,1998,Li et al. (2025b),1998-05-20,32.7,675,tmax_c,23.3860295326714,0.0,0.0,batch_02a1b0c935392abbabdc.csv,-20.75,-50.25
25,days,1.0,1998-06-25,0.0800790797929625,250,0.0800790797929625,1,25,>,MAT,99979,OK,1998,Ortega Gómez et al. (2019),1998-06-16,10.0,250,precip_mm,23.3860295326714,1.872731724987371,1.872731724987371,batch_02a1b0c935392abbabdc.csv,-20.75,-50.25
25,episodes,1.0,1999-03-23,0.0,175,0.0,2,25,>=,EST,99979,OK,1999,Li et al. 2025a,1999-03-17,34.0,175,tmax_c,23.3860295326714,0.0,0.0,batch_02a1b0c935392abbabdc.csv,-20.75,-50.25
25,episodes,1.0,1999-05-05,0.0,550,0.0,2,25,>=,VEG,99979,OK,1999,Li et al. 2025a,1999-04-14,34.6,550,tmax_c,23.3860295326714,0.0,0.0,batch_02a1b0c935392abbabdc.csv,-20.75,-50.25
25,episodes,1.0,1999-05-19,0.0,175,0.0,2,25,>=,REP,99979,OK,1999,Li et al. (2025b),1999-05-13,33.7,175,tmax_c,23.3860295326714,0.0,0.0,batch_02a1b0c935392abbabdc.csv,-20.75,-50.25
25,episodes,1.0,1999-05-12,0.0,175,0.0,2,25,>=,FLO,99979,OK,1999,Li et al. (2025b),1999-05-06,33.7,175,tmax_c,23.3860295326714,0.0,0.0,batch_02a1b0c935392abbabdc.csv,-20.75,-50.25
25,episodes,1.0,1999-06-15,0.0,675,0.0,2,25,>=,FIL,99979,OK,1999,Li et al. (2025b),1999-05-20,32.7,675,tmax_c,23.3860295326714,0.0,0.0,batch_02a1b0c935392abbabdc.csv,-20.75,-50.25
25,days,1.0,1999-06-25,1.0,250,1.0,1,25,>,MAT,99979,OK,1999,Ortega Gómez et al. (2019),1999-06-16,10.0,250,precip_mm,23.3860295326714,23.3860295326714,23.3860295326714,batch_02a1b0c935392abbabdc.csv,-20.75,-50.25
25,episodes,1.0,2000-03-23,0.0,175,0.0,2,25,>=,EST,99979,OK,2000,Li et al. 2025a,2000-03-17,34.0,175,tmax_c,23.3860295326714,0.0,0.0,batch_02a1b0c935392abbabdc.csv,-20.75,-50.25
25,episodes,1.0,2000-05-05,0.0,550,0.0,2,25,>=,VEG,99979,OK,2000,Li et al. 2025a,2000-04-14,34.6,550,tmax_c,23.3860295326714,0.0,0.0,batch_02a1b0c935392abbabdc.csv,-20.75,-50.25
25,episodes,1.0,2000-05-19,0.0,175,0.0,2,25,>=,REP,99979,OK,2000,Li et al. (2025b),2000-05-13,33.7,175,tmax_c,23.3860295326714,0.0,0.0,batch_02a1b0c935392abbabdc.csv,-20.75,-50.25
25,episodes,1.0,2000-05-12,0.0,175,0.0,2,25,>=,FLO,99979,OK,2000,Li et al. (2025b),2000-05-06,33.7,175,tmax_c,23.3860295326714,0.0,0.0,batch_02a1b0c935392abbabdc.csv,-20.75,-50.25
25,episodes,1.0,2000-06-15,0.0,675,0.0,2,25,>=,FIL,99979,OK,2000,Li et al. (2025b),2000-05-20,32.7,675,tmax_c,23.3860295326714,0.0,0.0,batch_02a1b0c935392abbabdc.csv,-20.75,-50.25
25,days,1.0,2000-06-25,0.0400526386037365,250,0.0400526386037365,1,25,>,MAT,99979,OK,2000,Ortega Gómez et al. (2019),2000-06-16,10.0,250,precip_mm,23.3860295326714,0.9366721892483976,0.9366721892483976,batch_02a1b0c935392abbabdc.csv,-20.75,-50.25
25,episodes,1.0,2005-12-07,0.2799413119496401,175,0.2799413119496401,2,25,>=,EST,106653,OK,2005,Li et al. 2025a,2005-12-01,34.0,175,tmax_c,24.067220347556287,6.737409239075981,6.737409239075981,batch_02a3ce767e2e4015e3fa.csv,-15.75,46.75
25,episodes,1.0,2006-01-23,0.0,600,0.0,2,25,>=,VEG,106653,OK,2005,Li et al. 2025a,2005-12-31,34.6,600,tmax_c,24.067220347556287,0.0,0.0,batch_02a3ce767e2e4015e3fa.csv,-15.75,46.75
25,episodes,1.0,2006-02-05,0.0,175,0.0,2,25,>=,REP,106653,OK,2005,Li et al. (2025b),2006-01-30,33.7,175,tmax_c,24.067220347556287,0.0,0.0,batch_02a3ce767e2e4015e3fa.csv,-15.75,46.75
25,episodes,1.0,2006-01-29,0.0,150,0.0,2,25,>=,FLO,106653,OK,2005,Li et al. (2025b),2006-01-24,33.7,150,tmax_c,24.067220347556287,0.0,0.0,batch_02a3ce767e2e4015e3fa.csv,-15.75,46.75
25,episodes,1.0,2006-03-06,0.1999215055319172,725,0.1999215055319172,2,25,>=,FIL,106653,OK,2005,Li et al. (2025b),2006-02-06,32.7,725,tmax_c,24.067220347556287,4.811554925851845,4.811554925851845,batch_02a3ce767e2e4015e3fa.csv,-15.75,46.75
25,days,1.0,2006-03-17,1.0,275,2.9199217492263108,1,25,>,MAT,106653,OK,2005,Ortega Gómez et al. (2019),2006-03-07,10.0,275,precip_mm,24.067220347556287,70.27440013625161,24.067220347556287,batch_02a3ce767e2e4015e3fa.csv,-15.75,46.75
25,episodes,1.0,2006-12-07,0.0,175,0.0,2,25,>=,EST,106653,OK,2006,Li et al. 2025a,2006-12-01,34.0,175,tmax_c,24.067220347556287,0.0,0.0,batch_02a3ce767e2e4015e3fa.csv,-15.75,46.75
25,episodes,1.0,2007-01-23,0.0,600,0.0,2,25,>=,VEG,106653,OK,2006,Li et al. 2025a,2006-12-31,34.6,600,tmax_c,24.067220347556287,0.0,0.0,batch_02a3ce767e2e4015e3fa.csv,-15.75,46.75
25,episodes,1.0,2007-02-05,0.0,175,0.0,2,25,>=,REP,106653,OK,2006,Li et al. (2025b),2007-01-30,33.7,175,tmax_c,24.067220347556287,0.0,0.0,batch_02a3ce767e2e4015e3fa.csv,-15.75,46.75
25,episodes,1.0,2007-01-29,0.0,150,0.0,2,25,>=,FLO,106653,OK,2006,Li et al. (2025b),2007-01-24,33.7,150,tmax_c,24.067220347556287,0.0,0.0,batch_02a3ce767e2e4015e3fa.csv,-15.75,46.75
25,episodes,1.0,2007-03-06,0.0,725,0.0,2,25,>=,FIL,106653,OK,2006,Li et al. (2025b),2007-02-06,32.7,725,tmax_c,24.067220347556287,0.0,0.0,batch_02a3ce767e2e4015e3fa.csv,-15.75,46.75
25,days,1.0,2007-03-17,0.759823570127999,275,0.9597058283660976,1,25,>,MAT,106653,OK,2006,Ortega Gómez et al. (2019),2007-03-07,10.0,275,precip_mm,24.067220347556287,23.09745164012091,18.28684128753744,batch_02a3ce767e2e4015e3fa.csv,-15.75,46.75
25,episodes,1.0,2007-12-07,0.0399804372766706,175,0.0399804372766706,2,25,>=,EST,106653,OK,2007,Li et al. 2025a,2007-12-01,34.0,175,tmax_c,24.067220347556287,0.9622179935292852,0.9622179935292852,batch_02a3ce767e2e4015e3fa.csv,-15.75,46.75
25,episodes,1.0,2008-01-23,0.0,600,0.0,2,25,>=,VEG,106653,OK,2007,Li et al. 2025a,2007-12-31,34.6,600,tmax_c,24.067220347556287,0.0,0.0,batch_02a3ce767e2e4015e3fa.csv,-15.75,46.75
25,episodes,1.0,2008-02-05,0.0,175,0.0,2,25,>=,REP,106653,OK,2007,Li et al. (2025b),2008-01-30,33.7,175,tmax_c,24.067220347556287,0.0,0.0,batch_02a3ce767e2e4015e3fa.csv,-15.75,46.75
25,episodes,1.0,2008-01-29,0.0,150,0.0,2,25,>=,FLO,106653,OK,2007,Li et al. (2025b),2008-01-24,33.7,150,tmax_c,24.067220347556287,0.0,0.0,batch_02a3ce767e2e4015e3fa.csv,-15.75,46.75
25,episodes,1.0,2008-03-06,0.0,750,0.0,2,25,>=,FIL,106653,OK,2007,Li et al. (2025b),2008-02-06,32.7,750,tmax_c,24.067220347556287,0.0,0.0,batch_02a3ce767e2e4015e3fa.csv,-15.75,46.75
25,days,1.0,2008-03-17,0.8800198064177228,275,1.200040100224233,1,25,>,MAT,106653,OK,2007,Ortega Gómez et al. (2019),2008-03-07,10.0,275,precip_mm,24.067220347556287,28.881629518000143,21.179630591269163,batch_02a3ce767e2e4015e3fa.csv,-15.75,46.75
25,episodes,1.0,2008-12-07,0.0,175,0.0,2,25,>=,EST,106653,OK,2008,Li et al. 2025a,2008-12-01,34.0,175,tmax_c,24.067220347556287,0.0,0.0,batch_02a3ce767e2e4015e3fa.csv,-15.75,46.75
25,episodes,1.0,2009-01-23,0.0,600,0.0,2,25,>=,VEG,106653,OK,2008,Li et al. 2025a,2008-12-31,34.6,600,tmax_c,24.067220347556287,0.0,0.0,batch_02a3ce767e2e4015e3fa.csv,-15.75,46.75
25,episodes,1.0,2009-02-05,0.0,175,0.0,2,25,>=,REP,106653,OK,2008,Li et al. (2025b),2009-01-30,33.7,175,tmax_c,24.067220347556287,0.0,0.0,batch_02a3ce767e2e4015e3fa.csv,-15.75,46.75
25,episodes,1.0,2009-01-29,0.0,150,0.0,2,25,>=,FLO,106653,OK,2008,Li et al. (2025b),2009-01-24,33.7,150,tmax_c,24.067220347556287,0.0,0.0,batch_02a3ce767e2e4015e3fa.csv,-15.75,46.75
25,episodes,1.0,2009-03-06,0.3199016991141942,725,0.3199016991141942,2,25,>=,FIL,106653,OK,2008,Li et al. (2025b),2009-02-06,32.7,725,tmax_c,24.067220347556287,7.6991446821389635,7.6991446821389635,batch_02a3ce767e2e4015e3fa.csv,-15.75,46.75
25,days,1.0,2009-03-17,1.0,275,5.239626968475866,1,25,>,MAT,106653,OK,2008,Ortega Gómez et al. (2019),2009-03-07,10.0,275,precip_mm,24.067220347556287,126.10325678930704,24.067220347556287,batch_02a3ce767e2e4015e3fa.csv,-15.75,46.75
25,episodes,1.0,1981-03-23,0.0,175,0.0,2,25,>=,EST,99980,OK,1981,Li et al. 2025a,1981-03-17,34.0,175,tmax_c,23.3860295326714,0.0,0.0,batch_02a54751a89661c7c6fa.csv,-20.75,-49.75
25,episodes,1.0,1981-05-05,0.0,550,0.0,2,25,>=,VEG,99980,OK,1981,Li et al. 2025a,1981-04-14,34.6,550,tmax_c,23.3860295326714,0.0,0.0,batch_02a54751a89661c7c6fa.csv,-20.75,-49.75
25,episodes,1.0,1981-05-19,0.0,175,0.0,2,25,>=,REP,99980,OK,1981,Li et al. (2025b),1981-05-13,33.7,175,tmax_c,23.3860295326714,0.0,0.0,batch_02a54751a89661c7c6fa.csv,-20.75,-49.75
25,episodes,1.0,1981-05-12,0.0,175,0.0,2,25,>=,FLO,99980,OK,1981,Li et al. (2025b),1981-05-06,33.7,175,tmax_c,23.3860295326714,0.0,0.0,batch_02a54751a89661c7c6fa.csv,-20.75,-49.75
25,episodes,1.0,1981-06-15,0.0,675,0.0,2,25,>=,FIL,99980,OK,1981,Li et al. (2025b),1981-05-20,32.7,675,tmax_c,23.3860295326714,0.0,0.0,batch_02a54751a89661c7c6fa.csv,-20.75,-49.75
25,days,1.0,1981-06-25,1.0,250,1.0,1,25,>,MAT,99980,OK,1981,Ortega Gómez et al. (2019),1981-06-16,10.0,250,precip_mm,23.3860295326714,23.3860295326714,23.3860295326714,batch_02a54751a89661c7c6fa.csv,-20.75,-49.75
25,episodes,1.0,1982-03-23,0.0,175,0.0,2,25,>=,EST,99980,OK,1982,Li et al. 2025a,1982-03-17,34.0,175,tmax_c,23.3860295326714,0.0,0.0,batch_02a54751a89661c7c6fa.csv,-20.75,-49.75
25,episodes,1.0,1982-05-05,0.0,550,0.0,2,25,>=,VEG,99980,OK,1982,Li et al. 2025a,1982-04-14,34.6,550,tmax_c,23.3860295326714,0.0,0.0,batch_02a54751a89661c7c6fa.csv,-20.75,-49.75
25,episodes,1.0,1982-05-19,0.0,175,0.0,2,25,>=,REP,99980,OK,1982,Li et al. (2025b),1982-05-13,33.7,175,tmax_c,23.3860295326714,0.0,0.0,batch_02a54751a89661c7c6fa.csv,-20.75,-49.75
25,episodes,1.0,1982-05-12,0.0,175,0.0,2,25,>=,FLO,99980,OK,1982,Li et al. (2025b),1982-05-06,33.7,175,tmax_c,23.3860295326714,0.0,0.0,batch_02a54751a89661c7c6fa.csv,-20.75,-49.75
25,episodes,1.0,1982-06-15,0.0,675,0.0,2,25,>=,FIL,99980,OK,1982,Li et al. (2025b),1982-05-20,32.7,675,tmax_c,23.3860295326714,0.0,0.0,batch_02a54751a89661c7c6fa.csv,-20.75,-49.75
25,days,1.0,1982-06-25,0.519630676682712,250,0.999102340929406,1,25,>,MAT,99980,OK,1982,Ortega Gómez et al. (2019),1982-06-16,10.0,250,precip_mm,23.3860295326714,23.36503685113622,12.152098350983929,batch_02a54751a89661c7c6fa.csv,-20.75,-49.75
25,episodes,1.0,1983-03-23,0.0,175,0.0,2,25,>=,EST,99980,OK,1983,Li et al. 2025a,1983-03-17,34.0,175,tmax_c,23.3860295326714,0.0,0.0,batch_02a54751a89661c7c6fa.csv,-20.75,-49.75
25,episodes,1.0,1983-05-05,0.0,550,0.0,2,25,>=,VEG,99980,OK,1983,Li et al. 2025a,1983-04-14,34.6,550,tmax_c,23.3860295326714,0.0,0.0,batch_02a54751a89661c7c6fa.csv,-20.75,-49.75
25,episodes,1.0,1983-05-19,0.0,175,0.0,2,25,>=,REP,99980,OK,1983,Li et al. (2025b),1983-05-13,33.7,175,tmax_c,23.3860295326714,0.0,0.0,batch_02a54751a89661c7c6fa.csv,-20.75,-49.75
25,episodes,1.0,1983-05-12,0.0,175,0.0,2,25,>=,FLO,99980,OK,1983,Li et al. (2025b),1983-05-06,33.7,175,tmax_c,23.3860295326714,0.0,0.0,batch_02a54751a89661c7c6fa.csv,-20.75,-49.75
25,episodes,1.0,1983-06-15,0.0,675,0.0,2,25,>=,FIL,99980,OK,1983,Li et al. (2025b),1983-05-20,32.7,675,tmax_c,23.3860295326714,0.0,0.0,batch_02a54751a89661c7c6fa.csv,-20.75,-49.75
25,days,1.0,1983-06-25,0.0,250,0.0,1,25,>,MAT,99980,OK,1983,Ortega Gómez et al. (2019),1983-06-16,10.0,250,precip_mm,23.3860295326714,0.0,0.0,batch_02a54751a89661c7c6fa.csv,-20.75,-49.75
25,episodes,1.0,1984-03-23,0.0,175,0.0,2,25,>=,EST,99980,OK,1984,Li et al. 2025a,1984-03-17,34.0,175,tmax_c,23.3860295326714,0.0,0.0,batch_02a54751a89661c7c6fa.csv,-20.75,-49.75
25,episodes,1.0,1984-05-05,0.0,550,0.0,2,25,>=,VEG,99980,OK,1984,Li et al. 2025a,1984-04-14,34.6,550,tmax_c,23.3860295326714,0.0,0.0,batch_02a54751a89661c7c6fa.csv,-20.75,-49.75
25,episodes,1.0,1984-05-19,0.0,175,0.0,2,25,>=,REP,99980,OK,1984,Li et al. (2025b),1984-05-13,33.7,175,tmax_c,23.3860295326714,0.0,0.0,batch_02a54751a89661c7c6fa.csv,-20.75,-49.75
25,episodes,1.0,1984-05-12,0.0,175,0.0,2,25,>=,FLO,99980,OK,1984,Li et al. (2025b),1984-05-06,33.7,175,tmax_c,23.3860295326714,0.0,0.0,batch_02a54751a89661c7c6fa.csv,-20.75,-49.75
25,episodes,1.0,1984-06-15,0.0,675,0.0,2,25,>=,FIL,99980,OK,1984,Li et al. (2025b),1984-05-20,32.7,675,tmax_c,23.3860295326714,0.0,0.0,batch_02a54751a89661c7c6fa.csv,-20.75,-49.75
25,days,1.0,1984-06-25,0.0,250,0.0,1,25,>,MAT,99980,OK,1984,Ortega Gómez et al. (2019),1984-06-16,10.0,250,precip_mm,23.3860295326714,0.0,0.0,batch_02a54751a89661c7c6fa.csv,-20.75,-49.75
25,episodes,1.0,2009-02-22,0.0,225,0.0,2,25,>=,EST,104301,OK,2009,Li et al. 2025a,2009-02-14,34.0,225,tmax_c,23.816464482081678,0.0,0.0,batch_02af72b99f164752aff8.csv,-17.75,-49.25
25,episodes,1.0,2009-04-20,0.0,725,0.0,2,25,>=,VEG,104301,OK,2009,Li et al. 2025a,2009-03-23,34.6,725,tmax_c,23.81646448208168,0.0,0.0,batch_02af72b99f164752aff8.csv,-17.75,-49.25
25,episodes,1.0,2009-05-07,0.0,225,0.0,2,25,>=,REP,104301,OK,2009,Li et al. (2025b),2009-04-29,33.7,225,tmax_c,23.81646448208168,0.0,0.0,batch_02af72b99f164752aff8.csv,-17.75,-49.25
25,episodes,1.0,2009-04-28,0.0,200,0.0,2,25,>=,FLO,104301,OK,2009,Li et al. (2025b),2009-04-21,33.7,200,tmax_c,23.816464482081678,0.0,0.0,batch_02af72b99f164752aff8.csv,-17.75,-49.25
25,episodes,1.0,2009-06-12,0.0,900,0.0,2,25,>=,FIL,104301,OK,2009,Li et al. (2025b),2009-05-08,32.7,900,tmax_c,23.816464482081678,0.0,0.0,batch_02af72b99f164752aff8.csv,-17.75,-49.25
25,days,1.0,2009-06-25,0.0,325,0.0,1,25,>,MAT,104301,OK,2009,Ortega Gómez et al. (2019),2009-06-13,10.0,325,precip_mm,23.81646448208168,0.0,0.0,batch_02af72b99f164752aff8.csv,-17.75,-49.25
25,episodes,1.0,2010-02-22,0.0,225,0.0,2,25,>=,EST,104301,OK,2010,Li et al. 2025a,2010-02-14,34.0,225,tmax_c,23.816464482081678,0.0,0.0,batch_02af72b99f164752aff8.csv,-17.75,-49.25
25,episodes,1.0,2010-04-20,0.0,725,0.0,2,25,>=,VEG,104301,OK,2010,Li et al. 2025a,2010-03-23,34.6,725,tmax_c,23.816464482081678,0.0,0.0,batch_02af72b99f164752aff8.csv,-17.75,-49.25
25,episodes,1.0,2010-05-07,0.0,225,0.0,2,25,>=,REP,104301,OK,2010,Li et al. (2025b),2010-04-29,33.7,225,tmax_c,23.81646448208168,0.0,0.0,batch_02af72b99f164752aff8.csv,-17.75,-49.25
25,episodes,1.0,2010-04-28,0.0,200,0.0,2,25,>=,FLO,104301,OK,2010,Li et al. (2025b),2010-04-21,33.7,200,tmax_c,23.81646448208168,0.0,0.0,batch_02af72b99f164752aff8.csv,-17.75,-49.25
25,episodes,1.0,2010-06-12,0.2399556831998636,900,0.2399556831998636,2,25,>=,FIL,104301,OK,2010,Li et al. (2025b),2010-05-08,32.7,900,tmax_c,23.81646448208168,5.714896006203196,5.714896006203196,batch_02af72b99f164752aff8.csv,-17.75,-49.25
25,days,1.0,2010-06-25,0.0,325,0.0,1,25,>,MAT,104301,OK,2010,Ortega Gómez et al. (2019),2010-06-13,10.0,325,precip_mm,23.816464482081678,0.0,0.0,batch_02af72b99f164752aff8.csv,-17.75,-49.25
25,episodes,1.0,2011-02-22,0.0,225,0.0,2,25,>=,EST,104301,OK,2011,Li et al. 2025a,2011-02-14,34.0,225,tmax_c,23.81646448208168,0.0,0.0,batch_02af72b99f164752aff8.csv,-17.75,-49.25
25,episodes,1.0,2011-04-20,0.0,725,0.0,2,25,>=,VEG,104301,OK,2011,Li et al. 2025a,2011-03-23,34.6,725,tmax_c,23.816464482081678,0.0,0.0,batch_02af72b99f164752aff8.csv,-17.75,-49.25
25,episodes,1.0,2011-05-07,0.0,225,0.0,2,25,>=,REP,104301,OK,2011,Li et al. (2025b),2011-04-29,33.7,225,tmax_c,23.81646448208168,0.0,0.0,batch_02af72b99f164752aff8.csv,-17.75,-49.25
25,episodes,1.0,2011-04-28,0.0,200,0.0,2,25,>=,FLO,104301,OK,2011,Li et al. (2025b),2011-04-21,33.7,200,tmax_c,23.816464482081678,0.0,0.0,batch_02af72b99f164752aff8.csv,-17.75,-49.25
25,episodes,1.0,2011-06-12,0.0,900,0.0,2,25,>=,FIL,104301,OK,2011,Li et al. (2025b),2011-05-08,32.7,900,tmax_c,23.81646448208168,0.0,0.0,batch_02af72b99f164752aff8.csv,-17.75,-49.25
25,days,1.0,2011-06-25,0.0,325,0.0,1,25,>,MAT,104301,OK,2011,Ortega Gómez et al. (2019),2011-06-13,10.0,325,precip_mm,23.816464482081678,0.0,0.0,batch_02af72b99f164752aff8.csv,-17.75,-49.25
25,episodes,1.0,2012-02-22,0.0,225,0.0,2,25,>=,EST,104301,OK,2012,Li et al. 2025a,2012-02-14,34.0,225,tmax_c,23.816464482081678,0.0,0.0,batch_02af72b99f164752aff8.csv,-17.75,-49.25
25,episodes,1.0,2012-04-20,0.0,725,0.0,2,25,>=,VEG,104301,OK,2012,Li et al. 2025a,2012-03-23,34.6,725,tmax_c,23.81646448208168,0.0,0.0,batch_02af72b99f164752aff8.csv,-17.75,-49.25
25,episodes,1.0,2012-05-07,0.0,225,0.0,2,25,>=,REP,104301,OK,2012,Li et al. (2025b),2012-04-29,33.7,225,tmax_c,23.81646448208168,0.0,0.0,batch_02af72b99f164752aff8.csv,-17.75,-49.25
25,episodes,1.0,2012-04-28,0.0,200,0.0,2,25,>=,FLO,104301,OK,2012,Li et al. (2025b),2012-04-21,33.7,200,tmax_c,23.816464482081678,0.0,0.0,batch_02af72b99f164752aff8.csv,-17.75,-49.25
25,episodes,1.0,2012-06-12,0.0,900,0.0,2,25,>=,FIL,104301,OK,2012,Li et al. (2025b),2012-05-08,32.7,900,tmax_c,23.81646448208168,0.0,0.0,batch_02af72b99f164752aff8.csv,-17.75,-49.25
25,days,1.0,2012-06-25,0.0,325,0.0,1,25,>,MAT,104301,OK,2012,Ortega Gómez et al. (2019),2012-06-13,10.0,325,precip_mm,23.81646448208168,0.0,0.0,batch_02af72b99f164752aff8.csv,-17.75,-49.25
25,episodes,1.0,2013-03-23,0.0,175,0.0,2,25,>=,EST,95661,OK,2013,Li et al. 2025a,2013-03-17,34.0,175,tmax_c,22.89149510185507,0.0,0.0,batch_02b098f5a96d122f7c8f.csv,-23.75,-49.25
25,episodes,1.0,2013-05-05,0.0,550,0.0,2,25,>=,VEG,95661,OK,2013,Li et al. 2025a,2013-04-14,34.6,550,tmax_c,22.89149510185507,0.0,0.0,batch_02b098f5a96d122f7c8f.csv,-23.75,-49.25
25,episodes,1.0,2013-05-19,0.0,175,0.0,2,25,>=,REP,95661,OK,2013,Li et al. (2025b),2013-05-13,33.7,175,tmax_c,22.89149510185507,0.0,0.0,batch_02b098f5a96d122f7c8f.csv,-23.75,-49.25
25,episodes,1.0,2013-05-12,0.0,175,0.0,2,25,>=,FLO,95661,OK,2013,Li et al. (2025b),2013-05-06,33.7,175,tmax_c,22.89149510185507,0.0,0.0,batch_02b098f5a96d122f7c8f.csv,-23.75,-49.25
25,episodes,1.0,2013-06-15,0.0,675,0.0,2,25,>=,FIL,95661,OK,2013,Li et al. (2025b),2013-05-20,32.7,675,tmax_c,22.89149510185507,0.0,0.0,batch_02b098f5a96d122f7c8f.csv,-23.75,-49.25
25,days,1.0,2013-06-25,1.0,250,4.239662347068652,1,25,>,MAT,95661,OK,2013,Ortega Gómez et al. (2019),2013-06-16,10.0,250,precip_mm,22.89149510185507,97.05220985144142,22.89149510185507,batch_02b098f5a96d122f7c8f.csv,-23.75,-49.25
25,episodes,1.0,2014-03-23,0.0,175,0.0,2,25,>=,EST,95661,OK,2014,Li et al. 2025a,2014-03-17,34.0,175,tmax_c,22.89149510185507,0.0,0.0,batch_02b098f5a96d122f7c8f.csv,-23.75,-49.25
25,episodes,1.0,2014-05-05,0.0,550,0.0,2,25,>=,VEG,95661,OK,2014,Li et al. 2025a,2014-04-14,34.6,550,tmax_c,22.89149510185507,0.0,0.0,batch_02b098f5a96d122f7c8f.csv,-23.75,-49.25
25,episodes,1.0,2014-05-19,0.0,175,0.0,2,25,>=,REP,95661,OK,2014,Li et al. (2025b),2014-05-13,33.7,175,tmax_c,22.89149510185507,0.0,0.0,batch_02b098f5a96d122f7c8f.csv,-23.75,-49.25
25,episodes,1.0,2014-05-12,0.0,175,0.0,2,25,>=,FLO,95661,OK,2014,Li et al. (2025b),2014-05-06,33.7,175,tmax_c,22.89149510185507,0.0,0.0,batch_02b098f5a96d122f7c8f.csv,-23.75,-49.25
25,episodes,1.0,2014-06-15,0.0,675,0.0,2,25,>=,FIL,95661,OK,2014,Li et al. (2025b),2014-05-20,32.7,675,tmax_c,22.89149510185507,0.0,0.0,batch_02b098f5a96d122f7c8f.csv,-23.75,-49.25
25,days,1.0,2014-06-25,0.0,250,0.0,1,25,>,MAT,95661,OK,2014,Ortega Gómez et al. (2019),2014-06-16,10.0,250,precip_mm,22.89149510185507,0.0,0.0,batch_02b098f5a96d122f7c8f.csv,-23.75,-49.25
25,episodes,1.0,2015-03-23,0.0,175,0.0,2,25,>=,EST,95661,OK,2015,Li et al. 2025a,2015-03-17,34.0,175,tmax_c,22.89149510185507,0.0,0.0,batch_02b098f5a96d122f7c8f.csv,-23.75,-49.25
25,episodes,1.0,2015-05-05,0.0,550,0.0,2,25,>=,VEG,95661,OK,2015,Li et al. 2025a,2015-04-14,34.6,550,tmax_c,22.89149510185507,0.0,0.0,batch_02b098f5a96d122f7c8f.csv,-23.75,-49.25
25,episodes,1.0,2015-05-19,0.0,175,0.0,2,25,>=,REP,95661,OK,2015,Li et al. (2025b),2015-05-13,33.7,175,tmax_c,22.89149510185507,0.0,0.0,batch_02b098f5a96d122f7c8f.csv,-23.75,-49.25
25,episodes,1.0,2015-05-12,0.0,175,0.0,2,25,>=,FLO,95661,OK,2015,Li et al. (2025b),2015-05-06,33.7,175,tmax_c,22.89149510185507,0.0,0.0,batch_02b098f5a96d122f7c8f.csv,-23.75,-49.25
25,episodes,1.0,2015-06-15,0.0,675,0.0,2,25,>=,FIL,95661,OK,2015,Li et al. (2025b),2015-05-20,32.7,675,tmax_c,22.89149510185507,0.0,0.0,batch_02b098f5a96d122f7c8f.csv,-23.75,-49.25
25,days,1.0,2015-06-25,0.0,250,0.0,1,25,>,MAT,95661,OK,2015,Ortega Gómez et al. (2019),2015-06-16,10.0,250,precip_mm,22.89149510185507,0.0,0.0,batch_02b098f5a96d122f7c8f.csv,-23.75,-49.25
25,episodes,1.0,2016-03-23,0.0,175,0.0,2,25,>=,EST,95661,OK,2016,Li et al. 2025a,2016-03-17,34.0,175,tmax_c,22.89149510185507,0.0,0.0,batch_02b098f5a96d122f7c8f.csv,-23.75,-49.25
25,episodes,1.0,2016-05-05,0.0,550,0.0,2,25,>=,VEG,95661,OK,2016,Li et al. 2025a,2016-04-14,34.6,550,tmax_c,22.89149510185507,0.0,0.0,batch_02b098f5a96d122f7c8f.csv,-23.75,-49.25
25,episodes,1.0,2016-05-19,0.0,175,0.0,2,25,>=,REP,95661,OK,2016,Li et al. (2025b),2016-05-13,33.7,175,tmax_c,22.89149510185507,0.0,0.0,batch_02b098f5a96d122f7c8f.csv,-23.75,-49.25
25,episodes,1.0,2016-05-12,0.0,175,0.0,2,25,>=,FLO,95661,OK,2016,Li et al. (2025b),2016-05-06,33.7,175,tmax_c,22.89149510185507,0.0,0.0,batch_02b098f5a96d122f7c8f.csv,-23.75,-49.25
25,episodes,1.0,2016-06-15,0.0,675,0.0,2,25,>=,FIL,95661,OK,2016,Li et al. (2025b),2016-05-20,32.7,675,tmax_c,22.89149510185507,0.0,0.0,batch_02b098f5a96d122f7c8f.csv,-23.75,-49.25
25,days,1.0,2016-06-25,0.5995712013248395,250,0.5995712013248395,1,25,>,MAT,95661,OK,2016,Ortega Gómez et al. (2019),2016-06-16,10.0,250,precip_mm,22.89149510185507,13.725081218340923,13.725081218340923,batch_02b098f5a96d122f7c8f.csv,-23.75,-49.25
25,episodes,1.0,1985-02-22,0.0,225,0.0,2,25,>=,EST,107181,OK,1985,Li et al. 2025a,1985-02-14,34.0,225,tmax_c,24.067220347556287,0.0,0.0,batch_02b0fec0d2eded7d4f2b.csv,-15.75,-49.25
25,episodes,1.0,1985-04-20,0.0,725,0.0,2,25,>=,VEG,107181,OK,1985,Li et al. 2025a,1985-03-23,34.6,725,tmax_c,24.067220347556287,0.0,0.0,batch_02b0fec0d2eded7d4f2b.csv,-15.75,-49.25
25,episodes,1.0,1985-05-07,0.0,225,0.0,2,25,>=,REP,107181,OK,1985,Li et al. (2025b),1985-04-29,33.7,225,tmax_c,24.067220347556287,0.0,0.0,batch_02b0fec0d2eded7d4f2b.csv,-15.75,-49.25
25,episodes,1.0,1985-04-28,0.0,200,0.0,2,25,>=,FLO,107181,OK,1985,Li et al. (2025b),1985-04-21,33.7,200,tmax_c,24.067220347556287,0.0,0.0,batch_02b0fec0d2eded7d4f2b.csv,-15.75,-49.25
25,episodes,1.0,1985-06-12,0.0,900,0.0,2,25,>=,FIL,107181,OK,1985,Li et al. (2025b),1985-05-08,32.7,900,tmax_c,24.067220347556287,0.0,0.0,batch_02b0fec0d2eded7d4f2b.csv,-15.75,-49.25
25,days,1.0,1985-06-25,0.0,325,0.0,1,25,>,MAT,107181,OK,1985,Ortega Gómez et al. (2019),1985-06-13,10.0,325,precip_mm,24.067220347556287,0.0,0.0,batch_02b0fec0d2eded7d4f2b.csv,-15.75,-49.25
25,episodes,1.0,1986-02-22,0.0,225,0.0,2,25,>=,EST,107181,OK,1986,Li et al. 2025a,1986-02-14,34.0,225,tmax_c,24.067220347556287,0.0,0.0,batch_02b0fec0d2eded7d4f2b.csv,-15.75,-49.25
25,episodes,1.0,1986-04-20,0.0,725,0.0,2,25,>=,VEG,107181,OK,1986,Li et al. 2025a,1986-03-23,34.6,725,tmax_c,24.067220347556287,0.0,0.0,batch_02b0fec0d2eded7d4f2b.csv,-15.75,-49.25
25,episodes,1.0,1986-05-07,0.0,225,0.0,2,25,>=,REP,107181,OK,1986,Li et al. (2025b),1986-04-29,33.7,225,tmax_c,24.067220347556287,0.0,0.0,batch_02b0fec0d2eded7d4f2b.csv,-15.75,-49.25
25,episodes,1.0,1986-04-28,0.0,200,0.0,2,25,>=,FLO,107181,OK,1986,Li et al. (2025b),1986-04-21,33.7,200,tmax_c,24.067220347556287,0.0,0.0,batch_02b0fec0d2eded7d4f2b.csv,-15.75,-49.25
25,episodes,1.0,1986-06-12,0.0,900,0.0,2,25,>=,FIL,107181,OK,1986,Li et al. (2025b),1986-05-08,32.7,900,tmax_c,24.067220347556287,0.0,0.0,batch_02b0fec0d2eded7d4f2b.csv,-15.75,-49.25
25,days,1.0,1986-06-25,0.0,325,0.0,1,25,>,MAT,107181,OK,1986,Ortega Gómez et al. (2019),1986-06-13,10.0,325,precip_mm,24.067220347556287,0.0,0.0,batch_02b0fec0d2eded7d4f2b.csv,-15.75,-49.25
25,episodes,1.0,1987-02-22,0.0,225,0.0,2,25,>=,EST,107181,OK,1987,Li et al. 2025a,1987-02-14,34.0,225,tmax_c,24.067220347556287,0.0,0.0,batch_02b0fec0d2eded7d4f2b.csv,-15.75,-49.25
25,episodes,1.0,1987-04-20,0.0,725,0.0,2,25,>=,VEG,107181,OK,1987,Li et al. 2025a,1987-03-23,34.6,725,tmax_c,24.067220347556287,0.0,0.0,batch_02b0fec0d2eded7d4f2b.csv,-15.75,-49.25
25,episodes,1.0,1987-05-07,0.0,225,0.0,2,25,>=,REP,107181,OK,1987,Li et al. (2025b),1987-04-29,33.7,225,tmax_c,24.067220347556287,0.0,0.0,batch_02b0fec0d2eded7d4f2b.csv,-15.75,-49.25
25,episodes,1.0,1987-04-28,0.0,200,0.0,2,25,>=,FLO,107181,OK,1987,Li et al. (2025b),1987-04-21,33.7,200,tmax_c,24.067220347556287,0.0,0.0,batch_02b0fec0d2eded7d4f2b.csv,-15.75,-49.25
25,episodes,1.0,1987-06-12,0.0,900,0.0,2,25,>=,FIL,107181,OK,1987,Li et al. (2025b),1987-05-08,32.7,900,tmax_c,24.067220347556287,0.0,0.0,batch_02b0fec0d2eded7d4f2b.csv,-15.75,-49.25
25,days,1.0,1987-06-25,0.0,325,0.0,1,25,>,MAT,107181,OK,1987,Ortega Gómez et al. (2019),1987-06-13,10.0,325,precip_mm,24.067220347556287,0.0,0.0,batch_02b0fec0d2eded7d4f2b.csv,-15.75,-49.25
25,episodes,1.0,1988-02-22,0.0,225,0.0,2,25,>=,EST,107181,OK,1988,Li et al. 2025a,1988-02-14,34.0,225,tmax_c,24.067220347556287,0.0,0.0,batch_02b0fec0d2eded7d4f2b.csv,-15.75,-49.25
25,episodes,1.0,1988-04-20,0.0,725,0.0,2,25,>=,VEG,107181,OK,1988,Li et al. 2025a,1988-03-23,34.6,725,tmax_c,24.067220347556287,0.0,0.0,batch_02b0fec0d2eded7d4f2b.csv,-15.75,-49.25
25,episodes,1.0,1988-05-07,0.0,225,0.0,2,25,>=,REP,107181,OK,1988,Li et al. (2025b),1988-04-29,33.7,225,tmax_c,24.067220347556287,0.0,0.0,batch_02b0fec0d2eded7d4f2b.csv,-15.75,-49.25
25,episodes,1.0,1988-04-28,0.0,200,0.0,2,25,>=,FLO,107181,OK,1988,Li et al. (2025b),1988-04-21,33.7,200,tmax_c,24.067220347556287,0.0,0.0,batch_02b0fec0d2eded7d4f2b.csv,-15.75,-49.25
25,episodes,1.0,1988-06-12,0.0,900,0.0,2,25,>=,FIL,107181,OK,1988,Li et al. (2025b),1988-05-08,32.7,900,tmax_c,24.067220347556287,0.0,0.0,batch_02b0fec0d2eded7d4f2b.csv,-15.75,-49.25
25,days,1.0,1988-06-25,0.0,325,0.0,1,25,>,MAT,107181,OK,1988,Ortega Gómez et al. (2019),1988-06-13,10.0,325,precip_mm,24.067220347556287,0.0,0.0,batch_02b0fec0d2eded7d4f2b.csv,-15.75,-49.25
25,episodes,1.0,1989-03-08,0.0,200,0.0,2,25,>=,EST,92775,OK,1989,Li et al. 2025a,1989-03-01,34.0,200,tmax_c,22.526856912172203,0.0,0.0,batch_02b5ca1b1142428c4472.csv,-25.75,-52.25
25,episodes,1.0,1989-04-27,0.0,625,0.0,2,25,>=,VEG,92775,OK,1989,Li et al. 2025a,1989-04-03,34.6,625,tmax_c,22.526856912172203,0.0,0.0,batch_02b5ca1b1142428c4472.csv,-25.75,-52.25
25,episodes,1.0,1989-05-13,0.0,200,0.0,2,25,>=,REP,92775,OK,1989,Li et al. (2025b),1989-05-06,33.7,200,tmax_c,22.526856912172203,0.0,0.0,batch_02b5ca1b1142428c4472.csv,-25.75,-52.25
25,episodes,1.0,1989-05-05,0.0,200,0.0,2,25,>=,FLO,92775,OK,1989,Li et al. (2025b),1989-04-28,33.7,200,tmax_c,22.526856912172203,0.0,0.0,batch_02b5ca1b1142428c4472.csv,-25.75,-52.25
25,episodes,1.0,1989-06-13,0.0,775,0.0,2,25,>=,FIL,92775,OK,1989,Li et al. (2025b),1989-05-14,32.7,775,tmax_c,22.526856912172203,0.0,0.0,batch_02b5ca1b1142428c4472.csv,-25.75,-52.25
25,days,1.0,1989-06-25,1.0,300,1.920134639069944,1,25,>,MAT,92775,OK,1989,Ortega Gómez et al. (2019),1989-06-14,10.0,300,precip_mm,22.526856912172203,43.25459826643404,22.526856912172203,batch_02b5ca1b1142428c4472.csv,-25.75,-52.25
25,episodes,1.0,1990-03-08,0.0,200,0.0,2,25,>=,EST,92775,OK,1990,Li et al. 2025a,1990-03-01,34.0,200,tmax_c,22.526856912172203,0.0,0.0,batch_02b5ca1b1142428c4472.csv,-25.75,-52.25
25,episodes,1.0,1990-04-27,0.0,625,0.0,2,25,>=,VEG,92775,OK,1990,Li et al. 2025a,1990-04-03,34.6,625,tmax_c,22.526856912172203,0.0,0.0,batch_02b5ca1b1142428c4472.csv,-25.75,-52.25
25,episodes,1.0,1990-05-13,0.0,200,0.0,2,25,>=,REP,92775,OK,1990,Li et al. (2025b),1990-05-06,33.7,200,tmax_c,22.526856912172203,0.0,0.0,batch_02b5ca1b1142428c4472.csv,-25.75,-52.25
25,episodes,1.0,1990-05-05,0.0,200,0.0,2,25,>=,FLO,92775,OK,1990,Li et al. (2025b),1990-04-28,33.7,200,tmax_c,22.526856912172203,0.0,0.0,batch_02b5ca1b1142428c4472.csv,-25.75,-52.25
25,episodes,1.0,1990-06-13,0.0,775,0.0,2,25,>=,FIL,92775,OK,1990,Li et al. (2025b),1990-05-14,32.7,775,tmax_c,22.526856912172203,0.0,0.0,batch_02b5ca1b1142428c4472.csv,-25.75,-52.25
25,days,1.0,1990-06-25,1.0,300,2.999999999999998,1,25,>,MAT,92775,OK,1990,Ortega Gómez et al. (2019),1990-06-14,10.0,300,precip_mm,22.526856912172203,67.58057073651656,22.526856912172203,batch_02b5ca1b1142428c4472.csv,-25.75,-52.25
25,episodes,1.0,1991-03-08,0.0,200,0.0,2,25,>=,EST,92775,OK,1991,Li et al. 2025a,1991-03-01,34.0,200,tmax_c,22.526856912172203,0.0,0.0,batch_02b5ca1b1142428c4472.csv,-25.75,-52.25
25,episodes,1.0,1991-04-27,0.0,625,0.0,2,25,>=,VEG,92775,OK,1991,Li et al. 2025a,1991-04-03,34.6,625,tmax_c,22.526856912172203,0.0,0.0,batch_02b5ca1b1142428c4472.csv,-25.75,-52.25
25,episodes,1.0,1991-05-13,0.0,200,0.0,2,25,>=,REP,92775,OK,1991,Li et al. (2025b),1991-05-06,33.7,200,tmax_c,22.526856912172203,0.0,0.0,batch_02b5ca1b1142428c4472.csv,-25.75,-52.25
25,episodes,1.0,1991-05-05,0.0,200,0.0,2,25,>=,FLO,92775,OK,1991,Li et al. (2025b),1991-04-28,33.7,200,tmax_c,22.526856912172203,0.0,0.0,batch_02b5ca1b1142428c4472.csv,-25.75,-52.25
25,episodes,1.0,1991-06-13,0.0,775,0.0,2,25,>=,FIL,92775,OK,1991,Li et al. (2025b),1991-05-14,32.7,775,tmax_c,22.526856912172203,0.0,0.0,batch_02b5ca1b1142428c4472.csv,-25.75,-52.25
25,days,1.0,1991-06-25,1.0,300,2.999999999999998,1,25,>,MAT,92775,OK,1991,Ortega Gómez et al. (2019),1991-06-14,10.0,300,precip_mm,22.526856912172203,67.58057073651656,22.526856912172203,batch_02b5ca1b1142428c4472.csv,-25.75,-52.25
25,episodes,1.0,1992-03-08,0.0,200,0.0,2,25,>=,EST,92775,OK,1992,Li et al. 2025a,1992-03-01,34.0,200,tmax_c,22.526856912172203,0.0,0.0,batch_02b5ca1b1142428c4472.csv,-25.75,-52.25
25,episodes,1.0,1992-04-27,0.0,625,0.0,2,25,>=,VEG,92775,OK,1992,Li et al. 2025a,1992-04-03,34.6,625,tmax_c,22.526856912172203,0.0,0.0,batch_02b5ca1b1142428c4472.csv,-25.75,-52.25
25,episodes,1.0,1992-05-13,0.0,200,0.0,2,25,>=,REP,92775,OK,1992,Li et al. (2025b),1992-05-06,33.7,200,tmax_c,22.526856912172203,0.0,0.0,batch_02b5ca1b1142428c4472.csv,-25.75,-52.25
25,episodes,1.0,1992-05-05,0.0,200,0.0,2,25,>=,FLO,92775,OK,1992,Li et al. (2025b),1992-04-28,33.7,200,tmax_c,22.526856912172203,0.0,0.0,batch_02b5ca1b1142428c4472.csv,-25.75,-52.25
25,episodes,1.0,1992-06-13,0.0,775,0.0,2,25,>=,FIL,92775,OK,1992,Li et al. (2025b),1992-05-14,32.7,775,tmax_c,22.526856912172203,0.0,0.0,batch_02b5ca1b1142428c4472.csv,-25.75,-52.25
25,days,1.0,1992-06-25,0.640369891951948,300,0.640369891951948,1,25,>,MAT,92775,OK,1992,Ortega Gómez et al. (2019),1992-06-14,10.0,300,precip_mm,22.526856912172203,14.425520926864706,14.425520926864706,batch_02b5ca1b1142428c4472.csv,-25.75,-52.25
25,episodes,1.0,2001-02-21,0.0,200,0.0,2,25,>=,EST,106443,OK,2001,Li et al. 2025a,2001-02-14,34.0,200,tmax_c,24.007269011440503,0.0,0.0,batch_02b7947b8a88233c3fdb.csv,-16.25,-58.25
25,episodes,1.0,2001-04-12,0.0,625,0.0,2,25,>=,VEG,106443,OK,2001,Li et al. 2025a,2001-03-19,34.6,625,tmax_c,24.007269011440503,0.0,0.0,batch_02b7947b8a88233c3fdb.csv,-16.25,-58.25
25,episodes,1.0,2001-04-28,0.0,200,0.0,2,25,>=,REP,106443,OK,2001,Li et al. (2025b),2001-04-21,33.7,200,tmax_c,24.007269011440503,0.0,0.0,batch_02b7947b8a88233c3fdb.csv,-16.25,-58.25
25,episodes,1.0,2001-04-20,0.0,200,0.0,2,25,>=,FLO,106443,OK,2001,Li et al. (2025b),2001-04-13,33.7,200,tmax_c,24.007269011440503,0.0,0.0,batch_02b7947b8a88233c3fdb.csv,-16.25,-58.25
25,episodes,1.0,2001-05-29,0.0799796564858186,775,0.0799796564858186,2,25,>=,FIL,106443,OK,2001,Li et al. (2025b),2001-04-29,32.7,775,tmax_c,24.007269011440503,1.920093128697652,1.920093128697652,batch_02b7947b8a88233c3fdb.csv,-16.25,-58.25
25,days,1.0,2001-06-10,0.0,300,0.0,1,25,>,MAT,106443,OK,2001,Ortega Gómez et al. (2019),2001-05-30,10.0,300,precip_mm,24.007269011440503,0.0,0.0,batch_02b7947b8a88233c3fdb.csv,-16.25,-58.25
25,episodes,1.0,2002-02-21,0.0,200,0.0,2,25,>=,EST,106443,OK,2002,Li et al. 2025a,2002-02-14,34.0,200,tmax_c,24.007269011440503,0.0,0.0,batch_02b7947b8a88233c3fdb.csv,-16.25,-58.25
25,episodes,1.0,2002-04-12,0.0,625,0.0,2,25,>=,VEG,106443,OK,2002,Li et al. 2025a,2002-03-19,34.6,625,tmax_c,24.007269011440503,0.0,0.0,batch_02b7947b8a88233c3fdb.csv,-16.25,-58.25
25,episodes,1.0,2002-04-28,0.0,200,0.0,2,25,>=,REP,106443,OK,2002,Li et al. (2025b),2002-04-21,33.7,200,tmax_c,24.007269011440503,0.0,0.0,batch_02b7947b8a88233c3fdb.csv,-16.25,-58.25
25,episodes,1.0,2002-04-20,0.0,200,0.0,2,25,>=,FLO,106443,OK,2002,Li et al. (2025b),2002-04-13,33.7,200,tmax_c,24.007269011440503,0.0,0.0,batch_02b7947b8a88233c3fdb.csv,-16.25,-58.25
25,episodes,1.0,2002-05-29,0.799979534638659,775,1.239938847548549,2,25,>=,FIL,106443,OK,2002,Li et al. (2025b),2002-04-29,32.7,775,tmax_c,24.007269011440503,29.767545470833536,19.205323891717278,batch_02b7947b8a88233c3fdb.csv,-16.25,-58.25
25,days,1.0,2002-06-10,0.0,300,0.0,1,25,>,MAT,106443,OK,2002,Ortega Gómez et al. (2019),2002-05-30,10.0,300,precip_mm,24.007269011440503,0.0,0.0,batch_02b7947b8a88233c3fdb.csv,-16.25,-58.25
25,episodes,1.0,2003-02-21,0.0,200,0.0,2,25,>=,EST,106443,OK,2003,Li et al. 2025a,2003-02-14,34.0,200,tmax_c,24.007269011440503,0.0,0.0,batch_02b7947b8a88233c3fdb.csv,-16.25,-58.25
25,episodes,1.0,2003-04-12,0.0,625,0.0,2,25,>=,VEG,106443,OK,2003,Li et al. 2025a,2003-03-19,34.6,625,tmax_c,24.007269011440503,0.0,0.0,batch_02b7947b8a88233c3fdb.csv,-16.25,-58.25
25,episodes,1.0,2003-04-28,0.0,200,0.0,2,25,>=,REP,106443,OK,2003,Li et al. (2025b),2003-04-21,33.7,200,tmax_c,24.007269011440503,0.0,0.0,batch_02b7947b8a88233c3fdb.csv,-16.25,-58.25
25,episodes,1.0,2003-04-20,0.0,200,0.0,2,25,>=,FLO,106443,OK,2003,Li et al. (2025b),2003-04-13,33.7,200,tmax_c,24.007269011440503,0.0,0.0,batch_02b7947b8a88233c3fdb.csv,-16.25,-58.25
25,episodes,1.0,2003-05-29,0.4399593129098899,775,0.759857717000901,2,25,>=,FIL,106443,OK,2003,Li et al. (2025b),2003-04-29,32.7,775,tmax_c,24.007269011440503,18.24210862245966,10.562221579116256,batch_02b7947b8a88233c3fdb.csv,-16.25,-58.25
25,days,1.0,2003-06-10,0.3999999999999998,300,0.3999999999999998,1,25,>,MAT,106443,OK,2003,Ortega Gómez et al. (2019),2003-05-30,10.0,300,precip_mm,24.007269011440503,9.6029076045762,9.6029076045762,batch_02b7947b8a88233c3fdb.csv,-16.25,-58.25
25,episodes,1.0,2004-02-21,0.0,200,0.0,2,25,>=,EST,106443,OK,2004,Li et al. 2025a,2004-02-14,34.0,200,tmax_c,24.007269011440503,0.0,0.0,batch_02b7947b8a88233c3fdb.csv,-16.25,-58.25
25,episodes,1.0,2004-04-12,0.0,625,0.0,2,25,>=,VEG,106443,OK,2004,Li et al. 2025a,2004-03-19,34.6,625,tmax_c,24.007269011440503,0.0,0.0,batch_02b7947b8a88233c3fdb.csv,-16.25,-58.25
25,episodes,1.0,2004-04-28,0.0,200,0.0,2,25,>=,REP,106443,OK,2004,Li et al. (2025b),2004-04-21,33.7,200,tmax_c,24.007269011440503,0.0,0.0,batch_02b7947b8a88233c3fdb.csv,-16.25,-58.25
25,episodes,1.0,2004-04-20,0.0,200,0.0,2,25,>=,FLO,106443,OK,2004,Li et al. (2025b),2004-04-13,33.7,200,tmax_c,24.007269011440503,0.0,0.0,batch_02b7947b8a88233c3fdb.csv,-16.25,-58.25
25,episodes,1.0,2004-05-29,0.0,775,0.0,2,25,>=,FIL,106443,OK,2004,Li et al. (2025b),2004-04-29,32.7,775,tmax_c,24.007269011440503,0.0,0.0,batch_02b7947b8a88233c3fdb.csv,-16.25,-58.25
25,days,1.0,2004-06-10,0.0,300,0.0,1,25,>,MAT,106443,OK,2004,Ortega Gómez et al. (2019),2004-05-30,10.0,300,precip_mm,24.007269011440503,0.0,0.0,batch_02b7947b8a88233c3fdb.csv,-16.25,-58.25
25,episodes,1.0,2010-01-04,0.0,150,0.0,2,25,>=,EST,79492,OK,2009,Li et al. 2025a,2009-12-30,34.0,150,tmax_c,20.55353841597336,0.0,0.0,batch_02b9782590109b3c347c.csv,-34.75,146.25
25,episodes,1.0,2010-02-10,1.0,475,2.0,2,25,>=,VEG,79492,OK,2009,Li et al. 2025a,2010-01-23,34.6,475,tmax_c,20.55353841597336,41.10707683194672,20.55353841597336,batch_02b9782590109b3c347c.csv,-34.75,146.25
25,episodes,1.0,2010-02-21,0.0,150,0.0,2,25,>=,REP,79492,OK,2009,Li et al. (2025b),2010-02-16,33.7,150,tmax_c,20.55353841597336,0.0,0.0,batch_02b9782590109b3c347c.csv,-34.75,146.25
25,episodes,1.0,2010-02-15,0.0,125,0.0,2,25,>=,FLO,79492,OK,2009,Li et al. (2025b),2010-02-11,33.7,125,tmax_c,20.55353841597336,0.0,0.0,batch_02b9782590109b3c347c.csv,-34.75,146.25
25,episodes,1.0,2010-03-16,0.0,575,0.0,2,25,>=,FIL,79492,OK,2009,Li et al. (2025b),2010-02-22,32.7,575,tmax_c,20.55353841597336,0.0,0.0,batch_02b9782590109b3c347c.csv,-34.75,146.25
25,days,1.0,2010-03-25,0.0,225,0.0,1,25,>,MAT,79492,OK,2009,Ortega Gómez et al. (2019),2010-03-17,10.0,225,precip_mm,20.55353841597336,0.0,0.0,batch_02b9782590109b3c347c.csv,-34.75,146.25
25,episodes,1.0,2011-01-04,1.0,150,1.0,2,25,>=,EST,79492,OK,2010,Li et al. 2025a,2010-12-30,34.0,150,tmax_c,20.55353841597336,20.55353841597336,20.55353841597336,batch_02b9782590109b3c347c.csv,-34.75,146.25
25,episodes,1.0,2011-02-10,1.0,475,1.0,2,25,>=,VEG,79492,OK,2010,Li et al. 2025a,2011-01-23,34.6,475,tmax_c,20.55353841597336,20.55353841597336,20.55353841597336,batch_02b9782590109b3c347c.csv,-34.75,146.25
25,episodes,1.0,2011-02-21,0.0,150,0.0,2,25,>=,REP,79492,OK,2010,Li et al. (2025b),2011-02-16,33.7,150,tmax_c,20.55353841597336,0.0,0.0,batch_02b9782590109b3c347c.csv,-34.75,146.25
25,episodes,1.0,2011-02-15,0.0,125,0.0,2,25,>=,FLO,79492,OK,2010,Li et al. (2025b),2011-02-11,33.7,125,tmax_c,20.55353841597336,0.0,0.0,batch_02b9782590109b3c347c.csv,-34.75,146.25
25,episodes,1.0,2011-03-16,0.0,575,0.0,2,25,>=,FIL,79492,OK,2010,Li et al. (2025b),2011-02-22,32.7,575,tmax_c,20.55353841597336,0.0,0.0,batch_02b9782590109b3c347c.csv,-34.75,146.25
25,days,1.0,2011-03-25,1.0,225,1.8004840190347984,1,25,>,MAT,79492,OK,2010,Ortega Gómez et al. (2019),2011-03-17,10.0,225,precip_mm,20.55353841597336,37.00631745257784,20.55353841597336,batch_02b9782590109b3c347c.csv,-34.75,146.25
25,episodes,1.0,2012-01-04,1.0,150,1.0,2,25,>=,EST,79492,OK,2011,Li et al. 2025a,2011-12-30,34.0,150,tmax_c,20.55353841597336,20.55353841597336,20.55353841597336,batch_02b9782590109b3c347c.csv,-34.75,146.25
25,episodes,1.0,2012-02-10,0.0,475,0.0,2,25,>=,VEG,79492,OK,2011,Li et al. 2025a,2012-01-23,34.6,475,tmax_c,20.55353841597336,0.0,0.0,batch_02b9782590109b3c347c.csv,-34.75,146.25
25,episodes,1.0,2012-02-21,0.0,150,0.0,2,25,>=,REP,79492,OK,2011,Li et al. (2025b),2012-02-16,33.7,150,tmax_c,20.55353841597336,0.0,0.0,batch_02b9782590109b3c347c.csv,-34.75,146.25
25,episodes,1.0,2012-02-15,0.0,125,0.0,2,25,>=,FLO,79492,OK,2011,Li et al. (2025b),2012-02-11,33.7,125,tmax_c,20.55353841597336,0.0,0.0,batch_02b9782590109b3c347c.csv,-34.75,146.25
25,episodes,1.0,2012-03-16,1.0,600,1.0,2,25,>=,FIL,79492,OK,2011,Li et al. (2025b),2012-02-22,32.7,600,tmax_c,20.55353841597336,20.55353841597336,20.55353841597336,batch_02b9782590109b3c347c.csv,-34.75,146.25
25,days,1.0,2012-03-25,0.0,225,0.0,1,25,>,MAT,79492,OK,2011,Ortega Gómez et al. (2019),2012-03-17,10.0,225,precip_mm,20.55353841597336,0.0,0.0,batch_02b9782590109b3c347c.csv,-34.75,146.25
25,episodes,1.0,2013-01-04,1.0,150,1.0,2,25,>=,EST,79492,OK,2012,Li et al. 2025a,2012-12-30,34.0,150,tmax_c,20.55353841597336,20.55353841597336,20.55353841597336,batch_02b9782590109b3c347c.csv,-34.75,146.25
25,episodes,1.0,2013-02-10,1.0,475,2.0,2,25,>=,VEG,79492,OK,2012,Li et al. 2025a,2013-01-23,34.6,475,tmax_c,20.55353841597336,41.10707683194672,20.55353841597336,batch_02b9782590109b3c347c.csv,-34.75,146.25
25,episodes,1.0,2013-02-21,1.0,150,1.0,2,25,>=,REP,79492,OK,2012,Li et al. (2025b),2013-02-16,33.7,150,tmax_c,20.55353841597336,20.55353841597336,20.55353841597336,batch_02b9782590109b3c347c.csv,-34.75,146.25
25,episodes,1.0,2013-02-15,0.4805319337703934,125,0.4805319337703934,2,25,>=,FLO,79492,OK,2012,Li et al. (2025b),2013-02-11,33.7,125,tmax_c,20.55353841597336,9.876631560851749,9.876631560851749,batch_02b9782590109b3c347c.csv,-34.75,146.25
25,episodes,1.0,2013-03-16,1.0,575,1.6801449620896547,2,25,>=,FIL,79492,OK,2012,Li et al. (2025b),2013-02-22,32.7,575,tmax_c,20.55353841597336,34.53292402271382,20.55353841597336,batch_02b9782590109b3c347c.csv,-34.75,146.25
25,days,1.0,2013-03-25,0.7597582341033849,225,0.7597582341033849,1,25,>,MAT,79492,OK,2012,Ortega Gómez et al. (2019),2013-03-17,10.0,225,precip_mm,20.55353841597336,15.615720051496004,15.615720051496004,batch_02b9782590109b3c347c.csv,-34.75,146.25
25,episodes,1.0,1989-03-23,0.0,175,0.0,2,25,>=,EST,95662,OK,1989,Li et al. 2025a,1989-03-17,34.0,175,tmax_c,22.89149510185507,0.0,0.0,batch_02c071ac7b55e04cc10f.csv,-23.75,-48.75
25,episodes,1.0,1989-05-05,0.0,550,0.0,2,25,>=,VEG,95662,OK,1989,Li et al. 2025a,1989-04-14,34.6,550,tmax_c,22.89149510185507,0.0,0.0,batch_02c071ac7b55e04cc10f.csv,-23.75,-48.75
25,episodes,1.0,1989-05-19,0.0,175,0.0,2,25,>=,REP,95662,OK,1989,Li et al. (2025b),1989-05-13,33.7,175,tmax_c,22.89149510185507,0.0,0.0,batch_02c071ac7b55e04cc10f.csv,-23.75,-48.75
25,episodes,1.0,1989-05-12,0.0,175,0.0,2,25,>=,FLO,95662,OK,1989,Li et al. (2025b),1989-05-06,33.7,175,tmax_c,22.89149510185507,0.0,0.0,batch_02c071ac7b55e04cc10f.csv,-23.75,-48.75
25,episodes,1.0,1989-06-15,0.0,675,0.0,2,25,>=,FIL,95662,OK,1989,Li et al. (2025b),1989-05-20,32.7,675,tmax_c,22.89149510185507,0.0,0.0,batch_02c071ac7b55e04cc10f.csv,-23.75,-48.75
25,days,1.0,1989-06-25,1.0,250,1.0,1,25,>,MAT,95662,OK,1989,Ortega Gómez et al. (2019),1989-06-16,10.0,250,precip_mm,22.89149510185507,22.89149510185507,22.89149510185507,batch_02c071ac7b55e04cc10f.csv,-23.75,-48.75
25,episodes,1.0,1990-03-23,0.0,175,0.0,2,25,>=,EST,95662,OK,1990,Li et al. 2025a,1990-03-17,34.0,175,tmax_c,22.89149510185507,0.0,0.0,batch_02c071ac7b55e04cc10f.csv,-23.75,-48.75
25,episodes,1.0,1990-05-05,0.0,550,0.0,2,25,>=,VEG,95662,OK,1990,Li et al. 2025a,1990-04-14,34.6,550,tmax_c,22.89149510185507,0.0,0.0,batch_02c071ac7b55e04cc10f.csv,-23.75,-48.75
25,episodes,1.0,1990-05-19,0.0,175,0.0,2,25,>=,REP,95662,OK,1990,Li et al. (2025b),1990-05-13,33.7,175,tmax_c,22.89149510185507,0.0,0.0,batch_02c071ac7b55e04cc10f.csv,-23.75,-48.75
25,episodes,1.0,1990-05-12,0.0,175,0.0,2,25,>=,FLO,95662,OK,1990,Li et al. (2025b),1990-05-06,33.7,175,tmax_c,22.89149510185507,0.0,0.0,batch_02c071ac7b55e04cc10f.csv,-23.75,-48.75
25,episodes,1.0,1990-06-15,0.0,675,0.0,2,25,>=,FIL,95662,OK,1990,Li et al. (2025b),1990-05-20,32.7,675,tmax_c,22.89149510185507,0.0,0.0,batch_02c071ac7b55e04cc10f.csv,-23.75,-48.75
25,days,1.0,1990-06-25,0.7596634436934605,250,0.7596634436934605,1,25,>,MAT,95662,OK,1990,Ortega Gómez et al. (2019),1990-06-16,10.0,250,precip_mm,22.89149510185507,17.389832000367207,17.389832000367207,batch_02c071ac7b55e04cc10f.csv,-23.75,-48.75
25,episodes,1.0,1991-03-23,0.0,175,0.0,2,25,>=,EST,95662,OK,1991,Li et al. 2025a,1991-03-17,34.0,175,tmax_c,22.89149510185507,0.0,0.0,batch_02c071ac7b55e04cc10f.csv,-23.75,-48.75
25,episodes,1.0,1991-05-05,0.0,550,0.0,2,25,>=,VEG,95662,OK,1991,Li et al. 2025a,1991-04-14,34.6,550,tmax_c,22.89149510185507,0.0,0.0,batch_02c071ac7b55e04cc10f.csv,-23.75,-48.75
25,episodes,1.0,1991-05-19,0.0,175,0.0,2,25,>=,REP,95662,OK,1991,Li et al. (2025b),1991-05-13,33.7,175,tmax_c,22.89149510185507,0.0,0.0,batch_02c071ac7b55e04cc10f.csv,-23.75,-48.75
25,episodes,1.0,1991-05-12,0.0,175,0.0,2,25,>=,FLO,95662,OK,1991,Li et al. (2025b),1991-05-06,33.7,175,tmax_c,22.89149510185507,0.0,0.0,batch_02c071ac7b55e04cc10f.csv,-23.75,-48.75
25,episodes,1.0,1991-06-15,0.0,675,0.0,2,25,>=,FIL,95662,OK,1991,Li et al. (2025b),1991-05-20,32.7,675,tmax_c,22.89149510185507,0.0,0.0,batch_02c071ac7b55e04cc10f.csv,-23.75,-48.75
25,days,1.0,1991-06-25,1.0,250,4.0,1,25,>,MAT,95662,OK,1991,Ortega Gómez et al. (2019),1991-06-16,10.0,250,precip_mm,22.89149510185507,91.56598040742028,22.89149510185507,batch_02c071ac7b55e04cc10f.csv,-23.75,-48.75
25,episodes,1.0,1992-03-23,0.0,175,0.0,2,25,>=,EST,95662,OK,1992,Li et al. 2025a,1992-03-17,34.0,175,tmax_c,22.89149510185507,0.0,0.0,batch_02c071ac7b55e04cc10f.csv,-23.75,-48.75
25,episodes,1.0,1992-05-05,0.0,550,0.0,2,25,>=,VEG,95662,OK,1992,Li et al. 2025a,1992-04-14,34.6,550,tmax_c,22.89149510185507,0.0,0.0,batch_02c071ac7b55e04cc10f.csv,-23.75,-48.75
25,episodes,1.0,1992-05-19,0.0,175,0.0,2,25,>=,REP,95662,OK,1992,Li et al. (2025b),1992-05-13,33.7,175,tmax_c,22.89149510185507,0.0,0.0,batch_02c071ac7b55e04cc10f.csv,-23.75,-48.75
25,episodes,1.0,1992-05-12,0.0,175,0.0,2,25,>=,FLO,95662,OK,1992,Li et al. (2025b),1992-05-06,33.7,175,tmax_c,22.89149510185507,0.0,0.0,batch_02c071ac7b55e04cc10f.csv,-23.75,-48.75
25,episodes,1.0,1992-06-15,0.0,675,0.0,2,25,>=,FIL,95662,OK,1992,Li et al. (2025b),1992-05-20,32.7,675,tmax_c,22.89149510185507,0.0,0.0,batch_02c071ac7b55e04cc10f.csv,-23.75,-48.75
25,days,1.0,1992-06-25,0.0,250,0.0,1,25,>,MAT,95662,OK,1992,Ortega Gómez et al. (2019),1992-06-16,10.0,250,precip_mm,22.89149510185507,0.0,0.0,batch_02c071ac7b55e04cc10f.csv,-23.75,-48.75
25,episodes,1.0,2013-12-09,0.6001601260995568,225,0.6001601260995568,2,25,>=,EST,93689,OK,2013,Li et al. 2025a,2013-12-01,34.0,225,tmax_c,22.712635251373527,13.631218036517575,13.631218036517575,batch_02c52b341d636dab4154.csv,-24.75,44.75
25,episodes,1.0,2014-02-03,0.0,725,0.0,2,25,>=,VEG,93689,OK,2013,Li et al. 2025a,2014-01-06,34.6,725,tmax_c,22.712635251373527,0.0,0.0,batch_02c52b341d636dab4154.csv,-24.75,44.75
25,episodes,1.0,2014-02-20,0.3995502090655415,225,0.3995502090655415,2,25,>=,REP,93689,OK,2013,Li et al. (2025b),2014-02-12,33.7,225,tmax_c,22.712635251373527,9.07483816311568,9.07483816311568,batch_02c52b341d636dab4154.csv,-24.75,44.75
25,episodes,1.0,2014-02-11,0.0,200,0.0,2,25,>=,FLO,93689,OK,2013,Li et al. (2025b),2014-02-04,33.7,200,tmax_c,22.712635251373527,0.0,0.0,batch_02c52b341d636dab4154.csv,-24.75,44.75
25,episodes,1.0,2014-03-27,1.0,875,2.319935413452067,2,25,>=,FIL,93689,OK,2013,Li et al. (2025b),2014-02-21,32.7,875,tmax_c,22.712635251373527,52.691846852481234,22.712635251373527,batch_02c52b341d636dab4154.csv,-24.75,44.75
25,days,1.0,2014-04-09,0.0,325,0.0,1,25,>,MAT,93689,OK,2013,Ortega Gómez et al. (2019),2014-03-28,10.0,325,precip_mm,22.712635251373527,0.0,0.0,batch_02c52b341d636dab4154.csv,-24.75,44.75
25,episodes,1.0,2014-12-09,0.0,225,0.0,2,25,>=,EST,93689,OK,2014,Li et al. 2025a,2014-12-01,34.0,225,tmax_c,22.712635251373527,0.0,0.0,batch_02c52b341d636dab4154.csv,-24.75,44.75
25,episodes,1.0,2015-02-03,1.0,725,2.0,2,25,>=,VEG,93689,OK,2014,Li et al. 2025a,2015-01-06,34.6,725,tmax_c,22.712635251373527,45.425270502747054,22.712635251373527,batch_02c52b341d636dab4154.csv,-24.75,44.75
25,episodes,1.0,2015-02-20,0.0,225,0.0,2,25,>=,REP,93689,OK,2014,Li et al. (2025b),2015-02-12,33.7,225,tmax_c,22.712635251373527,0.0,0.0,batch_02c52b341d636dab4154.csv,-24.75,44.75
25,episodes,1.0,2015-02-11,0.0,200,0.0,2,25,>=,FLO,93689,OK,2014,Li et al. (2025b),2015-02-04,33.7,200,tmax_c,22.712635251373527,0.0,0.0,batch_02c52b341d636dab4154.csv,-24.75,44.75
25,episodes,1.0,2015-03-27,0.6397108225538854,875,0.6397108225538854,2,25,>=,FIL,93689,OK,2014,Li et al. (2025b),2015-02-21,32.7,875,tmax_c,22.712635251373527,14.529518579022534,14.529518579022534,batch_02c52b341d636dab4154.csv,-24.75,44.75
25,days,1.0,2015-04-09,0.0,325,0.0,1,25,>,MAT,93689,OK,2014,Ortega Gómez et al. (2019),2015-03-28,10.0,325,precip_mm,22.712635251373527,0.0,0.0,batch_02c52b341d636dab4154.csv,-24.75,44.75
25,episodes,1.0,2015-12-09,1.0,225,1.040064099159146,2,25,>=,EST,93689,OK,2015,Li et al. 2025a,2015-12-01,34.0,225,tmax_c,22.712635251373527,23.62259652225007,22.712635251373527,batch_02c52b341d636dab4154.csv,-24.75,44.75
25,episodes,1.0,2016-02-03,1.0,725,3.640064099159147,2,25,>=,VEG,93689,OK,2015,Li et al. 2025a,2016-01-06,34.6,725,tmax_c,22.712635251373527,82.67544817582126,22.712635251373527,batch_02c52b341d636dab4154.csv,-24.75,44.75
25,episodes,1.0,2016-02-20,1.0,225,1.0,2,25,>=,REP,93689,OK,2015,Li et al. (2025b),2016-02-12,33.7,225,tmax_c,22.712635251373527,22.712635251373527,22.712635251373527,batch_02c52b341d636dab4154.csv,-24.75,44.75
25,episodes,1.0,2016-02-11,1.0,200,1.0,2,25,>=,FLO,93689,OK,2015,Li et al. (2025b),2016-02-04,33.7,200,tmax_c,22.712635251373527,22.712635251373527,22.712635251373527,batch_02c52b341d636dab4154.csv,-24.75,44.75
25,episodes,1.0,2016-03-27,1.0,900,3.6005143773845405,2,25,>=,FIL,93689,OK,2015,Li et al. (2025b),2016-02-21,32.7,900,tmax_c,22.712635251373527,81.77716977086132,22.712635251373527,batch_02c52b341d636dab4154.csv,-24.75,44.75
25,days,1.0,2016-04-09,1.0,325,1.0,1,25,>,MAT,93689,OK,2015,Ortega Gómez et al. (2019),2016-03-28,10.0,325,precip_mm,22.712635251373527,22.712635251373527,22.712635251373527,batch_02c52b341d636dab4154.csv,-24.75,44.75
25,episodes,1.0,2016-12-09,1.0,225,1.0,2,25,>=,EST,93689,OK,2016,Li et al. 2025a,2016-12-01,34.0,225,tmax_c,22.712635251373527,22.712635251373527,22.712635251373527,batch_02c52b341d636dab4154.csv,-24.75,44.75
25,episodes,1.0,2017-02-03,0.0,725,0.0,2,25,>=,VEG,93689,OK,2016,Li et al. 2025a,2017-01-06,34.6,725,tmax_c,22.712635251373527,0.0,0.0,batch_02c52b341d636dab4154.csv,-24.75,44.75
25,episodes,1.0,2017-02-20,0.4395181594370428,225,0.4395181594370428,2,25,>=,REP,93689,OK,2016,Li et al. (2025b),2017-02-12,33.7,225,tmax_c,22.712635251373527,9.98261564164859,9.98261564164859,batch_02c52b341d636dab4154.csv,-24.75,44.75
25,episodes,1.0,2017-02-11,1.0,200,1.0,2,25,>=,FLO,93689,OK,2016,Li et al. (2025b),2017-02-04,33.7,200,tmax_c,22.712635251373527,22.712635251373527,22.712635251373527,batch_02c52b341d636dab4154.csv,-24.75,44.75
25,episodes,1.0,2017-03-27,0.9599359008408542,875,1.6391647610824742,2,25,>=,FIL,93689,OK,2016,Li et al. (2025b),2017-02-21,32.7,875,tmax_c,22.712635251373527,37.22975133537107,21.802673980496987,batch_02c52b341d636dab4154.csv,-24.75,44.75
25,days,1.0,2017-04-09,0.0,325,0.0,1,25,>,MAT,93689,OK,2016,Ortega Gómez et al. (2019),2017-03-28,10.0,325,precip_mm,22.712635251373527,0.0,0.0,batch_02c52b341d636dab4154.csv,-24.75,44.75
25,episodes,1.0,2006-01-04,1.0,150,1.0,2,25,>=,EST,78055,OK,2005,Li et al. 2025a,2005-12-30,34.0,150,tmax_c,20.302026328651376,20.302026328651376,20.302026328651376,batch_02c87f30af8fec8edad7.csv,-35.75,147.75
25,episodes,1.0,2006-02-10,0.0801504368609219,475,0.0801504368609219,2,25,>=,VEG,78055,OK,2005,Li et al. 2025a,2006-01-23,34.6,475,tmax_c,20.302026328651376,1.627216279403347,1.627216279403347,batch_02c87f30af8fec8edad7.csv,-35.75,147.75
25,episodes,1.0,2006-02-21,0.0,150,0.0,2,25,>=,REP,78055,OK,2005,Li et al. (2025b),2006-02-16,33.7,150,tmax_c,20.302026328651376,0.0,0.0,batch_02c87f30af8fec8edad7.csv,-35.75,147.75
25,episodes,1.0,2006-02-15,0.0,125,0.0,2,25,>=,FLO,78055,OK,2005,Li et al. (2025b),2006-02-11,33.7,125,tmax_c,20.302026328651376,0.0,0.0,batch_02c87f30af8fec8edad7.csv,-35.75,147.75
25,episodes,1.0,2006-03-16,0.0,575,0.0,2,25,>=,FIL,78055,OK,2005,Li et al. (2025b),2006-02-22,32.7,575,tmax_c,20.302026328651376,0.0,0.0,batch_02c87f30af8fec8edad7.csv,-35.75,147.75
25,days,1.0,2006-03-25,0.0,225,0.0,1,25,>,MAT,78055,OK,2005,Ortega Gómez et al. (2019),2006-03-17,10.0,225,precip_mm,20.302026328651376,0.0,0.0,batch_02c87f30af8fec8edad7.csv,-35.75,147.75
25,episodes,1.0,2007-01-04,0.0,150,0.0,2,25,>=,EST,78055,OK,2006,Li et al. 2025a,2006-12-30,34.0,150,tmax_c,20.302026328651376,0.0,0.0,batch_02c87f30af8fec8edad7.csv,-35.75,147.75
25,episodes,1.0,2007-02-10,0.8003009955690779,475,0.8003009955690779,2,25,>=,VEG,78055,OK,2006,Li et al. 2025a,2007-01-23,34.6,475,tmax_c,20.302026328651376,16.247731882889326,16.247731882889326,batch_02c87f30af8fec8edad7.csv,-35.75,147.75
25,episodes,1.0,2007-02-21,0.0,150,0.0,2,25,>=,REP,78055,OK,2006,Li et al. (2025b),2007-02-16,33.7,150,tmax_c,20.302026328651376,0.0,0.0,batch_02c87f30af8fec8edad7.csv,-35.75,147.75
25,episodes,1.0,2007-02-15,0.0,125,0.0,2,25,>=,FLO,78055,OK,2006,Li et al. (2025b),2007-02-11,33.7,125,tmax_c,20.302026328651376,0.0,0.0,batch_02c87f30af8fec8edad7.csv,-35.75,147.75
25,episodes,1.0,2007-03-16,0.0,575,0.0,2,25,>=,FIL,78055,OK,2006,Li et al. (2025b),2007-02-22,32.7,575,tmax_c,20.302026328651376,0.0,0.0,batch_02c87f30af8fec8edad7.csv,-35.75,147.75
25,days,1.0,2007-03-25,1.0,225,1.4393981307090784,1,25,>,MAT,78055,OK,2006,Ortega Gómez et al. (2019),2007-03-17,10.0,225,precip_mm,20.302026328651376,29.222698747067284,20.302026328651376,batch_02c87f30af8fec8edad7.csv,-35.75,147.75
25,episodes,1.0,2008-01-04,0.0,150,0.0,2,25,>=,EST,78055,OK,2007,Li et al. 2025a,2007-12-30,34.0,150,tmax_c,20.302026328651376,0.0,0.0,batch_02c87f30af8fec8edad7.csv,-35.75,147.75
25,episodes,1.0,2008-02-10,0.0,475,0.0,2,25,>=,VEG,78055,OK,2007,Li et al. 2025a,2008-01-23,34.6,475,tmax_c,20.302026328651376,0.0,0.0,batch_02c87f30af8fec8edad7.csv,-35.75,147.75
25,episodes,1.0,2008-02-21,0.0,150,0.0,2,25,>=,REP,78055,OK,2007,Li et al. (2025b),2008-02-16,33.7,150,tmax_c,20.302026328651376,0.0,0.0,batch_02c87f30af8fec8edad7.csv,-35.75,147.75
25,episodes,1.0,2008-02-15,0.0,125,0.0,2,25,>=,FLO,78055,OK,2007,Li et al. (2025b),2008-02-11,33.7,125,tmax_c,20.302026328651376,0.0,0.0,batch_02c87f30af8fec8edad7.csv,-35.75,147.75
25,episodes,1.0,2008-03-16,0.6004010836800683,600,0.6004010836800683,2,25,>=,FIL,78055,OK,2007,Li et al. (2025b),2008-02-22,32.7,600,tmax_c,20.302026328651376,12.189358608623564,12.189358608623564,batch_02c87f30af8fec8edad7.csv,-35.75,147.75
25,days,1.0,2008-03-25,1.0,225,2.0,1,25,>,MAT,78055,OK,2007,Ortega Gómez et al. (2019),2008-03-17,10.0,225,precip_mm,20.302026328651376,40.60405265730275,20.302026328651376,batch_02c87f30af8fec8edad7.csv,-35.75,147.75
25,episodes,1.0,2009-01-04,0.0,150,0.0,2,25,>=,EST,78055,OK,2008,Li et al. 2025a,2008-12-30,34.0,150,tmax_c,20.302026328651376,0.0,0.0,batch_02c87f30af8fec8edad7.csv,-35.75,147.75
25,episodes,1.0,2009-02-10,1.0,475,1.8798494412918445,2,25,>=,VEG,78055,OK,2008,Li et al. 2025a,2009-01-23,34.6,475,tmax_c,20.302026328651376,38.164752851007606,20.302026328651376,batch_02c87f30af8fec8edad7.csv,-35.75,147.75
25,episodes,1.0,2009-02-21,0.0,150,0.0,2,25,>=,REP,78055,OK,2008,Li et al. (2025b),2009-02-16,33.7,150,tmax_c,20.302026328651376,0.0,0.0,batch_02c87f30af8fec8edad7.csv,-35.75,147.75
25,episodes,1.0,2009-02-15,0.0,125,0.0,2,25,>=,FLO,78055,OK,2008,Li et al. (2025b),2009-02-11,33.7,125,tmax_c,20.302026328651376,0.0,0.0,batch_02c87f30af8fec8edad7.csv,-35.75,147.75
25,episodes,1.0,2009-03-16,0.0,575,0.0,2,25,>=,FIL,78055,OK,2008,Li et al. (2025b),2009-02-22,32.7,575,tmax_c,20.302026328651376,0.0,0.0,batch_02c87f30af8fec8edad7.csv,-35.75,147.75
25,days,1.0,2009-03-25,0.0,225,0.0,1,25,>,MAT,78055,OK,2008,Ortega Gómez et al. (2019),2009-03-17,10.0,225,precip_mm,20.302026328651376,0.0,0.0,batch_02c87f30af8fec8edad7.csv,-35.75,147.75
25,episodes,1.0,2005-02-21,0.0,200,0.0,2,25,>=,EST,106445,OK,2005,Li et al. 2025a,2005-02-14,34.0,200,tmax_c,24.007269011440503,0.0,0.0,batch_02cb787812ed6f62110a.csv,-16.25,-57.25
25,episodes,1.0,2005-04-12,0.0,625,0.0,2,25,>=,VEG,106445,OK,2005,Li et al. 2025a,2005-03-19,34.6,625,tmax_c,24.007269011440503,0.0,0.0,batch_02cb787812ed6f62110a.csv,-16.25,-57.25
25,episodes,1.0,2005-04-28,0.0,200,0.0,2,25,>=,REP,106445,OK,2005,Li et al. (2025b),2005-04-21,33.7,200,tmax_c,24.007269011440503,0.0,0.0,batch_02cb787812ed6f62110a.csv,-16.25,-57.25
25,episodes,1.0,2005-04-20,0.5199392130283548,200,0.759919235055801,2,25,>=,FLO,106445,OK,2005,Li et al. (2025b),2005-04-13,33.7,200,tmax_c,24.007269011440503,18.243585502952705,12.482320556768386,batch_02cb787812ed6f62110a.csv,-16.25,-57.25
25,episodes,1.0,2005-05-29,0.6398986477854045,775,0.6398986477854045,2,25,>=,FIL,106445,OK,2005,Li et al. (2025b),2005-04-29,32.7,775,tmax_c,24.007269011440503,15.362218977441223,15.362218977441223,batch_02cb787812ed6f62110a.csv,-16.25,-57.25
25,days,1.0,2005-06-10,0.0,300,0.0,1,25,>,MAT,106445,OK,2005,Ortega Gómez et al. (2019),2005-05-30,10.0,300,precip_mm,24.007269011440503,0.0,0.0,batch_02cb787812ed6f62110a.csv,-16.25,-57.25
25,episodes,1.0,2006-02-21,0.0,200,0.0,2,25,>=,EST,106445,OK,2006,Li et al. 2025a,2006-02-14,34.0,200,tmax_c,24.007269011440503,0.0,0.0,batch_02cb787812ed6f62110a.csv,-16.25,-57.25
25,episodes,1.0,2006-04-12,0.0,625,0.0,2,25,>=,VEG,106445,OK,2006,Li et al. 2025a,2006-03-19,34.6,625,tmax_c,24.007269011440503,0.0,0.0,batch_02cb787812ed6f62110a.csv,-16.25,-57.25
25,episodes,1.0,2006-04-28,0.0,200,0.0,2,25,>=,REP,106445,OK,2006,Li et al. (2025b),2006-04-21,33.7,200,tmax_c,24.007269011440503,0.0,0.0,batch_02cb787812ed6f62110a.csv,-16.25,-57.25
25,episodes,1.0,2006-04-20,0.0,200,0.0,2,25,>=,FLO,106445,OK,2006,Li et al. (2025b),2006-04-13,33.7,200,tmax_c,24.007269011440503,0.0,0.0,batch_02cb787812ed6f62110a.csv,-16.25,-57.25
25,episodes,1.0,2006-05-29,0.0,775,0.0,2,25,>=,FIL,106445,OK,2006,Li et al. (2025b),2006-04-29,32.7,775,tmax_c,24.007269011440503,0.0,0.0,batch_02cb787812ed6f62110a.csv,-16.25,-57.25
25,days,1.0,2006-06-10,0.0,300,0.0,1,25,>,MAT,106445,OK,2006,Ortega Gómez et al. (2019),2006-05-30,10.0,300,precip_mm,24.007269011440503,0.0,0.0,batch_02cb787812ed6f62110a.csv,-16.25,-57.25
25,episodes,1.0,2007-02-21,0.0,200,0.0,2,25,>=,EST,106445,OK,2007,Li et al. 2025a,2007-02-14,34.0,200,tmax_c,24.007269011440503,0.0,0.0,batch_02cb787812ed6f62110a.csv,-16.25,-57.25
25,episodes,1.0,2007-04-12,0.0,625,0.0,2,25,>=,VEG,106445,OK,2007,Li et al. 2025a,2007-03-19,34.6,625,tmax_c,24.007269011440503,0.0,0.0,batch_02cb787812ed6f62110a.csv,-16.25,-57.25
25,episodes,1.0,2007-04-28,0.0,200,0.0,2,25,>=,REP,106445,OK,2007,Li et al. (2025b),2007-04-21,33.7,200,tmax_c,24.007269011440503,0.0,0.0,batch_02cb787812ed6f62110a.csv,-16.25,-57.25
25,episodes,1.0,2007-04-20,0.03995931290989,200,0.03995931290989,2,25,>=,FLO,106445,OK,2007,Li et al. (2025b),2007-04-13,33.7,200,tmax_c,24.007269011440503,0.9593139745400576,0.9593139745400576,batch_02cb787812ed6f62110a.csv,-16.25,-57.25
25,episodes,1.0,2007-05-29,0.6799390911811208,775,1.3598781823622417,2,25,>=,FIL,106445,OK,2007,Li et al. (2025b),2007-04-29,32.7,775,tmax_c,24.007269011440503,32.646961346759085,16.323480673379542,batch_02cb787812ed6f62110a.csv,-16.25,-57.25
25,days,1.0,2007-06-10,0.0,300,0.0,1,25,>,MAT,106445,OK,2007,Ortega Gómez et al. (2019),2007-05-30,10.0,300,precip_mm,24.007269011440503,0.0,0.0,batch_02cb787812ed6f62110a.csv,-16.25,-57.25
25,episodes,1.0,2008-02-21,0.0,200,0.0,2,25,>=,EST,106445,OK,2008,Li et al. 2025a,2008-02-14,34.0,200,tmax_c,24.007269011440503,0.0,0.0,batch_02cb787812ed6f62110a.csv,-16.25,-57.25
25,episodes,1.0,2008-04-12,0.0,625,0.0,2,25,>=,VEG,106445,OK,2008,Li et al. 2025a,2008-03-19,34.6,625,tmax_c,24.007269011440503,0.0,0.0,batch_02cb787812ed6f62110a.csv,-16.25,-57.25
25,episodes,1.0,2008-04-28,0.0,200,0.0,2,25,>=,REP,106445,OK,2008,Li et al. (2025b),2008-04-21,33.7,200,tmax_c,24.007269011440503,0.0,0.0,batch_02cb787812ed6f62110a.csv,-16.25,-57.25
25,episodes,1.0,2008-04-20,0.0,200,0.0,2,25,>=,FLO,106445,OK,2008,Li et al. (2025b),2008-04-13,33.7,200,tmax_c,24.007269011440503,0.0,0.0,batch_02cb787812ed6f62110a.csv,-16.25,-57.25
25,episodes,1.0,2008-05-29,0.4398986477854045,775,0.4398986477854045,2,25,>=,FIL,106445,OK,2008,Li et al. (2025b),2008-04-29,32.7,775,tmax_c,24.007269011440503,10.560765175153124,10.560765175153124,batch_02cb787812ed6f62110a.csv,-16.25,-57.25
25,days,1.0,2008-06-10,0.0,300,0.0,1,25,>,MAT,106445,OK,2008,Ortega Gómez et al. (2019),2008-05-30,10.0,300,precip_mm,24.007269011440503,0.0,0.0,batch_02cb787812ed6f62110a.csv,-16.25,-57.25
25,episodes,1.0,1997-02-23,0.0,250,0.0,2,25,>=,EST,101417,OK,1997,Li et al. 2025a,1997-02-14,34.0,250,tmax_c,23.536691923280788,0.0,0.0,batch_02d1a654820d97d0217a.csv,-19.75,-51.25
25,episodes,1.0,1997-04-28,0.0,825,0.0,2,25,>=,VEG,101417,OK,1997,Li et al. 2025a,1997-03-27,34.6,825,tmax_c,23.536691923280788,0.0,0.0,batch_02d1a654820d97d0217a.csv,-19.75,-51.25
25,episodes,1.0,1997-05-17,0.0,275,0.0,2,25,>=,REP,101417,OK,1997,Li et al. (2025b),1997-05-07,33.7,275,tmax_c,23.536691923280788,0.0,0.0,batch_02d1a654820d97d0217a.csv,-19.75,-51.25
25,episodes,1.0,1997-05-06,0.0,200,0.0,2,25,>=,FLO,101417,OK,1997,Li et al. (2025b),1997-04-29,33.7,200,tmax_c,23.536691923280788,0.0,0.0,batch_02d1a654820d97d0217a.csv,-19.75,-51.25
25,episodes,1.0,1997-06-25,0.0,975,0.0,2,25,>=,FIL,101417,OK,1997,Li et al. (2025b),1997-05-18,32.7,975,tmax_c,23.536691923280788,0.0,0.0,batch_02d1a654820d97d0217a.csv,-19.75,-51.25
25,days,1.0,1997-07-10,0.0,375,0.0,1,25,>,MAT,101417,OK,1997,Ortega Gómez et al. (2019),1997-06-26,10.0,375,precip_mm,23.536691923280788,0.0,0.0,batch_02d1a654820d97d0217a.csv,-19.75,-51.25
25,episodes,1.0,1998-02-23,0.0,250,0.0,2,25,>=,EST,101417,OK,1998,Li et al. 2025a,1998-02-14,34.0,250,tmax_c,23.536691923280788,0.0,0.0,batch_02d1a654820d97d0217a.csv,-19.75,-51.25
25,episodes,1.0,1998-04-28,0.0,825,0.0,2,25,>=,VEG,101417,OK,1998,Li et al. 2025a,1998-03-27,34.6,825,tmax_c,23.536691923280788,0.0,0.0,batch_02d1a654820d97d0217a.csv,-19.75,-51.25
25,episodes,1.0,1998-05-17,0.0,275,0.0,2,25,>=,REP,101417,OK,1998,Li et al. (2025b),1998-05-07,33.7,275,tmax_c,23.536691923280788,0.0,0.0,batch_02d1a654820d97d0217a.csv,-19.75,-51.25
25,episodes,1.0,1998-05-06,0.0,200,0.0,2,25,>=,FLO,101417,OK,1998,Li et al. (2025b),1998-04-29,33.7,200,tmax_c,23.536691923280788,0.0,0.0,batch_02d1a654820d97d0217a.csv,-19.75,-51.25
25,episodes,1.0,1998-06-25,0.0,975,0.0,2,25,>=,FIL,101417,OK,1998,Li et al. (2025b),1998-05-18,32.7,975,tmax_c,23.536691923280788,0.0,0.0,batch_02d1a654820d97d0217a.csv,-19.75,-51.25
25,days,1.0,1998-07-10,0.0,375,0.0,1,25,>,MAT,101417,OK,1998,Ortega Gómez et al. (2019),1998-06-26,10.0,375,precip_mm,23.536691923280788,0.0,0.0,batch_02d1a654820d97d0217a.csv,-19.75,-51.25
25,episodes,1.0,1999-02-23,0.0,250,0.0,2,25,>=,EST,101417,OK,1999,Li et al. 2025a,1999-02-14,34.0,250,tmax_c,23.536691923280788,0.0,0.0,batch_02d1a654820d97d0217a.csv,-19.75,-51.25
25,episodes,1.0,1999-04-28,0.0,825,0.0,2,25,>=,VEG,101417,OK,1999,Li et al. 2025a,1999-03-27,34.6,825,tmax_c,23.536691923280788,0.0,0.0,batch_02d1a654820d97d0217a.csv,-19.75,-51.25
25,episodes,1.0,1999-05-17,0.0,275,0.0,2,25,>=,REP,101417,OK,1999,Li et al. (2025b),1999-05-07,33.7,275,tmax_c,23.536691923280788,0.0,0.0,batch_02d1a654820d97d0217a.csv,-19.75,-51.25
25,episodes,1.0,1999-05-06,0.0,200,0.0,2,25,>=,FLO,101417,OK,1999,Li et al. (2025b),1999-04-29,33.7,200,tmax_c,23.536691923280788,0.0,0.0,batch_02d1a654820d97d0217a.csv,-19.75,-51.25
25,episodes,1.0,1999-06-25,0.0,975,0.0,2,25,>=,FIL,101417,OK,1999,Li et al. (2025b),1999-05-18,32.7,975,tmax_c,23.536691923280788,0.0,0.0,batch_02d1a654820d97d0217a.csv,-19.75,-51.25
25,days,1.0,1999-07-10,0.0,375,0.0,1,25,>,MAT,101417,OK,1999,Ortega Gómez et al. (2019),1999-06-26,10.0,375,precip_mm,23.536691923280788,0.0,0.0,batch_02d1a654820d97d0217a.csv,-19.75,-51.25
25,episodes,1.0,2000-02-23,0.0,250,0.0,2,25,>=,EST,101417,OK,2000,Li et al. 2025a,2000-02-14,34.0,250,tmax_c,23.536691923280788,0.0,0.0,batch_02d1a654820d97d0217a.csv,-19.75,-51.25
25,episodes,1.0,2000-04-28,0.0,825,0.0,2,25,>=,VEG,101417,OK,2000,Li et al. 2025a,2000-03-27,34.6,825,tmax_c,23.536691923280788,0.0,0.0,batch_02d1a654820d97d0217a.csv,-19.75,-51.25
25,episodes,1.0,2000-05-17,0.0,275,0.0,2,25,>=,REP,101417,OK,2000,Li et al. (2025b),2000-05-07,33.7,275,tmax_c,23.536691923280788,0.0,0.0,batch_02d1a654820d97d0217a.csv,-19.75,-51.25
25,episodes,1.0,2000-05-06,0.0,200,0.0,2,25,>=,FLO,101417,OK,2000,Li et al. (2025b),2000-04-29,33.7,200,tmax_c,23.536691923280788,0.0,0.0,batch_02d1a654820d97d0217a.csv,-19.75,-51.25
25,episodes,1.0,2000-06-25,0.0,975,0.0,2,25,>=,FIL,101417,OK,2000,Li et al. (2025b),2000-05-18,32.7,975,tmax_c,23.536691923280788,0.0,0.0,batch_02d1a654820d97d0217a.csv,-19.75,-51.25
25,days,1.0,2000-07-10,0.0,375,0.0,1,25,>,MAT,101417,OK,2000,Ortega Gómez et al. (2019),2000-06-26,10.0,375,precip_mm,23.536691923280788,0.0,0.0,batch_02d1a654820d97d0217a.csv,-19.75,-51.25
25,episodes,1.0,2009-08-26,0.0,275,0.0,2,25,>=,EST,90606,OK,2009,Li et al. 2025a,2009-08-16,34.0,275,tmax_c,22.235341599410717,0.0,0.0,batch_02dd3cb36519353c18a3.csv,-27.25,-56.75
25,episodes,1.0,2009-11-04,0.9201437602235956,900,0.9201437602235956,2,25,>=,VEG,90606,OK,2009,Li et al. 2025a,2009-09-30,34.6,900,tmax_c,22.235341599410717,20.459710829137908,20.459710829137908,batch_02dd3cb36519353c18a3.csv,-27.25,-56.75
25,episodes,1.0,2009-11-25,0.9201437602235956,275,0.9201437602235956,2,25,>=,REP,90606,OK,2009,Li et al. (2025b),2009-11-15,33.7,275,tmax_c,22.235341599410717,20.459710829137908,20.459710829137908,batch_02dd3cb36519353c18a3.csv,-27.25,-56.75
25,episodes,1.0,2009-11-14,0.0,250,0.0,2,25,>=,FLO,90606,OK,2009,Li et al. (2025b),2009-11-05,33.7,250,tmax_c,22.235341599410717,0.0,0.0,batch_02dd3cb36519353c18a3.csv,-27.25,-56.75
25,episodes,1.0,2010-01-08,0.9201437602235956,1100,1.4403238260993458,2,25,>=,FIL,90606,OK,2009,Li et al. (2025b),2009-11-26,32.7,1100,tmax_c,22.235341599410717,32.026092287089185,20.459710829137908,batch_02dd3cb36519353c18a3.csv,-27.25,-56.75
25,days,1.0,2010-01-24,1.0,400,6.320574188073371,1,25,>,MAT,90606,OK,2009,Ortega Gómez et al. (2019),2010-01-09,10.0,400,precip_mm,22.235341599410717,140.54012617622942,22.235341599410717,batch_02dd3cb36519353c18a3.csv,-27.25,-56.75
25,episodes,1.0,2010-08-26,0.0,275,0.0,2,25,>=,EST,90606,OK,2010,Li et al. 2025a,2010-08-16,34.0,275,tmax_c,22.235341599410717,0.0,0.0,batch_02dd3cb36519353c18a3.csv,-27.25,-56.75
25,episodes,1.0,2010-11-04,0.0,900,0.0,2,25,>=,VEG,90606,OK,2010,Li et al. 2025a,2010-09-30,34.6,900,tmax_c,22.235341599410717,0.0,0.0,batch_02dd3cb36519353c18a3.csv,-27.25,-56.75
25,episodes,1.0,2010-11-25,0.0,275,0.0,2,25,>=,REP,90606,OK,2010,Li et al. (2025b),2010-11-15,33.7,275,tmax_c,22.235341599410717,0.0,0.0,batch_02dd3cb36519353c18a3.csv,-27.25,-56.75
25,episodes,1.0,2010-11-14,0.0,250,0.0,2,25,>=,FLO,90606,OK,2010,Li et al. (2025b),2010-11-05,33.7,250,tmax_c,22.235341599410717,0.0,0.0,batch_02dd3cb36519353c18a3.csv,-27.25,-56.75
25,episodes,1.0,2011-01-08,0.0,1100,0.0,2,25,>=,FIL,90606,OK,2010,Li et al. (2025b),2010-11-26,32.7,1100,tmax_c,22.235341599410717,0.0,0.0,batch_02dd3cb36519353c18a3.csv,-27.25,-56.75
25,days,1.0,2011-01-24,1.0,400,2.080430062308076,1,25,>,MAT,90606,OK,2010,Ortega Gómez et al. (2019),2011-01-09,10.0,400,precip_mm,22.235341599410717,46.25907310910337,22.235341599410717,batch_02dd3cb36519353c18a3.csv,-27.25,-56.75
25,episodes,1.0,2011-08-26,0.0,275,0.0,2,25,>=,EST,90606,OK,2011,Li et al. 2025a,2011-08-16,34.0,275,tmax_c,22.235341599410717,0.0,0.0,batch_02dd3cb36519353c18a3.csv,-27.25,-56.75
25,episodes,1.0,2011-11-04,0.0,900,0.0,2,25,>=,VEG,90606,OK,2011,Li et al. 2025a,2011-09-30,34.6,900,tmax_c,22.235341599410717,0.0,0.0,batch_02dd3cb36519353c18a3.csv,-27.25,-56.75
25,episodes,1.0,2011-11-25,0.0,275,0.0,2,25,>=,REP,90606,OK,2011,Li et al. (2025b),2011-11-15,33.7,275,tmax_c,22.235341599410717,0.0,0.0,batch_02dd3cb36519353c18a3.csv,-27.25,-56.75
25,episodes,1.0,2011-11-14,0.0,250,0.0,2,25,>=,FLO,90606,OK,2011,Li et al. (2025b),2011-11-05,33.7,250,tmax_c,22.235341599410717,0.0,0.0,batch_02dd3cb36519353c18a3.csv,-27.25,-56.75
25,episodes,1.0,2012-01-08,1.0,1100,3.240036427499388,2,25,>=,FIL,90606,OK,2011,Li et al. (2025b),2011-11-26,32.7,1100,tmax_c,22.235341599410717,72.04331675998321,22.235341599410717,batch_02dd3cb36519353c18a3.csv,-27.25,-56.75
25,days,1.0,2012-01-24,1.0,400,2.0,1,25,>,MAT,90606,OK,2011,Ortega Gómez et al. (2019),2012-01-09,10.0,400,precip_mm,22.235341599410717,44.47068319882143,22.235341599410717,batch_02dd3cb36519353c18a3.csv,-27.25,-56.75
25,episodes,1.0,2012-08-26,0.0,275,0.0,2,25,>=,EST,90606,OK,2012,Li et al. 2025a,2012-08-16,34.0,275,tmax_c,22.235341599410717,0.0,0.0,batch_02dd3cb36519353c18a3.csv,-27.25,-56.75
25,episodes,1.0,2012-11-04,0.0,900,0.0,2,25,>=,VEG,90606,OK,2012,Li et al. 2025a,2012-09-30,34.6,900,tmax_c,22.235341599410717,0.0,0.0,batch_02dd3cb36519353c18a3.csv,-27.25,-56.75
25,episodes,1.0,2012-11-25,0.9201437602235956,275,0.9601797003341228,2,25,>=,REP,90606,OK,2012,Li et al. (2025b),2012-11-15,33.7,275,tmax_c,22.235341599410717,21.349923633749032,20.459710829137908,batch_02dd3cb36519353c18a3.csv,-27.25,-56.75
25,episodes,1.0,2012-11-14,0.0,250,0.0,2,25,>=,FLO,90606,OK,2012,Li et al. (2025b),2012-11-05,33.7,250,tmax_c,22.235341599410717,0.0,0.0,batch_02dd3cb36519353c18a3.csv,-27.25,-56.75
25,episodes,1.0,2013-01-08,1.0,1100,2.960574553614852,2,25,>=,FIL,90606,OK,2012,Li et al. (2025b),2012-11-26,32.7,1100,tmax_c,22.235341599410717,65.82938653014912,22.235341599410717,batch_02dd3cb36519353c18a3.csv,-27.25,-56.75
25,days,1.0,2013-01-24,0.0,400,0.0,1,25,>,MAT,90606,OK,2012,Ortega Gómez et al. (2019),2013-01-09,10.0,400,precip_mm,22.235341599410717,0.0,0.0,batch_02dd3cb36519353c18a3.csv,-27.25,-56.75
25,episodes,1.0,1997-11-23,1.0,325,1.0,2,25,>=,EST,102295,OK,1997,Li et al. 2025a,1997-11-11,34.0,325,tmax_c,23.680184809525272,23.680184809525272,23.680184809525272,batch_02dfa3ac61fc896a695c.csv,-18.75,27.75
25,episodes,1.0,1998-02-13,0.0,1050,0.0,2,25,>=,VEG,102295,OK,1997,Li et al. 2025a,1998-01-03,34.6,1050,tmax_c,23.680184809525272,0.0,0.0,batch_02dfa3ac61fc896a695c.csv,-18.75,27.75
25,episodes,1.0,1998-03-10,0.0,350,0.0,2,25,>=,REP,102295,OK,1997,Li et al. (2025b),1998-02-25,33.7,350,tmax_c,23.680184809525272,0.0,0.0,batch_02dfa3ac61fc896a695c.csv,-18.75,27.75
25,episodes,1.0,1998-02-24,0.0,275,0.0,2,25,>=,FLO,102295,OK,1997,Li et al. (2025b),1998-02-14,33.7,275,tmax_c,23.680184809525272,0.0,0.0,batch_02dfa3ac61fc896a695c.csv,-18.75,27.75
25,episodes,1.0,1998-04-30,0.6397401255536641,1275,0.6397401255536641,2,25,>=,FIL,102295,OK,1997,Li et al. (2025b),1998-03-11,32.7,1275,tmax_c,23.680184809525272,15.149164403179666,15.149164403179666,batch_02dfa3ac61fc896a695c.csv,-18.75,27.75
25,days,1.0,1998-05-19,0.0,475,0.0,1,25,>,MAT,102295,OK,1997,Ortega Gómez et al. (2019),1998-05-01,10.0,475,precip_mm,23.680184809525272,0.0,0.0,batch_02dfa3ac61fc896a695c.csv,-18.75,27.75
25,episodes,1.0,1998-11-23,0.0,325,0.0,2,25,>=,EST,102295,OK,1998,Li et al. 2025a,1998-11-11,34.0,325,tmax_c,23.680184809525272,0.0,0.0,batch_02dfa3ac61fc896a695c.csv,-18.75,27.75
25,episodes,1.0,1999-02-13,0.0,1050,0.0,2,25,>=,VEG,102295,OK,1998,Li et al. 2025a,1999-01-03,34.6,1050,tmax_c,23.680184809525272,0.0,0.0,batch_02dfa3ac61fc896a695c.csv,-18.75,27.75
25,episodes,1.0,1999-03-10,0.0,350,0.0,2,25,>=,REP,102295,OK,1998,Li et al. (2025b),1999-02-25,33.7,350,tmax_c,23.680184809525272,0.0,0.0,batch_02dfa3ac61fc896a695c.csv,-18.75,27.75
25,episodes,1.0,1999-02-24,0.0,275,0.0,2,25,>=,FLO,102295,OK,1998,Li et al. (2025b),1999-02-14,33.7,275,tmax_c,23.680184809525272,0.0,0.0,batch_02dfa3ac61fc896a695c.csv,-18.75,27.75
25,episodes,1.0,1999-04-30,0.0,1275,0.0,2,25,>=,FIL,102295,OK,1998,Li et al. (2025b),1999-03-11,32.7,1275,tmax_c,23.680184809525272,0.0,0.0,batch_02dfa3ac61fc896a695c.csv,-18.75,27.75
25,days,1.0,1999-05-19,0.0,475,0.0,1,25,>,MAT,102295,OK,1998,Ortega Gómez et al. (2019),1999-05-01,10.0,475,precip_mm,23.680184809525272,0.0,0.0,batch_02dfa3ac61fc896a695c.csv,-18.75,27.75
25,episodes,1.0,1999-11-23,1.0,325,1.0,2,25,>=,EST,102295,OK,1999,Li et al. 2025a,1999-11-11,34.0,325,tmax_c,23.680184809525272,23.680184809525272,23.680184809525272,batch_02dfa3ac61fc896a695c.csv,-18.75,27.75
25,episodes,1.0,2000-02-13,0.0,1050,0.0,2,25,>=,VEG,102295,OK,1999,Li et al. 2025a,2000-01-03,34.6,1050,tmax_c,23.680184809525272,0.0,0.0,batch_02dfa3ac61fc896a695c.csv,-18.75,27.75
25,episodes,1.0,2000-03-10,0.0,375,0.0,2,25,>=,REP,102295,OK,1999,Li et al. (2025b),2000-02-25,33.7,375,tmax_c,23.680184809525272,0.0,0.0,batch_02dfa3ac61fc896a695c.csv,-18.75,27.75
25,episodes,1.0,2000-02-24,0.0,275,0.0,2,25,>=,FLO,102295,OK,1999,Li et al. (2025b),2000-02-14,33.7,275,tmax_c,23.680184809525272,0.0,0.0,batch_02dfa3ac61fc896a695c.csv,-18.75,27.75
25,episodes,1.0,2000-04-30,0.0,1275,0.0,2,25,>=,FIL,102295,OK,1999,Li et al. (2025b),2000-03-11,32.7,1275,tmax_c,23.680184809525272,0.0,0.0,batch_02dfa3ac61fc896a695c.csv,-18.75,27.75
25,days,1.0,2000-05-19,0.0,475,0.0,1,25,>,MAT,102295,OK,1999,Ortega Gómez et al. (2019),2000-05-01,10.0,475,precip_mm,23.680184809525272,0.0,0.0,batch_02dfa3ac61fc896a695c.csv,-18.75,27.75
25,episodes,1.0,2000-11-23,0.0,325,0.0,2,25,>=,EST,102295,OK,2000,Li et al. 2025a,2000-11-11,34.0,325,tmax_c,23.680184809525272,0.0,0.0,batch_02dfa3ac61fc896a695c.csv,-18.75,27.75
25,episodes,1.0,2001-02-13,0.2798109561011876,1050,0.3597161904933606,2,25,>=,VEG,102295,OK,2000,Li et al. 2025a,2001-01-03,34.6,1050,tmax_c,23.680184809525272,8.518145869861177,6.625975152206086,batch_02dfa3ac61fc896a695c.csv,-18.75,27.75
25,episodes,1.0,2001-03-10,0.0,350,0.0,2,25,>=,REP,102295,OK,2000,Li et al. (2025b),2001-02-25,33.7,350,tmax_c,23.680184809525272,0.0,0.0,batch_02dfa3ac61fc896a695c.csv,-18.75,27.75
25,episodes,1.0,2001-02-24,0.0,275,0.0,2,25,>=,FLO,102295,OK,2000,Li et al. (2025b),2001-02-14,33.7,275,tmax_c,23.680184809525272,0.0,0.0,batch_02dfa3ac61fc896a695c.csv,-18.75,27.75
25,episodes,1.0,2001-04-30,0.0,1275,0.0,2,25,>=,FIL,102295,OK,2000,Li et al. (2025b),2001-03-11,32.7,1275,tmax_c,23.680184809525272,0.0,0.0,batch_02dfa3ac61fc896a695c.csv,-18.75,27.75
25,days,1.0,2001-05-19,0.0,475,0.0,1,25,>,MAT,102295,OK,2000,Ortega Gómez et al. (2019),2001-05-01,10.0,475,precip_mm,23.680184809525272,0.0,0.0,batch_02dfa3ac61fc896a695c.csv,-18.75,27.75
25,episodes,1.0,1989-10-31,0.0,375,0.0,2,25,>=,EST,92222,OK,1989,Li et al. 2025a,1989-10-17,34.0,375,tmax_c,22.526856912172203,0.0,0.0,batch_02e1e9346a71a928ce88.csv,-25.75,31.25
25,episodes,1.0,1990-01-29,0.0,1150,0.0,2,25,>=,VEG,92222,OK,1989,Li et al. 2025a,1989-12-15,34.6,1150,tmax_c,22.526856912172203,0.0,0.0,batch_02e1e9346a71a928ce88.csv,-25.75,31.25
25,episodes,1.0,1990-02-25,0.0400670758405783,350,0.0400670758405783,2,25,>=,REP,92222,OK,1989,Li et al. (2025b),1990-02-12,33.7,350,tmax_c,22.526856912172203,0.9025852843498604,0.9025852843498604,batch_02e1e9346a71a928ce88.csv,-25.75,31.25
25,episodes,1.0,1990-02-11,0.0,325,0.0,2,25,>=,FLO,92222,OK,1989,Li et al. (2025b),1990-01-30,33.7,325,tmax_c,22.526856912172203,0.0,0.0,batch_02e1e9346a71a928ce88.csv,-25.75,31.25
25,episodes,1.0,1990-04-23,0.0,1425,0.0,2,25,>=,FIL,92222,OK,1989,Li et al. (2025b),1990-02-26,32.7,1425,tmax_c,22.526856912172203,0.0,0.0,batch_02e1e9346a71a928ce88.csv,-25.75,31.25
25,days,1.0,1990-05-14,0.1598988987991526,525,0.1598988987991526,1,25,>,MAT,92222,OK,1989,Ortega Gómez et al. (2019),1990-04-24,10.0,525,precip_mm,22.526856912172203,3.6020196136624145,3.6020196136624145,batch_02e1e9346a71a928ce88.csv,-25.75,31.25
25,episodes,1.0,1990-10-31,0.0,375,0.0,2,25,>=,EST,92222,OK,1990,Li et al. 2025a,1990-10-17,34.0,375,tmax_c,22.526856912172203,0.0,0.0,batch_02e1e9346a71a928ce88.csv,-25.75,31.25
25,episodes,1.0,1991-01-29,0.0400670758405783,1150,0.0400670758405783,2,25,>=,VEG,92222,OK,1990,Li et al. 2025a,1990-12-15,34.6,1150,tmax_c,22.526856912172203,0.9025852843498604,0.9025852843498604,batch_02e1e9346a71a928ce88.csv,-25.75,31.25
25,episodes,1.0,1991-02-25,0.0,350,0.0,2,25,>=,REP,92222,OK,1990,Li et al. (2025b),1991-02-12,33.7,350,tmax_c,22.526856912172203,0.0,0.0,batch_02e1e9346a71a928ce88.csv,-25.75,31.25
25,episodes,1.0,1991-02-11,0.0,325,0.0,2,25,>=,FLO,92222,OK,1990,Li et al. (2025b),1991-01-30,33.7,325,tmax_c,22.526856912172203,0.0,0.0,batch_02e1e9346a71a928ce88.csv,-25.75,31.25
25,episodes,1.0,1991-04-23,0.5202690346501904,1425,0.5603361104907687,2,25,>=,FIL,92222,OK,1990,Li et al. (2025b),1991-02-26,32.7,1425,tmax_c,22.526856912172203,12.62261138374866,11.7200260993988,batch_02e1e9346a71a928ce88.csv,-25.75,31.25
25,days,1.0,1991-05-14,0.599563397646716,525,0.599563397646716,1,25,>,MAT,92222,OK,1990,Ortega Gómez et al. (2019),1991-04-24,10.0,525,precip_mm,22.526856912172203,13.506278868563374,13.506278868563374,batch_02e1e9346a71a928ce88.csv,-25.75,31.25
25,episodes,1.0,1991-10-31,0.1602014713184396,375,0.1602014713184396,2,25,>=,EST,92222,OK,1991,Li et al. 2025a,1991-10-17,34.0,375,tmax_c,22.526856912172203,3.608835621509949,3.608835621509949,batch_02e1e9346a71a928ce88.csv,-25.75,31.25
25,episodes,1.0,1992-01-29,0.1201678114997981,1150,0.2003019631809549,2,25,>=,VEG,92222,OK,1991,Li et al. 2025a,1991-12-15,34.6,1150,tmax_c,22.526856912172203,4.512173663804556,2.7070030951048345,batch_02e1e9346a71a928ce88.csv,-25.75,31.25
25,episodes,1.0,1992-02-25,0.7603025725193612,350,0.7603025725193612,2,25,>=,REP,92222,OK,1991,Li et al. (2025b),1992-02-12,33.7,350,tmax_c,22.526856912172203,17.127227261100078,17.127227261100078,batch_02e1e9346a71a928ce88.csv,-25.75,31.25
25,episodes,1.0,1992-02-11,0.0400670758405783,325,0.0801341516811567,2,25,>=,FLO,92222,OK,1991,Li et al. (2025b),1992-01-30,33.7,325,tmax_c,22.526856912172203,1.805170568699721,0.9025852843498604,batch_02e1e9346a71a928ce88.csv,-25.75,31.25
25,episodes,1.0,1992-04-23,0.7603025725193612,1450,1.3607055150539296,2,25,>=,FIL,92222,OK,1991,Li et al. (2025b),1992-02-26,32.7,1450,tmax_c,22.526856912172203,30.65241843722345,17.127227261100078,batch_02e1e9346a71a928ce88.csv,-25.75,31.25
25,days,1.0,1992-05-14,0.0,525,0.0,1,25,>,MAT,92222,OK,1991,Ortega Gómez et al. (2019),1992-04-24,10.0,525,precip_mm,22.526856912172203,0.0,0.0,batch_02e1e9346a71a928ce88.csv,-25.75,31.25
25,episodes,1.0,1992-10-31,0.6803028162137548,375,1.0404707495607868,2,25,>=,EST,92222,OK,1992,Li et al. 2025a,1992-10-17,34.0,375,tmax_c,22.526856912172203,23.438535696656405,15.325084197795038,batch_02e1e9346a71a928ce88.csv,-25.75,31.25
25,episodes,1.0,1993-01-29,0.0,1150,0.0,2,25,>=,VEG,92222,OK,1992,Li et al. 2025a,1992-12-15,34.6,1150,tmax_c,22.526856912172203,0.0,0.0,batch_02e1e9346a71a928ce88.csv,-25.75,31.25
25,episodes,1.0,1993-02-25,0.0,350,0.0,2,25,>=,REP,92222,OK,1992,Li et al. (2025b),1993-02-12,33.7,350,tmax_c,22.526856912172203,0.0,0.0,batch_02e1e9346a71a928ce88.csv,-25.75,31.25
25,episodes,1.0,1993-02-11,0.0,325,0.0,2,25,>=,FLO,92222,OK,1992,Li et al. (2025b),1993-01-30,33.7,325,tmax_c,22.526856912172203,0.0,0.0,batch_02e1e9346a71a928ce88.csv,-25.75,31.25
25,episodes,1.0,1993-04-23,0.0,1425,0.0,2,25,>=,FIL,92222,OK,1992,Li et al. (2025b),1993-02-26,32.7,1425,tmax_c,22.526856912172203,0.0,0.0,batch_02e1e9346a71a928ce88.csv,-25.75,31.25
25,days,1.0,1993-05-14,1.0,525,1.0,1,25,>,MAT,92222,OK,1992,Ortega Gómez et al. (2019),1993-04-24,10.0,525,precip_mm,22.526856912172203,22.526856912172203,22.526856912172203,batch_02e1e9346a71a928ce88.csv,-25.75,31.25
25,episodes,1.0,1989-11-09,0.8798751989367267,225,0.9599501283287908,2,25,>=,EST,101401,OK,1989,Li et al. 2025a,1989-11-01,34.0,225,tmax_c,23.536691923280788,22.59405043218861,20.70935148830913,batch_02e5a76ecc6d78dc6844.csv,-19.75,-59.25
25,episodes,1.0,1990-01-04,0.0,725,0.0,2,25,>=,VEG,101401,OK,1989,Li et al. 2025a,1989-12-07,34.6,725,tmax_c,23.536691923280788,0.0,0.0,batch_02e5a76ecc6d78dc6844.csv,-19.75,-59.25
25,episodes,1.0,1990-01-21,0.7598001476974285,225,0.7598001476974285,2,25,>=,REP,101401,OK,1989,Li et al. (2025b),1990-01-13,33.7,225,tmax_c,23.536691923280788,17.883181999617616,17.883181999617616,batch_02e5a76ecc6d78dc6844.csv,-19.75,-59.25
25,episodes,1.0,1990-01-12,0.5999999999999999,200,0.5999999999999999,2,25,>=,FLO,101401,OK,1989,Li et al. (2025b),1990-01-05,33.7,200,tmax_c,23.536691923280788,14.12201515396847,14.12201515396847,batch_02e5a76ecc6d78dc6844.csv,-19.75,-59.25
25,episodes,1.0,1990-02-25,1.0,875,2.319574872132375,2,25,>=,FIL,101401,OK,1989,Li et al. (2025b),1990-01-22,32.7,875,tmax_c,23.536691923280788,54.59511915836313,23.536691923280788,batch_02e5a76ecc6d78dc6844.csv,-19.75,-59.25
25,days,1.0,1990-03-10,0.0,325,0.0,1,25,>,MAT,101401,OK,1989,Ortega Gómez et al. (2019),1990-02-26,10.0,325,precip_mm,23.536691923280788,0.0,0.0,batch_02e5a76ecc6d78dc6844.csv,-19.75,-59.25
25,episodes,1.0,1990-11-09,0.9199250706079356,225,0.9199250706079356,2,25,>=,EST,101401,OK,1990,Li et al. 2025a,1990-11-01,34.0,225,tmax_c,23.536691923280788,21.65199297940131,21.65199297940131,batch_02e5a76ecc6d78dc6844.csv,-19.75,-59.25
25,episodes,1.0,1991-01-04,1.0,725,2.039900134810422,2,25,>=,VEG,101401,OK,1990,Li et al. 2025a,1990-12-07,34.6,725,tmax_c,23.536691923280788,48.012501027291854,23.536691923280788,batch_02e5a76ecc6d78dc6844.csv,-19.75,-59.25
25,episodes,1.0,1991-01-21,0.6797749681293397,225,0.6797749681293397,2,25,>=,REP,101401,OK,1990,Li et al. (2025b),1991-01-13,33.7,225,tmax_c,23.536691923280788,15.999654002018284,15.999654002018284,batch_02e5a76ecc6d78dc6844.csv,-19.75,-59.25
25,episodes,1.0,1991-01-12,0.0,200,0.0,2,25,>=,FLO,101401,OK,1990,Li et al. (2025b),1991-01-05,33.7,200,tmax_c,23.536691923280788,0.0,0.0,batch_02e5a76ecc6d78dc6844.csv,-19.75,-59.25
25,episodes,1.0,1991-02-25,1.0,875,5.07935069326831,2,25,>=,FIL,101401,OK,1990,Li et al. (2025b),1991-01-22,32.7,875,tmax_c,23.536691923280788,119.5511124377589,23.536691923280788,batch_02e5a76ecc6d78dc6844.csv,-19.75,-59.25
25,days,1.0,1991-03-10,1.0,325,2.1598747114717574,1,25,>,MAT,101401,OK,1990,Ortega Gómez et al. (2019),1991-02-26,10.0,325,precip_mm,23.536691923280788,50.83630567679574,23.536691923280788,batch_02e5a76ecc6d78dc6844.csv,-19.75,-59.25
25,episodes,1.0,1991-11-09,0.0,225,0.0,2,25,>=,EST,101401,OK,1991,Li et al. 2025a,1991-11-01,34.0,225,tmax_c,23.536691923280788,0.0,0.0,batch_02e5a76ecc6d78dc6844.csv,-19.75,-59.25
25,episodes,1.0,1992-01-04,1.0,725,2.0,2,25,>=,VEG,101401,OK,1991,Li et al. 2025a,1991-12-07,34.6,725,tmax_c,23.536691923280788,47.073383846561576,23.536691923280788,batch_02e5a76ecc6d78dc6844.csv,-19.75,-59.25
25,episodes,1.0,1992-01-21,0.0,225,0.0,2,25,>=,REP,101401,OK,1991,Li et al. (2025b),1992-01-13,33.7,225,tmax_c,23.536691923280788,0.0,0.0,batch_02e5a76ecc6d78dc6844.csv,-19.75,-59.25
25,episodes,1.0,1992-01-12,1.0,200,1.0,2,25,>=,FLO,101401,OK,1991,Li et al. (2025b),1992-01-05,33.7,200,tmax_c,23.536691923280788,23.536691923280788,23.536691923280788,batch_02e5a76ecc6d78dc6844.csv,-19.75,-59.25
25,episodes,1.0,1992-02-25,1.0,875,3.839575359597344,2,25,>=,FIL,101401,OK,1991,Li et al. (2025b),1992-01-22,32.7,875,tmax_c,23.536691923280788,90.37090235506273,23.536691923280788,batch_02e5a76ecc6d78dc6844.csv,-19.75,-59.25
25,days,1.0,1992-03-10,1.0,350,1.0,1,25,>,MAT,101401,OK,1991,Ortega Gómez et al. (2019),1992-02-26,10.0,350,precip_mm,23.536691923280788,23.536691923280788,23.536691923280788,batch_02e5a76ecc6d78dc6844.csv,-19.75,-59.25
25,episodes,1.0,1992-11-09,0.0,225,0.0,2,25,>=,EST,101401,OK,1992,Li et al. 2025a,1992-11-01,34.0,225,tmax_c,23.536691923280788,0.0,0.0,batch_02e5a76ecc6d78dc6844.csv,-19.75,-59.25
25,episodes,1.0,1993-01-04,0.4396499233716729,725,0.8792245518095799,2,25,>=,VEG,101401,OK,1992,Li et al. 2025a,1992-12-07,34.6,725,tmax_c,23.536691923280788,20.69403740732671,10.347904800493072,batch_02e5a76ecc6d78dc6844.csv,-19.75,-59.25
25,episodes,1.0,1993-01-21,0.9199250706079356,225,0.9199250706079356,2,25,>=,REP,101401,OK,1992,Li et al. (2025b),1993-01-13,33.7,225,tmax_c,23.536691923280788,21.65199297940131,21.65199297940131,batch_02e5a76ecc6d78dc6844.csv,-19.75,-59.25
25,episodes,1.0,1993-01-12,0.8798751989367267,200,0.8798751989367267,2,25,>=,FLO,101401,OK,1992,Li et al. (2025b),1993-01-05,33.7,200,tmax_c,23.536691923280788,20.70935148830913,20.70935148830913,batch_02e5a76ecc6d78dc6844.csv,-19.75,-59.25
25,episodes,1.0,1993-02-25,1.0,875,3.1996500452950136,2,25,>=,FIL,101401,OK,1992,Li et al. (2025b),1993-01-22,32.7,875,tmax_c,23.536691923280788,75.30917737842016,23.536691923280788,batch_02e5a76ecc6d78dc6844.csv,-19.75,-59.25
25,days,1.0,1993-03-10,1.0,325,1.0800749293920642,1,25,>,MAT,101401,OK,1992,Ortega Gómez et al. (2019),1993-02-26,10.0,325,precip_mm,23.536691923280788,25.421390867160262,23.536691923280788,batch_02e5a76ecc6d78dc6844.csv,-19.75,-59.25
25,episodes,1.0,1990-01-04,1.0,150,1.0,2,25,>=,EST,80205,OK,1989,Li et al. 2025a,1989-12-30,34.0,150,tmax_c,20.676951371130787,20.676951371130787,20.676951371130787,batch_02e8be3524b4339242a5.csv,-34.25,142.75
25,episodes,1.0,1990-02-10,1.0,475,1.0,2,25,>=,VEG,80205,OK,1989,Li et al. 2025a,1990-01-23,34.6,475,tmax_c,20.676951371130787,20.676951371130787,20.676951371130787,batch_02e8be3524b4339242a5.csv,-34.25,142.75
25,episodes,1.0,1990-02-21,1.0,150,1.0,2,25,>=,REP,80205,OK,1989,Li et al. (2025b),1990-02-16,33.7,150,tmax_c,20.676951371130787,20.676951371130787,20.676951371130787,batch_02e8be3524b4339242a5.csv,-34.25,142.75
25,episodes,1.0,1990-02-15,0.0,125,0.0,2,25,>=,FLO,80205,OK,1989,Li et al. (2025b),1990-02-11,33.7,125,tmax_c,20.676951371130787,0.0,0.0,batch_02e8be3524b4339242a5.csv,-34.25,142.75
25,episodes,1.0,1990-03-16,1.0,575,3.0803793165421536,2,25,>=,FIL,80205,OK,1989,Li et al. (2025b),1990-02-22,32.7,575,tmax_c,20.676951371130787,63.6928533327792,20.676951371130787,batch_02e8be3524b4339242a5.csv,-34.25,142.75
25,days,1.0,1990-03-25,0.0,225,0.0,1,25,>,MAT,80205,OK,1989,Ortega Gómez et al. (2019),1990-03-17,10.0,225,precip_mm,20.676951371130787,0.0,0.0,batch_02e8be3524b4339242a5.csv,-34.25,142.75
25,episodes,1.0,1991-01-04,1.0,150,1.0,2,25,>=,EST,80205,OK,1990,Li et al. 2025a,1990-12-30,34.0,150,tmax_c,20.676951371130787,20.676951371130787,20.676951371130787,batch_02e8be3524b4339242a5.csv,-34.25,142.75
25,episodes,1.0,1991-02-10,1.0,475,1.0,2,25,>=,VEG,80205,OK,1990,Li et al. 2025a,1991-01-23,34.6,475,tmax_c,20.676951371130787,20.676951371130787,20.676951371130787,batch_02e8be3524b4339242a5.csv,-34.25,142.75
25,episodes,1.0,1991-02-21,0.0,150,0.0,2,25,>=,REP,80205,OK,1990,Li et al. (2025b),1991-02-16,33.7,150,tmax_c,20.676951371130787,0.0,0.0,batch_02e8be3524b4339242a5.csv,-34.25,142.75
25,episodes,1.0,1991-02-15,0.9600950119063336,125,0.9600950119063336,2,25,>=,FLO,80205,OK,1990,Li et al. (2025b),1991-02-11,33.7,125,tmax_c,20.676951371130787,19.85183787285249,19.85183787285249,batch_02e8be3524b4339242a5.csv,-34.25,142.75
25,episodes,1.0,1991-03-16,1.0,575,2.0,2,25,>=,FIL,80205,OK,1990,Li et al. (2025b),1991-02-22,32.7,575,tmax_c,20.676951371130787,41.353902742261575,20.676951371130787,batch_02e8be3524b4339242a5.csv,-34.25,142.75
25,days,1.0,1991-03-25,0.0,225,0.0,1,25,>,MAT,80205,OK,1990,Ortega Gómez et al. (2019),1991-03-17,10.0,225,precip_mm,20.676951371130787,0.0,0.0,batch_02e8be3524b4339242a5.csv,-34.25,142.75
25,episodes,1.0,1992-01-04,0.0,150,0.0,2,25,>=,EST,80205,OK,1991,Li et al. 2025a,1991-12-30,34.0,150,tmax_c,20.676951371130787,0.0,0.0,batch_02e8be3524b4339242a5.csv,-34.25,142.75
25,episodes,1.0,1992-02-10,0.5206643525502799,475,0.5206643525502799,2,25,>=,VEG,80205,OK,1991,Li et al. 2025a,1992-01-23,34.6,475,tmax_c,20.676951371130787,10.765751498363434,10.765751498363434,batch_02e8be3524b4339242a5.csv,-34.25,142.75
25,episodes,1.0,1992-02-21,1.0,150,1.0,2,25,>=,REP,80205,OK,1991,Li et al. (2025b),1992-02-16,33.7,150,tmax_c,20.676951371130787,20.676951371130787,20.676951371130787,batch_02e8be3524b4339242a5.csv,-34.25,142.75
25,episodes,1.0,1992-02-15,0.0,125,0.0,2,25,>=,FLO,80205,OK,1991,Li et al. (2025b),1992-02-11,33.7,125,tmax_c,20.676951371130787,0.0,0.0,batch_02e8be3524b4339242a5.csv,-34.25,142.75
25,episodes,1.0,1992-03-16,1.0,600,1.0,2,25,>=,FIL,80205,OK,1991,Li et al. (2025b),1992-02-22,32.7,600,tmax_c,20.676951371130787,20.676951371130787,20.676951371130787,batch_02e8be3524b4339242a5.csv,-34.25,142.75
25,days,1.0,1992-03-25,0.0,225,0.0,1,25,>,MAT,80205,OK,1991,Ortega Gómez et al. (2019),1992-03-17,10.0,225,precip_mm,20.676951371130787,0.0,0.0,batch_02e8be3524b4339242a5.csv,-34.25,142.75
25,episodes,1.0,1993-01-04,1.0,150,1.0,2,25,>=,EST,80205,OK,1992,Li et al. 2025a,1992-12-30,34.0,150,tmax_c,20.676951371130787,20.676951371130787,20.676951371130787,batch_02e8be3524b4339242a5.csv,-34.25,142.75
25,episodes,1.0,1993-02-10,1.0,475,1.0,2,25,>=,VEG,80205,OK,1992,Li et al. 2025a,1993-01-23,34.6,475,tmax_c,20.676951371130787,20.676951371130787,20.676951371130787,batch_02e8be3524b4339242a5.csv,-34.25,142.75
25,episodes,1.0,1993-02-21,1.0,150,1.0,2,25,>=,REP,80205,OK,1992,Li et al. (2025b),1993-02-16,33.7,150,tmax_c,20.676951371130787,20.676951371130787,20.676951371130787,batch_02e8be3524b4339242a5.csv,-34.25,142.75
25,episodes,1.0,1993-02-15,0.0,125,0.0,2,25,>=,FLO,80205,OK,1992,Li et al. (2025b),1993-02-11,33.7,125,tmax_c,20.676951371130787,0.0,0.0,batch_02e8be3524b4339242a5.csv,-34.25,142.75
25,episodes,1.0,1993-03-16,0.2404740848985819,575,0.2404740848985819,2,25,>=,FIL,80205,OK,1992,Li et al. (2025b),1993-02-22,32.7,575,tmax_c,20.676951371130787,4.972270959465154,4.972270959465154,batch_02e8be3524b4339242a5.csv,-34.25,142.75
25,days,1.0,1993-03-25,0.0,225,0.0,1,25,>,MAT,80205,OK,1992,Ortega Gómez et al. (2019),1993-03-17,10.0,225,precip_mm,20.676951371130787,0.0,0.0,batch_02e8be3524b4339242a5.csv,-34.25,142.75
25,episodes,1.0,1985-02-22,0.0,225,0.0,2,25,>=,EST,107184,OK,1985,Li et al. 2025a,1985-02-14,34.0,225,tmax_c,24.067220347556287,0.0,0.0,batch_02ef6e479ff666fd51c1.csv,-15.75,-47.75
25,episodes,1.0,1985-04-20,0.0,725,0.0,2,25,>=,VEG,107184,OK,1985,Li et al. 2025a,1985-03-23,34.6,725,tmax_c,24.067220347556287,0.0,0.0,batch_02ef6e479ff666fd51c1.csv,-15.75,-47.75
25,episodes,1.0,1985-05-07,0.0,225,0.0,2,25,>=,REP,107184,OK,1985,Li et al. (2025b),1985-04-29,33.7,225,tmax_c,24.067220347556287,0.0,0.0,batch_02ef6e479ff666fd51c1.csv,-15.75,-47.75
25,episodes,1.0,1985-04-28,0.0,200,0.0,2,25,>=,FLO,107184,OK,1985,Li et al. (2025b),1985-04-21,33.7,200,tmax_c,24.067220347556287,0.0,0.0,batch_02ef6e479ff666fd51c1.csv,-15.75,-47.75
25,episodes,1.0,1985-06-12,0.0,900,0.0,2,25,>=,FIL,107184,OK,1985,Li et al. (2025b),1985-05-08,32.7,900,tmax_c,24.067220347556287,0.0,0.0,batch_02ef6e479ff666fd51c1.csv,-15.75,-47.75
25,days,1.0,1985-06-25,0.0,325,0.0,1,25,>,MAT,107184,OK,1985,Ortega Gómez et al. (2019),1985-06-13,10.0,325,precip_mm,24.067220347556287,0.0,0.0,batch_02ef6e479ff666fd51c1.csv,-15.75,-47.75
25,episodes,1.0,1986-02-22,0.0,225,0.0,2,25,>=,EST,107184,OK,1986,Li et al. 2025a,1986-02-14,34.0,225,tmax_c,24.067220347556287,0.0,0.0,batch_02ef6e479ff666fd51c1.csv,-15.75,-47.75
25,episodes,1.0,1986-04-20,0.0,725,0.0,2,25,>=,VEG,107184,OK,1986,Li et al. 2025a,1986-03-23,34.6,725,tmax_c,24.067220347556287,0.0,0.0,batch_02ef6e479ff666fd51c1.csv,-15.75,-47.75
25,episodes,1.0,1986-05-07,0.0,225,0.0,2,25,>=,REP,107184,OK,1986,Li et al. (2025b),1986-04-29,33.7,225,tmax_c,24.067220347556287,0.0,0.0,batch_02ef6e479ff666fd51c1.csv,-15.75,-47.75
25,episodes,1.0,1986-04-28,0.0,200,0.0,2,25,>=,FLO,107184,OK,1986,Li et al. (2025b),1986-04-21,33.7,200,tmax_c,24.067220347556287,0.0,0.0,batch_02ef6e479ff666fd51c1.csv,-15.75,-47.75
25,episodes,1.0,1986-06-12,0.0,900,0.0,2,25,>=,FIL,107184,OK,1986,Li et al. (2025b),1986-05-08,32.7,900,tmax_c,24.067220347556287,0.0,0.0,batch_02ef6e479ff666fd51c1.csv,-15.75,-47.75
25,days,1.0,1986-06-25,0.0,325,0.0,1,25,>,MAT,107184,OK,1986,Ortega Gómez et al. (2019),1986-06-13,10.0,325,precip_mm,24.067220347556287,0.0,0.0,batch_02ef6e479ff666fd51c1.csv,-15.75,-47.75
25,episodes,1.0,1987-02-22,0.0,225,0.0,2,25,>=,EST,107184,OK,1987,Li et al. 2025a,1987-02-14,34.0,225,tmax_c,24.067220347556287,0.0,0.0,batch_02ef6e479ff666fd51c1.csv,-15.75,-47.75
25,episodes,1.0,1987-04-20,0.0,725,0.0,2,25,>=,VEG,107184,OK,1987,Li et al. 2025a,1987-03-23,34.6,725,tmax_c,24.067220347556287,0.0,0.0,batch_02ef6e479ff666fd51c1.csv,-15.75,-47.75
25,episodes,1.0,1987-05-07,0.0,225,0.0,2,25,>=,REP,107184,OK,1987,Li et al. (2025b),1987-04-29,33.7,225,tmax_c,24.067220347556287,0.0,0.0,batch_02ef6e479ff666fd51c1.csv,-15.75,-47.75
25,episodes,1.0,1987-04-28,0.0,200,0.0,2,25,>=,FLO,107184,OK,1987,Li et al. (2025b),1987-04-21,33.7,200,tmax_c,24.067220347556287,0.0,0.0,batch_02ef6e479ff666fd51c1.csv,-15.75,-47.75
25,episodes,1.0,1987-06-12,0.0,900,0.0,2,25,>=,FIL,107184,OK,1987,Li et al. (2025b),1987-05-08,32.7,900,tmax_c,24.067220347556287,0.0,0.0,batch_02ef6e479ff666fd51c1.csv,-15.75,-47.75
25,days,1.0,1987-06-25,0.0,325,0.0,1,25,>,MAT,107184,OK,1987,Ortega Gómez et al. (2019),1987-06-13,10.0,325,precip_mm,24.067220347556287,0.0,0.0,batch_02ef6e479ff666fd51c1.csv,-15.75,-47.75
25,episodes,1.0,1988-02-22,0.0,225,0.0,2,25,>=,EST,107184,OK,1988,Li et al. 2025a,1988-02-14,34.0,225,tmax_c,24.067220347556287,0.0,0.0,batch_02ef6e479ff666fd51c1.csv,-15.75,-47.75
25,episodes,1.0,1988-04-20,0.0,725,0.0,2,25,>=,VEG,107184,OK,1988,Li et al. 2025a,1988-03-23,34.6,725,tmax_c,24.067220347556287,0.0,0.0,batch_02ef6e479ff666fd51c1.csv,-15.75,-47.75
25,episodes,1.0,1988-05-07,0.0,225,0.0,2,25,>=,REP,107184,OK,1988,Li et al. (2025b),1988-04-29,33.7,225,tmax_c,24.067220347556287,0.0,0.0,batch_02ef6e479ff666fd51c1.csv,-15.75,-47.75
25,episodes,1.0,1988-04-28,0.0,200,0.0,2,25,>=,FLO,107184,OK,1988,Li et al. (2025b),1988-04-21,33.7,200,tmax_c,24.067220347556287,0.0,0.0,batch_02ef6e479ff666fd51c1.csv,-15.75,-47.75
25,episodes,1.0,1988-06-12,0.0,900,0.0,2,25,>=,FIL,107184,OK,1988,Li et al. (2025b),1988-05-08,32.7,900,tmax_c,24.067220347556287,0.0,0.0,batch_02ef6e479ff666fd51c1.csv,-15.75,-47.75
25,days,1.0,1988-06-25,0.0,325,0.0,1,25,>,MAT,107184,OK,1988,Ortega Gómez et al. (2019),1988-06-13,10.0,325,precip_mm,24.067220347556287,0.0,0.0,batch_02ef6e479ff666fd51c1.csv,-15.75,-47.75
25,episodes,1.0,2005-02-23,0.0,250,0.0,2,25,>=,EST,105755,OK,2005,Li et al. 2025a,2005-02-14,34.0,250,tmax_c,23.94548942884158,0.0,0.0,batch_02f5821209f889b4e36a.csv,-16.75,-42.25
25,episodes,1.0,2005-04-28,0.0,825,0.0,2,25,>=,VEG,105755,OK,2005,Li et al. 2025a,2005-03-27,34.6,825,tmax_c,23.94548942884158,0.0,0.0,batch_02f5821209f889b4e36a.csv,-16.75,-42.25
25,episodes,1.0,2005-05-17,0.0,275,0.0,2,25,>=,REP,105755,OK,2005,Li et al. (2025b),2005-05-07,33.7,275,tmax_c,23.94548942884158,0.0,0.0,batch_02f5821209f889b4e36a.csv,-16.75,-42.25
25,episodes,1.0,2005-05-06,0.0,200,0.0,2,25,>=,FLO,105755,OK,2005,Li et al. (2025b),2005-04-29,33.7,200,tmax_c,23.94548942884158,0.0,0.0,batch_02f5821209f889b4e36a.csv,-16.75,-42.25
25,episodes,1.0,2005-06-25,0.0,975,0.0,2,25,>=,FIL,105755,OK,2005,Li et al. (2025b),2005-05-18,32.7,975,tmax_c,23.94548942884158,0.0,0.0,batch_02f5821209f889b4e36a.csv,-16.75,-42.25
25,days,1.0,2005-07-10,0.0,375,0.0,1,25,>,MAT,105755,OK,2005,Ortega Gómez et al. (2019),2005-06-26,10.0,375,precip_mm,23.94548942884158,0.0,0.0,batch_02f5821209f889b4e36a.csv,-16.75,-42.25
25,episodes,1.0,2006-02-23,0.9199372259635592,250,1.679811677954442,2,25,>=,EST,105755,OK,2006,Li et al. 2025a,2006-02-14,34.0,250,tmax_c,23.94548942884158,40.22391277690273,22.02834711950825,batch_02f5821209f889b4e36a.csv,-16.75,-42.25
25,episodes,1.0,2006-04-28,0.0,825,0.0,2,25,>=,VEG,105755,OK,2006,Li et al. 2025a,2006-03-27,34.6,825,tmax_c,23.94548942884158,0.0,0.0,batch_02f5821209f889b4e36a.csv,-16.75,-42.25
25,episodes,1.0,2006-05-17,0.0,275,0.0,2,25,>=,REP,105755,OK,2006,Li et al. (2025b),2006-05-07,33.7,275,tmax_c,23.94548942884158,0.0,0.0,batch_02f5821209f889b4e36a.csv,-16.75,-42.25
25,episodes,1.0,2006-05-06,0.0,200,0.0,2,25,>=,FLO,105755,OK,2006,Li et al. (2025b),2006-04-29,33.7,200,tmax_c,23.94548942884158,0.0,0.0,batch_02f5821209f889b4e36a.csv,-16.75,-42.25
25,episodes,1.0,2006-06-25,0.0,975,0.0,2,25,>=,FIL,105755,OK,2006,Li et al. (2025b),2006-05-18,32.7,975,tmax_c,23.94548942884158,0.0,0.0,batch_02f5821209f889b4e36a.csv,-16.75,-42.25
25,days,1.0,2006-07-10,0.0,375,0.0,1,25,>,MAT,105755,OK,2006,Ortega Gómez et al. (2019),2006-06-26,10.0,375,precip_mm,23.94548942884158,0.0,0.0,batch_02f5821209f889b4e36a.csv,-16.75,-42.25
25,episodes,1.0,2007-02-23,0.0,250,0.0,2,25,>=,EST,105755,OK,2007,Li et al. 2025a,2007-02-14,34.0,250,tmax_c,23.94548942884158,0.0,0.0,batch_02f5821209f889b4e36a.csv,-16.75,-42.25
25,episodes,1.0,2007-04-28,0.0,825,0.0,2,25,>=,VEG,105755,OK,2007,Li et al. 2025a,2007-03-27,34.6,825,tmax_c,23.94548942884158,0.0,0.0,batch_02f5821209f889b4e36a.csv,-16.75,-42.25
25,episodes,1.0,2007-05-17,0.0,275,0.0,2,25,>=,REP,105755,OK,2007,Li et al. (2025b),2007-05-07,33.7,275,tmax_c,23.94548942884158,0.0,0.0,batch_02f5821209f889b4e36a.csv,-16.75,-42.25
25,episodes,1.0,2007-05-06,0.0,200,0.0,2,25,>=,FLO,105755,OK,2007,Li et al. (2025b),2007-04-29,33.7,200,tmax_c,23.94548942884158,0.0,0.0,batch_02f5821209f889b4e36a.csv,-16.75,-42.25
25,episodes,1.0,2007-06-25,0.0,975,0.0,2,25,>=,FIL,105755,OK,2007,Li et al. (2025b),2007-05-18,32.7,975,tmax_c,23.94548942884158,0.0,0.0,batch_02f5821209f889b4e36a.csv,-16.75,-42.25
25,days,1.0,2007-07-10,0.0,375,0.0,1,25,>,MAT,105755,OK,2007,Ortega Gómez et al. (2019),2007-06-26,10.0,375,precip_mm,23.94548942884158,0.0,0.0,batch_02f5821209f889b4e36a.csv,-16.75,-42.25
25,episodes,1.0,2008-02-23,0.0,250,0.0,2,25,>=,EST,105755,OK,2008,Li et al. 2025a,2008-02-14,34.0,250,tmax_c,23.94548942884158,0.0,0.0,batch_02f5821209f889b4e36a.csv,-16.75,-42.25
25,episodes,1.0,2008-04-28,0.0,825,0.0,2,25,>=,VEG,105755,OK,2008,Li et al. 2025a,2008-03-27,34.6,825,tmax_c,23.94548942884158,0.0,0.0,batch_02f5821209f889b4e36a.csv,-16.75,-42.25
25,episodes,1.0,2008-05-17,0.0,275,0.0,2,25,>=,REP,105755,OK,2008,Li et al. (2025b),2008-05-07,33.7,275,tmax_c,23.94548942884158,0.0,0.0,batch_02f5821209f889b4e36a.csv,-16.75,-42.25
25,episodes,1.0,2008-05-06,0.0,200,0.0,2,25,>=,FLO,105755,OK,2008,Li et al. (2025b),2008-04-29,33.7,200,tmax_c,23.94548942884158,0.0,0.0,batch_02f5821209f889b4e36a.csv,-16.75,-42.25
25,episodes,1.0,2008-06-25,0.0,975,0.0,2,25,>=,FIL,105755,OK,2008,Li et al. (2025b),2008-05-18,32.7,975,tmax_c,23.94548942884158,0.0,0.0,batch_02f5821209f889b4e36a.csv,-16.75,-42.25
25,days,1.0,2008-07-10,0.0,375,0.0,1,25,>,MAT,105755,OK,2008,Ortega Gómez et al. (2019),2008-06-26,10.0,375,precip_mm,23.94548942884158,0.0,0.0,batch_02f5821209f889b4e36a.csv,-16.75,-42.25
25,episodes,1.0,1989-02-23,0.0,250,0.0,2,25,>=,EST,102135,OK,1989,Li et al. 2025a,1989-02-14,34.0,250,tmax_c,23.609337337625792,0.0,0.0,batch_02f7142f5674071b646d.csv,-19.25,-52.25
25,episodes,1.0,1989-04-28,0.0,825,0.0,2,25,>=,VEG,102135,OK,1989,Li et al. 2025a,1989-03-27,34.6,825,tmax_c,23.609337337625792,0.0,0.0,batch_02f7142f5674071b646d.csv,-19.25,-52.25
25,episodes,1.0,1989-05-17,0.0,275,0.0,2,25,>=,REP,102135,OK,1989,Li et al. (2025b),1989-05-07,33.7,275,tmax_c,23.609337337625792,0.0,0.0,batch_02f7142f5674071b646d.csv,-19.25,-52.25
25,episodes,1.0,1989-05-06,0.0,200,0.0,2,25,>=,FLO,102135,OK,1989,Li et al. (2025b),1989-04-29,33.7,200,tmax_c,23.609337337625792,0.0,0.0,batch_02f7142f5674071b646d.csv,-19.25,-52.25
25,episodes,1.0,1989-06-25,0.0,975,0.0,2,25,>=,FIL,102135,OK,1989,Li et al. (2025b),1989-05-18,32.7,975,tmax_c,23.609337337625792,0.0,0.0,batch_02f7142f5674071b646d.csv,-19.25,-52.25
25,days,1.0,1989-07-10,0.4396351439034255,375,0.4396351439034255,1,25,>,MAT,102135,OK,1989,Ortega Gómez et al. (2019),1989-06-26,10.0,375,precip_mm,23.609337337625792,10.379494417891634,10.379494417891634,batch_02f7142f5674071b646d.csv,-19.25,-52.25
25,episodes,1.0,1990-02-23,0.0,250,0.0,2,25,>=,EST,102135,OK,1990,Li et al. 2025a,1990-02-14,34.0,250,tmax_c,23.609337337625792,0.0,0.0,batch_02f7142f5674071b646d.csv,-19.25,-52.25
25,episodes,1.0,1990-04-28,0.0,825,0.0,2,25,>=,VEG,102135,OK,1990,Li et al. 2025a,1990-03-27,34.6,825,tmax_c,23.609337337625792,0.0,0.0,batch_02f7142f5674071b646d.csv,-19.25,-52.25
25,episodes,1.0,1990-05-17,0.0,275,0.0,2,25,>=,REP,102135,OK,1990,Li et al. (2025b),1990-05-07,33.7,275,tmax_c,23.609337337625792,0.0,0.0,batch_02f7142f5674071b646d.csv,-19.25,-52.25
25,episodes,1.0,1990-05-06,0.0,200,0.0,2,25,>=,FLO,102135,OK,1990,Li et al. (2025b),1990-04-29,33.7,200,tmax_c,23.609337337625792,0.0,0.0,batch_02f7142f5674071b646d.csv,-19.25,-52.25
25,episodes,1.0,1990-06-25,0.0,975,0.0,2,25,>=,FIL,102135,OK,1990,Li et al. (2025b),1990-05-18,32.7,975,tmax_c,23.609337337625792,0.0,0.0,batch_02f7142f5674071b646d.csv,-19.25,-52.25
25,days,1.0,1990-07-10,1.0,375,1.0,1,25,>,MAT,102135,OK,1990,Ortega Gómez et al. (2019),1990-06-26,10.0,375,precip_mm,23.609337337625792,23.609337337625792,23.609337337625792,batch_02f7142f5674071b646d.csv,-19.25,-52.25
25,episodes,1.0,1991-02-23,0.0,250,0.0,2,25,>=,EST,102135,OK,1991,Li et al. 2025a,1991-02-14,34.0,250,tmax_c,23.609337337625792,0.0,0.0,batch_02f7142f5674071b646d.csv,-19.25,-52.25
25,episodes,1.0,1991-04-28,0.0,825,0.0,2,25,>=,VEG,102135,OK,1991,Li et al. 2025a,1991-03-27,34.6,825,tmax_c,23.609337337625792,0.0,0.0,batch_02f7142f5674071b646d.csv,-19.25,-52.25
25,episodes,1.0,1991-05-17,0.0,275,0.0,2,25,>=,REP,102135,OK,1991,Li et al. (2025b),1991-05-07,33.7,275,tmax_c,23.609337337625792,0.0,0.0,batch_02f7142f5674071b646d.csv,-19.25,-52.25
25,episodes,1.0,1991-05-06,0.0,200,0.0,2,25,>=,FLO,102135,OK,1991,Li et al. (2025b),1991-04-29,33.7,200,tmax_c,23.609337337625792,0.0,0.0,batch_02f7142f5674071b646d.csv,-19.25,-52.25
25,episodes,1.0,1991-06-25,0.0,975,0.0,2,25,>=,FIL,102135,OK,1991,Li et al. (2025b),1991-05-18,32.7,975,tmax_c,23.609337337625792,0.0,0.0,batch_02f7142f5674071b646d.csv,-19.25,-52.25
25,days,1.0,1991-07-10,0.0,375,0.0,1,25,>,MAT,102135,OK,1991,Ortega Gómez et al. (2019),1991-06-26,10.0,375,precip_mm,23.609337337625792,0.0,0.0,batch_02f7142f5674071b646d.csv,-19.25,-52.25
25,episodes,1.0,1992-02-23,0.0,250,0.0,2,25,>=,EST,102135,OK,1992,Li et al. 2025a,1992-02-14,34.0,250,tmax_c,23.609337337625792,0.0,0.0,batch_02f7142f5674071b646d.csv,-19.25,-52.25
25,episodes,1.0,1992-04-28,0.0,825,0.0,2,25,>=,VEG,102135,OK,1992,Li et al. 2025a,1992-03-27,34.6,825,tmax_c,23.609337337625792,0.0,0.0,batch_02f7142f5674071b646d.csv,-19.25,-52.25
25,episodes,1.0,1992-05-17,0.0,275,0.0,2,25,>=,REP,102135,OK,1992,Li et al. (2025b),1992-05-07,33.7,275,tmax_c,23.609337337625792,0.0,0.0,batch_02f7142f5674071b646d.csv,-19.25,-52.25
25,episodes,1.0,1992-05-06,0.0,200,0.0,2,25,>=,FLO,102135,OK,1992,Li et al. (2025b),1992-04-29,33.7,200,tmax_c,23.609337337625792,0.0,0.0,batch_02f7142f5674071b646d.csv,-19.25,-52.25
25,episodes,1.0,1992-06-25,0.0,975,0.0,2,25,>=,FIL,102135,OK,1992,Li et al. (2025b),1992-05-18,32.7,975,tmax_c,23.609337337625792,0.0,0.0,batch_02f7142f5674071b646d.csv,-19.25,-52.25
25,days,1.0,1992-07-10,0.0,375,0.0,1,25,>,MAT,102135,OK,1992,Ortega Gómez et al. (2019),1992-06-26,10.0,375,precip_mm,23.609337337625792,0.0,0.0,batch_02f7142f5674071b646d.csv,-19.25,-52.25
25,episodes,1.0,2013-10-12,0.0,325,0.0,2,25,>=,EST,87738,OK,2013,Li et al. 2025a,2013-09-30,34.0,325,tmax_c,21.8229854549849,0.0,0.0,batch_02fa949b2e606d00a94a.csv,-29.25,-50.75
25,episodes,1.0,2014-01-03,0.0,1050,0.0,2,25,>=,VEG,87738,OK,2013,Li et al. 2025a,2013-11-23,34.6,1050,tmax_c,21.8229854549849,0.0,0.0,batch_02fa949b2e606d00a94a.csv,-29.25,-50.75
25,episodes,1.0,2014-01-28,0.0,325,0.0,2,25,>=,REP,87738,OK,2013,Li et al. (2025b),2014-01-16,33.7,325,tmax_c,21.8229854549849,0.0,0.0,batch_02fa949b2e606d00a94a.csv,-29.25,-50.75
25,episodes,1.0,2014-01-15,0.0,300,0.0,2,25,>=,FLO,87738,OK,2013,Li et al. (2025b),2014-01-04,33.7,300,tmax_c,21.8229854549849,0.0,0.0,batch_02fa949b2e606d00a94a.csv,-29.25,-50.75
25,episodes,1.0,2014-03-21,0.199765896071686,1300,0.199765896071686,2,25,>=,FIL,87738,OK,2013,Li et al. (2025b),2014-01-29,32.7,1300,tmax_c,21.8229854549849,4.35948824437443,4.35948824437443,batch_02fa949b2e606d00a94a.csv,-29.25,-50.75
25,days,1.0,2014-04-09,1.0,475,1.719804730661876,1,25,>,MAT,87738,OK,2013,Ortega Gómez et al. (2019),2014-03-22,10.0,475,precip_mm,21.8229854549849,37.53127362264834,21.8229854549849,batch_02fa949b2e606d00a94a.csv,-29.25,-50.75
25,episodes,1.0,2014-10-12,0.0,325,0.0,2,25,>=,EST,87738,OK,2014,Li et al. 2025a,2014-09-30,34.0,325,tmax_c,21.8229854549849,0.0,0.0,batch_02fa949b2e606d00a94a.csv,-29.25,-50.75
25,episodes,1.0,2015-01-03,0.0,1050,0.0,2,25,>=,VEG,87738,OK,2014,Li et al. 2025a,2014-11-23,34.6,1050,tmax_c,21.8229854549849,0.0,0.0,batch_02fa949b2e606d00a94a.csv,-29.25,-50.75
25,episodes,1.0,2015-01-28,0.0,325,0.0,2,25,>=,REP,87738,OK,2014,Li et al. (2025b),2015-01-16,33.7,325,tmax_c,21.8229854549849,0.0,0.0,batch_02fa949b2e606d00a94a.csv,-29.25,-50.75
25,episodes,1.0,2015-01-15,0.0,300,0.0,2,25,>=,FLO,87738,OK,2014,Li et al. (2025b),2015-01-04,33.7,300,tmax_c,21.8229854549849,0.0,0.0,batch_02fa949b2e606d00a94a.csv,-29.25,-50.75
25,episodes,1.0,2015-03-21,0.0,1300,0.0,2,25,>=,FIL,87738,OK,2014,Li et al. (2025b),2015-01-29,32.7,1300,tmax_c,21.8229854549849,0.0,0.0,batch_02fa949b2e606d00a94a.csv,-29.25,-50.75
25,days,1.0,2015-04-09,1.0,475,1.5994150447973,1,25,>,MAT,87738,OK,2014,Ortega Gómez et al. (2019),2015-03-22,10.0,475,precip_mm,21.8229854549849,34.9040112590955,21.8229854549849,batch_02fa949b2e606d00a94a.csv,-29.25,-50.75
25,episodes,1.0,2015-10-12,0.0,325,0.0,2,25,>=,EST,87738,OK,2015,Li et al. 2025a,2015-09-30,34.0,325,tmax_c,21.8229854549849,0.0,0.0,batch_02fa949b2e606d00a94a.csv,-29.25,-50.75
25,episodes,1.0,2016-01-03,0.0,1050,0.0,2,25,>=,VEG,87738,OK,2015,Li et al. 2025a,2015-11-23,34.6,1050,tmax_c,21.8229854549849,0.0,0.0,batch_02fa949b2e606d00a94a.csv,-29.25,-50.75
25,episodes,1.0,2016-01-28,0.0,325,0.0,2,25,>=,REP,87738,OK,2015,Li et al. (2025b),2016-01-16,33.7,325,tmax_c,21.8229854549849,0.0,0.0,batch_02fa949b2e606d00a94a.csv,-29.25,-50.75
25,episodes,1.0,2016-01-15,0.0,300,0.0,2,25,>=,FLO,87738,OK,2015,Li et al. (2025b),2016-01-04,33.7,300,tmax_c,21.8229854549849,0.0,0.0,batch_02fa949b2e606d00a94a.csv,-29.25,-50.75
25,episodes,1.0,2016-03-21,0.0,1325,0.0,2,25,>=,FIL,87738,OK,2015,Li et al. (2025b),2016-01-29,32.7,1325,tmax_c,21.8229854549849,0.0,0.0,batch_02fa949b2e606d00a94a.csv,-29.25,-50.75
25,days,1.0,2016-04-09,1.0,475,3.0000000000000013,1,25,>,MAT,87738,OK,2015,Ortega Gómez et al. (2019),2016-03-22,10.0,475,precip_mm,21.8229854549849,65.46895636495472,21.8229854549849,batch_02fa949b2e606d00a94a.csv,-29.25,-50.75
25,episodes,1.0,2016-10-12,0.0,325,0.0,2,25,>=,EST,87738,OK,2016,Li et al. 2025a,2016-09-30,34.0,325,tmax_c,21.8229854549849,0.0,0.0,batch_02fa949b2e606d00a94a.csv,-29.25,-50.75
25,episodes,1.0,2017-01-03,0.0,1050,0.0,2,25,>=,VEG,87738,OK,2016,Li et al. 2025a,2016-11-23,34.6,1050,tmax_c,21.8229854549849,0.0,0.0,batch_02fa949b2e606d00a94a.csv,-29.25,-50.75
25,episodes,1.0,2017-01-28,0.0,325,0.0,2,25,>=,REP,87738,OK,2016,Li et al. (2025b),2017-01-16,33.7,325,tmax_c,21.8229854549849,0.0,0.0,batch_02fa949b2e606d00a94a.csv,-29.25,-50.75
25,episodes,1.0,2017-01-15,0.0,300,0.0,2,25,>=,FLO,87738,OK,2016,Li et al. (2025b),2017-01-04,33.7,300,tmax_c,21.8229854549849,0.0,0.0,batch_02fa949b2e606d00a94a.csv,-29.25,-50.75
25,episodes,1.0,2017-03-21,0.0,1300,0.0,2,25,>=,FIL,87738,OK,2016,Li et al. (2025b),2017-01-29,32.7,1300,tmax_c,21.8229854549849,0.0,0.0,batch_02fa949b2e606d00a94a.csv,-29.25,-50.75
25,days,1.0,2017-04-09,1.0,475,1.1996876177741018,1,25,>,MAT,87738,OK,2016,Ortega Gómez et al. (2019),2017-03-22,10.0,475,precip_mm,21.8229854549849,26.180765433209707,21.8229854549849,batch_02fa949b2e606d00a94a.csv,-29.25,-50.75
25,episodes,1.0,1993-11-02,0.0,275,0.0,2,25,>=,EST,76193,OK,1993,Li et al. 2025a,1993-10-23,34.0,275,tmax_c,19.913187291435147,0.0,0.0,batch_030728f15075bc03a440.csv,-37.25,-63.25
25,episodes,1.0,1994-01-07,0.0,850,0.0,2,25,>=,VEG,76193,OK,1993,Li et al. 2025a,1993-12-05,34.6,850,tmax_c,19.913187291435147,0.0,0.0,batch_030728f15075bc03a440.csv,-37.25,-63.25
25,episodes,1.0,1994-01-27,0.0,275,0.0,2,25,>=,REP,76193,OK,1993,Li et al. (2025b),1994-01-17,33.7,275,tmax_c,19.913187291435147,0.0,0.0,batch_030728f15075bc03a440.csv,-37.25,-63.25
25,episodes,1.0,1994-01-16,0.0,225,0.0,2,25,>=,FLO,76193,OK,1993,Li et al. (2025b),1994-01-08,33.7,225,tmax_c,19.913187291435147,0.0,0.0,batch_030728f15075bc03a440.csv,-37.25,-63.25
25,episodes,1.0,1994-03-10,0.919788279158024,1050,1.6394174020622838,2,25,>=,FIL,76193,OK,1993,Li et al. (2025b),1994-01-28,32.7,1050,tmax_c,19.913187291435147,32.646025776104295,18.31591627134057,batch_030728f15075bc03a440.csv,-37.25,-63.25
25,days,1.0,1994-03-25,1.0,375,3.0000000000000004,1,25,>,MAT,76193,OK,1993,Ortega Gómez et al. (2019),1994-03-11,10.0,375,precip_mm,19.913187291435147,59.73956187430545,19.913187291435147,batch_030728f15075bc03a440.csv,-37.25,-63.25
25,episodes,1.0,1994-11-02,0.0,275,0.0,2,25,>=,EST,76193,OK,1994,Li et al. 2025a,1994-10-23,34.0,275,tmax_c,19.913187291435147,0.0,0.0,batch_030728f15075bc03a440.csv,-37.25,-63.25
25,episodes,1.0,1995-01-07,0.0,850,0.0,2,25,>=,VEG,76193,OK,1994,Li et al. 2025a,1994-12-05,34.6,850,tmax_c,19.913187291435147,0.0,0.0,batch_030728f15075bc03a440.csv,-37.25,-63.25
25,episodes,1.0,1995-01-27,0.0,275,0.0,2,25,>=,REP,76193,OK,1994,Li et al. (2025b),1995-01-17,33.7,275,tmax_c,19.913187291435147,0.0,0.0,batch_030728f15075bc03a440.csv,-37.25,-63.25
25,episodes,1.0,1995-01-16,0.0,225,0.0,2,25,>=,FLO,76193,OK,1994,Li et al. (2025b),1995-01-08,33.7,225,tmax_c,19.913187291435147,0.0,0.0,batch_030728f15075bc03a440.csv,-37.25,-63.25
25,episodes,1.0,1995-03-10,0.0,1050,0.0,2,25,>=,FIL,76193,OK,1994,Li et al. (2025b),1995-01-28,32.7,1050,tmax_c,19.913187291435147,0.0,0.0,batch_030728f15075bc03a440.csv,-37.25,-63.25
25,days,1.0,1995-03-25,1.0,375,1.0,1,25,>,MAT,76193,OK,1994,Ortega Gómez et al. (2019),1995-03-11,10.0,375,precip_mm,19.913187291435147,19.913187291435147,19.913187291435147,batch_030728f15075bc03a440.csv,-37.25,-63.25
25,episodes,1.0,1995-11-02,0.0,275,0.0,2,25,>=,EST,76193,OK,1995,Li et al. 2025a,1995-10-23,34.0,275,tmax_c,19.913187291435147,0.0,0.0,batch_030728f15075bc03a440.csv,-37.25,-63.25
25,episodes,1.0,1996-01-07,0.9601061041153818,850,0.9601061041153818,2,25,>=,VEG,76193,OK,1995,Li et al. 2025a,1995-12-05,34.6,850,tmax_c,19.913187291435147,19.11877267089973,19.11877267089973,batch_030728f15075bc03a440.csv,-37.25,-63.25
25,episodes,1.0,1996-01-27,0.0,275,0.0,2,25,>=,REP,76193,OK,1995,Li et al. (2025b),1996-01-17,33.7,275,tmax_c,19.913187291435147,0.0,0.0,batch_030728f15075bc03a440.csv,-37.25,-63.25
25,episodes,1.0,1996-01-16,0.0,225,0.0,2,25,>=,FLO,76193,OK,1995,Li et al. (2025b),1996-01-08,33.7,225,tmax_c,19.913187291435147,0.0,0.0,batch_030728f15075bc03a440.csv,-37.25,-63.25
25,episodes,1.0,1996-03-10,1.0,1075,2.0,2,25,>=,FIL,76193,OK,1995,Li et al. (2025b),1996-01-28,32.7,1075,tmax_c,19.913187291435147,39.82637458287029,19.913187291435147,batch_030728f15075bc03a440.csv,-37.25,-63.25
25,days,1.0,1996-03-25,1.0,375,2.479205071661446,1,25,>,MAT,76193,OK,1995,Ortega Gómez et al. (2019),1996-03-11,10.0,375,precip_mm,19.913187291435147,49.368874925870266,19.913187291435147,batch_030728f15075bc03a440.csv,-37.25,-63.25
25,episodes,1.0,1996-11-02,0.0,275,0.0,2,25,>=,EST,76193,OK,1996,Li et al. 2025a,1996-10-23,34.0,275,tmax_c,19.913187291435147,0.0,0.0,batch_030728f15075bc03a440.csv,-37.25,-63.25
25,episodes,1.0,1997-01-07,0.0,850,0.0,2,25,>=,VEG,76193,OK,1996,Li et al. 2025a,1996-12-05,34.6,850,tmax_c,19.913187291435147,0.0,0.0,batch_030728f15075bc03a440.csv,-37.25,-63.25
25,episodes,1.0,1997-01-27,0.0,275,0.0,2,25,>=,REP,76193,OK,1996,Li et al. (2025b),1997-01-17,33.7,275,tmax_c,19.913187291435147,0.0,0.0,batch_030728f15075bc03a440.csv,-37.25,-63.25
25,episodes,1.0,1997-01-16,0.0,225,0.0,2,25,>=,FLO,76193,OK,1996,Li et al. (2025b),1997-01-08,33.7,225,tmax_c,19.913187291435147,0.0,0.0,batch_030728f15075bc03a440.csv,-37.25,-63.25
25,episodes,1.0,1997-03-10,0.0,1050,0.0,2,25,>=,FIL,76193,OK,1996,Li et al. (2025b),1997-01-28,32.7,1050,tmax_c,19.913187291435147,0.0,0.0,batch_030728f15075bc03a440.csv,-37.25,-63.25
25,days,1.0,1997-03-25,1.0,375,3.759417645756678,1,25,>,MAT,76193,OK,1996,Ortega Gómez et al. (2019),1997-03-11,10.0,375,precip_mm,19.913187291435147,74.86198768667892,19.913187291435147,batch_030728f15075bc03a440.csv,-37.25,-63.25
25,episodes,1.0,2013-11-28,0.9599608746131552,450,1.1600786163750565,2,25,>=,EST,106634,OK,2013,Li et al. 2025a,2013-11-11,34.0,450,tmax_c,24.067220347556287,27.919867680786705,23.10358989434766,batch_030fa6237fbb255aa1ee.csv,-15.75,37.25
25,episodes,1.0,2014-03-18,0.0,1425,0.0,2,25,>=,VEG,106634,OK,2013,Li et al. 2025a,2014-01-21,34.6,1425,tmax_c,24.067220347556287,0.0,0.0,batch_030fa6237fbb255aa1ee.csv,-15.75,37.25
25,episodes,1.0,2014-04-20,0.0,450,0.0,2,25,>=,REP,106634,OK,2013,Li et al. (2025b),2014-04-03,33.7,450,tmax_c,24.067220347556287,0.0,0.0,batch_030fa6237fbb255aa1ee.csv,-15.75,37.25
25,episodes,1.0,2014-04-02,0.0,375,0.0,2,25,>=,FLO,106634,OK,2013,Li et al. (2025b),2014-03-19,33.7,375,tmax_c,24.067220347556287,0.0,0.0,batch_030fa6237fbb255aa1ee.csv,-15.75,37.25
25,episodes,1.0,2014-06-28,0.0,1725,0.0,2,25,>=,FIL,106634,OK,2013,Li et al. (2025b),2014-04-21,32.7,1725,tmax_c,24.067220347556287,0.0,0.0,batch_030fa6237fbb255aa1ee.csv,-15.75,37.25
25,days,1.0,2014-07-23,0.4402356053710362,625,0.4402356053710362,1,25,>,MAT,106634,OK,2013,Ortega Gómez et al. (2019),2014-06-29,10.0,625,precip_mm,24.067220347556287,10.595247319304562,10.595247319304562,batch_030fa6237fbb255aa1ee.csv,-15.75,37.25
25,episodes,1.0,2014-11-28,0.2397835918704796,450,0.2397835918704796,2,25,>=,EST,106634,OK,2014,Li et al. 2025a,2014-11-11,34.0,450,tmax_c,24.067220347556287,5.770924541275341,5.770924541275341,batch_030fa6237fbb255aa1ee.csv,-15.75,37.25
25,episodes,1.0,2015-03-18,0.0,1425,0.0,2,25,>=,VEG,106634,OK,2014,Li et al. 2025a,2015-01-21,34.6,1425,tmax_c,24.067220347556287,0.0,0.0,batch_030fa6237fbb255aa1ee.csv,-15.75,37.25
25,episodes,1.0,2015-04-20,0.0,450,0.0,2,25,>=,REP,106634,OK,2014,Li et al. (2025b),2015-04-03,33.7,450,tmax_c,24.067220347556287,0.0,0.0,batch_030fa6237fbb255aa1ee.csv,-15.75,37.25
25,episodes,1.0,2015-04-02,0.0,375,0.0,2,25,>=,FLO,106634,OK,2014,Li et al. (2025b),2015-03-19,33.7,375,tmax_c,24.067220347556287,0.0,0.0,batch_030fa6237fbb255aa1ee.csv,-15.75,37.25
25,episodes,1.0,2015-06-28,0.0,1725,0.0,2,25,>=,FIL,106634,OK,2014,Li et al. (2025b),2015-04-21,32.7,1725,tmax_c,24.067220347556287,0.0,0.0,batch_030fa6237fbb255aa1ee.csv,-15.75,37.25
25,days,1.0,2015-07-23,0.0,625,0.0,1,25,>,MAT,106634,OK,2014,Ortega Gómez et al. (2019),2015-06-29,10.0,625,precip_mm,24.067220347556287,0.0,0.0,batch_030fa6237fbb255aa1ee.csv,-15.75,37.25
25,episodes,1.0,2015-11-28,0.8398823800853326,450,1.5194502947898445,2,25,>=,EST,106634,OK,2015,Li et al. 2025a,2015-11-11,34.0,450,tmax_c,24.067220347556287,36.56894505186654,20.21363430754372,batch_030fa6237fbb255aa1ee.csv,-15.75,37.25
25,episodes,1.0,2016-03-18,0.0,1450,0.0,2,25,>=,VEG,106634,OK,2015,Li et al. 2025a,2016-01-21,34.6,1450,tmax_c,24.067220347556287,0.0,0.0,batch_030fa6237fbb255aa1ee.csv,-15.75,37.25
25,episodes,1.0,2016-04-20,0.0,450,0.0,2,25,>=,REP,106634,OK,2015,Li et al. (2025b),2016-04-03,33.7,450,tmax_c,24.067220347556287,0.0,0.0,batch_030fa6237fbb255aa1ee.csv,-15.75,37.25
25,episodes,1.0,2016-04-02,0.0,375,0.0,2,25,>=,FLO,106634,OK,2015,Li et al. (2025b),2016-03-19,33.7,375,tmax_c,24.067220347556287,0.0,0.0,batch_030fa6237fbb255aa1ee.csv,-15.75,37.25
25,episodes,1.0,2016-06-28,0.0,1725,0.0,2,25,>=,FIL,106634,OK,2015,Li et al. (2025b),2016-04-21,32.7,1725,tmax_c,24.067220347556287,0.0,0.0,batch_030fa6237fbb255aa1ee.csv,-15.75,37.25
25,days,1.0,2016-07-23,0.5202554117887591,625,0.5202554117887591,1,25,>,MAT,106634,OK,2015,Ortega Gómez et al. (2019),2016-06-29,10.0,625,precip_mm,24.067220347556287,12.5211016325287,12.5211016325287,batch_030fa6237fbb255aa1ee.csv,-15.75,37.25
25,episodes,1.0,2016-11-28,0.9599608746131552,450,0.9599608746131552,2,25,>=,EST,106634,OK,2016,Li et al. 2025a,2016-11-11,34.0,450,tmax_c,24.067220347556287,23.10358989434766,23.10358989434766,batch_030fa6237fbb255aa1ee.csv,-15.75,37.25
25,episodes,1.0,2017-03-18,0.0,1425,0.0,2,25,>=,VEG,106634,OK,2016,Li et al. 2025a,2017-01-21,34.6,1425,tmax_c,24.067220347556287,0.0,0.0,batch_030fa6237fbb255aa1ee.csv,-15.75,37.25
25,episodes,1.0,2017-04-20,0.0,450,0.0,2,25,>=,REP,106634,OK,2016,Li et al. (2025b),2017-04-03,33.7,450,tmax_c,24.067220347556287,0.0,0.0,batch_030fa6237fbb255aa1ee.csv,-15.75,37.25
25,episodes,1.0,2017-04-02,0.0,375,0.0,2,25,>=,FLO,106634,OK,2016,Li et al. (2025b),2017-03-19,33.7,375,tmax_c,24.067220347556287,0.0,0.0,batch_030fa6237fbb255aa1ee.csv,-15.75,37.25
25,episodes,1.0,2017-06-28,0.0,1725,0.0,2,25,>=,FIL,106634,OK,2016,Li et al. (2025b),2017-04-21,32.7,1725,tmax_c,24.067220347556287,0.0,0.0,batch_030fa6237fbb255aa1ee.csv,-15.75,37.25
25,days,1.0,2017-07-23,0.0,625,0.0,1,25,>,MAT,106634,OK,2016,Ortega Gómez et al. (2019),2017-06-29,10.0,625,precip_mm,24.067220347556287,0.0,0.0,batch_030fa6237fbb255aa1ee.csv,-15.75,37.25
25,episodes,1.0,2009-08-26,0.0,275,0.0,2,25,>=,EST,92049,OK,2009,Li et al. 2025a,2009-08-16,34.0,275,tmax_c,22.431390911784813,0.0,0.0,batch_031a3682c71df68ade6e.csv,-26.25,-55.25
25,episodes,1.0,2009-11-04,1.0,900,1.0,2,25,>=,VEG,92049,OK,2009,Li et al. 2025a,2009-09-30,34.6,900,tmax_c,22.431390911784813,22.431390911784813,22.431390911784813,batch_031a3682c71df68ade6e.csv,-26.25,-55.25
25,episodes,1.0,2009-11-25,0.2002061143446303,275,0.2002061143446303,2,25,>=,REP,92049,OK,2009,Li et al. (2025b),2009-11-15,33.7,275,tmax_c,22.431390911784813,4.490901613793893,4.490901613793893,batch_031a3682c71df68ade6e.csv,-26.25,-55.25
25,episodes,1.0,2009-11-14,0.0,250,0.0,2,25,>=,FLO,92049,OK,2009,Li et al. (2025b),2009-11-05,33.7,250,tmax_c,22.431390911784813,0.0,0.0,batch_031a3682c71df68ade6e.csv,-26.25,-55.25
25,episodes,1.0,2010-01-08,0.2801719446897913,1100,0.2801719446897913,2,25,>=,FIL,92049,OK,2009,Li et al. (2025b),2009-11-26,32.7,1100,tmax_c,22.431390911784813,6.284646413851662,6.284646413851662,batch_031a3682c71df68ade6e.csv,-26.25,-55.25
25,days,1.0,2010-01-24,1.0,400,5.920481786366303,1,25,>,MAT,92049,OK,2009,Ortega Gómez et al. (2019),2010-01-09,10.0,400,precip_mm,22.431390911784813,132.8046413360846,22.431390911784813,batch_031a3682c71df68ade6e.csv,-26.25,-55.25
25,episodes,1.0,2010-08-26,0.0,275,0.0,2,25,>=,EST,92049,OK,2010,Li et al. 2025a,2010-08-16,34.0,275,tmax_c,22.431390911784813,0.0,0.0,batch_031a3682c71df68ade6e.csv,-26.25,-55.25
25,episodes,1.0,2010-11-04,0.0,900,0.0,2,25,>=,VEG,92049,OK,2010,Li et al. 2025a,2010-09-30,34.6,900,tmax_c,22.431390911784813,0.0,0.0,batch_031a3682c71df68ade6e.csv,-26.25,-55.25
25,episodes,1.0,2010-11-25,0.0,275,0.0,2,25,>=,REP,92049,OK,2010,Li et al. (2025b),2010-11-15,33.7,275,tmax_c,22.431390911784813,0.0,0.0,batch_031a3682c71df68ade6e.csv,-26.25,-55.25
25,episodes,1.0,2010-11-14,0.0,250,0.0,2,25,>=,FLO,92049,OK,2010,Li et al. (2025b),2010-11-05,33.7,250,tmax_c,22.431390911784813,0.0,0.0,batch_031a3682c71df68ade6e.csv,-26.25,-55.25
25,episodes,1.0,2011-01-08,0.2799312952533749,1100,0.3999315389477685,2,25,>=,FIL,92049,OK,2010,Li et al. (2025b),2010-11-26,32.7,1100,tmax_c,22.431390911784813,8.971020688089089,6.279248312270706,batch_031a3682c71df68ade6e.csv,-26.25,-55.25
25,days,1.0,2011-01-24,1.0,400,3.5596568417036742,1,25,>,MAT,92049,OK,2010,Ortega Gómez et al. (2019),2011-01-09,10.0,400,precip_mm,22.431390911784813,79.84805412806443,22.431390911784813,batch_031a3682c71df68ade6e.csv,-26.25,-55.25
25,episodes,1.0,2011-08-26,0.0,275,0.0,2,25,>=,EST,92049,OK,2011,Li et al. 2025a,2011-08-16,34.0,275,tmax_c,22.431390911784813,0.0,0.0,batch_031a3682c71df68ade6e.csv,-26.25,-55.25
25,episodes,1.0,2011-11-04,0.0,900,0.0,2,25,>=,VEG,92049,OK,2011,Li et al. 2025a,2011-09-30,34.6,900,tmax_c,22.431390911784813,0.0,0.0,batch_031a3682c71df68ade6e.csv,-26.25,-55.25
25,episodes,1.0,2011-11-25,0.0,275,0.0,2,25,>=,REP,92049,OK,2011,Li et al. (2025b),2011-11-15,33.7,275,tmax_c,22.431390911784813,0.0,0.0,batch_031a3682c71df68ade6e.csv,-26.25,-55.25
25,episodes,1.0,2011-11-14,0.0,250,0.0,2,25,>=,FLO,92049,OK,2011,Li et al. (2025b),2011-11-05,33.7,250,tmax_c,22.431390911784813,0.0,0.0,batch_031a3682c71df68ade6e.csv,-26.25,-55.25
25,episodes,1.0,2012-01-08,1.0,1100,2.0,2,25,>=,FIL,92049,OK,2011,Li et al. (2025b),2011-11-26,32.7,1100,tmax_c,22.431390911784813,44.86278182356963,22.431390911784813,batch_031a3682c71df68ade6e.csv,-26.25,-55.25
25,days,1.0,2012-01-24,1.0,400,1.8398282990046029,1,25,>,MAT,92049,OK,2011,Ortega Gómez et al. (2019),2012-01-09,10.0,400,precip_mm,22.431390911784813,41.269907785536354,22.431390911784813,batch_031a3682c71df68ade6e.csv,-26.25,-55.25
25,episodes,1.0,2012-08-26,0.0,275,0.0,2,25,>=,EST,92049,OK,2012,Li et al. 2025a,2012-08-16,34.0,275,tmax_c,22.431390911784813,0.0,0.0,batch_031a3682c71df68ade6e.csv,-26.25,-55.25
25,episodes,1.0,2012-11-04,0.0800687047466994,900,0.0800687047466994,2,25,>=,VEG,92049,OK,2012,Li et al. 2025a,2012-09-30,34.6,900,tmax_c,22.431390911784813,1.7960524159734952,1.7960524159734952,batch_031a3682c71df68ade6e.csv,-26.25,-55.25
25,episodes,1.0,2012-11-25,0.9599314171005344,275,0.9599314171005344,2,25,>=,REP,92049,OK,2012,Li et al. (2025b),2012-11-15,33.7,275,tmax_c,22.431390911784813,21.532596865485647,21.532596865485647,batch_031a3682c71df68ade6e.csv,-26.25,-55.25
25,episodes,1.0,2012-11-14,0.0,250,0.0,2,25,>=,FLO,92049,OK,2012,Li et al. (2025b),2012-11-05,33.7,250,tmax_c,22.431390911784813,0.0,0.0,batch_031a3682c71df68ade6e.csv,-26.25,-55.25
25,episodes,1.0,2013-01-08,1.0,1100,3.320137409807218,2,25,>=,FIL,92049,OK,2012,Li et al. (2025b),2012-11-26,32.7,1100,tmax_c,22.431390911784813,74.4753001202264,22.431390911784813,batch_031a3682c71df68ade6e.csv,-26.25,-55.25
25,days,1.0,2013-01-24,0.0,400,0.0,1,25,>,MAT,92049,OK,2012,Ortega Gómez et al. (2019),2013-01-09,10.0,400,precip_mm,22.431390911784813,0.0,0.0,batch_031a3682c71df68ade6e.csv,-26.25,-55.25
25,episodes,1.0,1981-03-08,0.0,200,0.0,2,25,>=,EST,96380,OK,1981,Li et al. 2025a,1981-03-01,34.0,200,tmax_c,22.9783134852824,0.0,0.0,batch_031df2429ec2d4d39349.csv,-23.25,-49.75
25,episodes,1.0,1981-04-27,0.0,625,0.0,2,25,>=,VEG,96380,OK,1981,Li et al. 2025a,1981-04-03,34.6,625,tmax_c,22.9783134852824,0.0,0.0,batch_031df2429ec2d4d39349.csv,-23.25,-49.75
25,episodes,1.0,1981-05-13,0.0,200,0.0,2,25,>=,REP,96380,OK,1981,Li et al. (2025b),1981-05-06,33.7,200,tmax_c,22.9783134852824,0.0,0.0,batch_031df2429ec2d4d39349.csv,-23.25,-49.75
25,episodes,1.0,1981-05-05,0.0,200,0.0,2,25,>=,FLO,96380,OK,1981,Li et al. (2025b),1981-04-28,33.7,200,tmax_c,22.9783134852824,0.0,0.0,batch_031df2429ec2d4d39349.csv,-23.25,-49.75
25,episodes,1.0,1981-06-13,0.0,775,0.0,2,25,>=,FIL,96380,OK,1981,Li et al. (2025b),1981-05-14,32.7,775,tmax_c,22.9783134852824,0.0,0.0,batch_031df2429ec2d4d39349.csv,-23.25,-49.75
25,days,1.0,1981-06-25,1.0,300,1.0,1,25,>,MAT,96380,OK,1981,Ortega Gómez et al. (2019),1981-06-14,10.0,300,precip_mm,22.9783134852824,22.9783134852824,22.9783134852824,batch_031df2429ec2d4d39349.csv,-23.25,-49.75
25,episodes,1.0,1982-03-08,0.0,200,0.0,2,25,>=,EST,96380,OK,1982,Li et al. 2025a,1982-03-01,34.0,200,tmax_c,22.9783134852824,0.0,0.0,batch_031df2429ec2d4d39349.csv,-23.25,-49.75
25,episodes,1.0,1982-04-27,0.0,625,0.0,2,25,>=,VEG,96380,OK,1982,Li et al. 2025a,1982-04-03,34.6,625,tmax_c,22.9783134852824,0.0,0.0,batch_031df2429ec2d4d39349.csv,-23.25,-49.75
25,episodes,1.0,1982-05-13,0.0,200,0.0,2,25,>=,REP,96380,OK,1982,Li et al. (2025b),1982-05-06,33.7,200,tmax_c,22.9783134852824,0.0,0.0,batch_031df2429ec2d4d39349.csv,-23.25,-49.75
25,episodes,1.0,1982-05-05,0.0,200,0.0,2,25,>=,FLO,96380,OK,1982,Li et al. (2025b),1982-04-28,33.7,200,tmax_c,22.9783134852824,0.0,0.0,batch_031df2429ec2d4d39349.csv,-23.25,-49.75
25,episodes,1.0,1982-06-13,0.0,775,0.0,2,25,>=,FIL,96380,OK,1982,Li et al. (2025b),1982-05-14,32.7,775,tmax_c,22.9783134852824,0.0,0.0,batch_031df2429ec2d4d39349.csv,-23.25,-49.75
25,days,1.0,1982-06-25,1.0,300,4.600419760927742,1,25,>,MAT,96380,OK,1982,Ortega Gómez et al. (2019),1982-06-14,10.0,300,precip_mm,22.9783134852824,105.70988743048554,22.9783134852824,batch_031df2429ec2d4d39349.csv,-23.25,-49.75
25,episodes,1.0,1983-03-08,0.0,200,0.0,2,25,>=,EST,96380,OK,1983,Li et al. 2025a,1983-03-01,34.0,200,tmax_c,22.9783134852824,0.0,0.0,batch_031df2429ec2d4d39349.csv,-23.25,-49.75
25,episodes,1.0,1983-04-27,0.0,625,0.0,2,25,>=,VEG,96380,OK,1983,Li et al. 2025a,1983-04-03,34.6,625,tmax_c,22.9783134852824,0.0,0.0,batch_031df2429ec2d4d39349.csv,-23.25,-49.75
25,episodes,1.0,1983-05-13,0.0,200,0.0,2,25,>=,REP,96380,OK,1983,Li et al. (2025b),1983-05-06,33.7,200,tmax_c,22.9783134852824,0.0,0.0,batch_031df2429ec2d4d39349.csv,-23.25,-49.75
25,episodes,1.0,1983-05-05,0.0,200,0.0,2,25,>=,FLO,96380,OK,1983,Li et al. (2025b),1983-04-28,33.7,200,tmax_c,22.9783134852824,0.0,0.0,batch_031df2429ec2d4d39349.csv,-23.25,-49.75
25,episodes,1.0,1983-06-13,0.0,775,0.0,2,25,>=,FIL,96380,OK,1983,Li et al. (2025b),1983-05-14,32.7,775,tmax_c,22.9783134852824,0.0,0.0,batch_031df2429ec2d4d39349.csv,-23.25,-49.75
25,days,1.0,1983-06-25,1.0,300,1.0,1,25,>,MAT,96380,OK,1983,Ortega Gómez et al. (2019),1983-06-14,10.0,300,precip_mm,22.9783134852824,22.9783134852824,22.9783134852824,batch_031df2429ec2d4d39349.csv,-23.25,-49.75
25,episodes,1.0,1984-03-08,0.0801194442787999,200,0.0801194442787999,2,25,>=,EST,96380,OK,1984,Li et al. 2025a,1984-03-01,34.0,200,tmax_c,22.9783134852824,1.8410097069048803,1.8410097069048803,batch_031df2429ec2d4d39349.csv,-23.25,-49.75
25,episodes,1.0,1984-04-27,0.0,625,0.0,2,25,>=,VEG,96380,OK,1984,Li et al. 2025a,1984-04-03,34.6,625,tmax_c,22.9783134852824,0.0,0.0,batch_031df2429ec2d4d39349.csv,-23.25,-49.75
25,episodes,1.0,1984-05-13,0.0,200,0.0,2,25,>=,REP,96380,OK,1984,Li et al. (2025b),1984-05-06,33.7,200,tmax_c,22.9783134852824,0.0,0.0,batch_031df2429ec2d4d39349.csv,-23.25,-49.75
25,episodes,1.0,1984-05-05,0.0,200,0.0,2,25,>=,FLO,96380,OK,1984,Li et al. (2025b),1984-04-28,33.7,200,tmax_c,22.9783134852824,0.0,0.0,batch_031df2429ec2d4d39349.csv,-23.25,-49.75
25,episodes,1.0,1984-06-13,0.0,775,0.0,2,25,>=,FIL,96380,OK,1984,Li et al. (2025b),1984-05-14,32.7,775,tmax_c,22.9783134852824,0.0,0.0,batch_031df2429ec2d4d39349.csv,-23.25,-49.75
25,days,1.0,1984-06-25,0.0,300,0.0,1,25,>,MAT,96380,OK,1984,Ortega Gómez et al. (2019),1984-06-14,10.0,300,precip_mm,22.9783134852824,0.0,0.0,batch_031df2429ec2d4d39349.csv,-23.25,-49.75
25,episodes,1.0,2009-11-01,0.0,400,0.0,2,25,>=,EST,94375,OK,2009,Li et al. 2025a,2009-10-17,34.0,400,tmax_c,22.802933442447703,0.0,0.0,batch_031f7db753f262172790.csv,-24.25,27.75
25,episodes,1.0,2010-02-08,0.0800315581331373,1275,0.0800315581331373,2,25,>=,VEG,94375,OK,2009,Li et al. 2025a,2009-12-20,34.6,1275,tmax_c,22.802933442447703,1.824954293405316,1.824954293405316,batch_031f7db753f262172790.csv,-24.25,27.75
25,episodes,1.0,2010-03-10,0.0,400,0.0,2,25,>=,REP,94375,OK,2009,Li et al. (2025b),2010-02-23,33.7,400,tmax_c,22.802933442447703,0.0,0.0,batch_031f7db753f262172790.csv,-24.25,27.75
25,episodes,1.0,2010-02-22,0.4802823170505713,350,0.4802823170505713,2,25,>=,FLO,94375,OK,2009,Li et al. (2025b),2010-02-09,33.7,350,tmax_c,22.802933442447703,10.951845709288742,10.951845709288742,batch_031f7db753f262172790.csv,-24.25,27.75
25,episodes,1.0,2010-05-11,0.4802823170505713,1550,0.4802823170505713,2,25,>=,FIL,94375,OK,2009,Li et al. (2025b),2010-03-11,32.7,1550,tmax_c,22.802933442447703,10.951845709288742,10.951845709288742,batch_031f7db753f262172790.csv,-24.25,27.75
25,days,1.0,2010-06-03,0.3999999999999998,575,0.3999999999999998,1,25,>,MAT,94375,OK,2009,Ortega Gómez et al. (2019),2010-05-12,10.0,575,precip_mm,22.802933442447703,9.121173376979076,9.121173376979076,batch_031f7db753f262172790.csv,-24.25,27.75
25,episodes,1.0,2010-11-01,0.5202824388978052,400,0.8805960702915084,2,25,>=,EST,94375,OK,2010,Li et al. 2025a,2010-10-17,34.0,400,tmax_c,22.802933442447703,20.080173580538265,11.863965825461015,batch_031f7db753f262172790.csv,-24.25,27.75
25,episodes,1.0,2011-02-08,0.0,1275,0.0,2,25,>=,VEG,94375,OK,2010,Li et al. 2025a,2010-12-20,34.6,1275,tmax_c,22.802933442447703,0.0,0.0,batch_031f7db753f262172790.csv,-24.25,27.75
25,episodes,1.0,2011-03-10,0.0,400,0.0,2,25,>=,REP,94375,OK,2010,Li et al. (2025b),2011-02-23,33.7,400,tmax_c,22.802933442447703,0.0,0.0,batch_031f7db753f262172790.csv,-24.25,27.75
25,episodes,1.0,2011-02-22,0.0800940650677791,350,0.0800940650677791,2,25,>=,FLO,94375,OK,2010,Li et al. (2025b),2011-02-09,33.7,350,tmax_c,22.802933442447703,1.8263796348756436,1.8263796348756436,batch_031f7db753f262172790.csv,-24.25,27.75
25,episodes,1.0,2011-05-11,0.0,1550,0.0,2,25,>=,FIL,94375,OK,2010,Li et al. (2025b),2011-03-11,32.7,1550,tmax_c,22.802933442447703,0.0,0.0,batch_031f7db753f262172790.csv,-24.25,27.75
25,days,1.0,2011-06-03,0.0,575,0.0,1,25,>,MAT,94375,OK,2010,Ortega Gómez et al. (2019),2011-05-12,10.0,575,precip_mm,22.802933442447703,0.0,0.0,batch_031f7db753f262172790.csv,-24.25,27.75
25,episodes,1.0,2011-11-01,1.0,400,1.0,2,25,>=,EST,94375,OK,2011,Li et al. 2025a,2011-10-17,34.0,400,tmax_c,22.802933442447703,22.802933442447703,22.802933442447703,batch_031f7db753f262172790.csv,-24.25,27.75
25,episodes,1.0,2012-02-08,0.1600628724762692,1275,0.2400944306094066,2,25,>=,VEG,94375,OK,2011,Li et al. 2025a,2011-12-20,34.6,1275,tmax_c,22.802933442447703,5.4748573210886775,3.6499030276833615,batch_031f7db753f262172790.csv,-24.25,27.75
25,episodes,1.0,2012-03-10,0.7203454332213084,425,0.7203454332213084,2,25,>=,REP,94375,OK,2011,Li et al. (2025b),2012-02-23,33.7,425,tmax_c,22.802933442447703,16.425988969316652,16.425988969316652,batch_031f7db753f262172790.csv,-24.25,27.75
25,episodes,1.0,2012-02-22,0.0800315581331373,350,0.0800315581331373,2,25,>=,FLO,94375,OK,2011,Li et al. (2025b),2012-02-09,33.7,350,tmax_c,22.802933442447703,1.824954293405316,1.824954293405316,batch_031f7db753f262172790.csv,-24.25,27.75
25,episodes,1.0,2012-05-11,0.0,1550,0.0,2,25,>=,FIL,94375,OK,2011,Li et al. (2025b),2012-03-11,32.7,1550,tmax_c,22.802933442447703,0.0,0.0,batch_031f7db753f262172790.csv,-24.25,27.75
25,days,1.0,2012-06-03,0.0,575,0.0,1,25,>,MAT,94375,OK,2011,Ortega Gómez et al. (2019),2012-05-12,10.0,575,precip_mm,22.802933442447703,0.0,0.0,batch_031f7db753f262172790.csv,-24.25,27.75
25,episodes,1.0,2012-11-01,0.0,400,0.0,2,25,>=,EST,94375,OK,2012,Li et al. 2025a,2012-10-17,34.0,400,tmax_c,22.802933442447703,0.0,0.0,batch_031f7db753f262172790.csv,-24.25,27.75
25,episodes,1.0,2013-02-08,0.1601568156968887,1275,0.1601568156968887,2,25,>=,VEG,94375,OK,2012,Li et al. 2025a,2012-12-20,34.6,1275,tmax_c,22.802933442447703,3.652045208690517,3.652045208690517,batch_031f7db753f262172790.csv,-24.25,27.75
25,episodes,1.0,2013-03-10,0.0400001218472339,400,0.0400001218472339,2,25,>=,REP,94375,OK,2012,Li et al. (2025b),2013-02-23,33.7,400,tmax_c,22.802933442447703,0.912120116172273,0.912120116172273,batch_031f7db753f262172790.csv,-24.25,27.75
25,episodes,1.0,2013-02-22,0.4802823170505713,350,0.4802823170505713,2,25,>=,FLO,94375,OK,2012,Li et al. (2025b),2013-02-09,33.7,350,tmax_c,22.802933442447703,10.951845709288742,10.951845709288742,batch_031f7db753f262172790.csv,-24.25,27.75
25,episodes,1.0,2013-05-11,0.0,1550,0.0,2,25,>=,FIL,94375,OK,2012,Li et al. (2025b),2013-03-11,32.7,1550,tmax_c,22.802933442447703,0.0,0.0,batch_031f7db753f262172790.csv,-24.25,27.75
25,days,1.0,2013-06-03,0.0,575,0.0,1,25,>,MAT,94375,OK,2012,Ortega Gómez et al. (2019),2013-05-12,10.0,575,precip_mm,22.802933442447703,0.0,0.0,batch_031f7db753f262172790.csv,-24.25,27.75
25,episodes,1.0,2009-02-23,0.0,250,0.0,2,25,>=,EST,102136,OK,2009,Li et al. 2025a,2009-02-14,34.0,250,tmax_c,23.609337337625792,0.0,0.0,batch_032a975f2e5aacdb0080.csv,-19.25,-51.75
25,episodes,1.0,2009-04-28,0.0,825,0.0,2,25,>=,VEG,102136,OK,2009,Li et al. 2025a,2009-03-27,34.6,825,tmax_c,23.609337337625792,0.0,0.0,batch_032a975f2e5aacdb0080.csv,-19.25,-51.75
25,episodes,1.0,2009-05-17,0.0,275,0.0,2,25,>=,REP,102136,OK,2009,Li et al. (2025b),2009-05-07,33.7,275,tmax_c,23.609337337625792,0.0,0.0,batch_032a975f2e5aacdb0080.csv,-19.25,-51.75
25,episodes,1.0,2009-05-06,0.0,200,0.0,2,25,>=,FLO,102136,OK,2009,Li et al. (2025b),2009-04-29,33.7,200,tmax_c,23.609337337625792,0.0,0.0,batch_032a975f2e5aacdb0080.csv,-19.25,-51.75
25,episodes,1.0,2009-06-25,0.0,975,0.0,2,25,>=,FIL,102136,OK,2009,Li et al. (2025b),2009-05-18,32.7,975,tmax_c,23.609337337625792,0.0,0.0,batch_032a975f2e5aacdb0080.csv,-19.25,-51.75
25,days,1.0,2009-07-10,0.0,375,0.0,1,25,>,MAT,102136,OK,2009,Ortega Gómez et al. (2019),2009-06-26,10.0,375,precip_mm,23.609337337625792,0.0,0.0,batch_032a975f2e5aacdb0080.csv,-19.25,-51.75
25,episodes,1.0,2010-02-23,0.0,250,0.0,2,25,>=,EST,102136,OK,2010,Li et al. 2025a,2010-02-14,34.0,250,tmax_c,23.609337337625792,0.0,0.0,batch_032a975f2e5aacdb0080.csv,-19.25,-51.75
25,episodes,1.0,2010-04-28,0.0,825,0.0,2,25,>=,VEG,102136,OK,2010,Li et al. 2025a,2010-03-27,34.6,825,tmax_c,23.609337337625792,0.0,0.0,batch_032a975f2e5aacdb0080.csv,-19.25,-51.75
25,episodes,1.0,2010-05-17,0.0,275,0.0,2,25,>=,REP,102136,OK,2010,Li et al. (2025b),2010-05-07,33.7,275,tmax_c,23.609337337625792,0.0,0.0,batch_032a975f2e5aacdb0080.csv,-19.25,-51.75
25,episodes,1.0,2010-05-06,0.0,200,0.0,2,25,>=,FLO,102136,OK,2010,Li et al. (2025b),2010-04-29,33.7,200,tmax_c,23.609337337625792,0.0,0.0,batch_032a975f2e5aacdb0080.csv,-19.25,-51.75
25,episodes,1.0,2010-06-25,0.0,975,0.0,2,25,>=,FIL,102136,OK,2010,Li et al. (2025b),2010-05-18,32.7,975,tmax_c,23.609337337625792,0.0,0.0,batch_032a975f2e5aacdb0080.csv,-19.25,-51.75
25,days,1.0,2010-07-10,0.0,375,0.0,1,25,>,MAT,102136,OK,2010,Ortega Gómez et al. (2019),2010-06-26,10.0,375,precip_mm,23.609337337625792,0.0,0.0,batch_032a975f2e5aacdb0080.csv,-19.25,-51.75
25,episodes,1.0,2011-02-23,0.0,250,0.0,2,25,>=,EST,102136,OK,2011,Li et al. 2025a,2011-02-14,34.0,250,tmax_c,23.609337337625792,0.0,0.0,batch_032a975f2e5aacdb0080.csv,-19.25,-51.75
25,episodes,1.0,2011-04-28,0.0,825,0.0,2,25,>=,VEG,102136,OK,2011,Li et al. 2025a,2011-03-27,34.6,825,tmax_c,23.609337337625792,0.0,0.0,batch_032a975f2e5aacdb0080.csv,-19.25,-51.75
25,episodes,1.0,2011-05-17,0.0,275,0.0,2,25,>=,REP,102136,OK,2011,Li et al. (2025b),2011-05-07,33.7,275,tmax_c,23.609337337625792,0.0,0.0,batch_032a975f2e5aacdb0080.csv,-19.25,-51.75
25,episodes,1.0,2011-05-06,0.0,200,0.0,2,25,>=,FLO,102136,OK,2011,Li et al. (2025b),2011-04-29,33.7,200,tmax_c,23.609337337625792,0.0,0.0,batch_032a975f2e5aacdb0080.csv,-19.25,-51.75
25,episodes,1.0,2011-06-25,0.0,975,0.0,2,25,>=,FIL,102136,OK,2011,Li et al. (2025b),2011-05-18,32.7,975,tmax_c,23.609337337625792,0.0,0.0,batch_032a975f2e5aacdb0080.csv,-19.25,-51.75
25,days,1.0,2011-07-10,0.0,375,0.0,1,25,>,MAT,102136,OK,2011,Ortega Gómez et al. (2019),2011-06-26,10.0,375,precip_mm,23.609337337625792,0.0,0.0,batch_032a975f2e5aacdb0080.csv,-19.25,-51.75
25,episodes,1.0,2012-02-23,0.0,250,0.0,2,25,>=,EST,102136,OK,2012,Li et al. 2025a,2012-02-14,34.0,250,tmax_c,23.609337337625792,0.0,0.0,batch_032a975f2e5aacdb0080.csv,-19.25,-51.75
25,episodes,1.0,2012-04-28,0.0,825,0.0,2,25,>=,VEG,102136,OK,2012,Li et al. 2025a,2012-03-27,34.6,825,tmax_c,23.609337337625792,0.0,0.0,batch_032a975f2e5aacdb0080.csv,-19.25,-51.75
25,episodes,1.0,2012-05-17,0.0,275,0.0,2,25,>=,REP,102136,OK,2012,Li et al. (2025b),2012-05-07,33.7,275,tmax_c,23.609337337625792,0.0,0.0,batch_032a975f2e5aacdb0080.csv,-19.25,-51.75
25,episodes,1.0,2012-05-06,0.0,200,0.0,2,25,>=,FLO,102136,OK,2012,Li et al. (2025b),2012-04-29,33.7,200,tmax_c,23.609337337625792,0.0,0.0,batch_032a975f2e5aacdb0080.csv,-19.25,-51.75
25,episodes,1.0,2012-06-25,0.0,975,0.0,2,25,>=,FIL,102136,OK,2012,Li et al. (2025b),2012-05-18,32.7,975,tmax_c,23.609337337625792,0.0,0.0,batch_032a975f2e5aacdb0080.csv,-19.25,-51.75
25,days,1.0,2012-07-10,0.0,375,0.0,1,25,>,MAT,102136,OK,2012,Ortega Gómez et al. (2019),2012-06-26,10.0,375,precip_mm,23.609337337625792,0.0,0.0,batch_032a975f2e5aacdb0080.csv,-19.25,-51.75
25,episodes,1.0,1998-01-04,1.0,150,1.0,2,25,>=,EST,79494,OK,1997,Li et al. 2025a,1997-12-30,34.0,150,tmax_c,20.55353841597336,20.55353841597336,20.55353841597336,batch_0337fcb1c24825d226e7.csv,-34.75,147.25
25,episodes,1.0,1998-02-10,1.0,475,1.4395649920310185,2,25,>=,VEG,79494,OK,1997,Li et al. 2025a,1998-01-23,34.6,475,tmax_c,20.55353841597336,29.588154365999923,20.55353841597336,batch_0337fcb1c24825d226e7.csv,-34.75,147.25
25,episodes,1.0,1998-02-21,0.0,150,0.0,2,25,>=,REP,79494,OK,1997,Li et al. (2025b),1998-02-16,33.7,150,tmax_c,20.55353841597336,0.0,0.0,batch_0337fcb1c24825d226e7.csv,-34.75,147.25
25,episodes,1.0,1998-02-15,0.0,125,0.0,2,25,>=,FLO,79494,OK,1997,Li et al. (2025b),1998-02-11,33.7,125,tmax_c,20.55353841597336,0.0,0.0,batch_0337fcb1c24825d226e7.csv,-34.75,147.25
25,episodes,1.0,1998-03-16,1.0,575,2.8399031961930383,2,25,>=,FIL,79494,OK,1997,Li et al. (2025b),1998-02-22,32.7,575,tmax_c,20.55353841597336,58.37005944059914,20.55353841597336,batch_0337fcb1c24825d226e7.csv,-34.75,147.25
25,days,1.0,1998-03-25,0.0,225,0.0,1,25,>,MAT,79494,OK,1997,Ortega Gómez et al. (2019),1998-03-17,10.0,225,precip_mm,20.55353841597336,0.0,0.0,batch_0337fcb1c24825d226e7.csv,-34.75,147.25
25,episodes,1.0,1999-01-04,1.0,150,1.0,2,25,>=,EST,79494,OK,1998,Li et al. 2025a,1998-12-30,34.0,150,tmax_c,20.55353841597336,20.55353841597336,20.55353841597336,batch_0337fcb1c24825d226e7.csv,-34.75,147.25
25,episodes,1.0,1999-02-10,0.0,475,0.0,2,25,>=,VEG,79494,OK,1998,Li et al. 2025a,1999-01-23,34.6,475,tmax_c,20.55353841597336,0.0,0.0,batch_0337fcb1c24825d226e7.csv,-34.75,147.25
25,episodes,1.0,1999-02-21,0.0,150,0.0,2,25,>=,REP,79494,OK,1998,Li et al. (2025b),1999-02-16,33.7,150,tmax_c,20.55353841597336,0.0,0.0,batch_0337fcb1c24825d226e7.csv,-34.75,147.25
25,episodes,1.0,1999-02-15,1.0,125,1.0,2,25,>=,FLO,79494,OK,1998,Li et al. (2025b),1999-02-11,33.7,125,tmax_c,20.55353841597336,20.55353841597336,20.55353841597336,batch_0337fcb1c24825d226e7.csv,-34.75,147.25
25,episodes,1.0,1999-03-16,0.0,575,0.0,2,25,>=,FIL,79494,OK,1998,Li et al. (2025b),1999-02-22,32.7,575,tmax_c,20.55353841597336,0.0,0.0,batch_0337fcb1c24825d226e7.csv,-34.75,147.25
25,days,1.0,1999-03-25,1.0,225,1.0798063923860803,1,25,>,MAT,79494,OK,1998,Ortega Gómez et al. (2019),1999-03-17,10.0,225,precip_mm,20.55353841597336,22.193842167720906,20.55353841597336,batch_0337fcb1c24825d226e7.csv,-34.75,147.25
25,episodes,1.0,2000-01-04,0.0,150,0.0,2,25,>=,EST,79494,OK,1999,Li et al. 2025a,1999-12-30,34.0,150,tmax_c,20.55353841597336,0.0,0.0,batch_0337fcb1c24825d226e7.csv,-34.75,147.25
25,episodes,1.0,2000-02-10,1.0,475,2.0,2,25,>=,VEG,79494,OK,1999,Li et al. 2025a,2000-01-23,34.6,475,tmax_c,20.55353841597336,41.10707683194672,20.55353841597336,batch_0337fcb1c24825d226e7.csv,-34.75,147.25
25,episodes,1.0,2000-02-21,0.0,150,0.0,2,25,>=,REP,79494,OK,1999,Li et al. (2025b),2000-02-16,33.7,150,tmax_c,20.55353841597336,0.0,0.0,batch_0337fcb1c24825d226e7.csv,-34.75,147.25
25,episodes,1.0,2000-02-15,0.0,125,0.0,2,25,>=,FLO,79494,OK,1999,Li et al. (2025b),2000-02-11,33.7,125,tmax_c,20.55353841597336,0.0,0.0,batch_0337fcb1c24825d226e7.csv,-34.75,147.25
25,episodes,1.0,2000-03-16,0.679903318040274,600,0.679903318040274,2,25,>=,FIL,79494,OK,1999,Li et al. (2025b),2000-02-22,32.7,600,tmax_c,20.55353841597336,13.974418966488528,13.974418966488528,batch_0337fcb1c24825d226e7.csv,-34.75,147.25
25,days,1.0,2000-03-25,1.0,225,1.0,1,25,>,MAT,79494,OK,1999,Ortega Gómez et al. (2019),2000-03-17,10.0,225,precip_mm,20.55353841597336,20.55353841597336,20.55353841597336,batch_0337fcb1c24825d226e7.csv,-34.75,147.25
25,episodes,1.0,2001-01-04,0.0,150,0.0,2,25,>=,EST,79494,OK,2000,Li et al. 2025a,2000-12-30,34.0,150,tmax_c,20.55353841597336,0.0,0.0,batch_0337fcb1c24825d226e7.csv,-34.75,147.25
25,episodes,1.0,2001-02-10,1.0,475,1.5998066360804732,2,25,>=,VEG,79494,OK,2000,Li et al. 2025a,2001-01-23,34.6,475,tmax_c,20.55353841597336,32.88168715280912,20.55353841597336,batch_0337fcb1c24825d226e7.csv,-34.75,147.25
25,episodes,1.0,2001-02-21,0.0,150,0.0,2,25,>=,REP,79494,OK,2000,Li et al. (2025b),2001-02-16,33.7,150,tmax_c,20.55353841597336,0.0,0.0,batch_0337fcb1c24825d226e7.csv,-34.75,147.25
25,episodes,1.0,2001-02-15,0.2400001218472338,125,0.2400001218472338,2,25,>=,FLO,79494,OK,2000,Li et al. (2025b),2001-02-11,33.7,125,tmax_c,20.55353841597336,4.932851724225409,4.932851724225409,batch_0337fcb1c24825d226e7.csv,-34.75,147.25
25,episodes,1.0,2001-03-16,1.0,575,1.0,2,25,>=,FIL,79494,OK,2000,Li et al. (2025b),2001-02-22,32.7,575,tmax_c,20.55353841597336,20.55353841597336,20.55353841597336,batch_0337fcb1c24825d226e7.csv,-34.75,147.25
25,days,1.0,2001-03-25,0.0,225,0.0,1,25,>,MAT,79494,OK,2000,Ortega Gómez et al. (2019),2001-03-17,10.0,225,precip_mm,20.55353841597336,0.0,0.0,batch_0337fcb1c24825d226e7.csv,-34.75,147.25
25,episodes,1.0,2005-11-24,1.0,350,1.999401681890007,2,25,>=,EST,95814,OK,2005,Li et al. 2025a,2005-11-11,34.0,350,tmax_c,22.9783134852824,45.942878629469455,22.9783134852824,batch_033d187812b4fd99247f.csv,-23.25,27.25
25,episodes,1.0,2006-02-18,0.0,1100,0.0,2,25,>=,VEG,95814,OK,2005,Li et al. 2025a,2006-01-06,34.6,1100,tmax_c,22.9783134852824,0.0,0.0,batch_033d187812b4fd99247f.csv,-23.25,27.25
25,episodes,1.0,2006-03-16,0.0,350,0.0,2,25,>=,REP,95814,OK,2005,Li et al. (2025b),2006-03-03,33.7,350,tmax_c,22.9783134852824,0.0,0.0,batch_033d187812b4fd99247f.csv,-23.25,27.25
25,episodes,1.0,2006-03-02,0.0,300,0.0,2,25,>=,FLO,95814,OK,2005,Li et al. (2025b),2006-02-19,33.7,300,tmax_c,22.9783134852824,0.0,0.0,batch_033d187812b4fd99247f.csv,-23.25,27.25
25,episodes,1.0,2006-05-09,0.0,1350,0.0,2,25,>=,FIL,95814,OK,2005,Li et al. (2025b),2006-03-17,32.7,1350,tmax_c,22.9783134852824,0.0,0.0,batch_033d187812b4fd99247f.csv,-23.25,27.25
25,days,1.0,2006-05-29,0.0,500,0.0,1,25,>,MAT,95814,OK,2005,Ortega Gómez et al. (2019),2006-05-10,10.0,500,precip_mm,22.9783134852824,0.0,0.0,batch_033d187812b4fd99247f.csv,-23.25,27.25
25,episodes,1.0,2006-11-24,1.0,350,1.0,2,25,>=,EST,95814,OK,2006,Li et al. 2025a,2006-11-11,34.0,350,tmax_c,22.9783134852824,22.9783134852824,22.9783134852824,batch_033d187812b4fd99247f.csv,-23.25,27.25
25,episodes,1.0,2007-02-18,1.0,1100,3.4790420087344804,2,25,>=,VEG,95814,OK,2006,Li et al. 2025a,2007-01-06,34.6,1100,tmax_c,22.9783134852824,79.94251790516746,22.9783134852824,batch_033d187812b4fd99247f.csv,-23.25,27.25
25,episodes,1.0,2007-03-16,1.0,350,2.0,2,25,>=,REP,95814,OK,2006,Li et al. (2025b),2007-03-03,33.7,350,tmax_c,22.9783134852824,45.95662697056479,22.9783134852824,batch_033d187812b4fd99247f.csv,-23.25,27.25
25,episodes,1.0,2007-03-02,1.0,300,1.920119931667588,2,25,>=,FLO,95814,OK,2006,Li et al. (2025b),2007-02-19,33.7,300,tmax_c,22.9783134852824,44.12111771919684,22.9783134852824,batch_033d187812b4fd99247f.csv,-23.25,27.25
25,episodes,1.0,2007-05-09,1.0,1350,2.0,2,25,>=,FIL,95814,OK,2006,Li et al. (2025b),2007-03-17,32.7,1350,tmax_c,22.9783134852824,45.95662697056479,22.9783134852824,batch_033d187812b4fd99247f.csv,-23.25,27.25
25,days,1.0,2007-05-29,0.0,500,0.0,1,25,>,MAT,95814,OK,2006,Ortega Gómez et al. (2019),2007-05-10,10.0,500,precip_mm,22.9783134852824,0.0,0.0,batch_033d187812b4fd99247f.csv,-23.25,27.25
25,episodes,1.0,2007-11-24,1.0,350,1.0,2,25,>=,EST,95814,OK,2007,Li et al. 2025a,2007-11-11,34.0,350,tmax_c,22.9783134852824,22.9783134852824,22.9783134852824,batch_033d187812b4fd99247f.csv,-23.25,27.25
25,episodes,1.0,2008-02-18,0.0,1100,0.0,2,25,>=,VEG,95814,OK,2007,Li et al. 2025a,2008-01-06,34.6,1100,tmax_c,22.9783134852824,0.0,0.0,batch_033d187812b4fd99247f.csv,-23.25,27.25
25,episodes,1.0,2008-03-16,0.0,350,0.0,2,25,>=,REP,95814,OK,2007,Li et al. (2025b),2008-03-03,33.7,350,tmax_c,22.9783134852824,0.0,0.0,batch_033d187812b4fd99247f.csv,-23.25,27.25
25,episodes,1.0,2008-03-02,0.1198201024986193,325,0.1198201024986193,2,25,>=,FLO,95814,OK,2007,Li et al. (2025b),2008-02-19,33.7,325,tmax_c,22.9783134852824,2.7532638770519435,2.7532638770519435,batch_033d187812b4fd99247f.csv,-23.25,27.25
25,episodes,1.0,2008-05-09,0.0,1350,0.0,2,25,>=,FIL,95814,OK,2007,Li et al. (2025b),2008-03-17,32.7,1350,tmax_c,22.9783134852824,0.0,0.0,batch_033d187812b4fd99247f.csv,-23.25,27.25
25,days,1.0,2008-05-29,0.0,500,0.0,1,25,>,MAT,95814,OK,2007,Ortega Gómez et al. (2019),2008-05-10,10.0,500,precip_mm,22.9783134852824,0.0,0.0,batch_033d187812b4fd99247f.csv,-23.25,27.25
25,episodes,1.0,2008-11-24,0.0,350,0.0,2,25,>=,EST,95814,OK,2008,Li et al. 2025a,2008-11-11,34.0,350,tmax_c,22.9783134852824,0.0,0.0,batch_033d187812b4fd99247f.csv,-23.25,27.25
25,episodes,1.0,2009-02-18,0.0,1100,0.0,2,25,>=,VEG,95814,OK,2008,Li et al. 2025a,2009-01-06,34.6,1100,tmax_c,22.9783134852824,0.0,0.0,batch_033d187812b4fd99247f.csv,-23.25,27.25
25,episodes,1.0,2009-03-16,0.0,350,0.0,2,25,>=,REP,95814,OK,2008,Li et al. (2025b),2009-03-03,33.7,350,tmax_c,22.9783134852824,0.0,0.0,batch_033d187812b4fd99247f.csv,-23.25,27.25
25,episodes,1.0,2009-03-02,0.0,300,0.0,2,25,>=,FLO,95814,OK,2008,Li et al. (2025b),2009-02-19,33.7,300,tmax_c,22.9783134852824,0.0,0.0,batch_033d187812b4fd99247f.csv,-23.25,27.25
25,episodes,1.0,2009-05-09,0.0,1350,0.0,2,25,>=,FIL,95814,OK,2008,Li et al. (2025b),2009-03-17,32.7,1350,tmax_c,22.9783134852824,0.0,0.0,batch_033d187812b4fd99247f.csv,-23.25,27.25
25,days,1.0,2009-05-29,0.0,500,0.0,1,25,>,MAT,95814,OK,2008,Ortega Gómez et al. (2019),2009-05-10,10.0,500,precip_mm,22.9783134852824,0.0,0.0,batch_033d187812b4fd99247f.csv,-23.25,27.25
25,episodes,1.0,1989-12-01,1.0,400,1.9199332201479424,2,25,>=,EST,103750,OK,1989,Li et al. 2025a,1989-11-16,34.0,400,tmax_c,23.816464482081678,45.726021345622165,23.816464482081678,batch_0347e3be696d67d6a99e.csv,-17.75,35.25
25,episodes,1.0,1990-03-13,0.0,1300,0.0,2,25,>=,VEG,103750,OK,1989,Li et al. 2025a,1990-01-21,34.6,1300,tmax_c,23.816464482081678,0.0,0.0,batch_0347e3be696d67d6a99e.csv,-17.75,35.25
25,episodes,1.0,1990-04-12,0.0,400,0.0,2,25,>=,REP,103750,OK,1989,Li et al. (2025b),1990-03-28,33.7,400,tmax_c,23.81646448208168,0.0,0.0,batch_0347e3be696d67d6a99e.csv,-17.75,35.25
25,episodes,1.0,1990-03-27,0.5598885378062531,350,0.5999108790110144,2,25,>=,FLO,103750,OK,1989,Li et al. (2025b),1990-03-14,33.7,350,tmax_c,23.81646448208168,14.287756142380225,13.334565474587276,batch_0347e3be696d67d6a99e.csv,-17.75,35.25
25,episodes,1.0,1990-06-15,0.8399553176583102,1600,0.8399553176583102,2,25,>=,FIL,103750,OK,1989,Li et al. (2025b),1990-04-13,32.7,1600,tmax_c,23.816464482081678,20.004765989544776,20.004765989544776,batch_0347e3be696d67d6a99e.csv,-17.75,35.25
25,days,1.0,1990-07-08,0.0,575,0.0,1,25,>,MAT,103750,OK,1989,Ortega Gómez et al. (2019),1990-06-16,10.0,575,precip_mm,23.81646448208168,0.0,0.0,batch_0347e3be696d67d6a99e.csv,-17.75,35.25
25,episodes,1.0,1990-12-01,1.0,400,1.679933098300709,2,25,>=,EST,103750,OK,1990,Li et al. 2025a,1990-11-16,34.0,400,tmax_c,23.816464482081678,40.010066967952255,23.816464482081678,batch_0347e3be696d67d6a99e.csv,-17.75,35.25
25,episodes,1.0,1991-03-13,0.9599555613527038,1300,1.9997326370330435,2,25,>=,VEG,103750,OK,1990,Li et al. 2025a,1991-01-21,34.6,1300,tmax_c,23.816464482081678,47.626561323557,22.862747531333444,batch_0347e3be696d67d6a99e.csv,-17.75,35.25
25,episodes,1.0,1991-04-12,0.0,400,0.0,2,25,>=,REP,103750,OK,1990,Li et al. (2025b),1991-03-28,33.7,400,tmax_c,23.816464482081678,0.0,0.0,batch_0347e3be696d67d6a99e.csv,-17.75,35.25
25,episodes,1.0,1991-03-27,0.0,350,0.0,2,25,>=,FLO,103750,OK,1990,Li et al. (2025b),1991-03-14,33.7,350,tmax_c,23.816464482081678,0.0,0.0,batch_0347e3be696d67d6a99e.csv,-17.75,35.25
25,episodes,1.0,1991-06-15,0.0,1600,0.0,2,25,>=,FIL,103750,OK,1990,Li et al. (2025b),1991-04-13,32.7,1600,tmax_c,23.816464482081678,0.0,0.0,batch_0347e3be696d67d6a99e.csv,-17.75,35.25
25,days,1.0,1991-07-08,0.0,575,0.0,1,25,>,MAT,103750,OK,1990,Ortega Gómez et al. (2019),1991-06-16,10.0,575,precip_mm,23.816464482081678,0.0,0.0,batch_0347e3be696d67d6a99e.csv,-17.75,35.25
25,episodes,1.0,1991-12-01,0.959955561352704,400,0.959955561352704,2,25,>=,EST,103750,OK,1991,Li et al. 2025a,1991-11-16,34.0,400,tmax_c,23.81646448208168,22.86274753133345,22.86274753133345,batch_0347e3be696d67d6a99e.csv,-17.75,35.25
25,episodes,1.0,1992-03-13,1.0,1325,4.999888781568482,2,25,>=,VEG,103750,OK,1991,Li et al. 2025a,1992-01-21,34.6,1325,tmax_c,23.816464482081678,119.07967358058436,23.816464482081678,batch_0347e3be696d67d6a99e.csv,-17.75,35.25
25,episodes,1.0,1992-04-12,0.0,400,0.0,2,25,>=,REP,103750,OK,1991,Li et al. (2025b),1992-03-28,33.7,400,tmax_c,23.81646448208168,0.0,0.0,batch_0347e3be696d67d6a99e.csv,-17.75,35.25
25,episodes,1.0,1992-03-27,1.0,350,1.2799554395055446,2,25,>=,FLO,103750,OK,1991,Li et al. (2025b),1992-03-14,33.7,350,tmax_c,23.81646448208168,30.48401326363105,23.81646448208168,batch_0347e3be696d67d6a99e.csv,-17.75,35.25
25,episodes,1.0,1992-06-15,1.0,1600,2.0,2,25,>=,FIL,103750,OK,1991,Li et al. (2025b),1992-04-13,32.7,1600,tmax_c,23.816464482081678,47.63292896416335,23.816464482081678,batch_0347e3be696d67d6a99e.csv,-17.75,35.25
25,days,1.0,1992-07-08,0.0,575,0.0,1,25,>,MAT,103750,OK,1991,Ortega Gómez et al. (2019),1992-06-16,10.0,575,precip_mm,23.816464482081678,0.0,0.0,batch_0347e3be696d67d6a99e.csv,-17.75,35.25
25,episodes,1.0,1992-12-01,1.0,400,2.0,2,25,>=,EST,103750,OK,1992,Li et al. 2025a,1992-11-16,34.0,400,tmax_c,23.81646448208168,47.63292896416336,23.81646448208168,batch_0347e3be696d67d6a99e.csv,-17.75,35.25
25,episodes,1.0,1993-03-13,0.679933098300709,1300,0.679933098300709,2,25,>=,VEG,103750,OK,1992,Li et al. 2025a,1993-01-21,34.6,1300,tmax_c,23.81646448208168,16.19360248587059,16.19360248587059,batch_0347e3be696d67d6a99e.csv,-17.75,35.25
25,episodes,1.0,1993-04-12,0.9199332201479428,400,0.9199332201479428,2,25,>=,REP,103750,OK,1992,Li et al. (2025b),1993-03-28,33.7,400,tmax_c,23.816464482081678,21.909556863540494,21.909556863540494,batch_0347e3be696d67d6a99e.csv,-17.75,35.25
25,episodes,1.0,1993-03-27,0.7999999999999997,350,0.7999999999999997,2,25,>=,FLO,103750,OK,1992,Li et al. (2025b),1993-03-14,33.7,350,tmax_c,23.81646448208168,19.05317158566534,19.05317158566534,batch_0347e3be696d67d6a99e.csv,-17.75,35.25
25,episodes,1.0,1993-06-15,1.0,1600,2.6397768319180392,2,25,>=,FIL,103750,OK,1992,Li et al. (2025b),1993-04-13,32.7,1600,tmax_c,23.81646448208168,62.87015115799808,23.81646448208168,batch_0347e3be696d67d6a99e.csv,-17.75,35.25
25,days,1.0,1993-07-08,0.0,575,0.0,1,25,>,MAT,103750,OK,1992,Ortega Gómez et al. (2019),1993-06-16,10.0,575,precip_mm,23.81646448208168,0.0,0.0,batch_0347e3be696d67d6a99e.csv,-17.75,35.25
25,episodes,1.0,1997-11-24,1.0,350,1.039945720609645,2,25,>=,EST,98703,OK,1997,Li et al. 2025a,1997-11-11,34.0,350,tmax_c,23.3080240299314,24.239079845793928,23.3080240299314,batch_0357c225daefeddc5d6a.csv,-21.25,31.75
25,episodes,1.0,1998-02-18,1.0,1100,2.1998375272880386,2,25,>=,VEG,98703,OK,1997,Li et al. 2025a,1998-01-06,34.6,1100,tmax_c,23.3080240299314,51.27386594797447,23.3080240299314,batch_0357c225daefeddc5d6a.csv,-21.25,31.75
25,episodes,1.0,1998-03-16,1.0,350,2.1601084370160004,2,25,>=,REP,98703,OK,1997,Li et al. (2025b),1998-03-03,33.7,350,tmax_c,23.3080240299314,50.3478593572265,23.3080240299314,batch_0357c225daefeddc5d6a.csv,-21.25,31.75
25,episodes,1.0,1998-03-02,1.0,300,1.0,2,25,>=,FLO,98703,OK,1997,Li et al. (2025b),1998-02-19,33.7,300,tmax_c,23.3080240299314,23.3080240299314,23.3080240299314,batch_0357c225daefeddc5d6a.csv,-21.25,31.75
25,episodes,1.0,1998-05-09,1.0,1350,2.0,2,25,>=,FIL,98703,OK,1997,Li et al. (2025b),1998-03-17,32.7,1350,tmax_c,23.3080240299314,46.6160480598628,23.3080240299314,batch_0357c225daefeddc5d6a.csv,-21.25,31.75
25,days,1.0,1998-05-29,0.0,500,0.0,1,25,>,MAT,98703,OK,1997,Ortega Gómez et al. (2019),1998-05-10,10.0,500,precip_mm,23.3080240299314,0.0,0.0,batch_0357c225daefeddc5d6a.csv,-21.25,31.75
25,episodes,1.0,1998-11-24,0.8397838572161539,350,1.2797576922573262,2,25,>=,EST,98703,OK,1998,Li et al. 2025a,1998-11-11,34.0,350,tmax_c,23.3080240299314,29.82862304362331,19.573702323942594,batch_0357c225daefeddc5d6a.csv,-21.25,31.75
25,episodes,1.0,1999-02-18,0.0,1100,0.0,2,25,>=,VEG,98703,OK,1998,Li et al. 2025a,1999-01-06,34.6,1100,tmax_c,23.3080240299314,0.0,0.0,batch_0357c225daefeddc5d6a.csv,-21.25,31.75
25,episodes,1.0,1999-03-16,0.0,350,0.0,2,25,>=,REP,98703,OK,1998,Li et al. (2025b),1999-03-03,33.7,350,tmax_c,23.3080240299314,0.0,0.0,batch_0357c225daefeddc5d6a.csv,-21.25,31.75
25,episodes,1.0,1999-03-02,0.0,300,0.0,2,25,>=,FLO,98703,OK,1998,Li et al. (2025b),1999-02-19,33.7,300,tmax_c,23.3080240299314,0.0,0.0,batch_0357c225daefeddc5d6a.csv,-21.25,31.75
25,episodes,1.0,1999-05-09,1.0,1350,1.0,2,25,>=,FIL,98703,OK,1998,Li et al. (2025b),1999-03-17,32.7,1350,tmax_c,23.3080240299314,23.3080240299314,23.3080240299314,batch_0357c225daefeddc5d6a.csv,-21.25,31.75
25,days,1.0,1999-05-29,0.0,500,0.0,1,25,>,MAT,98703,OK,1998,Ortega Gómez et al. (2019),1999-05-10,10.0,500,precip_mm,23.3080240299314,0.0,0.0,batch_0357c225daefeddc5d6a.csv,-21.25,31.75
25,episodes,1.0,1999-11-24,1.0,350,1.0,2,25,>=,EST,98703,OK,1999,Li et al. 2025a,1999-11-11,34.0,350,tmax_c,23.3080240299314,23.3080240299314,23.3080240299314,batch_0357c225daefeddc5d6a.csv,-21.25,31.75
25,episodes,1.0,2000-02-18,0.5998919285256273,1100,0.5998919285256273,2,25,>=,VEG,98703,OK,1999,Li et al. 2025a,2000-01-06,34.6,1100,tmax_c,23.3080240299314,13.982295485437213,13.982295485437213,batch_0357c225daefeddc5d6a.csv,-21.25,31.75
25,episodes,1.0,2000-03-16,0.0,350,0.0,2,25,>=,REP,98703,OK,1999,Li et al. (2025b),2000-03-03,33.7,350,tmax_c,23.3080240299314,0.0,0.0,batch_0357c225daefeddc5d6a.csv,-21.25,31.75
25,episodes,1.0,2000-03-02,0.0,325,0.0,2,25,>=,FLO,98703,OK,1999,Li et al. (2025b),2000-02-19,33.7,325,tmax_c,23.3080240299314,0.0,0.0,batch_0357c225daefeddc5d6a.csv,-21.25,31.75
25,episodes,1.0,2000-05-09,0.0,1350,0.0,2,25,>=,FIL,98703,OK,1999,Li et al. (2025b),2000-03-17,32.7,1350,tmax_c,23.3080240299314,0.0,0.0,batch_0357c225daefeddc5d6a.csv,-21.25,31.75
25,days,1.0,2000-05-29,0.0,500,0.0,1,25,>,MAT,98703,OK,1999,Ortega Gómez et al. (2019),2000-05-10,10.0,500,precip_mm,23.3080240299314,0.0,0.0,batch_0357c225daefeddc5d6a.csv,-21.25,31.75
25,episodes,1.0,2000-11-24,1.0,350,1.0,2,25,>=,EST,98703,OK,2000,Li et al. 2025a,2000-11-11,34.0,350,tmax_c,23.3080240299314,23.3080240299314,23.3080240299314,batch_0357c225daefeddc5d6a.csv,-21.25,31.75
25,episodes,1.0,2001-02-18,1.0,1100,2.479270030427195,2,25,>=,VEG,98703,OK,2000,Li et al. 2025a,2001-01-06,34.6,1100,tmax_c,23.3080240299314,57.786885445885815,23.3080240299314,batch_0357c225daefeddc5d6a.csv,-21.25,31.75
25,episodes,1.0,2001-03-16,0.0,350,0.0,2,25,>=,REP,98703,OK,2000,Li et al. (2025b),2001-03-03,33.7,350,tmax_c,23.3080240299314,0.0,0.0,batch_0357c225daefeddc5d6a.csv,-21.25,31.75
25,episodes,1.0,2001-03-02,0.0,300,0.0,2,25,>=,FLO,98703,OK,2000,Li et al. (2025b),2001-02-19,33.7,300,tmax_c,23.3080240299314,0.0,0.0,batch_0357c225daefeddc5d6a.csv,-21.25,31.75
25,episodes,1.0,2001-05-09,0.0,1350,0.0,2,25,>=,FIL,98703,OK,2000,Li et al. (2025b),2001-03-17,32.7,1350,tmax_c,23.3080240299314,0.0,0.0,batch_0357c225daefeddc5d6a.csv,-21.25,31.75
25,days,1.0,2001-05-29,0.0,500,0.0,1,25,>,MAT,98703,OK,2000,Ortega Gómez et al. (2019),2001-05-10,10.0,500,precip_mm,23.3080240299314,0.0,0.0,batch_0357c225daefeddc5d6a.csv,-21.25,31.75
25,episodes,1.0,2005-08-26,1.0,275,2.0,2,25,>=,EST,95645,OK,2005,Li et al. 2025a,2005-08-16,34.0,275,tmax_c,22.89149510185507,45.78299020371014,22.89149510185507,batch_035a250f068c464302fa.csv,-23.75,-57.25
25,episodes,1.0,2005-11-04,1.0,900,1.720275873895501,2,25,>=,VEG,95645,OK,2005,Li et al. 2025a,2005-09-30,34.6,900,tmax_c,22.89149510185507,39.37968674111831,22.89149510185507,batch_035a250f068c464302fa.csv,-23.75,-57.25
25,episodes,1.0,2005-11-25,0.5604598710573243,275,0.5604598710573243,2,25,>=,REP,95645,OK,2005,Li et al. (2025b),2005-11-15,33.7,275,tmax_c,22.89149510185507,12.829764393095063,12.829764393095063,batch_035a250f068c464302fa.csv,-23.75,-57.25
25,episodes,1.0,2005-11-14,0.0,250,0.0,2,25,>=,FLO,95645,OK,2005,Li et al. (2025b),2005-11-05,33.7,250,tmax_c,22.89149510185507,0.0,0.0,batch_035a250f068c464302fa.csv,-23.75,-57.25
25,episodes,1.0,2006-01-08,1.0,1100,5.0,2,25,>=,FIL,95645,OK,2005,Li et al. (2025b),2005-11-26,32.7,1100,tmax_c,22.89149510185507,114.45747550927535,22.89149510185507,batch_035a250f068c464302fa.csv,-23.75,-57.25
25,days,1.0,2006-01-24,1.0,400,1.5197237605628708,1,25,>,MAT,95645,OK,2005,Ortega Gómez et al. (2019),2006-01-09,10.0,400,precip_mm,22.89149510185507,34.78874902109773,22.89149510185507,batch_035a250f068c464302fa.csv,-23.75,-57.25
25,episodes,1.0,2006-08-26,0.0,275,0.0,2,25,>=,EST,95645,OK,2006,Li et al. 2025a,2006-08-16,34.0,275,tmax_c,22.89149510185507,0.0,0.0,batch_035a250f068c464302fa.csv,-23.75,-57.25
25,episodes,1.0,2006-11-04,0.0,900,0.0,2,25,>=,VEG,95645,OK,2006,Li et al. 2025a,2006-09-30,34.6,900,tmax_c,22.89149510185507,0.0,0.0,batch_035a250f068c464302fa.csv,-23.75,-57.25
25,episodes,1.0,2006-11-25,1.0,275,1.0,2,25,>=,REP,95645,OK,2006,Li et al. (2025b),2006-11-15,33.7,275,tmax_c,22.89149510185507,22.89149510185507,22.89149510185507,batch_035a250f068c464302fa.csv,-23.75,-57.25
25,episodes,1.0,2006-11-14,0.0,250,0.0,2,25,>=,FLO,95645,OK,2006,Li et al. (2025b),2006-11-05,33.7,250,tmax_c,22.89149510185507,0.0,0.0,batch_035a250f068c464302fa.csv,-23.75,-57.25
25,episodes,1.0,2007-01-08,1.0,1100,4.119846587831479,2,25,>=,FIL,95645,OK,2006,Li et al. (2025b),2006-11-26,32.7,1100,tmax_c,22.89149510185507,94.30944798573864,22.89149510185507,batch_035a250f068c464302fa.csv,-23.75,-57.25
25,days,1.0,2007-01-24,1.0,400,4.040366897698689,1,25,>,MAT,95645,OK,2006,Ortega Gómez et al. (2019),2007-01-09,10.0,400,precip_mm,22.89149510185507,92.49003904836692,22.89149510185507,batch_035a250f068c464302fa.csv,-23.75,-57.25
25,episodes,1.0,2007-08-26,1.0,275,1.0,2,25,>=,EST,95645,OK,2007,Li et al. 2025a,2007-08-16,34.0,275,tmax_c,22.89149510185507,22.89149510185507,22.89149510185507,batch_035a250f068c464302fa.csv,-23.75,-57.25
25,episodes,1.0,2007-11-04,1.0,900,2.9999999999999987,2,25,>=,VEG,95645,OK,2007,Li et al. 2025a,2007-09-30,34.6,900,tmax_c,22.89149510185507,68.67448530556518,22.89149510185507,batch_035a250f068c464302fa.csv,-23.75,-57.25
25,episodes,1.0,2007-11-25,1.0,275,2.0,2,25,>=,REP,95645,OK,2007,Li et al. (2025b),2007-11-15,33.7,275,tmax_c,22.89149510185507,45.78299020371014,22.89149510185507,batch_035a250f068c464302fa.csv,-23.75,-57.25
25,episodes,1.0,2007-11-14,1.0,250,1.0,2,25,>=,FLO,95645,OK,2007,Li et al. (2025b),2007-11-05,33.7,250,tmax_c,22.89149510185507,22.89149510185507,22.89149510185507,batch_035a250f068c464302fa.csv,-23.75,-57.25
25,episodes,1.0,2008-01-08,1.0,1100,4.319601177082046,2,25,>=,FIL,95645,OK,2007,Li et al. (2025b),2007-11-26,32.7,1100,tmax_c,22.89149510185507,98.88212918714106,22.89149510185507,batch_035a250f068c464302fa.csv,-23.75,-57.25
25,days,1.0,2008-01-24,1.0,400,2.0,1,25,>,MAT,95645,OK,2007,Ortega Gómez et al. (2019),2008-01-09,10.0,400,precip_mm,22.89149510185507,45.78299020371014,22.89149510185507,batch_035a250f068c464302fa.csv,-23.75,-57.25
25,episodes,1.0,2008-08-26,0.0,275,0.0,2,25,>=,EST,95645,OK,2008,Li et al. 2025a,2008-08-16,34.0,275,tmax_c,22.89149510185507,0.0,0.0,batch_035a250f068c464302fa.csv,-23.75,-57.25
25,episodes,1.0,2008-11-04,0.8801225835742142,900,0.8801225835742142,2,25,>=,VEG,95645,OK,2008,Li et al. 2025a,2008-09-30,34.6,900,tmax_c,22.89149510185507,20.14732181092116,20.14732181092116,batch_035a250f068c464302fa.csv,-23.75,-57.25
25,episodes,1.0,2008-11-25,1.0,275,1.0,2,25,>=,REP,95645,OK,2008,Li et al. (2025b),2008-11-15,33.7,275,tmax_c,22.89149510185507,22.89149510185507,22.89149510185507,batch_035a250f068c464302fa.csv,-23.75,-57.25
25,episodes,1.0,2008-11-14,0.0,250,0.0,2,25,>=,FLO,95645,OK,2008,Li et al. (2025b),2008-11-05,33.7,250,tmax_c,22.89149510185507,0.0,0.0,batch_035a250f068c464302fa.csv,-23.75,-57.25
25,episodes,1.0,2009-01-08,1.0,1100,4.920520797256072,2,25,>=,FIL,95645,OK,2008,Li et al. (2025b),2008-11-26,32.7,1100,tmax_c,22.89149510185507,112.63807772896338,22.89149510185507,batch_035a250f068c464302fa.csv,-23.75,-57.25
25,days,1.0,2009-01-24,1.0,400,3.3596012989292814,1,25,>,MAT,95645,OK,2008,Ortega Gómez et al. (2019),2009-01-09,10.0,400,precip_mm,22.89149510185507,76.90629667862558,22.89149510185507,batch_035a250f068c464302fa.csv,-23.75,-57.25
25,episodes,1.0,2001-02-23,0.0,250,0.0,2,25,>=,EST,99247,OK,2001,Li et al. 2025a,2001-02-14,34.0,250,tmax_c,23.3080240299314,0.0,0.0,batch_035d75d9853c95cb821e.csv,-21.25,-56.25
25,episodes,1.0,2001-04-28,0.0,825,0.0,2,25,>=,VEG,99247,OK,2001,Li et al. 2025a,2001-03-27,34.6,825,tmax_c,23.3080240299314,0.0,0.0,batch_035d75d9853c95cb821e.csv,-21.25,-56.25
25,episodes,1.0,2001-05-17,0.0,275,0.0,2,25,>=,REP,99247,OK,2001,Li et al. (2025b),2001-05-07,33.7,275,tmax_c,23.3080240299314,0.0,0.0,batch_035d75d9853c95cb821e.csv,-21.25,-56.25
25,episodes,1.0,2001-05-06,0.0,200,0.0,2,25,>=,FLO,99247,OK,2001,Li et al. (2025b),2001-04-29,33.7,200,tmax_c,23.3080240299314,0.0,0.0,batch_035d75d9853c95cb821e.csv,-21.25,-56.25
25,episodes,1.0,2001-06-25,0.0,975,0.0,2,25,>=,FIL,99247,OK,2001,Li et al. (2025b),2001-05-18,32.7,975,tmax_c,23.3080240299314,0.0,0.0,batch_035d75d9853c95cb821e.csv,-21.25,-56.25
25,days,1.0,2001-07-10,0.0,375,0.0,1,25,>,MAT,99247,OK,2001,Ortega Gómez et al. (2019),2001-06-26,10.0,375,precip_mm,23.3080240299314,0.0,0.0,batch_035d75d9853c95cb821e.csv,-21.25,-56.25
25,episodes,1.0,2002-02-23,0.0,250,0.0,2,25,>=,EST,99247,OK,2002,Li et al. 2025a,2002-02-14,34.0,250,tmax_c,23.3080240299314,0.0,0.0,batch_035d75d9853c95cb821e.csv,-21.25,-56.25
25,episodes,1.0,2002-04-28,0.0,825,0.0,2,25,>=,VEG,99247,OK,2002,Li et al. 2025a,2002-03-27,34.6,825,tmax_c,23.3080240299314,0.0,0.0,batch_035d75d9853c95cb821e.csv,-21.25,-56.25
25,episodes,1.0,2002-05-17,0.0,275,0.0,2,25,>=,REP,99247,OK,2002,Li et al. (2025b),2002-05-07,33.7,275,tmax_c,23.3080240299314,0.0,0.0,batch_035d75d9853c95cb821e.csv,-21.25,-56.25
25,episodes,1.0,2002-05-06,0.0,200,0.0,2,25,>=,FLO,99247,OK,2002,Li et al. (2025b),2002-04-29,33.7,200,tmax_c,23.3080240299314,0.0,0.0,batch_035d75d9853c95cb821e.csv,-21.25,-56.25
25,episodes,1.0,2002-06-25,0.0,975,0.0,2,25,>=,FIL,99247,OK,2002,Li et al. (2025b),2002-05-18,32.7,975,tmax_c,23.3080240299314,0.0,0.0,batch_035d75d9853c95cb821e.csv,-21.25,-56.25
25,days,1.0,2002-07-10,0.0,375,0.0,1,25,>,MAT,99247,OK,2002,Ortega Gómez et al. (2019),2002-06-26,10.0,375,precip_mm,23.3080240299314,0.0,0.0,batch_035d75d9853c95cb821e.csv,-21.25,-56.25
25,episodes,1.0,2003-02-23,0.0,250,0.0,2,25,>=,EST,99247,OK,2003,Li et al. 2025a,2003-02-14,34.0,250,tmax_c,23.3080240299314,0.0,0.0,batch_035d75d9853c95cb821e.csv,-21.25,-56.25
25,episodes,1.0,2003-04-28,0.0,825,0.0,2,25,>=,VEG,99247,OK,2003,Li et al. 2025a,2003-03-27,34.6,825,tmax_c,23.3080240299314,0.0,0.0,batch_035d75d9853c95cb821e.csv,-21.25,-56.25
25,episodes,1.0,2003-05-17,0.0,275,0.0,2,25,>=,REP,99247,OK,2003,Li et al. (2025b),2003-05-07,33.7,275,tmax_c,23.3080240299314,0.0,0.0,batch_035d75d9853c95cb821e.csv,-21.25,-56.25
25,episodes,1.0,2003-05-06,0.0,200,0.0,2,25,>=,FLO,99247,OK,2003,Li et al. (2025b),2003-04-29,33.7,200,tmax_c,23.3080240299314,0.0,0.0,batch_035d75d9853c95cb821e.csv,-21.25,-56.25
25,episodes,1.0,2003-06-25,0.0,975,0.0,2,25,>=,FIL,99247,OK,2003,Li et al. (2025b),2003-05-18,32.7,975,tmax_c,23.3080240299314,0.0,0.0,batch_035d75d9853c95cb821e.csv,-21.25,-56.25
25,days,1.0,2003-07-10,1.0,375,2.0,1,25,>,MAT,99247,OK,2003,Ortega Gómez et al. (2019),2003-06-26,10.0,375,precip_mm,23.3080240299314,46.6160480598628,23.3080240299314,batch_035d75d9853c95cb821e.csv,-21.25,-56.25
25,episodes,1.0,2004-02-23,0.0,250,0.0,2,25,>=,EST,99247,OK,2004,Li et al. 2025a,2004-02-14,34.0,250,tmax_c,23.3080240299314,0.0,0.0,batch_035d75d9853c95cb821e.csv,-21.25,-56.25
25,episodes,1.0,2004-04-28,0.119864423330047,825,0.119864423330047,2,25,>=,VEG,99247,OK,2004,Li et al. 2025a,2004-03-27,34.6,825,tmax_c,23.3080240299314,2.7938028593106057,2.7938028593106057,batch_035d75d9853c95cb821e.csv,-21.25,-56.25
25,episodes,1.0,2004-05-17,0.0,275,0.0,2,25,>=,REP,99247,OK,2004,Li et al. (2025b),2004-05-07,33.7,275,tmax_c,23.3080240299314,0.0,0.0,batch_035d75d9853c95cb821e.csv,-21.25,-56.25
25,episodes,1.0,2004-05-06,0.0,200,0.0,2,25,>=,FLO,99247,OK,2004,Li et al. (2025b),2004-04-29,33.7,200,tmax_c,23.3080240299314,0.0,0.0,batch_035d75d9853c95cb821e.csv,-21.25,-56.25
25,episodes,1.0,2004-06-25,0.0,975,0.0,2,25,>=,FIL,99247,OK,2004,Li et al. (2025b),2004-05-18,32.7,975,tmax_c,23.3080240299314,0.0,0.0,batch_035d75d9853c95cb821e.csv,-21.25,-56.25
25,days,1.0,2004-07-10,1.0,375,1.440405999009054,1,25,>,MAT,99247,OK,2004,Ortega Gómez et al. (2019),2004-06-26,10.0,375,precip_mm,23.3080240299314,33.57301763776037,23.3080240299314,batch_035d75d9853c95cb821e.csv,-21.25,-56.25
25,episodes,1.0,1981-02-21,0.0,200,0.0,2,25,>=,EST,107892,OK,1981,Li et al. 2025a,1981-02-14,34.0,200,tmax_c,24.125338871662567,0.0,0.0,batch_03606c72fb595a8e8e45.csv,-15.25,-53.75
25,episodes,1.0,1981-04-12,0.0,625,0.0,2,25,>=,VEG,107892,OK,1981,Li et al. 2025a,1981-03-19,34.6,625,tmax_c,24.125338871662567,0.0,0.0,batch_03606c72fb595a8e8e45.csv,-15.25,-53.75
25,episodes,1.0,1981-04-28,0.0,200,0.0,2,25,>=,REP,107892,OK,1981,Li et al. (2025b),1981-04-21,33.7,200,tmax_c,24.125338871662567,0.0,0.0,batch_03606c72fb595a8e8e45.csv,-15.25,-53.75
25,episodes,1.0,1981-04-20,0.0,200,0.0,2,25,>=,FLO,107892,OK,1981,Li et al. (2025b),1981-04-13,33.7,200,tmax_c,24.125338871662567,0.0,0.0,batch_03606c72fb595a8e8e45.csv,-15.25,-53.75
25,episodes,1.0,1981-05-29,0.0,775,0.0,2,25,>=,FIL,107892,OK,1981,Li et al. (2025b),1981-04-29,32.7,775,tmax_c,24.125338871662567,0.0,0.0,batch_03606c72fb595a8e8e45.csv,-15.25,-53.75
25,days,1.0,1981-06-10,1.0,300,1.079923884954547,1,25,>,MAT,107892,OK,1981,Ortega Gómez et al. (2019),1981-05-30,10.0,300,precip_mm,24.125338871662567,26.053529680130783,24.125338871662567,batch_03606c72fb595a8e8e45.csv,-15.25,-53.75
25,episodes,1.0,1982-02-21,0.0,200,0.0,2,25,>=,EST,107892,OK,1982,Li et al. 2025a,1982-02-14,34.0,200,tmax_c,24.125338871662567,0.0,0.0,batch_03606c72fb595a8e8e45.csv,-15.25,-53.75
25,episodes,1.0,1982-04-12,0.0,625,0.0,2,25,>=,VEG,107892,OK,1982,Li et al. 2025a,1982-03-19,34.6,625,tmax_c,24.125338871662567,0.0,0.0,batch_03606c72fb595a8e8e45.csv,-15.25,-53.75
25,episodes,1.0,1982-04-28,0.0,200,0.0,2,25,>=,REP,107892,OK,1982,Li et al. (2025b),1982-04-21,33.7,200,tmax_c,24.125338871662567,0.0,0.0,batch_03606c72fb595a8e8e45.csv,-15.25,-53.75
25,episodes,1.0,1982-04-20,0.0,200,0.0,2,25,>=,FLO,107892,OK,1982,Li et al. (2025b),1982-04-13,33.7,200,tmax_c,24.125338871662567,0.0,0.0,batch_03606c72fb595a8e8e45.csv,-15.25,-53.75
25,episodes,1.0,1982-05-29,0.0,775,0.0,2,25,>=,FIL,107892,OK,1982,Li et al. (2025b),1982-04-29,32.7,775,tmax_c,24.125338871662567,0.0,0.0,batch_03606c72fb595a8e8e45.csv,-15.25,-53.75
25,days,1.0,1982-06-10,0.0,300,0.0,1,25,>,MAT,107892,OK,1982,Ortega Gómez et al. (2019),1982-05-30,10.0,300,precip_mm,24.125338871662567,0.0,0.0,batch_03606c72fb595a8e8e45.csv,-15.25,-53.75
25,episodes,1.0,1983-02-21,0.0,200,0.0,2,25,>=,EST,107892,OK,1983,Li et al. 2025a,1983-02-14,34.0,200,tmax_c,24.125338871662567,0.0,0.0,batch_03606c72fb595a8e8e45.csv,-15.25,-53.75
25,episodes,1.0,1983-04-12,0.0,625,0.0,2,25,>=,VEG,107892,OK,1983,Li et al. 2025a,1983-03-19,34.6,625,tmax_c,24.125338871662567,0.0,0.0,batch_03606c72fb595a8e8e45.csv,-15.25,-53.75
25,episodes,1.0,1983-04-28,0.0,200,0.0,2,25,>=,REP,107892,OK,1983,Li et al. (2025b),1983-04-21,33.7,200,tmax_c,24.125338871662567,0.0,0.0,batch_03606c72fb595a8e8e45.csv,-15.25,-53.75
25,episodes,1.0,1983-04-20,0.0,200,0.0,2,25,>=,FLO,107892,OK,1983,Li et al. (2025b),1983-04-13,33.7,200,tmax_c,24.125338871662567,0.0,0.0,batch_03606c72fb595a8e8e45.csv,-15.25,-53.75
25,episodes,1.0,1983-05-29,0.0,775,0.0,2,25,>=,FIL,107892,OK,1983,Li et al. (2025b),1983-04-29,32.7,775,tmax_c,24.125338871662567,0.0,0.0,batch_03606c72fb595a8e8e45.csv,-15.25,-53.75
25,days,1.0,1983-06-10,0.8399619424772735,300,0.8399619424772735,1,25,>,MAT,107892,OK,1983,Ortega Gómez et al. (2019),1983-05-30,10.0,300,precip_mm,24.125338871662567,20.264366501564165,20.264366501564165,batch_03606c72fb595a8e8e45.csv,-15.25,-53.75
25,episodes,1.0,1984-02-21,0.0,200,0.0,2,25,>=,EST,107892,OK,1984,Li et al. 2025a,1984-02-14,34.0,200,tmax_c,24.125338871662567,0.0,0.0,batch_03606c72fb595a8e8e45.csv,-15.25,-53.75
25,episodes,1.0,1984-04-12,0.0,625,0.0,2,25,>=,VEG,107892,OK,1984,Li et al. 2025a,1984-03-19,34.6,625,tmax_c,24.125338871662567,0.0,0.0,batch_03606c72fb595a8e8e45.csv,-15.25,-53.75
25,episodes,1.0,1984-04-28,0.0,200,0.0,2,25,>=,REP,107892,OK,1984,Li et al. (2025b),1984-04-21,33.7,200,tmax_c,24.125338871662567,0.0,0.0,batch_03606c72fb595a8e8e45.csv,-15.25,-53.75
25,episodes,1.0,1984-04-20,0.0,200,0.0,2,25,>=,FLO,107892,OK,1984,Li et al. (2025b),1984-04-13,33.7,200,tmax_c,24.125338871662567,0.0,0.0,batch_03606c72fb595a8e8e45.csv,-15.25,-53.75
25,episodes,1.0,1984-05-29,0.0,775,0.0,2,25,>=,FIL,107892,OK,1984,Li et al. (2025b),1984-04-29,32.7,775,tmax_c,24.125338871662567,0.0,0.0,batch_03606c72fb595a8e8e45.csv,-15.25,-53.75
25,days,1.0,1984-06-10,0.0,300,0.0,1,25,>,MAT,107892,OK,1984,Ortega Gómez et al. (2019),1984-05-30,10.0,300,precip_mm,24.125338871662567,0.0,0.0,batch_03606c72fb595a8e8e45.csv,-15.25,-53.75
25,episodes,1.0,2001-12-08,0.3199049780114722,325,0.5598860710683975,2,25,>=,EST,107344,OK,2001,Li et al. 2025a,2001-11-26,34.0,325,tmax_c,24.125338871662567,13.50744119404884,7.71781600125853,batch_0372e897c9ceabd83d04.csv,-15.25,32.25
25,episodes,1.0,2002-02-23,0.0,1000,0.0,2,25,>=,VEG,107344,OK,2001,Li et al. 2025a,2002-01-15,34.6,1000,tmax_c,24.125338871662567,0.0,0.0,batch_0372e897c9ceabd83d04.csv,-15.25,32.25
25,episodes,1.0,2002-03-18,0.0,300,0.0,2,25,>=,REP,107344,OK,2001,Li et al. (2025b),2002-03-07,33.7,300,tmax_c,24.125338871662567,0.0,0.0,batch_0372e897c9ceabd83d04.csv,-15.25,32.25
25,episodes,1.0,2002-03-06,0.0,275,0.0,2,25,>=,FLO,107344,OK,2001,Li et al. (2025b),2002-02-24,33.7,275,tmax_c,24.125338871662567,0.0,0.0,batch_0372e897c9ceabd83d04.csv,-15.25,32.25
25,episodes,1.0,2002-05-06,0.0,1225,0.0,2,25,>=,FIL,107344,OK,2001,Li et al. (2025b),2002-03-19,32.7,1225,tmax_c,24.125338871662567,0.0,0.0,batch_0372e897c9ceabd83d04.csv,-15.25,32.25
25,days,1.0,2002-05-24,0.0,450,0.0,1,25,>,MAT,107344,OK,2001,Ortega Gómez et al. (2019),2002-05-07,10.0,450,precip_mm,24.125338871662567,0.0,0.0,batch_0372e897c9ceabd83d04.csv,-15.25,32.25
25,episodes,1.0,2002-12-08,0.0399619424772735,325,0.0399619424772735,2,25,>=,EST,107344,OK,2002,Li et al. 2025a,2002-11-26,34.0,325,tmax_c,24.125338871662567,0.96409540423411,0.96409540423411,batch_0372e897c9ceabd83d04.csv,-15.25,32.25
25,episodes,1.0,2003-02-23,0.0,1000,0.0,2,25,>=,VEG,107344,OK,2002,Li et al. 2025a,2003-01-15,34.6,1000,tmax_c,24.125338871662567,0.0,0.0,batch_0372e897c9ceabd83d04.csv,-15.25,32.25
25,episodes,1.0,2003-03-18,0.0,300,0.0,2,25,>=,REP,107344,OK,2002,Li et al. (2025b),2003-03-07,33.7,300,tmax_c,24.125338871662567,0.0,0.0,batch_0372e897c9ceabd83d04.csv,-15.25,32.25
25,episodes,1.0,2003-03-06,0.0,275,0.0,2,25,>=,FLO,107344,OK,2002,Li et al. (2025b),2003-02-24,33.7,275,tmax_c,24.125338871662567,0.0,0.0,batch_0372e897c9ceabd83d04.csv,-15.25,32.25
25,episodes,1.0,2003-05-06,0.0,1225,0.0,2,25,>=,FIL,107344,OK,2002,Li et al. (2025b),2003-03-19,32.7,1225,tmax_c,24.125338871662567,0.0,0.0,batch_0372e897c9ceabd83d04.csv,-15.25,32.25
25,days,1.0,2003-05-24,0.0,450,0.0,1,25,>,MAT,107344,OK,2002,Ortega Gómez et al. (2019),2003-05-07,10.0,450,precip_mm,24.125338871662567,0.0,0.0,batch_0372e897c9ceabd83d04.csv,-15.25,32.25
25,episodes,1.0,2003-12-08,1.0,325,1.1200187850958407,2,25,>=,EST,107344,OK,2003,Li et al. 2025a,2003-11-26,34.0,325,tmax_c,24.125338871662567,27.02083273306497,24.125338871662567,batch_0372e897c9ceabd83d04.csv,-15.25,32.25
25,episodes,1.0,2004-02-23,0.0,1000,0.0,2,25,>=,VEG,107344,OK,2003,Li et al. 2025a,2004-01-15,34.6,1000,tmax_c,24.125338871662567,0.0,0.0,batch_0372e897c9ceabd83d04.csv,-15.25,32.25
25,episodes,1.0,2004-03-18,0.0,300,0.0,2,25,>=,REP,107344,OK,2003,Li et al. (2025b),2004-03-07,33.7,300,tmax_c,24.125338871662567,0.0,0.0,batch_0372e897c9ceabd83d04.csv,-15.25,32.25
25,episodes,1.0,2004-03-06,0.0,300,0.0,2,25,>=,FLO,107344,OK,2003,Li et al. (2025b),2004-02-24,33.7,300,tmax_c,24.125338871662567,0.0,0.0,batch_0372e897c9ceabd83d04.csv,-15.25,32.25
25,episodes,1.0,2004-05-06,0.0,1225,0.0,2,25,>=,FIL,107344,OK,2003,Li et al. (2025b),2004-03-19,32.7,1225,tmax_c,24.125338871662567,0.0,0.0,batch_0372e897c9ceabd83d04.csv,-15.25,32.25
25,days,1.0,2004-05-24,0.0,450,0.0,1,25,>,MAT,107344,OK,2003,Ortega Gómez et al. (2019),2004-05-07,10.0,450,precip_mm,24.125338871662567,0.0,0.0,batch_0372e897c9ceabd83d04.csv,-15.25,32.25
25,episodes,1.0,2004-12-08,0.0,325,0.0,2,25,>=,EST,107344,OK,2004,Li et al. 2025a,2004-11-26,34.0,325,tmax_c,24.125338871662567,0.0,0.0,batch_0372e897c9ceabd83d04.csv,-15.25,32.25
25,episodes,1.0,2005-02-23,0.0,1000,0.0,2,25,>=,VEG,107344,OK,2004,Li et al. 2025a,2005-01-15,34.6,1000,tmax_c,24.125338871662567,0.0,0.0,batch_0372e897c9ceabd83d04.csv,-15.25,32.25
25,episodes,1.0,2005-03-18,0.0399619424772735,300,0.0399619424772735,2,25,>=,REP,107344,OK,2004,Li et al. (2025b),2005-03-07,33.7,300,tmax_c,24.125338871662567,0.96409540423411,0.96409540423411,batch_0372e897c9ceabd83d04.csv,-15.25,32.25
25,episodes,1.0,2005-03-06,0.0,275,0.0,2,25,>=,FLO,107344,OK,2004,Li et al. (2025b),2005-02-24,33.7,275,tmax_c,24.125338871662567,0.0,0.0,batch_0372e897c9ceabd83d04.csv,-15.25,32.25
25,episodes,1.0,2005-05-06,0.2399619424772734,1225,0.2399619424772734,2,25,>=,FIL,107344,OK,2004,Li et al. (2025b),2005-03-19,32.7,1225,tmax_c,24.125338871662567,5.789163178566623,5.789163178566623,batch_0372e897c9ceabd83d04.csv,-15.25,32.25
25,days,1.0,2005-05-24,0.0,450,0.0,1,25,>,MAT,107344,OK,2004,Ortega Gómez et al. (2019),2005-05-07,10.0,450,precip_mm,24.125338871662567,0.0,0.0,batch_0372e897c9ceabd83d04.csv,-15.25,32.25
25,episodes,1.0,1997-10-31,0.0,375,0.0,2,25,>=,EST,92940,OK,1997,Li et al. 2025a,1997-10-17,34.0,375,tmax_c,22.62060740518944,0.0,0.0,batch_03732c552918a0f061b2.csv,-25.25,30.25
25,episodes,1.0,1998-01-29,0.0,1150,0.0,2,25,>=,VEG,92940,OK,1997,Li et al. 2025a,1997-12-15,34.6,1150,tmax_c,22.62060740518944,0.0,0.0,batch_03732c552918a0f061b2.csv,-25.25,30.25
25,episodes,1.0,1998-02-25,0.0,350,0.0,2,25,>=,REP,92940,OK,1997,Li et al. (2025b),1998-02-12,33.7,350,tmax_c,22.62060740518944,0.0,0.0,batch_03732c552918a0f061b2.csv,-25.25,30.25
25,episodes,1.0,1998-02-11,0.0,325,0.0,2,25,>=,FLO,92940,OK,1997,Li et al. (2025b),1998-01-30,33.7,325,tmax_c,22.62060740518944,0.0,0.0,batch_03732c552918a0f061b2.csv,-25.25,30.25
25,episodes,1.0,1998-04-23,0.0,1425,0.0,2,25,>=,FIL,92940,OK,1997,Li et al. (2025b),1998-02-26,32.7,1425,tmax_c,22.62060740518944,0.0,0.0,batch_03732c552918a0f061b2.csv,-25.25,30.25
25,days,1.0,1998-05-14,0.0,525,0.0,1,25,>,MAT,92940,OK,1997,Ortega Gómez et al. (2019),1998-04-24,10.0,525,precip_mm,22.62060740518944,0.0,0.0,batch_03732c552918a0f061b2.csv,-25.25,30.25
25,episodes,1.0,1998-10-31,0.0,375,0.0,2,25,>=,EST,92940,OK,1998,Li et al. 2025a,1998-10-17,34.0,375,tmax_c,22.62060740518944,0.0,0.0,batch_03732c552918a0f061b2.csv,-25.25,30.25
25,episodes,1.0,1999-01-29,0.0,1150,0.0,2,25,>=,VEG,92940,OK,1998,Li et al. 2025a,1998-12-15,34.6,1150,tmax_c,22.62060740518944,0.0,0.0,batch_03732c552918a0f061b2.csv,-25.25,30.25
25,episodes,1.0,1999-02-25,0.0,350,0.0,2,25,>=,REP,92940,OK,1998,Li et al. (2025b),1999-02-12,33.7,350,tmax_c,22.62060740518944,0.0,0.0,batch_03732c552918a0f061b2.csv,-25.25,30.25
25,episodes,1.0,1999-02-11,0.0,325,0.0,2,25,>=,FLO,92940,OK,1998,Li et al. (2025b),1999-01-30,33.7,325,tmax_c,22.62060740518944,0.0,0.0,batch_03732c552918a0f061b2.csv,-25.25,30.25
25,episodes,1.0,1999-04-23,0.0,1425,0.0,2,25,>=,FIL,92940,OK,1998,Li et al. (2025b),1999-02-26,32.7,1425,tmax_c,22.62060740518944,0.0,0.0,batch_03732c552918a0f061b2.csv,-25.25,30.25
25,days,1.0,1999-05-14,0.0,525,0.0,1,25,>,MAT,92940,OK,1998,Ortega Gómez et al. (2019),1999-04-24,10.0,525,precip_mm,22.62060740518944,0.0,0.0,batch_03732c552918a0f061b2.csv,-25.25,30.25
25,episodes,1.0,1999-10-31,0.0,375,0.0,2,25,>=,EST,92940,OK,1999,Li et al. 2025a,1999-10-17,34.0,375,tmax_c,22.62060740518944,0.0,0.0,batch_03732c552918a0f061b2.csv,-25.25,30.25
25,episodes,1.0,2000-01-29,0.0,1150,0.0,2,25,>=,VEG,92940,OK,1999,Li et al. 2025a,1999-12-15,34.6,1150,tmax_c,22.62060740518944,0.0,0.0,batch_03732c552918a0f061b2.csv,-25.25,30.25
25,episodes,1.0,2000-02-25,0.0,350,0.0,2,25,>=,REP,92940,OK,1999,Li et al. (2025b),2000-02-12,33.7,350,tmax_c,22.62060740518944,0.0,0.0,batch_03732c552918a0f061b2.csv,-25.25,30.25
25,episodes,1.0,2000-02-11,0.0,325,0.0,2,25,>=,FLO,92940,OK,1999,Li et al. (2025b),2000-01-30,33.7,325,tmax_c,22.62060740518944,0.0,0.0,batch_03732c552918a0f061b2.csv,-25.25,30.25
25,episodes,1.0,2000-04-23,0.0,1450,0.0,2,25,>=,FIL,92940,OK,1999,Li et al. (2025b),2000-02-26,32.7,1450,tmax_c,22.62060740518944,0.0,0.0,batch_03732c552918a0f061b2.csv,-25.25,30.25
25,days,1.0,2000-05-14,0.9599344186120868,525,2.439441583174965,1,25,>,MAT,92940,OK,1999,Ortega Gómez et al. (2019),2000-04-24,10.0,525,precip_mm,22.62060740518944,55.18165034089467,21.71429961815279,batch_03732c552918a0f061b2.csv,-25.25,30.25
25,episodes,1.0,2000-10-31,0.0,375,0.0,2,25,>=,EST,92940,OK,2000,Li et al. 2025a,2000-10-17,34.0,375,tmax_c,22.62060740518944,0.0,0.0,batch_03732c552918a0f061b2.csv,-25.25,30.25
25,episodes,1.0,2001-01-29,0.0,1150,0.0,2,25,>=,VEG,92940,OK,2000,Li et al. 2025a,2000-12-15,34.6,1150,tmax_c,22.62060740518944,0.0,0.0,batch_03732c552918a0f061b2.csv,-25.25,30.25
25,episodes,1.0,2001-02-25,0.0,350,0.0,2,25,>=,REP,92940,OK,2000,Li et al. (2025b),2001-02-12,33.7,350,tmax_c,22.62060740518944,0.0,0.0,batch_03732c552918a0f061b2.csv,-25.25,30.25
25,episodes,1.0,2001-02-11,0.0,325,0.0,2,25,>=,FLO,92940,OK,2000,Li et al. (2025b),2001-01-30,33.7,325,tmax_c,22.62060740518944,0.0,0.0,batch_03732c552918a0f061b2.csv,-25.25,30.25
25,episodes,1.0,2001-04-23,0.0,1425,0.0,2,25,>=,FIL,92940,OK,2000,Li et al. (2025b),2001-02-26,32.7,1425,tmax_c,22.62060740518944,0.0,0.0,batch_03732c552918a0f061b2.csv,-25.25,30.25
25,days,1.0,2001-05-14,0.279769977703462,525,0.279769977703462,1,25,>,MAT,92940,OK,2000,Ortega Gómez et al. (2019),2001-04-24,10.0,525,precip_mm,22.62060740518944,6.328566829388619,6.328566829388619,batch_03732c552918a0f061b2.csv,-25.25,30.25
25,episodes,1.0,1981-11-23,0.0,325,0.0,2,25,>=,EST,103015,OK,1981,Li et al. 2025a,1981-11-11,34.0,325,tmax_c,23.749228943669948,0.0,0.0,batch_037caf0cd2fd5bfe2f95.csv,-18.25,27.75
25,episodes,1.0,1982-02-13,0.0,1050,0.0,2,25,>=,VEG,103015,OK,1981,Li et al. 2025a,1982-01-03,34.6,1050,tmax_c,23.749228943669948,0.0,0.0,batch_037caf0cd2fd5bfe2f95.csv,-18.25,27.75
25,episodes,1.0,1982-03-10,0.0,350,0.0,2,25,>=,REP,103015,OK,1981,Li et al. (2025b),1982-02-25,33.7,350,tmax_c,23.749228943669948,0.0,0.0,batch_037caf0cd2fd5bfe2f95.csv,-18.25,27.75
25,episodes,1.0,1982-02-24,0.0,275,0.0,2,25,>=,FLO,103015,OK,1981,Li et al. (2025b),1982-02-14,33.7,275,tmax_c,23.749228943669948,0.0,0.0,batch_037caf0cd2fd5bfe2f95.csv,-18.25,27.75
25,episodes,1.0,1982-04-30,0.0,1275,0.0,2,25,>=,FIL,103015,OK,1981,Li et al. (2025b),1982-03-11,32.7,1275,tmax_c,23.749228943669948,0.0,0.0,batch_037caf0cd2fd5bfe2f95.csv,-18.25,27.75
25,days,1.0,1982-05-19,0.0,475,0.0,1,25,>,MAT,103015,OK,1981,Ortega Gómez et al. (2019),1982-05-01,10.0,475,precip_mm,23.749228943669948,0.0,0.0,batch_037caf0cd2fd5bfe2f95.csv,-18.25,27.75
25,episodes,1.0,1982-11-23,0.0,325,0.0,2,25,>=,EST,103015,OK,1982,Li et al. 2025a,1982-11-11,34.0,325,tmax_c,23.749228943669948,0.0,0.0,batch_037caf0cd2fd5bfe2f95.csv,-18.25,27.75
25,episodes,1.0,1983-02-13,0.0,1050,0.0,2,25,>=,VEG,103015,OK,1982,Li et al. 2025a,1983-01-03,34.6,1050,tmax_c,23.749228943669948,0.0,0.0,batch_037caf0cd2fd5bfe2f95.csv,-18.25,27.75
25,episodes,1.0,1983-03-10,0.0,350,0.0,2,25,>=,REP,103015,OK,1982,Li et al. (2025b),1983-02-25,33.7,350,tmax_c,23.749228943669948,0.0,0.0,batch_037caf0cd2fd5bfe2f95.csv,-18.25,27.75
25,episodes,1.0,1983-02-24,0.0,275,0.0,2,25,>=,FLO,103015,OK,1982,Li et al. (2025b),1983-02-14,33.7,275,tmax_c,23.749228943669948,0.0,0.0,batch_037caf0cd2fd5bfe2f95.csv,-18.25,27.75
25,episodes,1.0,1983-04-30,0.0,1275,0.0,2,25,>=,FIL,103015,OK,1982,Li et al. (2025b),1983-03-11,32.7,1275,tmax_c,23.749228943669948,0.0,0.0,batch_037caf0cd2fd5bfe2f95.csv,-18.25,27.75
25,days,1.0,1983-05-19,0.0,475,0.0,1,25,>,MAT,103015,OK,1982,Ortega Gómez et al. (2019),1983-05-01,10.0,475,precip_mm,23.749228943669948,0.0,0.0,batch_037caf0cd2fd5bfe2f95.csv,-18.25,27.75
25,episodes,1.0,1983-11-23,0.2401835056285503,325,0.2401835056285503,2,25,>=,EST,103015,OK,1983,Li et al. 2025a,1983-11-11,34.0,325,tmax_c,23.749228943669948,5.704173063665681,5.704173063665681,batch_037caf0cd2fd5bfe2f95.csv,-18.25,27.75
25,episodes,1.0,1984-02-13,0.0,1050,0.0,2,25,>=,VEG,103015,OK,1983,Li et al. 2025a,1984-01-03,34.6,1050,tmax_c,23.749228943669948,0.0,0.0,batch_037caf0cd2fd5bfe2f95.csv,-18.25,27.75
25,episodes,1.0,1984-03-10,0.0,375,0.0,2,25,>=,REP,103015,OK,1983,Li et al. (2025b),1984-02-25,33.7,375,tmax_c,23.749228943669948,0.0,0.0,batch_037caf0cd2fd5bfe2f95.csv,-18.25,27.75
25,episodes,1.0,1984-02-24,0.0,275,0.0,2,25,>=,FLO,103015,OK,1983,Li et al. (2025b),1984-02-14,33.7,275,tmax_c,23.749228943669948,0.0,0.0,batch_037caf0cd2fd5bfe2f95.csv,-18.25,27.75
25,episodes,1.0,1984-04-30,0.0,1275,0.0,2,25,>=,FIL,103015,OK,1983,Li et al. (2025b),1984-03-11,32.7,1275,tmax_c,23.749228943669948,0.0,0.0,batch_037caf0cd2fd5bfe2f95.csv,-18.25,27.75
25,days,1.0,1984-05-19,0.0,475,0.0,1,25,>,MAT,103015,OK,1983,Ortega Gómez et al. (2019),1984-05-01,10.0,475,precip_mm,23.749228943669948,0.0,0.0,batch_037caf0cd2fd5bfe2f95.csv,-18.25,27.75
25,episodes,1.0,1984-11-23,0.2802749537898362,325,0.2802749537898362,2,25,>=,EST,103015,OK,1984,Li et al. 2025a,1984-11-11,34.0,325,tmax_c,23.749228943669948,6.656314044731334,6.656314044731334,batch_037caf0cd2fd5bfe2f95.csv,-18.25,27.75
25,episodes,1.0,1985-02-13,0.0,1050,0.0,2,25,>=,VEG,103015,OK,1984,Li et al. 2025a,1985-01-03,34.6,1050,tmax_c,23.749228943669948,0.0,0.0,batch_037caf0cd2fd5bfe2f95.csv,-18.25,27.75
25,episodes,1.0,1985-03-10,0.0,350,0.0,2,25,>=,REP,103015,OK,1984,Li et al. (2025b),1985-02-25,33.7,350,tmax_c,23.749228943669948,0.0,0.0,batch_037caf0cd2fd5bfe2f95.csv,-18.25,27.75
25,episodes,1.0,1985-02-24,0.0,275,0.0,2,25,>=,FLO,103015,OK,1984,Li et al. (2025b),1985-02-14,33.7,275,tmax_c,23.749228943669948,0.0,0.0,batch_037caf0cd2fd5bfe2f95.csv,-18.25,27.75
25,episodes,1.0,1985-04-30,0.0,1275,0.0,2,25,>=,FIL,103015,OK,1984,Li et al. (2025b),1985-03-11,32.7,1275,tmax_c,23.749228943669948,0.0,0.0,batch_037caf0cd2fd5bfe2f95.csv,-18.25,27.75
25,days,1.0,1985-05-19,0.7197250462101641,475,0.7197250462101641,1,25,>,MAT,103015,OK,1984,Ortega Gómez et al. (2019),1985-05-01,10.0,475,precip_mm,23.749228943669948,17.09291489893862,17.09291489893862,batch_037caf0cd2fd5bfe2f95.csv,-18.25,27.75
25,episodes,1.0,2001-11-28,0.0,325,0.0,2,25,>=,EST,92210,OK,2001,Li et al. 2025a,2001-11-16,34.0,325,tmax_c,22.526856912172203,0.0,0.0,batch_0384629a3c51c4f9ebe9.csv,-25.75,25.25
25,episodes,1.0,2002-02-13,0.0,1000,0.0,2,25,>=,VEG,92210,OK,2001,Li et al. 2025a,2002-01-05,34.6,1000,tmax_c,22.526856912172203,0.0,0.0,batch_0384629a3c51c4f9ebe9.csv,-25.75,25.25
25,episodes,1.0,2002-03-08,0.0,300,0.0,2,25,>=,REP,92210,OK,2001,Li et al. (2025b),2002-02-25,33.7,300,tmax_c,22.526856912172203,0.0,0.0,batch_0384629a3c51c4f9ebe9.csv,-25.75,25.25
25,episodes,1.0,2002-02-24,0.0,275,0.0,2,25,>=,FLO,92210,OK,2001,Li et al. (2025b),2002-02-14,33.7,275,tmax_c,22.526856912172203,0.0,0.0,batch_0384629a3c51c4f9ebe9.csv,-25.75,25.25
25,episodes,1.0,2002-04-26,0.0800002436944678,1225,0.0800002436944678,2,25,>=,FIL,92210,OK,2001,Li et al. (2025b),2002-03-09,32.7,1225,tmax_c,22.526856912172203,1.802154042644183,1.802154042644183,batch_0384629a3c51c4f9ebe9.csv,-25.75,25.25
25,days,1.0,2002-05-14,0.0,450,0.0,1,25,>,MAT,92210,OK,2001,Ortega Gómez et al. (2019),2002-04-27,10.0,450,precip_mm,22.526856912172203,0.0,0.0,batch_0384629a3c51c4f9ebe9.csv,-25.75,25.25
25,episodes,1.0,2002-11-28,0.9599329241594216,325,1.0399330460065812,2,25,>=,EST,92210,OK,2002,Li et al. 2025a,2002-11-16,34.0,325,tmax_c,22.526856912172203,23.426422925629648,21.624271627822345,batch_0384629a3c51c4f9ebe9.csv,-25.75,25.25
25,episodes,1.0,2003-02-13,1.0,1000,2.2,2,25,>=,VEG,92210,OK,2002,Li et al. 2025a,2003-01-05,34.6,1000,tmax_c,22.526856912172203,49.559085206778846,22.526856912172203,batch_0384629a3c51c4f9ebe9.csv,-25.75,25.25
25,episodes,1.0,2003-03-08,0.0,300,0.0,2,25,>=,REP,92210,OK,2002,Li et al. (2025b),2003-02-25,33.7,300,tmax_c,22.526856912172203,0.0,0.0,batch_0384629a3c51c4f9ebe9.csv,-25.75,25.25
25,episodes,1.0,2003-02-24,0.0,275,0.0,2,25,>=,FLO,92210,OK,2002,Li et al. (2025b),2003-02-14,33.7,275,tmax_c,22.526856912172203,0.0,0.0,batch_0384629a3c51c4f9ebe9.csv,-25.75,25.25
25,episodes,1.0,2003-04-26,0.9599329241594216,1225,0.9999330460066556,2,25,>=,FIL,92210,OK,2002,Li et al. (2025b),2003-03-09,32.7,1225,tmax_c,22.526856912172203,22.525348649144437,21.624271627822345,batch_0384629a3c51c4f9ebe9.csv,-25.75,25.25
25,days,1.0,2003-05-14,0.0,450,0.0,1,25,>,MAT,92210,OK,2002,Ortega Gómez et al. (2019),2003-04-27,10.0,450,precip_mm,22.526856912172203,0.0,0.0,batch_0384629a3c51c4f9ebe9.csv,-25.75,25.25
25,episodes,1.0,2003-11-28,0.0,325,0.0,2,25,>=,EST,92210,OK,2003,Li et al. 2025a,2003-11-16,34.0,325,tmax_c,22.526856912172203,0.0,0.0,batch_0384629a3c51c4f9ebe9.csv,-25.75,25.25
25,episodes,1.0,2004-02-13,0.3600673195349719,1000,0.4000674413822058,2,25,>=,VEG,92210,OK,2003,Li et al. 2025a,2004-01-05,34.6,1000,tmax_c,22.526856912172203,9.01226200723579,8.111184985913699,batch_0384629a3c51c4f9ebe9.csv,-25.75,25.25
25,episodes,1.0,2004-03-08,0.0,325,0.0,2,25,>=,REP,92210,OK,2003,Li et al. (2025b),2004-02-25,33.7,325,tmax_c,22.526856912172203,0.0,0.0,batch_0384629a3c51c4f9ebe9.csv,-25.75,25.25
25,episodes,1.0,2004-02-24,0.0,275,0.0,2,25,>=,FLO,92210,OK,2003,Li et al. (2025b),2004-02-14,33.7,275,tmax_c,22.526856912172203,0.0,0.0,batch_0384629a3c51c4f9ebe9.csv,-25.75,25.25
25,episodes,1.0,2004-04-26,0.0,1225,0.0,2,25,>=,FIL,92210,OK,2003,Li et al. (2025b),2004-03-09,32.7,1225,tmax_c,22.526856912172203,0.0,0.0,batch_0384629a3c51c4f9ebe9.csv,-25.75,25.25
25,days,1.0,2004-05-14,0.0,450,0.0,1,25,>,MAT,92210,OK,2003,Ortega Gómez et al. (2019),2004-04-27,10.0,450,precip_mm,22.526856912172203,0.0,0.0,batch_0384629a3c51c4f9ebe9.csv,-25.75,25.25
25,episodes,1.0,2004-11-28,1.0,325,2.0,2,25,>=,EST,92210,OK,2004,Li et al. 2025a,2004-11-16,34.0,325,tmax_c,22.526856912172203,45.053713824344406,22.526856912172203,batch_0384629a3c51c4f9ebe9.csv,-25.75,25.25
25,episodes,1.0,2005-02-13,0.9599329241594216,1000,1.0,2,25,>=,VEG,92210,OK,2004,Li et al. 2025a,2005-01-05,34.6,1000,tmax_c,22.526856912172203,22.526856912172203,21.624271627822345,batch_0384629a3c51c4f9ebe9.csv,-25.75,25.25
25,episodes,1.0,2005-03-08,0.0,300,0.0,2,25,>=,REP,92210,OK,2004,Li et al. (2025b),2005-02-25,33.7,300,tmax_c,22.526856912172203,0.0,0.0,batch_0384629a3c51c4f9ebe9.csv,-25.75,25.25
25,episodes,1.0,2005-02-24,0.0,275,0.0,2,25,>=,FLO,92210,OK,2004,Li et al. (2025b),2005-02-14,33.7,275,tmax_c,22.526856912172203,0.0,0.0,batch_0384629a3c51c4f9ebe9.csv,-25.75,25.25
25,episodes,1.0,2005-04-26,0.2798321885002017,1225,0.2798321885002017,2,25,>=,FIL,92210,OK,2004,Li et al. (2025b),2005-03-09,32.7,1225,tmax_c,22.526856912172203,6.303739669764044,6.303739669764044,batch_0384629a3c51c4f9ebe9.csv,-25.75,25.25
25,days,1.0,2005-05-14,0.0,450,0.0,1,25,>,MAT,92210,OK,2004,Ortega Gómez et al. (2019),2005-04-27,10.0,450,precip_mm,22.526856912172203,0.0,0.0,batch_0384629a3c51c4f9ebe9.csv,-25.75,25.25
25,episodes,1.0,2005-02-21,0.0,200,0.0,2,25,>=,EST,107881,OK,2005,Li et al. 2025a,2005-02-14,34.0,200,tmax_c,24.125338871662567,0.0,0.0,batch_03980bc3ede1bf6659cf.csv,-15.25,-59.25
25,episodes,1.0,2005-04-12,0.0,625,0.0,2,25,>=,VEG,107881,OK,2005,Li et al. 2025a,2005-03-19,34.6,625,tmax_c,24.125338871662567,0.0,0.0,batch_03980bc3ede1bf6659cf.csv,-15.25,-59.25
25,episodes,1.0,2005-04-28,0.0,200,0.0,2,25,>=,REP,107881,OK,2005,Li et al. (2025b),2005-04-21,33.7,200,tmax_c,24.125338871662567,0.0,0.0,batch_03980bc3ede1bf6659cf.csv,-15.25,-59.25
25,episodes,1.0,2005-04-20,0.0,200,0.0,2,25,>=,FLO,107881,OK,2005,Li et al. (2025b),2005-04-13,33.7,200,tmax_c,24.125338871662567,0.0,0.0,batch_03980bc3ede1bf6659cf.csv,-15.25,-59.25
25,episodes,1.0,2005-05-29,0.0,775,0.0,2,25,>=,FIL,107881,OK,2005,Li et al. (2025b),2005-04-29,32.7,775,tmax_c,24.125338871662567,0.0,0.0,batch_03980bc3ede1bf6659cf.csv,-15.25,-59.25
25,days,1.0,2005-06-10,0.0,300,0.0,1,25,>,MAT,107881,OK,2005,Ortega Gómez et al. (2019),2005-05-30,10.0,300,precip_mm,24.125338871662567,0.0,0.0,batch_03980bc3ede1bf6659cf.csv,-15.25,-59.25
25,episodes,1.0,2006-02-21,0.0,200,0.0,2,25,>=,EST,107881,OK,2006,Li et al. 2025a,2006-02-14,34.0,200,tmax_c,24.125338871662567,0.0,0.0,batch_03980bc3ede1bf6659cf.csv,-15.25,-59.25
25,episodes,1.0,2006-04-12,0.0,625,0.0,2,25,>=,VEG,107881,OK,2006,Li et al. 2025a,2006-03-19,34.6,625,tmax_c,24.125338871662567,0.0,0.0,batch_03980bc3ede1bf6659cf.csv,-15.25,-59.25
25,episodes,1.0,2006-04-28,0.0,200,0.0,2,25,>=,REP,107881,OK,2006,Li et al. (2025b),2006-04-21,33.7,200,tmax_c,24.125338871662567,0.0,0.0,batch_03980bc3ede1bf6659cf.csv,-15.25,-59.25
25,episodes,1.0,2006-04-20,0.0,200,0.0,2,25,>=,FLO,107881,OK,2006,Li et al. (2025b),2006-04-13,33.7,200,tmax_c,24.125338871662567,0.0,0.0,batch_03980bc3ede1bf6659cf.csv,-15.25,-59.25
25,episodes,1.0,2006-05-29,0.0,775,0.0,2,25,>=,FIL,107881,OK,2006,Li et al. (2025b),2006-04-29,32.7,775,tmax_c,24.125338871662567,0.0,0.0,batch_03980bc3ede1bf6659cf.csv,-15.25,-59.25
25,days,1.0,2006-06-10,0.0,300,0.0,1,25,>,MAT,107881,OK,2006,Ortega Gómez et al. (2019),2006-05-30,10.0,300,precip_mm,24.125338871662567,0.0,0.0,batch_03980bc3ede1bf6659cf.csv,-15.25,-59.25
25,episodes,1.0,2007-02-21,0.0,200,0.0,2,25,>=,EST,107881,OK,2007,Li et al. 2025a,2007-02-14,34.0,200,tmax_c,24.125338871662567,0.0,0.0,batch_03980bc3ede1bf6659cf.csv,-15.25,-59.25
25,episodes,1.0,2007-04-12,0.0,625,0.0,2,25,>=,VEG,107881,OK,2007,Li et al. 2025a,2007-03-19,34.6,625,tmax_c,24.125338871662567,0.0,0.0,batch_03980bc3ede1bf6659cf.csv,-15.25,-59.25
25,episodes,1.0,2007-04-28,0.0,200,0.0,2,25,>=,REP,107881,OK,2007,Li et al. (2025b),2007-04-21,33.7,200,tmax_c,24.125338871662567,0.0,0.0,batch_03980bc3ede1bf6659cf.csv,-15.25,-59.25
25,episodes,1.0,2007-04-20,0.0,200,0.0,2,25,>=,FLO,107881,OK,2007,Li et al. (2025b),2007-04-13,33.7,200,tmax_c,24.125338871662567,0.0,0.0,batch_03980bc3ede1bf6659cf.csv,-15.25,-59.25
25,episodes,1.0,2007-05-29,0.239848135392905,775,0.239848135392905,2,25,>=,FIL,107881,OK,2007,Li et al. (2025b),2007-04-29,32.7,775,tmax_c,24.125338871662567,5.786417544090238,5.786417544090238,batch_03980bc3ede1bf6659cf.csv,-15.25,-59.25
25,days,1.0,2007-06-10,0.0,300,0.0,1,25,>,MAT,107881,OK,2007,Ortega Gómez et al. (2019),2007-05-30,10.0,300,precip_mm,24.125338871662567,0.0,0.0,batch_03980bc3ede1bf6659cf.csv,-15.25,-59.25
25,episodes,1.0,2008-02-21,0.0,200,0.0,2,25,>=,EST,107881,OK,2008,Li et al. 2025a,2008-02-14,34.0,200,tmax_c,24.125338871662567,0.0,0.0,batch_03980bc3ede1bf6659cf.csv,-15.25,-59.25
25,episodes,1.0,2008-04-12,0.0,625,0.0,2,25,>=,VEG,107881,OK,2008,Li et al. 2025a,2008-03-19,34.6,625,tmax_c,24.125338871662567,0.0,0.0,batch_03980bc3ede1bf6659cf.csv,-15.25,-59.25
25,episodes,1.0,2008-04-28,0.0,200,0.0,2,25,>=,REP,107881,OK,2008,Li et al. (2025b),2008-04-21,33.7,200,tmax_c,24.125338871662567,0.0,0.0,batch_03980bc3ede1bf6659cf.csv,-15.25,-59.25
25,episodes,1.0,2008-04-20,0.0,200,0.0,2,25,>=,FLO,107881,OK,2008,Li et al. (2025b),2008-04-13,33.7,200,tmax_c,24.125338871662567,0.0,0.0,batch_03980bc3ede1bf6659cf.csv,-15.25,-59.25
25,episodes,1.0,2008-05-29,0.0,775,0.0,2,25,>=,FIL,107881,OK,2008,Li et al. (2025b),2008-04-29,32.7,775,tmax_c,24.125338871662567,0.0,0.0,batch_03980bc3ede1bf6659cf.csv,-15.25,-59.25
25,days,1.0,2008-06-10,0.0,300,0.0,1,25,>,MAT,107881,OK,2008,Ortega Gómez et al. (2019),2008-05-30,10.0,300,precip_mm,24.125338871662567,0.0,0.0,batch_03980bc3ede1bf6659cf.csv,-15.25,-59.25
25,episodes,1.0,2001-11-07,0.0,225,0.0,2,25,>=,EST,78336,OK,2001,Li et al. 2025a,2001-10-30,34.0,225,tmax_c,20.302026328651376,0.0,0.0,batch_039a30e22a3523a892e9.csv,-35.75,-71.75
25,episodes,1.0,2002-01-03,0.0,725,0.0,2,25,>=,VEG,78336,OK,2001,Li et al. 2025a,2001-12-06,34.6,725,tmax_c,20.302026328651376,0.0,0.0,batch_039a30e22a3523a892e9.csv,-35.75,-71.75
25,episodes,1.0,2002-01-20,0.0,225,0.0,2,25,>=,REP,78336,OK,2001,Li et al. (2025b),2002-01-12,33.7,225,tmax_c,20.302026328651376,0.0,0.0,batch_039a30e22a3523a892e9.csv,-35.75,-71.75
25,episodes,1.0,2002-01-11,0.0,200,0.0,2,25,>=,FLO,78336,OK,2001,Li et al. (2025b),2002-01-04,33.7,200,tmax_c,20.302026328651376,0.0,0.0,batch_039a30e22a3523a892e9.csv,-35.75,-71.75
25,episodes,1.0,2002-02-25,0.0,900,0.0,2,25,>=,FIL,78336,OK,2001,Li et al. (2025b),2002-01-21,32.7,900,tmax_c,20.302026328651376,0.0,0.0,batch_039a30e22a3523a892e9.csv,-35.75,-71.75
25,days,1.0,2002-03-10,1.0,325,1.159598185389528,1,25,>,MAT,78336,OK,2001,Ortega Gómez et al. (2019),2002-02-26,10.0,325,precip_mm,20.302026328651376,23.54219289043456,20.302026328651376,batch_039a30e22a3523a892e9.csv,-35.75,-71.75
25,episodes,1.0,2002-11-07,0.0,225,0.0,2,25,>=,EST,78336,OK,2002,Li et al. 2025a,2002-10-30,34.0,225,tmax_c,20.302026328651376,0.0,0.0,batch_039a30e22a3523a892e9.csv,-35.75,-71.75
25,episodes,1.0,2003-01-03,0.0,725,0.0,2,25,>=,VEG,78336,OK,2002,Li et al. 2025a,2002-12-06,34.6,725,tmax_c,20.302026328651376,0.0,0.0,batch_039a30e22a3523a892e9.csv,-35.75,-71.75
25,episodes,1.0,2003-01-20,0.0,225,0.0,2,25,>=,REP,78336,OK,2002,Li et al. (2025b),2003-01-12,33.7,225,tmax_c,20.302026328651376,0.0,0.0,batch_039a30e22a3523a892e9.csv,-35.75,-71.75
25,episodes,1.0,2003-01-11,0.0,200,0.0,2,25,>=,FLO,78336,OK,2002,Li et al. (2025b),2003-01-04,33.7,200,tmax_c,20.302026328651376,0.0,0.0,batch_039a30e22a3523a892e9.csv,-35.75,-71.75
25,episodes,1.0,2003-02-25,0.0,900,0.0,2,25,>=,FIL,78336,OK,2002,Li et al. (2025b),2003-01-21,32.7,900,tmax_c,20.302026328651376,0.0,0.0,batch_039a30e22a3523a892e9.csv,-35.75,-71.75
25,days,1.0,2003-03-10,0.0,325,0.0,1,25,>,MAT,78336,OK,2002,Ortega Gómez et al. (2019),2003-02-26,10.0,325,precip_mm,20.302026328651376,0.0,0.0,batch_039a30e22a3523a892e9.csv,-35.75,-71.75
25,episodes,1.0,2003-11-07,0.0,225,0.0,2,25,>=,EST,78336,OK,2003,Li et al. 2025a,2003-10-30,34.0,225,tmax_c,20.302026328651376,0.0,0.0,batch_039a30e22a3523a892e9.csv,-35.75,-71.75
25,episodes,1.0,2004-01-03,0.0,725,0.0,2,25,>=,VEG,78336,OK,2003,Li et al. 2025a,2003-12-06,34.6,725,tmax_c,20.302026328651376,0.0,0.0,batch_039a30e22a3523a892e9.csv,-35.75,-71.75
25,episodes,1.0,2004-01-20,0.0,225,0.0,2,25,>=,REP,78336,OK,2003,Li et al. (2025b),2004-01-12,33.7,225,tmax_c,20.302026328651376,0.0,0.0,batch_039a30e22a3523a892e9.csv,-35.75,-71.75
25,episodes,1.0,2004-01-11,0.0,200,0.0,2,25,>=,FLO,78336,OK,2003,Li et al. (2025b),2004-01-04,33.7,200,tmax_c,20.302026328651376,0.0,0.0,batch_039a30e22a3523a892e9.csv,-35.75,-71.75
25,episodes,1.0,2004-02-25,0.0,900,0.0,2,25,>=,FIL,78336,OK,2003,Li et al. (2025b),2004-01-21,32.7,900,tmax_c,20.302026328651376,0.0,0.0,batch_039a30e22a3523a892e9.csv,-35.75,-71.75
25,days,1.0,2004-03-10,1.0,350,1.0,1,25,>,MAT,78336,OK,2003,Ortega Gómez et al. (2019),2004-02-26,10.0,350,precip_mm,20.302026328651376,20.302026328651376,20.302026328651376,batch_039a30e22a3523a892e9.csv,-35.75,-71.75
25,episodes,1.0,2004-11-07,0.0,225,0.0,2,25,>=,EST,78336,OK,2004,Li et al. 2025a,2004-10-30,34.0,225,tmax_c,20.302026328651376,0.0,0.0,batch_039a30e22a3523a892e9.csv,-35.75,-71.75
25,episodes,1.0,2005-01-03,0.0,725,0.0,2,25,>=,VEG,78336,OK,2004,Li et al. 2025a,2004-12-06,34.6,725,tmax_c,20.302026328651376,0.0,0.0,batch_039a30e22a3523a892e9.csv,-35.75,-71.75
25,episodes,1.0,2005-01-20,0.0,225,0.0,2,25,>=,REP,78336,OK,2004,Li et al. (2025b),2005-01-12,33.7,225,tmax_c,20.302026328651376,0.0,0.0,batch_039a30e22a3523a892e9.csv,-35.75,-71.75
25,episodes,1.0,2005-01-11,0.0,200,0.0,2,25,>=,FLO,78336,OK,2004,Li et al. (2025b),2005-01-04,33.7,200,tmax_c,20.302026328651376,0.0,0.0,batch_039a30e22a3523a892e9.csv,-35.75,-71.75
25,episodes,1.0,2005-02-25,0.0,900,0.0,2,25,>=,FIL,78336,OK,2004,Li et al. (2025b),2005-01-21,32.7,900,tmax_c,20.302026328651376,0.0,0.0,batch_039a30e22a3523a892e9.csv,-35.75,-71.75
25,days,1.0,2005-03-10,0.0,325,0.0,1,25,>,MAT,78336,OK,2004,Ortega Gómez et al. (2019),2005-02-26,10.0,325,precip_mm,20.302026328651376,0.0,0.0,batch_039a30e22a3523a892e9.csv,-35.75,-71.75
25,episodes,1.0,1985-11-11,0.0,300,0.0,2,25,>=,EST,89583,OK,1985,Li et al. 2025a,1985-10-31,34.0,300,tmax_c,22.13477321733814,0.0,0.0,batch_039c37f0a947575f5242.csv,-27.75,151.75
25,episodes,1.0,1986-01-26,1.0,975,1.0400731836946686,2,25,>=,VEG,89583,OK,1985,Li et al. 2025a,1985-12-19,34.6,975,tmax_c,22.13477321733814,23.021784050516363,22.13477321733814,batch_039c37f0a947575f5242.csv,-27.75,151.75
25,episodes,1.0,1986-02-18,0.0801463673893371,300,0.0801463673893371,2,25,>=,REP,89583,OK,1985,Li et al. (2025b),1986-02-07,33.7,300,tmax_c,22.13477321733814,1.7740216663564432,1.7740216663564432,batch_039c37f0a947575f5242.csv,-27.75,151.75
25,episodes,1.0,1986-02-06,0.5597799614155191,275,0.5597799614155191,2,25,>=,FLO,89583,OK,1985,Li et al. (2025b),1986-01-27,33.7,275,tmax_c,22.13477321733814,12.39060249754281,12.39060249754281,batch_039c37f0a947575f5242.csv,-27.75,151.75
25,episodes,1.0,1986-04-06,0.8398532669574216,1175,1.2799264506520902,2,25,>=,FIL,89583,OK,1985,Li et al. (2025b),1986-02-19,32.7,1175,tmax_c,22.13477321733814,28.330881720056556,18.589961599943077,batch_039c37f0a947575f5242.csv,-27.75,151.75
25,days,1.0,1986-04-24,0.0,450,0.0,1,25,>,MAT,89583,OK,1985,Ortega Gómez et al. (2019),1986-04-07,10.0,450,precip_mm,22.13477321733814,0.0,0.0,batch_039c37f0a947575f5242.csv,-27.75,151.75
25,episodes,1.0,1986-11-11,0.0,300,0.0,2,25,>=,EST,89583,OK,1986,Li et al. 2025a,1986-10-31,34.0,300,tmax_c,22.13477321733814,0.0,0.0,batch_039c37f0a947575f5242.csv,-27.75,151.75
25,episodes,1.0,1987-01-26,1.0,975,1.9598897370133663,2,25,>=,VEG,89583,OK,1986,Li et al. 2025a,1986-12-19,34.6,975,tmax_c,22.13477321733814,43.38171485977935,22.13477321733814,batch_039c37f0a947575f5242.csv,-27.75,151.75
25,episodes,1.0,1987-02-18,0.0,300,0.0,2,25,>=,REP,89583,OK,1986,Li et al. (2025b),1987-02-07,33.7,300,tmax_c,22.13477321733814,0.0,0.0,batch_039c37f0a947575f5242.csv,-27.75,151.75
25,episodes,1.0,1987-02-06,0.0,275,0.0,2,25,>=,FLO,89583,OK,1986,Li et al. (2025b),1987-01-27,33.7,275,tmax_c,22.13477321733814,0.0,0.0,batch_039c37f0a947575f5242.csv,-27.75,151.75
25,episodes,1.0,1987-04-06,0.5198165533186974,1175,0.5198165533186974,2,25,>=,FIL,89583,OK,1986,Li et al. (2025b),1987-02-19,32.7,1175,tmax_c,22.13477321733814,11.506021522327726,11.506021522327726,batch_039c37f0a947575f5242.csv,-27.75,151.75
25,days,1.0,1987-04-24,0.0,450,0.0,1,25,>,MAT,89583,OK,1986,Ortega Gómez et al. (2019),1987-04-07,10.0,450,precip_mm,22.13477321733814,0.0,0.0,batch_039c37f0a947575f5242.csv,-27.75,151.75
25,episodes,1.0,1987-11-11,0.0,300,0.0,2,25,>=,EST,89583,OK,1987,Li et al. 2025a,1987-10-31,34.0,300,tmax_c,22.13477321733814,0.0,0.0,batch_039c37f0a947575f5242.csv,-27.75,151.75
25,episodes,1.0,1988-01-26,0.0,975,0.0,2,25,>=,VEG,89583,OK,1987,Li et al. 2025a,1987-12-19,34.6,975,tmax_c,22.13477321733814,0.0,0.0,batch_039c37f0a947575f5242.csv,-27.75,151.75
25,episodes,1.0,1988-02-18,0.0,300,0.0,2,25,>=,REP,89583,OK,1987,Li et al. (2025b),1988-02-07,33.7,300,tmax_c,22.13477321733814,0.0,0.0,batch_039c37f0a947575f5242.csv,-27.75,151.75
25,episodes,1.0,1988-02-06,0.0,275,0.0,2,25,>=,FLO,89583,OK,1987,Li et al. (2025b),1988-01-27,33.7,275,tmax_c,22.13477321733814,0.0,0.0,batch_039c37f0a947575f5242.csv,-27.75,151.75
25,episodes,1.0,1988-04-06,0.0,1200,0.0,2,25,>=,FIL,89583,OK,1987,Li et al. (2025b),1988-02-19,32.7,1200,tmax_c,22.13477321733814,0.0,0.0,batch_039c37f0a947575f5242.csv,-27.75,151.75
25,days,1.0,1988-04-24,1.0,450,1.3197430040824012,1,25,>,MAT,89583,OK,1987,Ortega Gómez et al. (2019),1988-04-07,10.0,450,precip_mm,22.13477321733814,29.212212100532515,22.13477321733814,batch_039c37f0a947575f5242.csv,-27.75,151.75
25,episodes,1.0,1988-11-11,0.0,300,0.0,2,25,>=,EST,89583,OK,1988,Li et al. 2025a,1988-10-31,34.0,300,tmax_c,22.13477321733814,0.0,0.0,batch_039c37f0a947575f5242.csv,-27.75,151.75
25,episodes,1.0,1989-01-26,0.0400731836946685,975,0.0400731836946685,2,25,>=,VEG,89583,OK,1988,Li et al. 2025a,1988-12-19,34.6,975,tmax_c,22.13477321733814,0.8870108331782216,0.8870108331782216,batch_039c37f0a947575f5242.csv,-27.75,151.75
25,episodes,1.0,1989-02-18,0.0,300,0.0,2,25,>=,REP,89583,OK,1988,Li et al. (2025b),1989-02-07,33.7,300,tmax_c,22.13477321733814,0.0,0.0,batch_039c37f0a947575f5242.csv,-27.75,151.75
25,episodes,1.0,1989-02-06,0.0,275,0.0,2,25,>=,FLO,89583,OK,1988,Li et al. (2025b),1989-01-27,33.7,275,tmax_c,22.13477321733814,0.0,0.0,batch_039c37f0a947575f5242.csv,-27.75,151.75
25,episodes,1.0,1989-04-06,0.1199631644024281,1175,0.1998531451101877,2,25,>=,FIL,89583,OK,1988,Li et al. (2025b),1989-02-19,32.7,1175,tmax_c,22.13477321733814,4.423704043785776,2.6553574384819987,batch_039c37f0a947575f5242.csv,-27.75,151.75
25,days,1.0,1989-04-24,1.0,450,2.0,1,25,>,MAT,89583,OK,1988,Ortega Gómez et al. (2019),1989-04-07,10.0,450,precip_mm,22.13477321733814,44.26954643467628,22.13477321733814,batch_039c37f0a947575f5242.csv,-27.75,151.75
25,episodes,1.0,2013-02-23,0.0,250,0.0,2,25,>=,EST,99250,OK,2013,Li et al. 2025a,2013-02-14,34.0,250,tmax_c,23.3080240299314,0.0,0.0,batch_039ff45bc2470b612773.csv,-21.25,-54.75
25,episodes,1.0,2013-04-28,0.0,825,0.0,2,25,>=,VEG,99250,OK,2013,Li et al. 2025a,2013-03-27,34.6,825,tmax_c,23.3080240299314,0.0,0.0,batch_039ff45bc2470b612773.csv,-21.25,-54.75
25,episodes,1.0,2013-05-17,0.0,275,0.0,2,25,>=,REP,99250,OK,2013,Li et al. (2025b),2013-05-07,33.7,275,tmax_c,23.3080240299314,0.0,0.0,batch_039ff45bc2470b612773.csv,-21.25,-54.75
25,episodes,1.0,2013-05-06,0.0,200,0.0,2,25,>=,FLO,99250,OK,2013,Li et al. (2025b),2013-04-29,33.7,200,tmax_c,23.3080240299314,0.0,0.0,batch_039ff45bc2470b612773.csv,-21.25,-54.75
25,episodes,1.0,2013-06-25,0.0,975,0.0,2,25,>=,FIL,99250,OK,2013,Li et al. (2025b),2013-05-18,32.7,975,tmax_c,23.3080240299314,0.0,0.0,batch_039ff45bc2470b612773.csv,-21.25,-54.75
25,days,1.0,2013-07-10,1.0,375,2.0,1,25,>,MAT,99250,OK,2013,Ortega Gómez et al. (2019),2013-06-26,10.0,375,precip_mm,23.3080240299314,46.6160480598628,23.3080240299314,batch_039ff45bc2470b612773.csv,-21.25,-54.75
25,episodes,1.0,2014-02-23,0.0,250,0.0,2,25,>=,EST,99250,OK,2014,Li et al. 2025a,2014-02-14,34.0,250,tmax_c,23.3080240299314,0.0,0.0,batch_039ff45bc2470b612773.csv,-21.25,-54.75
25,episodes,1.0,2014-04-28,0.0,825,0.0,2,25,>=,VEG,99250,OK,2014,Li et al. 2025a,2014-03-27,34.6,825,tmax_c,23.3080240299314,0.0,0.0,batch_039ff45bc2470b612773.csv,-21.25,-54.75
25,episodes,1.0,2014-05-17,0.0,275,0.0,2,25,>=,REP,99250,OK,2014,Li et al. (2025b),2014-05-07,33.7,275,tmax_c,23.3080240299314,0.0,0.0,batch_039ff45bc2470b612773.csv,-21.25,-54.75
25,episodes,1.0,2014-05-06,0.0,200,0.0,2,25,>=,FLO,99250,OK,2014,Li et al. (2025b),2014-04-29,33.7,200,tmax_c,23.3080240299314,0.0,0.0,batch_039ff45bc2470b612773.csv,-21.25,-54.75
25,episodes,1.0,2014-06-25,0.0,975,0.0,2,25,>=,FIL,99250,OK,2014,Li et al. (2025b),2014-05-18,32.7,975,tmax_c,23.3080240299314,0.0,0.0,batch_039ff45bc2470b612773.csv,-21.25,-54.75
25,days,1.0,2014-07-10,0.8002168739495508,375,0.8002168739495508,1,25,>,MAT,99250,OK,2014,Ortega Gómez et al. (2019),2014-06-26,10.0,375,precip_mm,23.3080240299314,18.651474127172715,18.651474127172715,batch_039ff45bc2470b612773.csv,-21.25,-54.75
25,episodes,1.0,2015-02-23,0.0,250,0.0,2,25,>=,EST,99250,OK,2015,Li et al. 2025a,2015-02-14,34.0,250,tmax_c,23.3080240299314,0.0,0.0,batch_039ff45bc2470b612773.csv,-21.25,-54.75
25,episodes,1.0,2015-04-28,0.0,825,0.0,2,25,>=,VEG,99250,OK,2015,Li et al. 2025a,2015-03-27,34.6,825,tmax_c,23.3080240299314,0.0,0.0,batch_039ff45bc2470b612773.csv,-21.25,-54.75
25,episodes,1.0,2015-05-17,0.0,275,0.0,2,25,>=,REP,99250,OK,2015,Li et al. (2025b),2015-05-07,33.7,275,tmax_c,23.3080240299314,0.0,0.0,batch_039ff45bc2470b612773.csv,-21.25,-54.75
25,episodes,1.0,2015-05-06,0.0,200,0.0,2,25,>=,FLO,99250,OK,2015,Li et al. (2025b),2015-04-29,33.7,200,tmax_c,23.3080240299314,0.0,0.0,batch_039ff45bc2470b612773.csv,-21.25,-54.75
25,episodes,1.0,2015-06-25,0.0,975,0.0,2,25,>=,FIL,99250,OK,2015,Li et al. (2025b),2015-05-18,32.7,975,tmax_c,23.3080240299314,0.0,0.0,batch_039ff45bc2470b612773.csv,-21.25,-54.75
25,days,1.0,2015-07-10,0.6001617417111564,375,0.6001617417111564,1,25,>,MAT,99250,OK,2015,Ortega Gómez et al. (2019),2015-06-26,10.0,375,precip_mm,23.3080240299314,13.988584297649115,13.988584297649115,batch_039ff45bc2470b612773.csv,-21.25,-54.75
25,episodes,1.0,2016-02-23,0.0,250,0.0,2,25,>=,EST,99250,OK,2016,Li et al. 2025a,2016-02-14,34.0,250,tmax_c,23.3080240299314,0.0,0.0,batch_039ff45bc2470b612773.csv,-21.25,-54.75
25,episodes,1.0,2016-04-28,0.0798914412192897,825,0.0798914412192897,2,25,>=,VEG,99250,OK,2016,Li et al. 2025a,2016-03-27,34.6,825,tmax_c,23.3080240299314,1.8621116317250568,1.8621116317250568,batch_039ff45bc2470b612773.csv,-21.25,-54.75
25,episodes,1.0,2016-05-17,0.0,275,0.0,2,25,>=,REP,99250,OK,2016,Li et al. (2025b),2016-05-07,33.7,275,tmax_c,23.3080240299314,0.0,0.0,batch_039ff45bc2470b612773.csv,-21.25,-54.75
25,episodes,1.0,2016-05-06,0.0,200,0.0,2,25,>=,FLO,99250,OK,2016,Li et al. (2025b),2016-04-29,33.7,200,tmax_c,23.3080240299314,0.0,0.0,batch_039ff45bc2470b612773.csv,-21.25,-54.75
25,episodes,1.0,2016-06-25,0.0,975,0.0,2,25,>=,FIL,99250,OK,2016,Li et al. (2025b),2016-05-18,32.7,975,tmax_c,23.3080240299314,0.0,0.0,batch_039ff45bc2470b612773.csv,-21.25,-54.75
25,days,1.0,2016-07-10,0.0,375,0.0,1,25,>,MAT,99250,OK,2016,Ortega Gómez et al. (2019),2016-06-26,10.0,375,precip_mm,23.3080240299314,0.0,0.0,batch_039ff45bc2470b612773.csv,-21.25,-54.75
25,episodes,1.0,1989-02-22,0.0,225,0.0,2,25,>=,EST,104294,OK,1989,Li et al. 2025a,1989-02-14,34.0,225,tmax_c,23.816464482081678,0.0,0.0,batch_03a41db382e03d9da320.csv,-17.75,-52.75
25,episodes,1.0,1989-04-20,0.0,725,0.0,2,25,>=,VEG,104294,OK,1989,Li et al. 2025a,1989-03-23,34.6,725,tmax_c,23.81646448208168,0.0,0.0,batch_03a41db382e03d9da320.csv,-17.75,-52.75
25,episodes,1.0,1989-05-07,0.0,225,0.0,2,25,>=,REP,104294,OK,1989,Li et al. (2025b),1989-04-29,33.7,225,tmax_c,23.816464482081678,0.0,0.0,batch_03a41db382e03d9da320.csv,-17.75,-52.75
25,episodes,1.0,1989-04-28,0.0,200,0.0,2,25,>=,FLO,104294,OK,1989,Li et al. (2025b),1989-04-21,33.7,200,tmax_c,23.816464482081678,0.0,0.0,batch_03a41db382e03d9da320.csv,-17.75,-52.75
25,episodes,1.0,1989-06-12,0.0,900,0.0,2,25,>=,FIL,104294,OK,1989,Li et al. (2025b),1989-05-08,32.7,900,tmax_c,23.81646448208168,0.0,0.0,batch_03a41db382e03d9da320.csv,-17.75,-52.75
25,days,1.0,1989-06-25,0.0,325,0.0,1,25,>,MAT,104294,OK,1989,Ortega Gómez et al. (2019),1989-06-13,10.0,325,precip_mm,23.816464482081678,0.0,0.0,batch_03a41db382e03d9da320.csv,-17.75,-52.75
25,episodes,1.0,1990-02-22,0.0,225,0.0,2,25,>=,EST,104294,OK,1990,Li et al. 2025a,1990-02-14,34.0,225,tmax_c,23.816464482081678,0.0,0.0,batch_03a41db382e03d9da320.csv,-17.75,-52.75
25,episodes,1.0,1990-04-20,0.0,725,0.0,2,25,>=,VEG,104294,OK,1990,Li et al. 2025a,1990-03-23,34.6,725,tmax_c,23.81646448208168,0.0,0.0,batch_03a41db382e03d9da320.csv,-17.75,-52.75
25,episodes,1.0,1990-05-07,0.0,225,0.0,2,25,>=,REP,104294,OK,1990,Li et al. (2025b),1990-04-29,33.7,225,tmax_c,23.81646448208168,0.0,0.0,batch_03a41db382e03d9da320.csv,-17.75,-52.75
25,episodes,1.0,1990-04-28,0.0,200,0.0,2,25,>=,FLO,104294,OK,1990,Li et al. (2025b),1990-04-21,33.7,200,tmax_c,23.816464482081678,0.0,0.0,batch_03a41db382e03d9da320.csv,-17.75,-52.75
25,episodes,1.0,1990-06-12,0.0,900,0.0,2,25,>=,FIL,104294,OK,1990,Li et al. (2025b),1990-05-08,32.7,900,tmax_c,23.816464482081678,0.0,0.0,batch_03a41db382e03d9da320.csv,-17.75,-52.75
25,days,1.0,1990-06-25,0.0,325,0.0,1,25,>,MAT,104294,OK,1990,Ortega Gómez et al. (2019),1990-06-13,10.0,325,precip_mm,23.816464482081678,0.0,0.0,batch_03a41db382e03d9da320.csv,-17.75,-52.75
25,episodes,1.0,1991-02-22,0.0,225,0.0,2,25,>=,EST,104294,OK,1991,Li et al. 2025a,1991-02-14,34.0,225,tmax_c,23.81646448208168,0.0,0.0,batch_03a41db382e03d9da320.csv,-17.75,-52.75
25,episodes,1.0,1991-04-20,0.0,725,0.0,2,25,>=,VEG,104294,OK,1991,Li et al. 2025a,1991-03-23,34.6,725,tmax_c,23.81646448208168,0.0,0.0,batch_03a41db382e03d9da320.csv,-17.75,-52.75
25,episodes,1.0,1991-05-07,0.0,225,0.0,2,25,>=,REP,104294,OK,1991,Li et al. (2025b),1991-04-29,33.7,225,tmax_c,23.81646448208168,0.0,0.0,batch_03a41db382e03d9da320.csv,-17.75,-52.75
25,episodes,1.0,1991-04-28,0.0,200,0.0,2,25,>=,FLO,104294,OK,1991,Li et al. (2025b),1991-04-21,33.7,200,tmax_c,23.816464482081678,0.0,0.0,batch_03a41db382e03d9da320.csv,-17.75,-52.75
25,episodes,1.0,1991-06-12,0.0,900,0.0,2,25,>=,FIL,104294,OK,1991,Li et al. (2025b),1991-05-08,32.7,900,tmax_c,23.81646448208168,0.0,0.0,batch_03a41db382e03d9da320.csv,-17.75,-52.75
25,days,1.0,1991-06-25,0.0,325,0.0,1,25,>,MAT,104294,OK,1991,Ortega Gómez et al. (2019),1991-06-13,10.0,325,precip_mm,23.81646448208168,0.0,0.0,batch_03a41db382e03d9da320.csv,-17.75,-52.75
25,episodes,1.0,1992-02-22,0.0,225,0.0,2,25,>=,EST,104294,OK,1992,Li et al. 2025a,1992-02-14,34.0,225,tmax_c,23.816464482081678,0.0,0.0,batch_03a41db382e03d9da320.csv,-17.75,-52.75
25,episodes,1.0,1992-04-20,0.0,725,0.0,2,25,>=,VEG,104294,OK,1992,Li et al. 2025a,1992-03-23,34.6,725,tmax_c,23.816464482081678,0.0,0.0,batch_03a41db382e03d9da320.csv,-17.75,-52.75
25,episodes,1.0,1992-05-07,0.0,225,0.0,2,25,>=,REP,104294,OK,1992,Li et al. (2025b),1992-04-29,33.7,225,tmax_c,23.81646448208168,0.0,0.0,batch_03a41db382e03d9da320.csv,-17.75,-52.75
25,episodes,1.0,1992-04-28,0.0,200,0.0,2,25,>=,FLO,104294,OK,1992,Li et al. (2025b),1992-04-21,33.7,200,tmax_c,23.816464482081678,0.0,0.0,batch_03a41db382e03d9da320.csv,-17.75,-52.75
25,episodes,1.0,1992-06-12,0.0,900,0.0,2,25,>=,FIL,104294,OK,1992,Li et al. (2025b),1992-05-08,32.7,900,tmax_c,23.81646448208168,0.0,0.0,batch_03a41db382e03d9da320.csv,-17.75,-52.75
25,days,1.0,1992-06-25,0.0,325,0.0,1,25,>,MAT,104294,OK,1992,Ortega Gómez et al. (2019),1992-06-13,10.0,325,precip_mm,23.816464482081678,0.0,0.0,batch_03a41db382e03d9da320.csv,-17.75,-52.75
25,episodes,1.0,1985-10-31,0.0,375,0.0,2,25,>=,EST,92219,OK,1985,Li et al. 2025a,1985-10-17,34.0,375,tmax_c,22.526856912172203,0.0,0.0,batch_03a807f14253ba99ae19.csv,-25.75,29.75
25,episodes,1.0,1986-01-29,0.0,1150,0.0,2,25,>=,VEG,92219,OK,1985,Li et al. 2025a,1985-12-15,34.6,1150,tmax_c,22.526856912172203,0.0,0.0,batch_03a807f14253ba99ae19.csv,-25.75,29.75
25,episodes,1.0,1986-02-25,0.0,350,0.0,2,25,>=,REP,92219,OK,1985,Li et al. (2025b),1986-02-12,33.7,350,tmax_c,22.526856912172203,0.0,0.0,batch_03a807f14253ba99ae19.csv,-25.75,29.75
25,episodes,1.0,1986-02-11,0.0,325,0.0,2,25,>=,FLO,92219,OK,1985,Li et al. (2025b),1986-01-30,33.7,325,tmax_c,22.526856912172203,0.0,0.0,batch_03a807f14253ba99ae19.csv,-25.75,29.75
25,episodes,1.0,1986-04-23,0.0,1425,0.0,2,25,>=,FIL,92219,OK,1985,Li et al. (2025b),1986-02-26,32.7,1425,tmax_c,22.526856912172203,0.0,0.0,batch_03a807f14253ba99ae19.csv,-25.75,29.75
25,days,1.0,1986-05-14,0.0,525,0.0,1,25,>,MAT,92219,OK,1985,Ortega Gómez et al. (2019),1986-04-24,10.0,525,precip_mm,22.526856912172203,0.0,0.0,batch_03a807f14253ba99ae19.csv,-25.75,29.75
25,episodes,1.0,1986-10-31,0.0,375,0.0,2,25,>=,EST,92219,OK,1986,Li et al. 2025a,1986-10-17,34.0,375,tmax_c,22.526856912172203,0.0,0.0,batch_03a807f14253ba99ae19.csv,-25.75,29.75
25,episodes,1.0,1987-01-29,0.0,1150,0.0,2,25,>=,VEG,92219,OK,1986,Li et al. 2025a,1986-12-15,34.6,1150,tmax_c,22.526856912172203,0.0,0.0,batch_03a807f14253ba99ae19.csv,-25.75,29.75
25,episodes,1.0,1987-02-25,0.0,350,0.0,2,25,>=,REP,92219,OK,1986,Li et al. (2025b),1987-02-12,33.7,350,tmax_c,22.526856912172203,0.0,0.0,batch_03a807f14253ba99ae19.csv,-25.75,29.75
25,episodes,1.0,1987-02-11,0.0,325,0.0,2,25,>=,FLO,92219,OK,1986,Li et al. (2025b),1987-01-30,33.7,325,tmax_c,22.526856912172203,0.0,0.0,batch_03a807f14253ba99ae19.csv,-25.75,29.75
25,episodes,1.0,1987-04-23,0.0,1425,0.0,2,25,>=,FIL,92219,OK,1986,Li et al. (2025b),1987-02-26,32.7,1425,tmax_c,22.526856912172203,0.0,0.0,batch_03a807f14253ba99ae19.csv,-25.75,29.75
25,days,1.0,1987-05-14,0.0,525,0.0,1,25,>,MAT,92219,OK,1986,Ortega Gómez et al. (2019),1987-04-24,10.0,525,precip_mm,22.526856912172203,0.0,0.0,batch_03a807f14253ba99ae19.csv,-25.75,29.75
25,episodes,1.0,1987-10-31,0.0,375,0.0,2,25,>=,EST,92219,OK,1987,Li et al. 2025a,1987-10-17,34.0,375,tmax_c,22.526856912172203,0.0,0.0,batch_03a807f14253ba99ae19.csv,-25.75,29.75
25,episodes,1.0,1988-01-29,0.0,1150,0.0,2,25,>=,VEG,92219,OK,1987,Li et al. 2025a,1987-12-15,34.6,1150,tmax_c,22.526856912172203,0.0,0.0,batch_03a807f14253ba99ae19.csv,-25.75,29.75
25,episodes,1.0,1988-02-25,0.0,350,0.0,2,25,>=,REP,92219,OK,1987,Li et al. (2025b),1988-02-12,33.7,350,tmax_c,22.526856912172203,0.0,0.0,batch_03a807f14253ba99ae19.csv,-25.75,29.75
25,episodes,1.0,1988-02-11,0.0,325,0.0,2,25,>=,FLO,92219,OK,1987,Li et al. (2025b),1988-01-30,33.7,325,tmax_c,22.526856912172203,0.0,0.0,batch_03a807f14253ba99ae19.csv,-25.75,29.75
25,episodes,1.0,1988-04-23,0.0,1450,0.0,2,25,>=,FIL,92219,OK,1987,Li et al. (2025b),1988-02-26,32.7,1450,tmax_c,22.526856912172203,0.0,0.0,batch_03a807f14253ba99ae19.csv,-25.75,29.75
25,days,1.0,1988-05-14,0.0,525,0.0,1,25,>,MAT,92219,OK,1987,Ortega Gómez et al. (2019),1988-04-24,10.0,525,precip_mm,22.526856912172203,0.0,0.0,batch_03a807f14253ba99ae19.csv,-25.75,29.75
25,episodes,1.0,1988-10-31,0.0,375,0.0,2,25,>=,EST,92219,OK,1988,Li et al. 2025a,1988-10-17,34.0,375,tmax_c,22.526856912172203,0.0,0.0,batch_03a807f14253ba99ae19.csv,-25.75,29.75
25,episodes,1.0,1989-01-29,0.0,1150,0.0,2,25,>=,VEG,92219,OK,1988,Li et al. 2025a,1988-12-15,34.6,1150,tmax_c,22.526856912172203,0.0,0.0,batch_03a807f14253ba99ae19.csv,-25.75,29.75
25,episodes,1.0,1989-02-25,0.0,350,0.0,2,25,>=,REP,92219,OK,1988,Li et al. (2025b),1989-02-12,33.7,350,tmax_c,22.526856912172203,0.0,0.0,batch_03a807f14253ba99ae19.csv,-25.75,29.75
25,episodes,1.0,1989-02-11,0.0,325,0.0,2,25,>=,FLO,92219,OK,1988,Li et al. (2025b),1989-01-30,33.7,325,tmax_c,22.526856912172203,0.0,0.0,batch_03a807f14253ba99ae19.csv,-25.75,29.75
25,episodes,1.0,1989-04-23,0.0,1425,0.0,2,25,>=,FIL,92219,OK,1988,Li et al. (2025b),1989-02-26,32.7,1425,tmax_c,22.526856912172203,0.0,0.0,batch_03a807f14253ba99ae19.csv,-25.75,29.75
25,days,1.0,1989-05-14,0.0,525,0.0,1,25,>,MAT,92219,OK,1988,Ortega Gómez et al. (2019),1989-04-24,10.0,525,precip_mm,22.526856912172203,0.0,0.0,batch_03a807f14253ba99ae19.csv,-25.75,29.75
25,episodes,1.0,1989-11-11,0.0,275,0.0,2,25,>=,EST,87726,OK,1989,Li et al. 2025a,1989-11-01,34.0,275,tmax_c,21.8229854549849,0.0,0.0,batch_03abb5f71dfbc1e1bddd.csv,-29.25,-56.75
25,episodes,1.0,1990-01-19,0.0,875,0.0,2,25,>=,VEG,87726,OK,1989,Li et al. 2025a,1989-12-16,34.6,875,tmax_c,21.8229854549849,0.0,0.0,batch_03abb5f71dfbc1e1bddd.csv,-29.25,-56.75
25,episodes,1.0,1990-02-09,1.0,275,1.0,2,25,>=,REP,87726,OK,1989,Li et al. (2025b),1990-01-30,33.7,275,tmax_c,21.8229854549849,21.8229854549849,21.8229854549849,batch_03abb5f71dfbc1e1bddd.csv,-29.25,-56.75
25,episodes,1.0,1990-01-29,1.0,250,1.0,2,25,>=,FLO,87726,OK,1989,Li et al. (2025b),1990-01-20,33.7,250,tmax_c,21.8229854549849,21.8229854549849,21.8229854549849,batch_03abb5f71dfbc1e1bddd.csv,-29.25,-56.75
25,episodes,1.0,1990-03-24,1.0,1075,1.0,2,25,>=,FIL,87726,OK,1989,Li et al. (2025b),1990-02-10,32.7,1075,tmax_c,21.8229854549849,21.8229854549849,21.8229854549849,batch_03abb5f71dfbc1e1bddd.csv,-29.25,-56.75
25,days,1.0,1990-04-09,1.0,400,6.000000000000003,1,25,>,MAT,87726,OK,1989,Ortega Gómez et al. (2019),1990-03-25,10.0,400,precip_mm,21.8229854549849,130.93791272990944,21.8229854549849,batch_03abb5f71dfbc1e1bddd.csv,-29.25,-56.75
25,episodes,1.0,1990-11-11,0.0,275,0.0,2,25,>=,EST,87726,OK,1990,Li et al. 2025a,1990-11-01,34.0,275,tmax_c,21.8229854549849,0.0,0.0,batch_03abb5f71dfbc1e1bddd.csv,-29.25,-56.75
25,episodes,1.0,1991-01-19,0.8801952693381242,875,0.8801952693381242,2,25,>=,VEG,87726,OK,1990,Li et al. 2025a,1990-12-16,34.6,875,tmax_c,21.8229854549849,19.2084885603124,19.2084885603124,batch_03abb5f71dfbc1e1bddd.csv,-29.25,-56.75
25,episodes,1.0,1991-02-09,0.0,275,0.0,2,25,>=,REP,87726,OK,1990,Li et al. (2025b),1991-01-30,33.7,275,tmax_c,21.8229854549849,0.0,0.0,batch_03abb5f71dfbc1e1bddd.csv,-29.25,-56.75
25,episodes,1.0,1991-01-29,1.0,250,1.0,2,25,>=,FLO,87726,OK,1990,Li et al. (2025b),1991-01-20,33.7,250,tmax_c,21.8229854549849,21.8229854549849,21.8229854549849,batch_03abb5f71dfbc1e1bddd.csv,-29.25,-56.75
25,episodes,1.0,1991-03-24,1.0,1075,1.8003118948370371,2,25,>=,FIL,87726,OK,1990,Li et al. (2025b),1991-02-10,32.7,1075,tmax_c,21.8229854549849,39.28818029546496,21.8229854549849,batch_03abb5f71dfbc1e1bddd.csv,-29.25,-56.75
25,days,1.0,1991-04-09,1.0,400,1.0,1,25,>,MAT,87726,OK,1990,Ortega Gómez et al. (2019),1991-03-25,10.0,400,precip_mm,21.8229854549849,21.8229854549849,21.8229854549849,batch_03abb5f71dfbc1e1bddd.csv,-29.25,-56.75
25,episodes,1.0,1991-11-11,0.0,275,0.0,2,25,>=,EST,87726,OK,1991,Li et al. 2025a,1991-11-01,34.0,275,tmax_c,21.8229854549849,0.0,0.0,batch_03abb5f71dfbc1e1bddd.csv,-29.25,-56.75
25,episodes,1.0,1992-01-19,0.0,875,0.0,2,25,>=,VEG,87726,OK,1991,Li et al. 2025a,1991-12-16,34.6,875,tmax_c,21.8229854549849,0.0,0.0,batch_03abb5f71dfbc1e1bddd.csv,-29.25,-56.75
25,episodes,1.0,1992-02-09,0.079882887112226,275,0.079882887112226,2,25,>=,REP,87726,OK,1991,Li et al. (2025b),1992-01-30,33.7,275,tmax_c,21.8229854549849,1.74328308355231,1.74328308355231,batch_03abb5f71dfbc1e1bddd.csv,-29.25,-56.75
25,episodes,1.0,1992-01-29,0.3602342256566571,250,0.3602342256566571,2,25,>=,FLO,87726,OK,1991,Li et al. (2025b),1992-01-20,33.7,250,tmax_c,21.8229854549849,7.861386266892977,7.861386266892977,batch_03abb5f71dfbc1e1bddd.csv,-29.25,-56.75
25,episodes,1.0,1992-03-24,1.0,1100,1.0,2,25,>=,FIL,87726,OK,1991,Li et al. (2025b),1992-02-10,32.7,1100,tmax_c,21.8229854549849,21.8229854549849,21.8229854549849,batch_03abb5f71dfbc1e1bddd.csv,-29.25,-56.75
25,days,1.0,1992-04-09,1.0,400,3.0000000000000013,1,25,>,MAT,87726,OK,1991,Ortega Gómez et al. (2019),1992-03-25,10.0,400,precip_mm,21.8229854549849,65.46895636495472,21.8229854549849,batch_03abb5f71dfbc1e1bddd.csv,-29.25,-56.75
25,episodes,1.0,1992-11-11,0.0,275,0.0,2,25,>=,EST,87726,OK,1992,Li et al. 2025a,1992-11-01,34.0,275,tmax_c,21.8229854549849,0.0,0.0,batch_03abb5f71dfbc1e1bddd.csv,-29.25,-56.75
25,episodes,1.0,1993-01-19,1.0,875,1.0,2,25,>=,VEG,87726,OK,1992,Li et al. 2025a,1992-12-16,34.6,875,tmax_c,21.8229854549849,21.8229854549849,21.8229854549849,batch_03abb5f71dfbc1e1bddd.csv,-29.25,-56.75
25,episodes,1.0,1993-02-09,0.0,275,0.0,2,25,>=,REP,87726,OK,1992,Li et al. (2025b),1993-01-30,33.7,275,tmax_c,21.8229854549849,0.0,0.0,batch_03abb5f71dfbc1e1bddd.csv,-29.25,-56.75
25,episodes,1.0,1993-01-29,1.0,250,1.0,2,25,>=,FLO,87726,OK,1992,Li et al. (2025b),1993-01-20,33.7,250,tmax_c,21.8229854549849,21.8229854549849,21.8229854549849,batch_03abb5f71dfbc1e1bddd.csv,-29.25,-56.75
25,episodes,1.0,1993-03-24,0.0,1075,0.0,2,25,>=,FIL,87726,OK,1992,Li et al. (2025b),1993-02-10,32.7,1075,tmax_c,21.8229854549849,0.0,0.0,batch_03abb5f71dfbc1e1bddd.csv,-29.25,-56.75
25,days,1.0,1993-04-09,1.0,400,1.0,1,25,>,MAT,87726,OK,1992,Ortega Gómez et al. (2019),1993-03-25,10.0,400,precip_mm,21.8229854549849,21.8229854549849,21.8229854549849,batch_03abb5f71dfbc1e1bddd.csv,-29.25,-56.75
25,episodes,1.0,1997-08-26,0.0,275,0.0,2,25,>=,EST,91325,OK,1997,Li et al. 2025a,1997-08-16,34.0,275,tmax_c,22.33421667413285,0.0,0.0,batch_03acd99219461c2244aa.csv,-26.75,-57.25
25,episodes,1.0,1997-11-04,0.0,900,0.0,2,25,>=,VEG,91325,OK,1997,Li et al. 2025a,1997-09-30,34.6,900,tmax_c,22.33421667413285,0.0,0.0,batch_03acd99219461c2244aa.csv,-26.75,-57.25
25,episodes,1.0,1997-11-25,0.0,275,0.0,2,25,>=,REP,91325,OK,1997,Li et al. (2025b),1997-11-15,33.7,275,tmax_c,22.33421667413285,0.0,0.0,batch_03acd99219461c2244aa.csv,-26.75,-57.25
25,episodes,1.0,1997-11-14,1.0,250,1.0,2,25,>=,FLO,91325,OK,1997,Li et al. (2025b),1997-11-05,33.7,250,tmax_c,22.33421667413285,22.33421667413285,22.33421667413285,batch_03acd99219461c2244aa.csv,-26.75,-57.25
25,episodes,1.0,1998-01-08,1.0,1100,3.2804211053462025,2,25,>=,FIL,91325,OK,1997,Li et al. (2025b),1997-11-26,32.7,1100,tmax_c,22.33421667413285,73.26563574920047,22.33421667413285,batch_03acd99219461c2244aa.csv,-26.75,-57.25
25,days,1.0,1998-01-24,1.0,400,2.0,1,25,>,MAT,91325,OK,1997,Ortega Gómez et al. (2019),1998-01-09,10.0,400,precip_mm,22.33421667413285,44.6684333482657,22.33421667413285,batch_03acd99219461c2244aa.csv,-26.75,-57.25
25,episodes,1.0,1998-08-26,0.0,275,0.0,2,25,>=,EST,91325,OK,1998,Li et al. 2025a,1998-08-16,34.0,275,tmax_c,22.33421667413285,0.0,0.0,batch_03acd99219461c2244aa.csv,-26.75,-57.25
25,episodes,1.0,1998-11-04,0.0,900,0.0,2,25,>=,VEG,91325,OK,1998,Li et al. 2025a,1998-09-30,34.6,900,tmax_c,22.33421667413285,0.0,0.0,batch_03acd99219461c2244aa.csv,-26.75,-57.25
25,episodes,1.0,1998-11-25,0.440526503529894,275,0.440526503529894,2,25,>=,REP,91325,OK,1998,Li et al. (2025b),1998-11-15,33.7,275,tmax_c,22.33421667413285,9.838814380534805,9.838814380534805,batch_03acd99219461c2244aa.csv,-26.75,-57.25
25,episodes,1.0,1998-11-14,0.0,250,0.0,2,25,>=,FLO,91325,OK,1998,Li et al. (2025b),1998-11-05,33.7,250,tmax_c,22.33421667413285,0.0,0.0,batch_03acd99219461c2244aa.csv,-26.75,-57.25
25,episodes,1.0,1999-01-08,1.0,1100,3.2403158290095964,2,25,>=,FIL,91325,OK,1998,Li et al. (2025b),1998-11-26,32.7,1100,tmax_c,22.33421667413285,72.36991581772274,22.33421667413285,batch_03acd99219461c2244aa.csv,-26.75,-57.25
25,days,1.0,1999-01-24,1.0,400,3.27912225038661,1,25,>,MAT,91325,OK,1998,Ortega Gómez et al. (2019),1999-01-09,10.0,400,precip_mm,22.33421667413285,73.23662684110468,22.33421667413285,batch_03acd99219461c2244aa.csv,-26.75,-57.25
25,episodes,1.0,1999-08-26,0.0,275,0.0,2,25,>=,EST,91325,OK,1999,Li et al. 2025a,1999-08-16,34.0,275,tmax_c,22.33421667413285,0.0,0.0,batch_03acd99219461c2244aa.csv,-26.75,-57.25
25,episodes,1.0,1999-11-04,0.0,900,0.0,2,25,>=,VEG,91325,OK,1999,Li et al. 2025a,1999-09-30,34.6,900,tmax_c,22.33421667413285,0.0,0.0,batch_03acd99219461c2244aa.csv,-26.75,-57.25
25,episodes,1.0,1999-11-25,0.0,275,0.0,2,25,>=,REP,91325,OK,1999,Li et al. (2025b),1999-11-15,33.7,275,tmax_c,22.33421667413285,0.0,0.0,batch_03acd99219461c2244aa.csv,-26.75,-57.25
25,episodes,1.0,1999-11-14,0.0,250,0.0,2,25,>=,FLO,91325,OK,1999,Li et al. (2025b),1999-11-05,33.7,250,tmax_c,22.33421667413285,0.0,0.0,batch_03acd99219461c2244aa.csv,-26.75,-57.25
25,episodes,1.0,2000-01-08,1.0,1100,4.920105398183765,2,25,>=,FIL,91325,OK,1999,Li et al. (2025b),1999-11-26,32.7,1100,tmax_c,22.33421667413285,109.88670002260687,22.33421667413285,batch_03acd99219461c2244aa.csv,-26.75,-57.25
25,days,1.0,2000-01-24,1.0,400,3.039157423766042,1,25,>,MAT,91325,OK,1999,Ortega Gómez et al. (2019),2000-01-09,10.0,400,precip_mm,22.33421667413285,67.87720040919018,22.33421667413285,batch_03acd99219461c2244aa.csv,-26.75,-57.25
25,episodes,1.0,2000-08-26,0.0,275,0.0,2,25,>=,EST,91325,OK,2000,Li et al. 2025a,2000-08-16,34.0,275,tmax_c,22.33421667413285,0.0,0.0,batch_03acd99219461c2244aa.csv,-26.75,-57.25
25,episodes,1.0,2000-11-04,0.0,900,0.0,2,25,>=,VEG,91325,OK,2000,Li et al. 2025a,2000-09-30,34.6,900,tmax_c,22.33421667413285,0.0,0.0,batch_03acd99219461c2244aa.csv,-26.75,-57.25
25,episodes,1.0,2000-11-25,0.0,275,0.0,2,25,>=,REP,91325,OK,2000,Li et al. (2025b),2000-11-15,33.7,275,tmax_c,22.33421667413285,0.0,0.0,batch_03acd99219461c2244aa.csv,-26.75,-57.25
25,episodes,1.0,2000-11-14,0.0,250,0.0,2,25,>=,FLO,91325,OK,2000,Li et al. (2025b),2000-11-05,33.7,250,tmax_c,22.33421667413285,0.0,0.0,batch_03acd99219461c2244aa.csv,-26.75,-57.25
25,episodes,1.0,2001-01-08,1.0,1100,4.0,2,25,>=,FIL,91325,OK,2000,Li et al. (2025b),2000-11-26,32.7,1100,tmax_c,22.33421667413285,89.3368666965314,22.33421667413285,batch_03acd99219461c2244aa.csv,-26.75,-57.25
25,days,1.0,2001-01-24,1.0,400,5.360070590453033,1,25,>,MAT,91325,OK,2000,Ortega Gómez et al. (2019),2001-01-09,10.0,400,precip_mm,22.33421667413285,119.71297795582524,22.33421667413285,batch_03acd99219461c2244aa.csv,-26.75,-57.25
25,episodes,1.0,2006-01-04,1.0,150,1.0,2,25,>=,EST,80934,OK,2005,Li et al. 2025a,2005-12-30,34.0,150,tmax_c,20.798789696387235,20.798789696387235,20.798789696387235,batch_03acf33ff0ce6b1284ec.csv,-33.75,147.25
25,episodes,1.0,2006-02-10,1.0,475,1.6799533795033423,2,25,>=,VEG,80934,OK,2005,Li et al. 2025a,2006-01-23,34.6,475,tmax_c,20.798789696387235,34.94099704002503,20.798789696387235,batch_03acf33ff0ce6b1284ec.csv,-33.75,147.25
25,episodes,1.0,2006-02-21,1.0,150,1.0,2,25,>=,REP,80934,OK,2005,Li et al. (2025b),2006-02-16,33.7,150,tmax_c,20.798789696387235,20.798789696387235,20.798789696387235,batch_03acf33ff0ce6b1284ec.csv,-33.75,147.25
25,episodes,1.0,2006-02-15,0.0,125,0.0,2,25,>=,FLO,80934,OK,2005,Li et al. (2025b),2006-02-11,33.7,125,tmax_c,20.798789696387235,0.0,0.0,batch_03acf33ff0ce6b1284ec.csv,-33.75,147.25
25,episodes,1.0,2006-03-16,1.0,575,1.400279358005556,2,25,>=,FIL,80934,OK,2005,Li et al. (2025b),2006-02-22,32.7,575,tmax_c,20.798789696387235,29.12411588334969,20.798789696387235,batch_03acf33ff0ce6b1284ec.csv,-33.75,147.25
25,days,1.0,2006-03-25,0.0,225,0.0,1,25,>,MAT,80934,OK,2005,Ortega Gómez et al. (2019),2006-03-17,10.0,225,precip_mm,20.798789696387235,0.0,0.0,batch_03acf33ff0ce6b1284ec.csv,-33.75,147.25
25,episodes,1.0,2007-01-04,0.0,150,0.0,2,25,>=,EST,80934,OK,2006,Li et al. 2025a,2006-12-30,34.0,150,tmax_c,20.798789696387235,0.0,0.0,batch_03acf33ff0ce6b1284ec.csv,-33.75,147.25
25,episodes,1.0,2007-02-10,1.0,475,1.0,2,25,>=,VEG,80934,OK,2006,Li et al. 2025a,2007-01-23,34.6,475,tmax_c,20.798789696387235,20.798789696387235,20.798789696387235,batch_03acf33ff0ce6b1284ec.csv,-33.75,147.25
25,episodes,1.0,2007-02-21,0.0,150,0.0,2,25,>=,REP,80934,OK,2006,Li et al. (2025b),2007-02-16,33.7,150,tmax_c,20.798789696387235,0.0,0.0,batch_03acf33ff0ce6b1284ec.csv,-33.75,147.25
25,episodes,1.0,2007-02-15,0.0,125,0.0,2,25,>=,FLO,80934,OK,2006,Li et al. (2025b),2007-02-11,33.7,125,tmax_c,20.798789696387235,0.0,0.0,batch_03acf33ff0ce6b1284ec.csv,-33.75,147.25
25,episodes,1.0,2007-03-16,1.0,575,2.720279601699949,2,25,>=,FIL,80934,OK,2006,Li et al. (2025b),2007-02-22,32.7,575,tmax_c,20.798789696387235,56.57852335112928,20.798789696387235,batch_03acf33ff0ce6b1284ec.csv,-33.75,147.25
25,days,1.0,2007-03-25,0.0,225,0.0,1,25,>,MAT,80934,OK,2006,Ortega Gómez et al. (2019),2007-03-17,10.0,225,precip_mm,20.798789696387235,0.0,0.0,batch_03acf33ff0ce6b1284ec.csv,-33.75,147.25
25,episodes,1.0,2008-01-04,0.0,150,0.0,2,25,>=,EST,80934,OK,2007,Li et al. 2025a,2007-12-30,34.0,150,tmax_c,20.798789696387235,0.0,0.0,batch_03acf33ff0ce6b1284ec.csv,-33.75,147.25
25,episodes,1.0,2008-02-10,1.0,475,1.0,2,25,>=,VEG,80934,OK,2007,Li et al. 2025a,2008-01-23,34.6,475,tmax_c,20.798789696387235,20.798789696387235,20.798789696387235,batch_03acf33ff0ce6b1284ec.csv,-33.75,147.25
25,episodes,1.0,2008-02-21,0.0,150,0.0,2,25,>=,REP,80934,OK,2007,Li et al. (2025b),2008-02-16,33.7,150,tmax_c,20.798789696387235,0.0,0.0,batch_03acf33ff0ce6b1284ec.csv,-33.75,147.25
25,episodes,1.0,2008-02-15,0.0,125,0.0,2,25,>=,FLO,80934,OK,2007,Li et al. (2025b),2008-02-11,33.7,125,tmax_c,20.798789696387235,0.0,0.0,batch_03acf33ff0ce6b1284ec.csv,-33.75,147.25
25,episodes,1.0,2008-03-16,1.0,600,2.0,2,25,>=,FIL,80934,OK,2007,Li et al. (2025b),2008-02-22,32.7,600,tmax_c,20.798789696387235,41.59757939277447,20.798789696387235,batch_03acf33ff0ce6b1284ec.csv,-33.75,147.25
25,days,1.0,2008-03-25,1.0,225,2.159488392157989,1,25,>,MAT,80934,OK,2007,Ortega Gómez et al. (2019),2008-03-17,10.0,225,precip_mm,20.798789696387235,44.91474492028341,20.798789696387235,batch_03acf33ff0ce6b1284ec.csv,-33.75,147.25
25,episodes,1.0,2009-01-04,0.0,150,0.0,2,25,>=,EST,80934,OK,2008,Li et al. 2025a,2008-12-30,34.0,150,tmax_c,20.798789696387235,0.0,0.0,batch_03acf33ff0ce6b1284ec.csv,-33.75,147.25
25,episodes,1.0,2009-02-10,1.0,475,1.0,2,25,>=,VEG,80934,OK,2008,Li et al. 2025a,2009-01-23,34.6,475,tmax_c,20.798789696387235,20.798789696387235,20.798789696387235,batch_03acf33ff0ce6b1284ec.csv,-33.75,147.25
25,episodes,1.0,2009-02-21,0.0,150,0.0,2,25,>=,REP,80934,OK,2008,Li et al. (2025b),2009-02-16,33.7,150,tmax_c,20.798789696387235,0.0,0.0,batch_03acf33ff0ce6b1284ec.csv,-33.75,147.25
25,episodes,1.0,2009-02-15,0.0,125,0.0,2,25,>=,FLO,80934,OK,2008,Li et al. (2025b),2009-02-11,33.7,125,tmax_c,20.798789696387235,0.0,0.0,batch_03acf33ff0ce6b1284ec.csv,-33.75,147.25
25,episodes,1.0,2009-03-16,0.2002793580055564,575,0.2403259786440053,2,25,>=,FIL,80934,OK,2008,Li et al. (2025b),2009-02-22,32.7,575,tmax_c,20.798789696387235,4.9984894883951165,4.165568247685017,batch_03acf33ff0ce6b1284ec.csv,-33.75,147.25
25,days,1.0,2009-03-25,0.0,225,0.0,1,25,>,MAT,80934,OK,2008,Ortega Gómez et al. (2019),2009-03-17,10.0,225,precip_mm,20.798789696387235,0.0,0.0,batch_03acf33ff0ce6b1284ec.csv,-33.75,147.25
25,episodes,1.0,2001-02-22,0.0,225,0.0,2,25,>=,EST,106455,OK,2001,Li et al. 2025a,2001-02-14,34.0,225,tmax_c,24.007269011440503,0.0,0.0,batch_03af272e2c5a708ce3b7.csv,-16.25,-52.25
25,episodes,1.0,2001-04-20,0.0,725,0.0,2,25,>=,VEG,106455,OK,2001,Li et al. 2025a,2001-03-23,34.6,725,tmax_c,24.007269011440503,0.0,0.0,batch_03af272e2c5a708ce3b7.csv,-16.25,-52.25
25,episodes,1.0,2001-05-07,0.0,225,0.0,2,25,>=,REP,106455,OK,2001,Li et al. (2025b),2001-04-29,33.7,225,tmax_c,24.007269011440503,0.0,0.0,batch_03af272e2c5a708ce3b7.csv,-16.25,-52.25
25,episodes,1.0,2001-04-28,0.0,200,0.0,2,25,>=,FLO,106455,OK,2001,Li et al. (2025b),2001-04-21,33.7,200,tmax_c,24.007269011440503,0.0,0.0,batch_03af272e2c5a708ce3b7.csv,-16.25,-52.25
25,episodes,1.0,2001-06-12,0.0800204654231625,900,0.0800204654231625,2,25,>=,FIL,106455,OK,2001,Li et al. (2025b),2001-05-08,32.7,900,tmax_c,24.007269011440503,1.9210728398345367,1.9210728398345367,batch_03af272e2c5a708ce3b7.csv,-16.25,-52.25
25,days,1.0,2001-06-25,0.0,325,0.0,1,25,>,MAT,106455,OK,2001,Ortega Gómez et al. (2019),2001-06-13,10.0,325,precip_mm,24.007269011440503,0.0,0.0,batch_03af272e2c5a708ce3b7.csv,-16.25,-52.25
25,episodes,1.0,2002-02-22,0.0,225,0.0,2,25,>=,EST,106455,OK,2002,Li et al. 2025a,2002-02-14,34.0,225,tmax_c,24.007269011440503,0.0,0.0,batch_03af272e2c5a708ce3b7.csv,-16.25,-52.25
25,episodes,1.0,2002-04-20,0.0,725,0.0,2,25,>=,VEG,106455,OK,2002,Li et al. 2025a,2002-03-23,34.6,725,tmax_c,24.007269011440503,0.0,0.0,batch_03af272e2c5a708ce3b7.csv,-16.25,-52.25
25,episodes,1.0,2002-05-07,0.2000813742420414,225,0.2400814960892753,2,25,>=,REP,106455,OK,2002,Li et al. (2025b),2002-04-29,33.7,225,tmax_c,24.007269011440503,5.763701061284335,4.803407375607392,batch_03af272e2c5a708ce3b7.csv,-16.25,-52.25
25,episodes,1.0,2002-04-28,0.0,200,0.0,2,25,>=,FLO,106455,OK,2002,Li et al. (2025b),2002-04-21,33.7,200,tmax_c,24.007269011440503,0.0,0.0,batch_03af272e2c5a708ce3b7.csv,-16.25,-52.25
25,episodes,1.0,2002-06-12,0.6802641006368565,900,0.760284566060019,2,25,>=,FIL,106455,OK,2002,Li et al. (2025b),2002-05-08,32.7,900,tmax_c,24.007269011440503,18.252356102649188,16.33128326281465,batch_03af272e2c5a708ce3b7.csv,-16.25,-52.25
25,days,1.0,2002-06-25,0.0,325,0.0,1,25,>,MAT,106455,OK,2002,Ortega Gómez et al. (2019),2002-06-13,10.0,325,precip_mm,24.007269011440503,0.0,0.0,batch_03af272e2c5a708ce3b7.csv,-16.25,-52.25
25,episodes,1.0,2003-02-22,0.0,225,0.0,2,25,>=,EST,106455,OK,2003,Li et al. 2025a,2003-02-14,34.0,225,tmax_c,24.007269011440503,0.0,0.0,batch_03af272e2c5a708ce3b7.csv,-16.25,-52.25
25,episodes,1.0,2003-04-20,0.0,725,0.0,2,25,>=,VEG,106455,OK,2003,Li et al. 2025a,2003-03-23,34.6,725,tmax_c,24.007269011440503,0.0,0.0,batch_03af272e2c5a708ce3b7.csv,-16.25,-52.25
25,episodes,1.0,2003-05-07,0.0,225,0.0,2,25,>=,REP,106455,OK,2003,Li et al. (2025b),2003-04-29,33.7,225,tmax_c,24.007269011440503,0.0,0.0,batch_03af272e2c5a708ce3b7.csv,-16.25,-52.25
25,episodes,1.0,2003-04-28,0.0,200,0.0,2,25,>=,FLO,106455,OK,2003,Li et al. (2025b),2003-04-21,33.7,200,tmax_c,24.007269011440503,0.0,0.0,batch_03af272e2c5a708ce3b7.csv,-16.25,-52.25
25,episodes,1.0,2003-06-12,0.0400203435759286,900,0.0400203435759286,2,25,>=,FIL,106455,OK,2003,Li et al. (2025b),2003-05-08,32.7,900,tmax_c,24.007269011440503,0.960779154157594,0.960779154157594,batch_03af272e2c5a708ce3b7.csv,-16.25,-52.25
25,days,1.0,2003-06-25,0.0,325,0.0,1,25,>,MAT,106455,OK,2003,Ortega Gómez et al. (2019),2003-06-13,10.0,325,precip_mm,24.007269011440503,0.0,0.0,batch_03af272e2c5a708ce3b7.csv,-16.25,-52.25
25,episodes,1.0,2004-02-22,0.0,225,0.0,2,25,>=,EST,106455,OK,2004,Li et al. 2025a,2004-02-14,34.0,225,tmax_c,24.007269011440503,0.0,0.0,batch_03af272e2c5a708ce3b7.csv,-16.25,-52.25
25,episodes,1.0,2004-04-20,0.0,725,0.0,2,25,>=,VEG,106455,OK,2004,Li et al. 2025a,2004-03-23,34.6,725,tmax_c,24.007269011440503,0.0,0.0,batch_03af272e2c5a708ce3b7.csv,-16.25,-52.25
25,episodes,1.0,2004-05-07,0.0,225,0.0,2,25,>=,REP,106455,OK,2004,Li et al. (2025b),2004-04-29,33.7,225,tmax_c,24.007269011440503,0.0,0.0,batch_03af272e2c5a708ce3b7.csv,-16.25,-52.25
25,episodes,1.0,2004-04-28,0.0,200,0.0,2,25,>=,FLO,106455,OK,2004,Li et al. (2025b),2004-04-21,33.7,200,tmax_c,24.007269011440503,0.0,0.0,batch_03af272e2c5a708ce3b7.csv,-16.25,-52.25
25,episodes,1.0,2004-06-12,0.0400001218472339,900,0.0400001218472339,2,25,>=,FIL,106455,OK,2004,Li et al. (2025b),2004-05-08,32.7,900,tmax_c,24.007269011440503,0.9602936856769432,0.9602936856769432,batch_03af272e2c5a708ce3b7.csv,-16.25,-52.25
25,days,1.0,2004-06-25,0.0,325,0.0,1,25,>,MAT,106455,OK,2004,Ortega Gómez et al. (2019),2004-06-13,10.0,325,precip_mm,24.007269011440503,0.0,0.0,batch_03af272e2c5a708ce3b7.csv,-16.25,-52.25
25,episodes,1.0,1989-11-01,0.0,400,0.0,2,25,>=,EST,93655,OK,1989,Li et al. 2025a,1989-10-17,34.0,400,tmax_c,22.712635251373527,0.0,0.0,batch_03b3f75de552bd3134be.csv,-24.75,27.75
25,episodes,1.0,1990-02-08,0.2,1275,0.2,2,25,>=,VEG,93655,OK,1989,Li et al. 2025a,1989-12-20,34.6,1275,tmax_c,22.712635251373527,4.542527050274707,4.542527050274707,batch_03b3f75de552bd3134be.csv,-24.75,27.75
25,episodes,1.0,1990-03-10,0.0,400,0.0,2,25,>=,REP,93655,OK,1989,Li et al. (2025b),1990-02-23,33.7,400,tmax_c,22.712635251373527,0.0,0.0,batch_03b3f75de552bd3134be.csv,-24.75,27.75
25,episodes,1.0,1990-02-22,0.0799357789936943,350,0.0799357789936943,2,25,>=,FLO,93655,OK,1989,Li et al. (2025b),1990-02-09,33.7,350,tmax_c,22.712635251373527,1.8155521918181865,1.8155521918181865,batch_03b3f75de552bd3134be.csv,-24.75,27.75
25,episodes,1.0,1990-05-11,0.0,1550,0.0,2,25,>=,FIL,93655,OK,1989,Li et al. (2025b),1990-03-11,32.7,1550,tmax_c,22.712635251373527,0.0,0.0,batch_03b3f75de552bd3134be.csv,-24.75,27.75
25,days,1.0,1990-06-03,0.0,575,0.0,1,25,>,MAT,93655,OK,1989,Ortega Gómez et al. (2019),1990-05-12,10.0,575,precip_mm,22.712635251373527,0.0,0.0,batch_03b3f75de552bd3134be.csv,-24.75,27.75
25,episodes,1.0,1990-11-01,0.4798718016817824,400,0.6398077025226366,2,25,>=,EST,93655,OK,1990,Li et al. 2025a,1990-10-17,34.0,400,tmax_c,22.712635251373527,14.531718978415944,10.899153199017778,batch_03b3f75de552bd3134be.csv,-24.75,27.75
25,episodes,1.0,1991-02-08,0.2397751655053505,1275,0.2397751655053505,2,25,>=,VEG,93655,OK,1990,Li et al. 2025a,1990-12-20,34.6,1275,tmax_c,22.712635251373527,5.4459258764607466,5.4459258764607466,batch_03b3f75de552bd3134be.csv,-24.75,27.75
25,episodes,1.0,1991-03-10,0.0,400,0.0,2,25,>=,REP,93655,OK,1990,Li et al. (2025b),1991-02-23,33.7,400,tmax_c,22.712635251373527,0.0,0.0,batch_03b3f75de552bd3134be.csv,-24.75,27.75
25,episodes,1.0,1991-02-22,0.0,350,0.0,2,25,>=,FLO,93655,OK,1990,Li et al. (2025b),1991-02-09,33.7,350,tmax_c,22.712635251373527,0.0,0.0,batch_03b3f75de552bd3134be.csv,-24.75,27.75
25,episodes,1.0,1991-05-11,0.0,1550,0.0,2,25,>=,FIL,93655,OK,1990,Li et al. (2025b),1991-03-11,32.7,1550,tmax_c,22.712635251373527,0.0,0.0,batch_03b3f75de552bd3134be.csv,-24.75,27.75
25,days,1.0,1991-06-03,0.0,575,0.0,1,25,>,MAT,93655,OK,1990,Ortega Gómez et al. (2019),1991-05-12,10.0,575,precip_mm,22.712635251373527,0.0,0.0,batch_03b3f75de552bd3134be.csv,-24.75,27.75
25,episodes,1.0,1991-11-01,0.240000121847234,400,0.240000121847234,2,25,>=,EST,93655,OK,1991,Li et al. 2025a,1991-10-17,34.0,400,tmax_c,22.712635251373527,5.4510352278014285,5.4510352278014285,batch_03b3f75de552bd3134be.csv,-24.75,27.75
25,episodes,1.0,1992-02-08,0.67967913856494,1275,0.7995828679301358,2,25,>=,VEG,93655,OK,1991,Li et al. 2025a,1991-12-20,34.6,1275,tmax_c,22.712635251373527,18.160634032544344,15.437304362193249,batch_03b3f75de552bd3134be.csv,-24.75,27.75
25,episodes,1.0,1992-03-10,1.0,425,1.3998715579873149,2,25,>=,REP,93655,OK,1991,Li et al. (2025b),1992-02-23,33.7,425,tmax_c,22.712635251373527,31.794772095337866,22.712635251373527,batch_03b3f75de552bd3134be.csv,-24.75,27.75
25,episodes,1.0,1992-02-22,0.8397755310469041,350,1.0397115537349917,2,25,>=,FLO,93655,OK,1991,Li et al. (2025b),1992-02-09,33.7,350,tmax_c,22.712635251373527,23.614589286621715,19.07351532969684,batch_03b3f75de552bd3134be.csv,-24.75,27.75
25,episodes,1.0,1992-05-11,0.7597434815162568,1550,0.7597434815162568,2,25,>=,FIL,93655,OK,1991,Li et al. (2025b),1992-03-11,32.7,1550,tmax_c,22.712635251373527,17.255776580287385,17.255776580287385,batch_03b3f75de552bd3134be.csv,-24.75,27.75
25,days,1.0,1992-06-03,0.0,575,0.0,1,25,>,MAT,93655,OK,1991,Ortega Gómez et al. (2019),1992-05-12,10.0,575,precip_mm,22.712635251373527,0.0,0.0,batch_03b3f75de552bd3134be.csv,-24.75,27.75
25,episodes,1.0,1992-11-01,0.8798077025225624,400,0.8798077025225624,2,25,>=,EST,93655,OK,1992,Li et al. 2025a,1992-10-17,34.0,400,tmax_c,22.712635251373527,19.982751438743904,19.982751438743904,batch_03b3f75de552bd3134be.csv,-24.75,27.75
25,episodes,1.0,1993-02-08,0.67967913856494,1275,0.9196147957114004,2,25,>=,VEG,93655,OK,1992,Li et al. 2025a,1992-12-20,34.6,1275,tmax_c,22.712635251373527,20.886875426759417,15.437304362193249,batch_03b3f75de552bd3134be.csv,-24.75,27.75
25,episodes,1.0,1993-03-10,0.0,400,0.0,2,25,>=,REP,93655,OK,1992,Li et al. (2025b),1993-02-23,33.7,400,tmax_c,22.712635251373527,0.0,0.0,batch_03b3f75de552bd3134be.csv,-24.75,27.75
25,episodes,1.0,1993-02-22,0.0,350,0.0,2,25,>=,FLO,93655,OK,1992,Li et al. (2025b),1993-02-09,33.7,350,tmax_c,22.712635251373527,0.0,0.0,batch_03b3f75de552bd3134be.csv,-24.75,27.75
25,episodes,1.0,1993-05-11,0.0,1550,0.0,2,25,>=,FIL,93655,OK,1992,Li et al. (2025b),1993-03-11,32.7,1550,tmax_c,22.712635251373527,0.0,0.0,batch_03b3f75de552bd3134be.csv,-24.75,27.75
25,days,1.0,1993-06-03,0.0,575,0.0,1,25,>,MAT,93655,OK,1992,Ortega Gómez et al. (2019),1993-05-12,10.0,575,precip_mm,22.712635251373527,0.0,0.0,batch_03b3f75de552bd3134be.csv,-24.75,27.75
25,episodes,1.0,1994-01-02,0.0,200,0.0,2,25,>=,EST,80678,OK,1993,Li et al. 2025a,1993-12-26,34.0,200,tmax_c,20.798789696387235,0.0,0.0,batch_03b505ce47eb754bc2c5.csv,-33.75,19.25
25,episodes,1.0,1994-02-23,0.1602327373671075,650,0.1602327373671075,2,25,>=,VEG,80678,OK,1993,Li et al. 2025a,1994-01-29,34.6,650,tmax_c,20.798789696387235,3.332647006974918,3.332647006974918,batch_03b505ce47eb754bc2c5.csv,-33.75,19.25
25,episodes,1.0,1994-03-11,0.0,225,0.0,2,25,>=,REP,80678,OK,1993,Li et al. (2025b),1994-03-03,33.7,225,tmax_c,20.798789696387235,0.0,0.0,batch_03b505ce47eb754bc2c5.csv,-33.75,19.25
25,episodes,1.0,1994-03-02,0.880232981061501,175,0.880232981061501,2,25,>=,FLO,80678,OK,1993,Li et al. (2025b),1994-02-24,33.7,175,tmax_c,20.798789696387235,18.30778065692217,18.30778065692217,batch_03b505ce47eb754bc2c5.csv,-33.75,19.25
25,episodes,1.0,1994-04-12,0.1600932411351059,800,0.2400934848295737,2,25,>=,FIL,80678,OK,1993,Li et al. (2025b),1994-03-12,32.7,800,tmax_c,20.798789696387235,4.993653898443043,3.329745654182078,batch_03b505ce47eb754bc2c5.csv,-33.75,19.25
25,days,1.0,1994-04-24,0.3597205201472094,300,0.3597205201472094,1,25,>,MAT,80678,OK,1993,Ortega Gómez et al. (2019),1994-04-13,10.0,300,precip_mm,20.798789696387235,7.481751448016837,7.481751448016837,batch_03b505ce47eb754bc2c5.csv,-33.75,19.25
25,episodes,1.0,1995-01-02,0.0,200,0.0,2,25,>=,EST,80678,OK,1994,Li et al. 2025a,1994-12-26,34.0,200,tmax_c,20.798789696387235,0.0,0.0,batch_03b505ce47eb754bc2c5.csv,-33.75,19.25
25,episodes,1.0,1995-02-23,0.7205592032581083,650,0.7205592032581083,2,25,>=,VEG,80678,OK,1994,Li et al. 2025a,1995-01-29,34.6,650,tmax_c,20.798789696387235,14.98675933236174,14.98675933236174,batch_03b505ce47eb754bc2c5.csv,-33.75,19.25
25,episodes,1.0,1995-03-11,0.0,225,0.0,2,25,>=,REP,80678,OK,1994,Li et al. (2025b),1995-03-03,33.7,225,tmax_c,20.798789696387235,0.0,0.0,batch_03b505ce47eb754bc2c5.csv,-33.75,19.25
25,episodes,1.0,1995-03-02,1.0,175,1.0,2,25,>=,FLO,80678,OK,1994,Li et al. (2025b),1995-02-24,33.7,175,tmax_c,20.798789696387235,20.798789696387235,20.798789696387235,batch_03b505ce47eb754bc2c5.csv,-33.75,19.25
25,episodes,1.0,1995-04-12,0.9600464987912892,800,0.9600464987912892,2,25,>=,FIL,80678,OK,1994,Li et al. (2025b),1995-03-12,32.7,800,tmax_c,20.798789696387235,19.96780522711291,19.96780522711291,batch_03b505ce47eb754bc2c5.csv,-33.75,19.25
25,days,1.0,1995-04-24,0.0,300,0.0,1,25,>,MAT,80678,OK,1994,Ortega Gómez et al. (2019),1995-04-13,10.0,300,precip_mm,20.798789696387235,0.0,0.0,batch_03b505ce47eb754bc2c5.csv,-33.75,19.25
25,episodes,1.0,1996-01-02,0.0,200,0.0,2,25,>=,EST,80678,OK,1995,Li et al. 2025a,1995-12-26,34.0,200,tmax_c,20.798789696387235,0.0,0.0,batch_03b505ce47eb754bc2c5.csv,-33.75,19.25
25,episodes,1.0,1996-02-23,0.5205589597055066,650,0.5205589597055066,2,25,>=,VEG,80678,OK,1995,Li et al. 2025a,1996-01-29,34.6,650,tmax_c,20.798789696387235,10.826996327484949,10.826996327484949,batch_03b505ce47eb754bc2c5.csv,-33.75,19.25
25,episodes,1.0,1996-03-11,0.0,225,0.0,2,25,>=,REP,80678,OK,1995,Li et al. (2025b),1996-03-03,33.7,225,tmax_c,20.798789696387235,0.0,0.0,batch_03b505ce47eb754bc2c5.csv,-33.75,19.25
25,episodes,1.0,1996-03-02,0.0,200,0.0,2,25,>=,FLO,80678,OK,1995,Li et al. (2025b),1996-02-24,33.7,200,tmax_c,20.798789696387235,0.0,0.0,batch_03b505ce47eb754bc2c5.csv,-33.75,19.25
25,episodes,1.0,1996-04-12,0.1201397399263951,800,0.1601398617736291,2,25,>=,FIL,80678,OK,1995,Li et al. (2025b),1996-03-12,32.7,800,tmax_c,20.798789696387235,3.3307153070382327,2.49876118490775,batch_03b505ce47eb754bc2c5.csv,-33.75,19.25
25,days,1.0,1996-04-24,0.7203259785022136,300,0.7203259785022136,1,25,>,MAT,80678,OK,1995,Ortega Gómez et al. (2019),1996-04-13,10.0,300,precip_mm,20.798789696387235,14.981908539711892,14.981908539711892,batch_03b505ce47eb754bc2c5.csv,-33.75,19.25
25,episodes,1.0,1997-01-02,0.0,200,0.0,2,25,>=,EST,80678,OK,1996,Li et al. 2025a,1996-12-26,34.0,200,tmax_c,20.798789696387235,0.0,0.0,batch_03b505ce47eb754bc2c5.csv,-33.75,19.25
25,episodes,1.0,1997-02-23,0.0,650,0.0,2,25,>=,VEG,80678,OK,1996,Li et al. 2025a,1997-01-29,34.6,650,tmax_c,20.798789696387235,0.0,0.0,batch_03b505ce47eb754bc2c5.csv,-33.75,19.25
25,episodes,1.0,1997-03-11,0.0,225,0.0,2,25,>=,REP,80678,OK,1996,Li et al. (2025b),1997-03-03,33.7,225,tmax_c,20.798789696387235,0.0,0.0,batch_03b505ce47eb754bc2c5.csv,-33.75,19.25
25,episodes,1.0,1997-03-02,0.0,175,0.0,2,25,>=,FLO,80678,OK,1996,Li et al. (2025b),1997-02-24,33.7,175,tmax_c,20.798789696387235,0.0,0.0,batch_03b505ce47eb754bc2c5.csv,-33.75,19.25
25,episodes,1.0,1997-04-12,0.0,800,0.0,2,25,>=,FIL,80678,OK,1996,Li et al. (2025b),1997-03-12,32.7,800,tmax_c,20.798789696387235,0.0,0.0,batch_03b505ce47eb754bc2c5.csv,-33.75,19.25
25,days,1.0,1997-04-24,0.1201398619153467,300,0.1201398619153467,1,25,>,MAT,80678,OK,1996,Ortega Gómez et al. (2019),1997-04-13,10.0,300,precip_mm,20.798789696387235,2.498763722130298,2.498763722130298,batch_03b505ce47eb754bc2c5.csv,-33.75,19.25
25,episodes,1.0,2013-02-23,0.0,250,0.0,2,25,>=,EST,99992,OK,2013,Li et al. 2025a,2013-02-14,34.0,250,tmax_c,23.3860295326714,0.0,0.0,batch_03bcd3a7a863ee78dcf3.csv,-20.75,-43.75
25,episodes,1.0,2013-04-28,0.0,825,0.0,2,25,>=,VEG,99992,OK,2013,Li et al. 2025a,2013-03-27,34.6,825,tmax_c,23.3860295326714,0.0,0.0,batch_03bcd3a7a863ee78dcf3.csv,-20.75,-43.75
25,episodes,1.0,2013-05-17,0.0,275,0.0,2,25,>=,REP,99992,OK,2013,Li et al. (2025b),2013-05-07,33.7,275,tmax_c,23.3860295326714,0.0,0.0,batch_03bcd3a7a863ee78dcf3.csv,-20.75,-43.75
25,episodes,1.0,2013-05-06,0.0,200,0.0,2,25,>=,FLO,99992,OK,2013,Li et al. (2025b),2013-04-29,33.7,200,tmax_c,23.3860295326714,0.0,0.0,batch_03bcd3a7a863ee78dcf3.csv,-20.75,-43.75
25,episodes,1.0,2013-06-25,0.0,975,0.0,2,25,>=,FIL,99992,OK,2013,Li et al. (2025b),2013-05-18,32.7,975,tmax_c,23.3860295326714,0.0,0.0,batch_03bcd3a7a863ee78dcf3.csv,-20.75,-43.75
25,days,1.0,2013-07-10,0.0,375,0.0,1,25,>,MAT,99992,OK,2013,Ortega Gómez et al. (2019),2013-06-26,10.0,375,precip_mm,23.3860295326714,0.0,0.0,batch_03bcd3a7a863ee78dcf3.csv,-20.75,-43.75
25,episodes,1.0,2014-02-23,0.0,250,0.0,2,25,>=,EST,99992,OK,2014,Li et al. 2025a,2014-02-14,34.0,250,tmax_c,23.3860295326714,0.0,0.0,batch_03bcd3a7a863ee78dcf3.csv,-20.75,-43.75
25,episodes,1.0,2014-04-28,0.0,825,0.0,2,25,>=,VEG,99992,OK,2014,Li et al. 2025a,2014-03-27,34.6,825,tmax_c,23.3860295326714,0.0,0.0,batch_03bcd3a7a863ee78dcf3.csv,-20.75,-43.75
25,episodes,1.0,2014-05-17,0.0,275,0.0,2,25,>=,REP,99992,OK,2014,Li et al. (2025b),2014-05-07,33.7,275,tmax_c,23.3860295326714,0.0,0.0,batch_03bcd3a7a863ee78dcf3.csv,-20.75,-43.75
25,episodes,1.0,2014-05-06,0.0,200,0.0,2,25,>=,FLO,99992,OK,2014,Li et al. (2025b),2014-04-29,33.7,200,tmax_c,23.3860295326714,0.0,0.0,batch_03bcd3a7a863ee78dcf3.csv,-20.75,-43.75
25,episodes,1.0,2014-06-25,0.0,975,0.0,2,25,>=,FIL,99992,OK,2014,Li et al. (2025b),2014-05-18,32.7,975,tmax_c,23.3860295326714,0.0,0.0,batch_03bcd3a7a863ee78dcf3.csv,-20.75,-43.75
25,days,1.0,2014-07-10,0.0,375,0.0,1,25,>,MAT,99992,OK,2014,Ortega Gómez et al. (2019),2014-06-26,10.0,375,precip_mm,23.3860295326714,0.0,0.0,batch_03bcd3a7a863ee78dcf3.csv,-20.75,-43.75
25,episodes,1.0,2015-02-23,0.0,250,0.0,2,25,>=,EST,99992,OK,2015,Li et al. 2025a,2015-02-14,34.0,250,tmax_c,23.3860295326714,0.0,0.0,batch_03bcd3a7a863ee78dcf3.csv,-20.75,-43.75
25,episodes,1.0,2015-04-28,0.0,825,0.0,2,25,>=,VEG,99992,OK,2015,Li et al. 2025a,2015-03-27,34.6,825,tmax_c,23.3860295326714,0.0,0.0,batch_03bcd3a7a863ee78dcf3.csv,-20.75,-43.75
25,episodes,1.0,2015-05-17,0.0,275,0.0,2,25,>=,REP,99992,OK,2015,Li et al. (2025b),2015-05-07,33.7,275,tmax_c,23.3860295326714,0.0,0.0,batch_03bcd3a7a863ee78dcf3.csv,-20.75,-43.75
25,episodes,1.0,2015-05-06,0.0,200,0.0,2,25,>=,FLO,99992,OK,2015,Li et al. (2025b),2015-04-29,33.7,200,tmax_c,23.3860295326714,0.0,0.0,batch_03bcd3a7a863ee78dcf3.csv,-20.75,-43.75
25,episodes,1.0,2015-06-25,0.0,975,0.0,2,25,>=,FIL,99992,OK,2015,Li et al. (2025b),2015-05-18,32.7,975,tmax_c,23.3860295326714,0.0,0.0,batch_03bcd3a7a863ee78dcf3.csv,-20.75,-43.75
25,days,1.0,2015-07-10,0.0,375,0.0,1,25,>,MAT,99992,OK,2015,Ortega Gómez et al. (2019),2015-06-26,10.0,375,precip_mm,23.3860295326714,0.0,0.0,batch_03bcd3a7a863ee78dcf3.csv,-20.75,-43.75
25,episodes,1.0,2016-02-23,0.0,250,0.0,2,25,>=,EST,99992,OK,2016,Li et al. 2025a,2016-02-14,34.0,250,tmax_c,23.3860295326714,0.0,0.0,batch_03bcd3a7a863ee78dcf3.csv,-20.75,-43.75
25,episodes,1.0,2016-04-28,0.0,825,0.0,2,25,>=,VEG,99992,OK,2016,Li et al. 2025a,2016-03-27,34.6,825,tmax_c,23.3860295326714,0.0,0.0,batch_03bcd3a7a863ee78dcf3.csv,-20.75,-43.75
25,episodes,1.0,2016-05-17,0.0,275,0.0,2,25,>=,REP,99992,OK,2016,Li et al. (2025b),2016-05-07,33.7,275,tmax_c,23.3860295326714,0.0,0.0,batch_03bcd3a7a863ee78dcf3.csv,-20.75,-43.75
25,episodes,1.0,2016-05-06,0.0,200,0.0,2,25,>=,FLO,99992,OK,2016,Li et al. (2025b),2016-04-29,33.7,200,tmax_c,23.3860295326714,0.0,0.0,batch_03bcd3a7a863ee78dcf3.csv,-20.75,-43.75
25,episodes,1.0,2016-06-25,0.0,975,0.0,2,25,>=,FIL,99992,OK,2016,Li et al. (2025b),2016-05-18,32.7,975,tmax_c,23.3860295326714,0.0,0.0,batch_03bcd3a7a863ee78dcf3.csv,-20.75,-43.75
25,days,1.0,2016-07-10,0.0,375,0.0,1,25,>,MAT,99992,OK,2016,Ortega Gómez et al. (2019),2016-06-26,10.0,375,precip_mm,23.3860295326714,0.0,0.0,batch_03bcd3a7a863ee78dcf3.csv,-20.75,-43.75
25,episodes,1.0,2005-10-12,0.0,325,0.0,2,25,>=,EST,85574,OK,2005,Li et al. 2025a,2005-09-30,34.0,325,tmax_c,21.49624130848325,0.0,0.0,batch_03c2a258c94702890202.csv,-30.75,-52.75
25,episodes,1.0,2006-01-03,0.0,1050,0.0,2,25,>=,VEG,85574,OK,2005,Li et al. 2025a,2005-11-23,34.6,1050,tmax_c,21.49624130848325,0.0,0.0,batch_03c2a258c94702890202.csv,-30.75,-52.75
25,episodes,1.0,2006-01-28,0.0,325,0.0,2,25,>=,REP,85574,OK,2005,Li et al. (2025b),2006-01-16,33.7,325,tmax_c,21.49624130848325,0.0,0.0,batch_03c2a258c94702890202.csv,-30.75,-52.75
25,episodes,1.0,2006-01-15,0.6799578777081936,300,0.6799578777081936,2,25,>=,FLO,85574,OK,2005,Li et al. (2025b),2006-01-04,33.7,300,tmax_c,21.49624130848325,14.616538618819472,14.616538618819472,batch_03c2a258c94702890202.csv,-30.75,-52.75
25,episodes,1.0,2006-03-21,1.0,1300,1.1602898599286169,2,25,>=,FIL,85574,OK,2005,Li et al. (2025b),2006-01-29,32.7,1300,tmax_c,21.49624130848325,24.94187081681177,21.49624130848325,batch_03c2a258c94702890202.csv,-30.75,-52.75
25,days,1.0,2006-04-09,1.0,475,1.4406215985808797,1,25,>,MAT,85574,OK,2005,Ortega Gómez et al. (2019),2006-03-22,10.0,475,precip_mm,21.49624130848325,30.967949517307478,21.49624130848325,batch_03c2a258c94702890202.csv,-30.75,-52.75
25,episodes,1.0,2006-10-12,0.0,325,0.0,2,25,>=,EST,85574,OK,2006,Li et al. 2025a,2006-09-30,34.0,325,tmax_c,21.49624130848325,0.0,0.0,batch_03c2a258c94702890202.csv,-30.75,-52.75
25,episodes,1.0,2007-01-03,0.0,1050,0.0,2,25,>=,VEG,85574,OK,2006,Li et al. 2025a,2006-11-23,34.6,1050,tmax_c,21.49624130848325,0.0,0.0,batch_03c2a258c94702890202.csv,-30.75,-52.75
25,episodes,1.0,2007-01-28,0.0,325,0.0,2,25,>=,REP,85574,OK,2006,Li et al. (2025b),2007-01-16,33.7,325,tmax_c,21.49624130848325,0.0,0.0,batch_03c2a258c94702890202.csv,-30.75,-52.75
25,episodes,1.0,2007-01-15,0.0,300,0.0,2,25,>=,FLO,85574,OK,2006,Li et al. (2025b),2007-01-04,33.7,300,tmax_c,21.49624130848325,0.0,0.0,batch_03c2a258c94702890202.csv,-30.75,-52.75
25,episodes,1.0,2007-03-21,0.1601240516523354,1300,0.1601240516523354,2,25,>=,FIL,85574,OK,2006,Li et al. (2025b),2007-01-29,32.7,1300,tmax_c,21.49624130848325,3.4420652536106395,3.4420652536106395,batch_03c2a258c94702890202.csv,-30.75,-52.75
25,days,1.0,2007-04-09,1.0,475,2.5195857228774208,1,25,>,MAT,85574,OK,2006,Ortega Gómez et al. (2019),2007-03-22,10.0,475,precip_mm,21.49624130848325,54.16162269638224,21.49624130848325,batch_03c2a258c94702890202.csv,-30.75,-52.75
25,episodes,1.0,2007-10-12,0.0,325,0.0,2,25,>=,EST,85574,OK,2007,Li et al. 2025a,2007-09-30,34.0,325,tmax_c,21.49624130848325,0.0,0.0,batch_03c2a258c94702890202.csv,-30.75,-52.75
25,episodes,1.0,2008-01-03,0.0,1050,0.0,2,25,>=,VEG,85574,OK,2007,Li et al. 2025a,2007-11-23,34.6,1050,tmax_c,21.49624130848325,0.0,0.0,batch_03c2a258c94702890202.csv,-30.75,-52.75
25,episodes,1.0,2008-01-28,0.0,325,0.0,2,25,>=,REP,85574,OK,2007,Li et al. (2025b),2008-01-16,33.7,325,tmax_c,21.49624130848325,0.0,0.0,batch_03c2a258c94702890202.csv,-30.75,-52.75
25,episodes,1.0,2008-01-15,0.0799997563056064,300,0.0799997563056064,2,25,>=,FLO,85574,OK,2007,Li et al. (2025b),2008-01-04,33.7,300,tmax_c,21.49624130848325,1.71969406616517,1.71969406616517,batch_03c2a258c94702890202.csv,-30.75,-52.75
25,episodes,1.0,2008-03-21,0.1601240516523354,1325,0.1601240516523354,2,25,>=,FIL,85574,OK,2007,Li et al. (2025b),2008-01-29,32.7,1325,tmax_c,21.49624130848325,3.4420652536106395,3.4420652536106395,batch_03c2a258c94702890202.csv,-30.75,-52.75
25,days,1.0,2008-04-09,0.5206218422753469,475,0.5206218422753469,1,25,>,MAT,85574,OK,2007,Ortega Gómez et al. (2019),2008-03-22,10.0,475,precip_mm,21.49624130848325,11.191412752017964,11.191412752017964,batch_03c2a258c94702890202.csv,-30.75,-52.75
25,episodes,1.0,2008-10-12,0.0,325,0.0,2,25,>=,EST,85574,OK,2008,Li et al. 2025a,2008-09-30,34.0,325,tmax_c,21.49624130848325,0.0,0.0,batch_03c2a258c94702890202.csv,-30.75,-52.75
25,episodes,1.0,2009-01-03,0.0,1050,0.0,2,25,>=,VEG,85574,OK,2008,Li et al. 2025a,2008-11-23,34.6,1050,tmax_c,21.49624130848325,0.0,0.0,batch_03c2a258c94702890202.csv,-30.75,-52.75
25,episodes,1.0,2009-01-28,0.0,325,0.0,2,25,>=,REP,85574,OK,2008,Li et al. (2025b),2009-01-16,33.7,325,tmax_c,21.49624130848325,0.0,0.0,batch_03c2a258c94702890202.csv,-30.75,-52.75
25,episodes,1.0,2009-01-15,0.0,300,0.0,2,25,>=,FLO,85574,OK,2008,Li et al. (2025b),2009-01-04,33.7,300,tmax_c,21.49624130848325,0.0,0.0,batch_03c2a258c94702890202.csv,-30.75,-52.75
25,episodes,1.0,2009-03-21,0.0,1300,0.0,2,25,>=,FIL,85574,OK,2008,Li et al. (2025b),2009-01-29,32.7,1300,tmax_c,21.49624130848325,0.0,0.0,batch_03c2a258c94702890202.csv,-30.75,-52.75
25,days,1.0,2009-04-09,0.4794613055572245,475,0.4794613055572245,1,25,>,MAT,85574,OK,2008,Ortega Gómez et al. (2019),2009-03-22,10.0,475,precip_mm,21.49624130848325,10.30661592233852,10.30661592233852,batch_03c2a258c94702890202.csv,-30.75,-52.75
25,episodes,1.0,1997-10-26,0.0,275,0.0,2,25,>=,EST,82684,OK,1997,Li et al. 2025a,1997-10-16,34.0,275,tmax_c,21.037705463977183,0.0,0.0,batch_03d7a7b9a36c5b9912d0.csv,-32.75,-57.75
25,episodes,1.0,1998-01-03,0.0,875,0.0,2,25,>=,VEG,82684,OK,1997,Li et al. 2025a,1997-11-30,34.6,875,tmax_c,21.037705463977183,0.0,0.0,batch_03d7a7b9a36c5b9912d0.csv,-32.75,-57.75
25,episodes,1.0,1998-01-24,0.0,275,0.0,2,25,>=,REP,82684,OK,1997,Li et al. (2025b),1998-01-14,33.7,275,tmax_c,21.037705463977183,0.0,0.0,batch_03d7a7b9a36c5b9912d0.csv,-32.75,-57.75
25,episodes,1.0,1998-01-13,0.0,250,0.0,2,25,>=,FLO,82684,OK,1997,Li et al. (2025b),1998-01-04,33.7,250,tmax_c,21.037705463977183,0.0,0.0,batch_03d7a7b9a36c5b9912d0.csv,-32.75,-57.75
25,episodes,1.0,1998-03-09,0.0,1100,0.0,2,25,>=,FIL,82684,OK,1997,Li et al. (2025b),1998-01-25,32.7,1100,tmax_c,21.037705463977183,0.0,0.0,batch_03d7a7b9a36c5b9912d0.csv,-32.75,-57.75
25,days,1.0,1998-03-25,0.9600897604554788,400,1.240448071194213,1,25,>,MAT,82684,OK,1997,Ortega Gómez et al. (2019),1998-03-10,10.0,400,precip_mm,21.037705463977183,26.09618116514245,20.19808559944277,batch_03d7a7b9a36c5b9912d0.csv,-32.75,-57.75
25,episodes,1.0,1998-10-26,0.0,275,0.0,2,25,>=,EST,82684,OK,1998,Li et al. 2025a,1998-10-16,34.0,275,tmax_c,21.037705463977183,0.0,0.0,batch_03d7a7b9a36c5b9912d0.csv,-32.75,-57.75
25,episodes,1.0,1999-01-03,0.5204484368723309,875,0.5204484368723309,2,25,>=,VEG,82684,OK,1998,Li et al. 2025a,1998-11-30,34.6,875,tmax_c,21.037705463977183,10.94904092410742,10.94904092410742,batch_03d7a7b9a36c5b9912d0.csv,-32.75,-57.75
25,episodes,1.0,1999-01-24,0.0,275,0.0,2,25,>=,REP,82684,OK,1998,Li et al. (2025b),1999-01-14,33.7,275,tmax_c,21.037705463977183,0.0,0.0,batch_03d7a7b9a36c5b9912d0.csv,-32.75,-57.75
25,episodes,1.0,1999-01-13,0.0,250,0.0,2,25,>=,FLO,82684,OK,1998,Li et al. (2025b),1999-01-04,33.7,250,tmax_c,21.037705463977183,0.0,0.0,batch_03d7a7b9a36c5b9912d0.csv,-32.75,-57.75
25,episodes,1.0,1999-03-09,1.0,1100,1.4808063823424182,2,25,>=,FIL,82684,OK,1998,Li et al. (2025b),1999-01-25,32.7,1100,tmax_c,21.037705463977183,31.15276852089738,21.037705463977183,batch_03d7a7b9a36c5b9912d0.csv,-32.75,-57.75
25,days,1.0,1999-03-25,1.0,400,4.0,1,25,>,MAT,82684,OK,1998,Ortega Gómez et al. (2019),1999-03-10,10.0,400,precip_mm,21.037705463977183,84.15082185590873,21.037705463977183,batch_03d7a7b9a36c5b9912d0.csv,-32.75,-57.75
25,episodes,1.0,1999-10-26,0.0,275,0.0,2,25,>=,EST,82684,OK,1999,Li et al. 2025a,1999-10-16,34.0,275,tmax_c,21.037705463977183,0.0,0.0,batch_03d7a7b9a36c5b9912d0.csv,-32.75,-57.75
25,episodes,1.0,2000-01-03,1.0,875,1.0,2,25,>=,VEG,82684,OK,1999,Li et al. 2025a,1999-11-30,34.6,875,tmax_c,21.037705463977183,21.037705463977183,21.037705463977183,batch_03d7a7b9a36c5b9912d0.csv,-32.75,-57.75
25,episodes,1.0,2000-01-24,0.0,275,0.0,2,25,>=,REP,82684,OK,1999,Li et al. (2025b),2000-01-14,33.7,275,tmax_c,21.037705463977183,0.0,0.0,batch_03d7a7b9a36c5b9912d0.csv,-32.75,-57.75
25,episodes,1.0,2000-01-13,1.0,250,2.0,2,25,>=,FLO,82684,OK,1999,Li et al. (2025b),2000-01-04,33.7,250,tmax_c,21.037705463977183,42.075410927954366,21.037705463977183,batch_03d7a7b9a36c5b9912d0.csv,-32.75,-57.75
25,episodes,1.0,2000-03-09,1.0,1125,2.0,2,25,>=,FIL,82684,OK,1999,Li et al. (2025b),2000-01-25,32.7,1125,tmax_c,21.037705463977183,42.075410927954366,21.037705463977183,batch_03d7a7b9a36c5b9912d0.csv,-32.75,-57.75
25,days,1.0,2000-03-25,1.0,400,1.5993280147146514,1,25,>,MAT,82684,OK,1999,Ortega Gómez et al. (2019),2000-03-10,10.0,400,precip_mm,21.037705463977183,33.6461917138542,21.037705463977183,batch_03d7a7b9a36c5b9912d0.csv,-32.75,-57.75
25,episodes,1.0,2000-10-26,0.0,275,0.0,2,25,>=,EST,82684,OK,2000,Li et al. 2025a,2000-10-16,34.0,275,tmax_c,21.037705463977183,0.0,0.0,batch_03d7a7b9a36c5b9912d0.csv,-32.75,-57.75
25,episodes,1.0,2001-01-03,0.0,875,0.0,2,25,>=,VEG,82684,OK,2000,Li et al. 2025a,2000-11-30,34.6,875,tmax_c,21.037705463977183,0.0,0.0,batch_03d7a7b9a36c5b9912d0.csv,-32.75,-57.75
25,episodes,1.0,2001-01-24,0.0,275,0.0,2,25,>=,REP,82684,OK,2000,Li et al. (2025b),2001-01-14,33.7,275,tmax_c,21.037705463977183,0.0,0.0,batch_03d7a7b9a36c5b9912d0.csv,-32.75,-57.75
25,episodes,1.0,2001-01-13,1.0,250,1.0,2,25,>=,FLO,82684,OK,2000,Li et al. (2025b),2001-01-04,33.7,250,tmax_c,21.037705463977183,21.037705463977183,21.037705463977183,batch_03d7a7b9a36c5b9912d0.csv,-32.75,-57.75
25,episodes,1.0,2001-03-09,1.0,1100,1.4801343970570695,2,25,>=,FIL,82684,OK,2000,Li et al. (2025b),2001-01-25,32.7,1100,tmax_c,21.037705463977183,31.13863149238809,21.037705463977183,batch_03d7a7b9a36c5b9912d0.csv,-32.75,-57.75
25,days,1.0,2001-03-25,1.0,400,2.999999999999999,1,25,>,MAT,82684,OK,2000,Ortega Gómez et al. (2019),2001-03-10,10.0,400,precip_mm,21.037705463977183,63.11311639193153,21.037705463977183,batch_03d7a7b9a36c5b9912d0.csv,-32.75,-57.75
25,episodes,1.0,1993-11-11,0.0,275,0.0,2,25,>=,EST,89163,OK,1993,Li et al. 2025a,1993-11-01,34.0,275,tmax_c,22.032519186586832,0.0,0.0,batch_03da885af4e351cbbbaa.csv,-28.25,-58.25
25,episodes,1.0,1994-01-19,0.0400747452155383,875,0.0400747452155383,2,25,>=,VEG,89163,OK,1993,Li et al. 2025a,1993-12-16,34.6,875,tmax_c,22.032519186586832,0.8829475928589269,0.8829475928589269,batch_03da885af4e351cbbbaa.csv,-28.25,-58.25
25,episodes,1.0,1994-02-09,0.0,275,0.0,2,25,>=,REP,89163,OK,1993,Li et al. (2025b),1994-01-30,33.7,275,tmax_c,22.032519186586832,0.0,0.0,batch_03da885af4e351cbbbaa.csv,-28.25,-58.25
25,episodes,1.0,1994-01-29,1.0,250,1.0,2,25,>=,FLO,89163,OK,1993,Li et al. (2025b),1994-01-20,33.7,250,tmax_c,22.032519186586832,22.032519186586832,22.032519186586832,batch_03da885af4e351cbbbaa.csv,-28.25,-58.25
25,episodes,1.0,1994-03-24,1.0,1075,1.0,2,25,>=,FIL,89163,OK,1993,Li et al. (2025b),1994-02-10,32.7,1075,tmax_c,22.032519186586832,22.032519186586832,22.032519186586832,batch_03da885af4e351cbbbaa.csv,-28.25,-58.25
25,days,1.0,1994-04-09,1.0,400,2.999999999999999,1,25,>,MAT,89163,OK,1993,Ortega Gómez et al. (2019),1994-03-25,10.0,400,precip_mm,22.032519186586832,66.09755755976047,22.032519186586832,batch_03da885af4e351cbbbaa.csv,-28.25,-58.25
25,episodes,1.0,1994-11-11,0.0,275,0.0,2,25,>=,EST,89163,OK,1994,Li et al. 2025a,1994-11-01,34.0,275,tmax_c,22.032519186586832,0.0,0.0,batch_03da885af4e351cbbbaa.csv,-28.25,-58.25
25,episodes,1.0,1995-01-19,1.0,875,2.999999999999999,2,25,>=,VEG,89163,OK,1994,Li et al. 2025a,1994-12-16,34.6,875,tmax_c,22.032519186586832,66.09755755976047,22.032519186586832,batch_03da885af4e351cbbbaa.csv,-28.25,-58.25
25,episodes,1.0,1995-02-09,0.0,275,0.0,2,25,>=,REP,89163,OK,1994,Li et al. (2025b),1995-01-30,33.7,275,tmax_c,22.032519186586832,0.0,0.0,batch_03da885af4e351cbbbaa.csv,-28.25,-58.25
25,episodes,1.0,1995-01-29,0.0,250,0.0,2,25,>=,FLO,89163,OK,1994,Li et al. (2025b),1995-01-20,33.7,250,tmax_c,22.032519186586832,0.0,0.0,batch_03da885af4e351cbbbaa.csv,-28.25,-58.25
25,episodes,1.0,1995-03-24,0.0,1075,0.0,2,25,>=,FIL,89163,OK,1994,Li et al. (2025b),1995-02-10,32.7,1075,tmax_c,22.032519186586832,0.0,0.0,batch_03da885af4e351cbbbaa.csv,-28.25,-58.25
25,days,1.0,1995-04-09,0.0798500221801361,400,0.0798500221801361,1,25,>,MAT,89163,OK,1994,Ortega Gómez et al. (2019),1995-03-25,10.0,400,precip_mm,22.032519186586832,1.759297145733233,1.759297145733233,batch_03da885af4e351cbbbaa.csv,-28.25,-58.25
25,episodes,1.0,1995-11-11,1.0,275,1.0,2,25,>=,EST,89163,OK,1995,Li et al. 2025a,1995-11-01,34.0,275,tmax_c,22.032519186586832,22.032519186586832,22.032519186586832,batch_03da885af4e351cbbbaa.csv,-28.25,-58.25
25,episodes,1.0,1996-01-19,1.0,875,2.999999999999999,2,25,>=,VEG,89163,OK,1995,Li et al. 2025a,1995-12-16,34.6,875,tmax_c,22.032519186586832,66.09755755976047,22.032519186586832,batch_03da885af4e351cbbbaa.csv,-28.25,-58.25
25,episodes,1.0,1996-02-09,0.0,275,0.0,2,25,>=,REP,89163,OK,1995,Li et al. (2025b),1996-01-30,33.7,275,tmax_c,22.032519186586832,0.0,0.0,batch_03da885af4e351cbbbaa.csv,-28.25,-58.25
25,episodes,1.0,1996-01-29,1.0,250,1.9201499778198636,2,25,>=,FLO,89163,OK,1995,Li et al. (2025b),1996-01-20,33.7,250,tmax_c,22.032519186586832,42.30574122744042,22.032519186586832,batch_03da885af4e351cbbbaa.csv,-28.25,-58.25
25,episodes,1.0,1996-03-24,0.2804114643980393,1100,0.2804114643980393,2,25,>=,FIL,89163,OK,1995,Li et al. (2025b),1996-02-10,32.7,1100,tmax_c,22.032519186586832,6.178170969488711,6.178170969488711,batch_03da885af4e351cbbbaa.csv,-28.25,-58.25
25,days,1.0,1996-04-09,1.0,400,6.399999999999998,1,25,>,MAT,89163,OK,1995,Ortega Gómez et al. (2019),1996-03-25,10.0,400,precip_mm,22.032519186586832,141.00812279415567,22.032519186586832,batch_03da885af4e351cbbbaa.csv,-28.25,-58.25
25,episodes,1.0,1996-11-11,0.0,275,0.0,2,25,>=,EST,89163,OK,1996,Li et al. 2025a,1996-11-01,34.0,275,tmax_c,22.032519186586832,0.0,0.0,batch_03da885af4e351cbbbaa.csv,-28.25,-58.25
25,episodes,1.0,1997-01-19,0.0400747452155383,875,0.0400747452155383,2,25,>=,VEG,89163,OK,1996,Li et al. 2025a,1996-12-16,34.6,875,tmax_c,22.032519186586832,0.8829475928589269,0.8829475928589269,batch_03da885af4e351cbbbaa.csv,-28.25,-58.25
25,episodes,1.0,1997-02-09,0.0,275,0.0,2,25,>=,REP,89163,OK,1996,Li et al. (2025b),1997-01-30,33.7,275,tmax_c,22.032519186586832,0.0,0.0,batch_03da885af4e351cbbbaa.csv,-28.25,-58.25
25,episodes,1.0,1997-01-29,1.0,250,1.0,2,25,>=,FLO,89163,OK,1996,Li et al. (2025b),1997-01-20,33.7,250,tmax_c,22.032519186586832,22.032519186586832,22.032519186586832,batch_03da885af4e351cbbbaa.csv,-28.25,-58.25
25,episodes,1.0,1997-03-24,1.0,1075,1.0,2,25,>=,FIL,89163,OK,1996,Li et al. (2025b),1997-02-10,32.7,1075,tmax_c,22.032519186586832,22.032519186586832,22.032519186586832,batch_03da885af4e351cbbbaa.csv,-28.25,-58.25
25,days,1.0,1997-04-09,0.0,400,0.0,1,25,>,MAT,89163,OK,1996,Ortega Gómez et al. (2019),1997-03-25,10.0,400,precip_mm,22.032519186586832,0.0,0.0,batch_03da885af4e351cbbbaa.csv,-28.25,-58.25
25,episodes,1.0,2010-01-04,0.0,150,0.0,2,25,>=,EST,81652,OK,2009,Li et al. 2025a,2009-12-30,34.0,150,tmax_c,20.9190441132825,0.0,0.0,batch_03e1fee558b25008e482.csv,-33.25,146.25
25,episodes,1.0,2010-02-10,1.0,475,1.2395427892715445,2,25,>=,VEG,81652,OK,2009,Li et al. 2025a,2010-01-23,34.6,475,tmax_c,20.9190441132825,25.930050289072668,20.9190441132825,batch_03e1fee558b25008e482.csv,-33.25,146.25
25,episodes,1.0,2010-02-21,0.0,150,0.0,2,25,>=,REP,81652,OK,2009,Li et al. (2025b),2010-02-16,33.7,150,tmax_c,20.9190441132825,0.0,0.0,batch_03e1fee558b25008e482.csv,-33.25,146.25
25,episodes,1.0,2010-02-15,0.0,125,0.0,2,25,>=,FLO,81652,OK,2009,Li et al. (2025b),2010-02-11,33.7,125,tmax_c,20.9190441132825,0.0,0.0,batch_03e1fee558b25008e482.csv,-33.25,146.25
25,episodes,1.0,2010-03-16,0.0,575,0.0,2,25,>=,FIL,81652,OK,2009,Li et al. (2025b),2010-02-22,32.7,575,tmax_c,20.9190441132825,0.0,0.0,batch_03e1fee558b25008e482.csv,-33.25,146.25
25,days,1.0,2010-03-25,0.0,225,0.0,1,25,>,MAT,81652,OK,2009,Ortega Gómez et al. (2019),2010-03-17,10.0,225,precip_mm,20.9190441132825,0.0,0.0,batch_03e1fee558b25008e482.csv,-33.25,146.25
25,episodes,1.0,2011-01-04,1.0,150,1.0,2,25,>=,EST,81652,OK,2010,Li et al. 2025a,2010-12-30,34.0,150,tmax_c,20.9190441132825,20.9190441132825,20.9190441132825,batch_03e1fee558b25008e482.csv,-33.25,146.25
25,episodes,1.0,2011-02-10,1.0,475,2.7200455015252083,2,25,>=,VEG,81652,OK,2010,Li et al. 2025a,2011-01-23,34.6,475,tmax_c,20.9190441132825,56.90075183654145,20.9190441132825,batch_03e1fee558b25008e482.csv,-33.25,146.25
25,episodes,1.0,2011-02-21,0.0,150,0.0,2,25,>=,REP,81652,OK,2010,Li et al. (2025b),2011-02-16,33.7,150,tmax_c,20.9190441132825,0.0,0.0,batch_03e1fee558b25008e482.csv,-33.25,146.25
25,episodes,1.0,2011-02-15,0.0,125,0.0,2,25,>=,FLO,81652,OK,2010,Li et al. (2025b),2011-02-11,33.7,125,tmax_c,20.9190441132825,0.0,0.0,batch_03e1fee558b25008e482.csv,-33.25,146.25
25,episodes,1.0,2011-03-16,1.0,575,1.0,2,25,>=,FIL,81652,OK,2010,Li et al. (2025b),2011-02-22,32.7,575,tmax_c,20.9190441132825,20.9190441132825,20.9190441132825,batch_03e1fee558b25008e482.csv,-33.25,146.25
25,days,1.0,2011-03-25,0.7198630073397357,225,1.0393602948077456,1,25,>,MAT,81652,OK,2010,Ortega Gómez et al. (2019),2011-03-17,10.0,225,precip_mm,20.9190441132825,21.742423856677533,15.058846006060136,batch_03e1fee558b25008e482.csv,-33.25,146.25
25,episodes,1.0,2012-01-04,1.0,150,1.0,2,25,>=,EST,81652,OK,2011,Li et al. 2025a,2011-12-30,34.0,150,tmax_c,20.9190441132825,20.9190441132825,20.9190441132825,batch_03e1fee558b25008e482.csv,-33.25,146.25
25,episodes,1.0,2012-02-10,0.0,475,0.0,2,25,>=,VEG,81652,OK,2011,Li et al. 2025a,2012-01-23,34.6,475,tmax_c,20.9190441132825,0.0,0.0,batch_03e1fee558b25008e482.csv,-33.25,146.25
25,episodes,1.0,2012-02-21,1.0,150,1.0,2,25,>=,REP,81652,OK,2011,Li et al. (2025b),2012-02-16,33.7,150,tmax_c,20.9190441132825,20.9190441132825,20.9190441132825,batch_03e1fee558b25008e482.csv,-33.25,146.25
25,episodes,1.0,2012-02-15,0.0,125,0.0,2,25,>=,FLO,81652,OK,2011,Li et al. (2025b),2012-02-11,33.7,125,tmax_c,20.9190441132825,0.0,0.0,batch_03e1fee558b25008e482.csv,-33.25,146.25
25,episodes,1.0,2012-03-16,0.2,600,0.2,2,25,>=,FIL,81652,OK,2011,Li et al. (2025b),2012-02-22,32.7,600,tmax_c,20.9190441132825,4.183808822656501,4.183808822656501,batch_03e1fee558b25008e482.csv,-33.25,146.25
25,days,1.0,2012-03-25,0.0,225,0.0,1,25,>,MAT,81652,OK,2011,Ortega Gómez et al. (2019),2012-03-17,10.0,225,precip_mm,20.9190441132825,0.0,0.0,batch_03e1fee558b25008e482.csv,-33.25,146.25
25,episodes,1.0,2013-01-04,1.0,150,1.3993601729605116,2,25,>=,EST,81652,OK,2012,Li et al. 2025a,2012-12-30,34.0,150,tmax_c,20.9190441132825,29.273277188531573,20.9190441132825,batch_03e1fee558b25008e482.csv,-33.25,146.25
25,episodes,1.0,2013-02-10,1.0,475,2.0,2,25,>=,VEG,81652,OK,2012,Li et al. 2025a,2013-01-23,34.6,475,tmax_c,20.9190441132825,41.838088226565,20.9190441132825,batch_03e1fee558b25008e482.csv,-33.25,146.25
25,episodes,1.0,2013-02-21,1.0,150,1.0,2,25,>=,REP,81652,OK,2012,Li et al. (2025b),2013-02-16,33.7,150,tmax_c,20.9190441132825,20.9190441132825,20.9190441132825,batch_03e1fee558b25008e482.csv,-33.25,146.25
25,episodes,1.0,2013-02-15,1.0,125,1.0,2,25,>=,FLO,81652,OK,2012,Li et al. (2025b),2013-02-11,33.7,125,tmax_c,20.9190441132825,20.9190441132825,20.9190441132825,batch_03e1fee558b25008e482.csv,-33.25,146.25
25,episodes,1.0,2013-03-16,0.2795885347694721,575,0.2795885347694721,2,25,>=,FIL,81652,OK,2012,Li et al. (2025b),2013-02-22,32.7,575,tmax_c,20.9190441132825,5.848724892410605,5.848724892410605,batch_03e1fee558b25008e482.csv,-33.25,146.25
25,days,1.0,2013-03-25,0.0,225,0.0,1,25,>,MAT,81652,OK,2012,Ortega Gómez et al. (2019),2013-03-17,10.0,225,precip_mm,20.9190441132825,0.0,0.0,batch_03e1fee558b25008e482.csv,-33.25,146.25
25,episodes,1.0,1981-02-23,0.0,250,0.0,2,25,>=,EST,97108,OK,1981,Li et al. 2025a,1981-02-14,34.0,250,tmax_c,23.063381981173684,0.0,0.0,batch_03e7d6a2fd196d0a4de3.csv,-22.75,-45.75
25,episodes,1.0,1981-04-28,0.0,825,0.0,2,25,>=,VEG,97108,OK,1981,Li et al. 2025a,1981-03-27,34.6,825,tmax_c,23.063381981173684,0.0,0.0,batch_03e7d6a2fd196d0a4de3.csv,-22.75,-45.75
25,episodes,1.0,1981-05-17,0.0,275,0.0,2,25,>=,REP,97108,OK,1981,Li et al. (2025b),1981-05-07,33.7,275,tmax_c,23.063381981173684,0.0,0.0,batch_03e7d6a2fd196d0a4de3.csv,-22.75,-45.75
25,episodes,1.0,1981-05-06,0.0,200,0.0,2,25,>=,FLO,97108,OK,1981,Li et al. (2025b),1981-04-29,33.7,200,tmax_c,23.063381981173684,0.0,0.0,batch_03e7d6a2fd196d0a4de3.csv,-22.75,-45.75
25,episodes,1.0,1981-06-25,0.0,975,0.0,2,25,>=,FIL,97108,OK,1981,Li et al. (2025b),1981-05-18,32.7,975,tmax_c,23.063381981173684,0.0,0.0,batch_03e7d6a2fd196d0a4de3.csv,-22.75,-45.75
25,days,1.0,1981-07-10,0.3196785784714055,375,0.3196785784714055,1,25,>,MAT,97108,OK,1981,Ortega Gómez et al. (2019),1981-06-26,10.0,375,precip_mm,23.063381981173684,7.372869166484632,7.372869166484632,batch_03e7d6a2fd196d0a4de3.csv,-22.75,-45.75
25,episodes,1.0,1982-02-23,0.0,250,0.0,2,25,>=,EST,97108,OK,1982,Li et al. 2025a,1982-02-14,34.0,250,tmax_c,23.063381981173684,0.0,0.0,batch_03e7d6a2fd196d0a4de3.csv,-22.75,-45.75
25,episodes,1.0,1982-04-28,0.0,825,0.0,2,25,>=,VEG,97108,OK,1982,Li et al. 2025a,1982-03-27,34.6,825,tmax_c,23.063381981173684,0.0,0.0,batch_03e7d6a2fd196d0a4de3.csv,-22.75,-45.75
25,episodes,1.0,1982-05-17,0.0,275,0.0,2,25,>=,REP,97108,OK,1982,Li et al. (2025b),1982-05-07,33.7,275,tmax_c,23.063381981173684,0.0,0.0,batch_03e7d6a2fd196d0a4de3.csv,-22.75,-45.75
25,episodes,1.0,1982-05-06,0.0,200,0.0,2,25,>=,FLO,97108,OK,1982,Li et al. (2025b),1982-04-29,33.7,200,tmax_c,23.063381981173684,0.0,0.0,batch_03e7d6a2fd196d0a4de3.csv,-22.75,-45.75
25,episodes,1.0,1982-06-25,0.0,975,0.0,2,25,>=,FIL,97108,OK,1982,Li et al. (2025b),1982-05-18,32.7,975,tmax_c,23.063381981173684,0.0,0.0,batch_03e7d6a2fd196d0a4de3.csv,-22.75,-45.75
25,days,1.0,1982-07-10,0.920087671502008,375,1.4800293863265968,1,25,>,MAT,97108,OK,1982,Ortega Gómez et al. (2019),1982-06-26,10.0,375,precip_mm,23.063381981173684,34.13448308021238,21.22033342401946,batch_03e7d6a2fd196d0a4de3.csv,-22.75,-45.75
25,episodes,1.0,1983-02-23,0.0,250,0.0,2,25,>=,EST,97108,OK,1983,Li et al. 2025a,1983-02-14,34.0,250,tmax_c,23.063381981173684,0.0,0.0,batch_03e7d6a2fd196d0a4de3.csv,-22.75,-45.75
25,episodes,1.0,1983-04-28,0.0,825,0.0,2,25,>=,VEG,97108,OK,1983,Li et al. 2025a,1983-03-27,34.6,825,tmax_c,23.063381981173684,0.0,0.0,batch_03e7d6a2fd196d0a4de3.csv,-22.75,-45.75
25,episodes,1.0,1983-05-17,0.0,275,0.0,2,25,>=,REP,97108,OK,1983,Li et al. (2025b),1983-05-07,33.7,275,tmax_c,23.063381981173684,0.0,0.0,batch_03e7d6a2fd196d0a4de3.csv,-22.75,-45.75
25,episodes,1.0,1983-05-06,0.0,200,0.0,2,25,>=,FLO,97108,OK,1983,Li et al. (2025b),1983-04-29,33.7,200,tmax_c,23.063381981173684,0.0,0.0,batch_03e7d6a2fd196d0a4de3.csv,-22.75,-45.75
25,episodes,1.0,1983-06-25,0.0,975,0.0,2,25,>=,FIL,97108,OK,1983,Li et al. (2025b),1983-05-18,32.7,975,tmax_c,23.063381981173684,0.0,0.0,batch_03e7d6a2fd196d0a4de3.csv,-22.75,-45.75
25,days,1.0,1983-07-10,0.1199124503452259,375,0.1199124503452259,1,25,>,MAT,97108,OK,1983,Ortega Gómez et al. (2019),1983-06-26,10.0,375,precip_mm,23.063381981173684,2.765586646610468,2.765586646610468,batch_03e7d6a2fd196d0a4de3.csv,-22.75,-45.75
25,episodes,1.0,1984-02-23,0.0,250,0.0,2,25,>=,EST,97108,OK,1984,Li et al. 2025a,1984-02-14,34.0,250,tmax_c,23.063381981173684,0.0,0.0,batch_03e7d6a2fd196d0a4de3.csv,-22.75,-45.75
25,episodes,1.0,1984-04-28,0.0,825,0.0,2,25,>=,VEG,97108,OK,1984,Li et al. 2025a,1984-03-27,34.6,825,tmax_c,23.063381981173684,0.0,0.0,batch_03e7d6a2fd196d0a4de3.csv,-22.75,-45.75
25,episodes,1.0,1984-05-17,0.0,275,0.0,2,25,>=,REP,97108,OK,1984,Li et al. (2025b),1984-05-07,33.7,275,tmax_c,23.063381981173684,0.0,0.0,batch_03e7d6a2fd196d0a4de3.csv,-22.75,-45.75
25,episodes,1.0,1984-05-06,0.0,200,0.0,2,25,>=,FLO,97108,OK,1984,Li et al. (2025b),1984-04-29,33.7,200,tmax_c,23.063381981173684,0.0,0.0,batch_03e7d6a2fd196d0a4de3.csv,-22.75,-45.75
25,episodes,1.0,1984-06-25,0.0,975,0.0,2,25,>=,FIL,97108,OK,1984,Li et al. (2025b),1984-05-18,32.7,975,tmax_c,23.063381981173684,0.0,0.0,batch_03e7d6a2fd196d0a4de3.csv,-22.75,-45.75
25,days,1.0,1984-07-10,0.0,375,0.0,1,25,>,MAT,97108,OK,1984,Ortega Gómez et al. (2019),1984-06-26,10.0,375,precip_mm,23.063381981173684,0.0,0.0,batch_03e7d6a2fd196d0a4de3.csv,-22.75,-45.75
25,episodes,1.0,1997-11-02,1.0,275,1.0,2,25,>=,EST,90591,OK,1997,Li et al. 2025a,1997-10-23,34.0,275,tmax_c,22.235341599410717,22.235341599410717,22.235341599410717,batch_03ea9298cfd1681986a0.csv,-27.25,-64.25
25,episodes,1.0,1998-01-07,1.0,850,2.0,2,25,>=,VEG,90591,OK,1997,Li et al. 2025a,1997-12-05,34.6,850,tmax_c,22.235341599410717,44.47068319882143,22.235341599410717,batch_03ea9298cfd1681986a0.csv,-27.25,-64.25
25,episodes,1.0,1998-01-27,1.0,275,2.0,2,25,>=,REP,90591,OK,1997,Li et al. (2025b),1998-01-17,33.7,275,tmax_c,22.235341599410717,44.47068319882143,22.235341599410717,batch_03ea9298cfd1681986a0.csv,-27.25,-64.25
25,episodes,1.0,1998-01-16,0.0,225,0.0,2,25,>=,FLO,90591,OK,1997,Li et al. (2025b),1998-01-08,33.7,225,tmax_c,22.235341599410717,0.0,0.0,batch_03ea9298cfd1681986a0.csv,-27.25,-64.25
25,episodes,1.0,1998-03-10,1.0,1050,2.440035940110527,2,25,>=,FIL,90591,OK,1997,Li et al. (2025b),1998-01-28,32.7,1050,tmax_c,22.235341599410717,54.255032643196834,22.235341599410717,batch_03ea9298cfd1681986a0.csv,-27.25,-64.25
25,days,1.0,1998-03-25,1.0,375,1.0,1,25,>,MAT,90591,OK,1997,Ortega Gómez et al. (2019),1998-03-11,10.0,375,precip_mm,22.235341599410717,22.235341599410717,22.235341599410717,batch_03ea9298cfd1681986a0.csv,-27.25,-64.25
25,episodes,1.0,1998-11-02,0.8399281198882024,275,0.8399281198882024,2,25,>=,EST,90591,OK,1998,Li et al. 2025a,1998-10-23,34.0,275,tmax_c,22.235341599410717,18.676088664664974,18.676088664664974,batch_03ea9298cfd1681986a0.csv,-27.25,-64.25
25,episodes,1.0,1999-01-07,1.0,850,2.8002155184882334,2,25,>=,VEG,90591,OK,1998,Li et al. 2025a,1998-12-05,34.6,850,tmax_c,22.235341599410717,62.263748605556856,22.235341599410717,batch_03ea9298cfd1681986a0.csv,-27.25,-64.25
25,episodes,1.0,1999-01-27,0.0,275,0.0,2,25,>=,REP,90591,OK,1998,Li et al. (2025b),1999-01-17,33.7,275,tmax_c,22.235341599410717,0.0,0.0,batch_03ea9298cfd1681986a0.csv,-27.25,-64.25
25,episodes,1.0,1999-01-16,0.0,225,0.0,2,25,>=,FLO,90591,OK,1998,Li et al. (2025b),1999-01-08,33.7,225,tmax_c,22.235341599410717,0.0,0.0,batch_03ea9298cfd1681986a0.csv,-27.25,-64.25
25,episodes,1.0,1999-03-10,1.0,1050,2.959928363582595,2,25,>=,FIL,90591,OK,1998,Li et al. (2025b),1999-01-28,32.7,1050,tmax_c,22.235341599410717,65.81501827404375,22.235341599410717,batch_03ea9298cfd1681986a0.csv,-27.25,-64.25
25,days,1.0,1999-03-25,1.0,375,3.3996775142198565,1,25,>,MAT,90591,OK,1998,Ortega Gómez et al. (2019),1999-03-11,10.0,375,precip_mm,22.235341599410717,75.59299085651398,22.235341599410717,batch_03ea9298cfd1681986a0.csv,-27.25,-64.25
25,episodes,1.0,1999-11-02,1.0,275,1.0,2,25,>=,EST,90591,OK,1999,Li et al. 2025a,1999-10-23,34.0,275,tmax_c,22.235341599410717,22.235341599410717,22.235341599410717,batch_03ea9298cfd1681986a0.csv,-27.25,-64.25
25,episodes,1.0,2000-01-07,1.0,850,3.760143516529276,2,25,>=,VEG,90591,OK,1999,Li et al. 2025a,1999-12-05,34.6,850,tmax_c,22.235341599410717,83.60807555283789,22.235341599410717,batch_03ea9298cfd1681986a0.csv,-27.25,-64.25
25,episodes,1.0,2000-01-27,1.0,275,1.0,2,25,>=,REP,90591,OK,1999,Li et al. (2025b),2000-01-17,33.7,275,tmax_c,22.235341599410717,22.235341599410717,22.235341599410717,batch_03ea9298cfd1681986a0.csv,-27.25,-64.25
25,episodes,1.0,2000-01-16,1.0,225,1.0,2,25,>=,FLO,90591,OK,1999,Li et al. (2025b),2000-01-08,33.7,225,tmax_c,22.235341599410717,22.235341599410717,22.235341599410717,batch_03ea9298cfd1681986a0.csv,-27.25,-64.25
25,episodes,1.0,2000-03-10,1.0,1075,1.0,2,25,>=,FIL,90591,OK,1999,Li et al. (2025b),2000-01-28,32.7,1075,tmax_c,22.235341599410717,22.235341599410717,22.235341599410717,batch_03ea9298cfd1681986a0.csv,-27.25,-64.25
25,days,1.0,2000-03-25,1.0,375,5.440574188182628,1,25,>,MAT,90591,OK,1999,Ortega Gómez et al. (2019),2000-03-11,10.0,375,precip_mm,22.235341599410717,120.97302557117736,22.235341599410717,batch_03ea9298cfd1681986a0.csv,-27.25,-64.25
25,episodes,1.0,2000-11-02,0.0,275,0.0,2,25,>=,EST,90591,OK,2000,Li et al. 2025a,2000-10-23,34.0,275,tmax_c,22.235341599410717,0.0,0.0,batch_03ea9298cfd1681986a0.csv,-27.25,-64.25
25,episodes,1.0,2001-01-07,1.0,850,3.0396413304149346,2,25,>=,VEG,90591,OK,2000,Li et al. 2025a,2000-12-05,34.6,850,tmax_c,22.235341599410717,67.58746332146332,22.235341599410717,batch_03ea9298cfd1681986a0.csv,-27.25,-64.25
25,episodes,1.0,2001-01-27,1.0,275,1.0,2,25,>=,REP,90591,OK,2000,Li et al. (2025b),2001-01-17,33.7,275,tmax_c,22.235341599410717,22.235341599410717,22.235341599410717,batch_03ea9298cfd1681986a0.csv,-27.25,-64.25
25,episodes,1.0,2001-01-16,0.7998921797776748,225,0.7998921797776748,2,25,>=,FLO,90591,OK,2000,Li et al. (2025b),2001-01-08,33.7,225,tmax_c,22.235341599410717,17.785875860053846,17.785875860053846,batch_03ea9298cfd1681986a0.csv,-27.25,-64.25
25,episodes,1.0,2001-03-10,1.0,1050,4.280179578486963,2,25,>=,FIL,90591,OK,2000,Li et al. (2025b),2001-01-28,32.7,1050,tmax_c,22.235341599410717,95.17125503447936,22.235341599410717,batch_03ea9298cfd1681986a0.csv,-27.25,-64.25
25,days,1.0,2001-03-25,1.0,375,5.119748906942865,1,25,>,MAT,90591,OK,2000,Ortega Gómez et al. (2019),2001-03-11,10.0,375,precip_mm,22.235341599410717,113.83936584908422,22.235341599410717,batch_03ea9298cfd1681986a0.csv,-27.25,-64.25
25,episodes,1.0,2001-02-23,0.0,250,0.0,2,25,>=,EST,98530,OK,2001,Li et al. 2025a,2001-02-14,34.0,250,tmax_c,23.22824353092083,0.0,0.0,batch_03ec1e8d09ea4a0d60e9.csv,-21.75,-54.75
25,episodes,1.0,2001-04-28,0.0,825,0.0,2,25,>=,VEG,98530,OK,2001,Li et al. 2025a,2001-03-27,34.6,825,tmax_c,23.22824353092083,0.0,0.0,batch_03ec1e8d09ea4a0d60e9.csv,-21.75,-54.75
25,episodes,1.0,2001-05-17,0.0,275,0.0,2,25,>=,REP,98530,OK,2001,Li et al. (2025b),2001-05-07,33.7,275,tmax_c,23.22824353092083,0.0,0.0,batch_03ec1e8d09ea4a0d60e9.csv,-21.75,-54.75
25,episodes,1.0,2001-05-06,0.0,200,0.0,2,25,>=,FLO,98530,OK,2001,Li et al. (2025b),2001-04-29,33.7,200,tmax_c,23.22824353092083,0.0,0.0,batch_03ec1e8d09ea4a0d60e9.csv,-21.75,-54.75
25,episodes,1.0,2001-06-25,0.0,975,0.0,2,25,>=,FIL,98530,OK,2001,Li et al. (2025b),2001-05-18,32.7,975,tmax_c,23.22824353092083,0.0,0.0,batch_03ec1e8d09ea4a0d60e9.csv,-21.75,-54.75
25,days,1.0,2001-07-10,0.0,375,0.0,1,25,>,MAT,98530,OK,2001,Ortega Gómez et al. (2019),2001-06-26,10.0,375,precip_mm,23.22824353092083,0.0,0.0,batch_03ec1e8d09ea4a0d60e9.csv,-21.75,-54.75
25,episodes,1.0,2002-02-23,0.0,250,0.0,2,25,>=,EST,98530,OK,2002,Li et al. 2025a,2002-02-14,34.0,250,tmax_c,23.22824353092083,0.0,0.0,batch_03ec1e8d09ea4a0d60e9.csv,-21.75,-54.75
25,episodes,1.0,2002-04-28,0.5999717914296667,825,0.5999717914296667,2,25,>=,VEG,98530,OK,2002,Li et al. 2025a,2002-03-27,34.6,825,tmax_c,23.22824353092083,13.93629088301114,13.93629088301114,batch_03ec1e8d09ea4a0d60e9.csv,-21.75,-54.75
25,episodes,1.0,2002-05-17,0.0,275,0.0,2,25,>=,REP,98530,OK,2002,Li et al. (2025b),2002-05-07,33.7,275,tmax_c,23.22824353092083,0.0,0.0,batch_03ec1e8d09ea4a0d60e9.csv,-21.75,-54.75
25,episodes,1.0,2002-05-06,0.0,200,0.0,2,25,>=,FLO,98530,OK,2002,Li et al. (2025b),2002-04-29,33.7,200,tmax_c,23.22824353092083,0.0,0.0,batch_03ec1e8d09ea4a0d60e9.csv,-21.75,-54.75
25,episodes,1.0,2002-06-25,0.0,975,0.0,2,25,>=,FIL,98530,OK,2002,Li et al. (2025b),2002-05-18,32.7,975,tmax_c,23.22824353092083,0.0,0.0,batch_03ec1e8d09ea4a0d60e9.csv,-21.75,-54.75
25,days,1.0,2002-07-10,0.0,375,0.0,1,25,>,MAT,98530,OK,2002,Ortega Gómez et al. (2019),2002-06-26,10.0,375,precip_mm,23.22824353092083,0.0,0.0,batch_03ec1e8d09ea4a0d60e9.csv,-21.75,-54.75
25,episodes,1.0,2003-02-23,0.0,250,0.0,2,25,>=,EST,98530,OK,2003,Li et al. 2025a,2003-02-14,34.0,250,tmax_c,23.22824353092083,0.0,0.0,batch_03ec1e8d09ea4a0d60e9.csv,-21.75,-54.75
25,episodes,1.0,2003-04-28,0.0,825,0.0,2,25,>=,VEG,98530,OK,2003,Li et al. 2025a,2003-03-27,34.6,825,tmax_c,23.22824353092083,0.0,0.0,batch_03ec1e8d09ea4a0d60e9.csv,-21.75,-54.75
25,episodes,1.0,2003-05-17,0.0,275,0.0,2,25,>=,REP,98530,OK,2003,Li et al. (2025b),2003-05-07,33.7,275,tmax_c,23.22824353092083,0.0,0.0,batch_03ec1e8d09ea4a0d60e9.csv,-21.75,-54.75
25,episodes,1.0,2003-05-06,0.0,200,0.0,2,25,>=,FLO,98530,OK,2003,Li et al. (2025b),2003-04-29,33.7,200,tmax_c,23.22824353092083,0.0,0.0,batch_03ec1e8d09ea4a0d60e9.csv,-21.75,-54.75
25,episodes,1.0,2003-06-25,0.0,975,0.0,2,25,>=,FIL,98530,OK,2003,Li et al. (2025b),2003-05-18,32.7,975,tmax_c,23.22824353092083,0.0,0.0,batch_03ec1e8d09ea4a0d60e9.csv,-21.75,-54.75
25,days,1.0,2003-07-10,0.919889115443148,375,0.9598334294703282,1,25,>,MAT,98530,OK,2003,Ortega Gómez et al. (2019),2003-06-26,10.0,375,precip_mm,23.22824353092083,22.295244648855707,21.367408394956787,batch_03ec1e8d09ea4a0d60e9.csv,-21.75,-54.75
25,episodes,1.0,2004-02-23,0.1598331856912681,250,0.1598331856912681,2,25,>=,EST,98530,OK,2004,Li et al. 2025a,2004-02-14,34.0,250,tmax_c,23.22824353092083,3.712644161559667,3.712644161559667,batch_03ec1e8d09ea4a0d60e9.csv,-21.75,-54.75
25,episodes,1.0,2004-04-28,1.0,825,1.0,2,25,>=,VEG,98530,OK,2004,Li et al. 2025a,2004-03-27,34.6,825,tmax_c,23.22824353092083,23.22824353092083,23.22824353092083,batch_03ec1e8d09ea4a0d60e9.csv,-21.75,-54.75
25,episodes,1.0,2004-05-17,0.0,275,0.0,2,25,>=,REP,98530,OK,2004,Li et al. (2025b),2004-05-07,33.7,275,tmax_c,23.22824353092083,0.0,0.0,batch_03ec1e8d09ea4a0d60e9.csv,-21.75,-54.75
25,episodes,1.0,2004-05-06,0.0,200,0.0,2,25,>=,FLO,98530,OK,2004,Li et al. (2025b),2004-04-29,33.7,200,tmax_c,23.22824353092083,0.0,0.0,batch_03ec1e8d09ea4a0d60e9.csv,-21.75,-54.75
25,episodes,1.0,2004-06-25,0.0,975,0.0,2,25,>=,FIL,98530,OK,2004,Li et al. (2025b),2004-05-18,32.7,975,tmax_c,23.22824353092083,0.0,0.0,batch_03ec1e8d09ea4a0d60e9.csv,-21.75,-54.75
25,days,1.0,2004-07-10,1.0,375,2.0,1,25,>,MAT,98530,OK,2004,Ortega Gómez et al. (2019),2004-06-26,10.0,375,precip_mm,23.22824353092083,46.45648706184166,23.22824353092083,batch_03ec1e8d09ea4a0d60e9.csv,-21.75,-54.75
25,episodes,1.0,1981-03-08,0.0,200,0.0,2,25,>=,EST,95659,OK,1981,Li et al. 2025a,1981-03-01,34.0,200,tmax_c,22.89149510185507,0.0,0.0,batch_03ef09186cfcc5a695a9.csv,-23.75,-50.25
25,episodes,1.0,1981-04-27,0.0,625,0.0,2,25,>=,VEG,95659,OK,1981,Li et al. 2025a,1981-04-03,34.6,625,tmax_c,22.89149510185507,0.0,0.0,batch_03ef09186cfcc5a695a9.csv,-23.75,-50.25
25,episodes,1.0,1981-05-13,0.0,200,0.0,2,25,>=,REP,95659,OK,1981,Li et al. (2025b),1981-05-06,33.7,200,tmax_c,22.89149510185507,0.0,0.0,batch_03ef09186cfcc5a695a9.csv,-23.75,-50.25
25,episodes,1.0,1981-05-05,0.0,200,0.0,2,25,>=,FLO,95659,OK,1981,Li et al. (2025b),1981-04-28,33.7,200,tmax_c,22.89149510185507,0.0,0.0,batch_03ef09186cfcc5a695a9.csv,-23.75,-50.25
25,episodes,1.0,1981-06-13,0.0,775,0.0,2,25,>=,FIL,95659,OK,1981,Li et al. (2025b),1981-05-14,32.7,775,tmax_c,22.89149510185507,0.0,0.0,batch_03ef09186cfcc5a695a9.csv,-23.75,-50.25
25,days,1.0,1981-06-25,0.0,300,0.0,1,25,>,MAT,95659,OK,1981,Ortega Gómez et al. (2019),1981-06-14,10.0,300,precip_mm,22.89149510185507,0.0,0.0,batch_03ef09186cfcc5a695a9.csv,-23.75,-50.25
25,episodes,1.0,1982-03-08,0.0,200,0.0,2,25,>=,EST,95659,OK,1982,Li et al. 2025a,1982-03-01,34.0,200,tmax_c,22.89149510185507,0.0,0.0,batch_03ef09186cfcc5a695a9.csv,-23.75,-50.25
25,episodes,1.0,1982-04-27,0.0,625,0.0,2,25,>=,VEG,95659,OK,1982,Li et al. 2025a,1982-04-03,34.6,625,tmax_c,22.89149510185507,0.0,0.0,batch_03ef09186cfcc5a695a9.csv,-23.75,-50.25
25,episodes,1.0,1982-05-13,0.0,200,0.0,2,25,>=,REP,95659,OK,1982,Li et al. (2025b),1982-05-06,33.7,200,tmax_c,22.89149510185507,0.0,0.0,batch_03ef09186cfcc5a695a9.csv,-23.75,-50.25
25,episodes,1.0,1982-05-05,0.0,200,0.0,2,25,>=,FLO,95659,OK,1982,Li et al. (2025b),1982-04-28,33.7,200,tmax_c,22.89149510185507,0.0,0.0,batch_03ef09186cfcc5a695a9.csv,-23.75,-50.25
25,episodes,1.0,1982-06-13,0.0,775,0.0,2,25,>=,FIL,95659,OK,1982,Li et al. (2025b),1982-05-14,32.7,775,tmax_c,22.89149510185507,0.0,0.0,batch_03ef09186cfcc5a695a9.csv,-23.75,-50.25
25,days,1.0,1982-06-25,1.0,300,4.0001230708696855,1,25,>,MAT,95659,OK,1982,Ortega Gómez et al. (2019),1982-06-14,10.0,300,precip_mm,22.89149510185507,91.56879768363086,22.89149510185507,batch_03ef09186cfcc5a695a9.csv,-23.75,-50.25
25,episodes,1.0,1983-03-08,0.0,200,0.0,2,25,>=,EST,95659,OK,1983,Li et al. 2025a,1983-03-01,34.0,200,tmax_c,22.89149510185507,0.0,0.0,batch_03ef09186cfcc5a695a9.csv,-23.75,-50.25
25,episodes,1.0,1983-04-27,0.0,625,0.0,2,25,>=,VEG,95659,OK,1983,Li et al. 2025a,1983-04-03,34.6,625,tmax_c,22.89149510185507,0.0,0.0,batch_03ef09186cfcc5a695a9.csv,-23.75,-50.25
25,episodes,1.0,1983-05-13,0.0,200,0.0,2,25,>=,REP,95659,OK,1983,Li et al. (2025b),1983-05-06,33.7,200,tmax_c,22.89149510185507,0.0,0.0,batch_03ef09186cfcc5a695a9.csv,-23.75,-50.25
25,episodes,1.0,1983-05-05,0.0,200,0.0,2,25,>=,FLO,95659,OK,1983,Li et al. (2025b),1983-04-28,33.7,200,tmax_c,22.89149510185507,0.0,0.0,batch_03ef09186cfcc5a695a9.csv,-23.75,-50.25
25,episodes,1.0,1983-06-13,0.0,775,0.0,2,25,>=,FIL,95659,OK,1983,Li et al. (2025b),1983-05-14,32.7,775,tmax_c,22.89149510185507,0.0,0.0,batch_03ef09186cfcc5a695a9.csv,-23.75,-50.25
25,days,1.0,1983-06-25,1.0,300,1.4796015426236744,1,25,>,MAT,95659,OK,1983,Ortega Gómez et al. (2019),1983-06-14,10.0,300,precip_mm,22.89149510185507,33.87029146566705,22.89149510185507,batch_03ef09186cfcc5a695a9.csv,-23.75,-50.25
25,episodes,1.0,1984-03-08,0.0400611698932153,200,0.0400611698932153,2,25,>=,EST,95659,OK,1984,Li et al. 2025a,1984-03-01,34.0,200,tmax_c,22.89149510185507,0.917060074385124,0.917060074385124,batch_03ef09186cfcc5a695a9.csv,-23.75,-50.25
25,episodes,1.0,1984-04-27,0.0,625,0.0,2,25,>=,VEG,95659,OK,1984,Li et al. 2025a,1984-04-03,34.6,625,tmax_c,22.89149510185507,0.0,0.0,batch_03ef09186cfcc5a695a9.csv,-23.75,-50.25
25,episodes,1.0,1984-05-13,0.0,200,0.0,2,25,>=,REP,95659,OK,1984,Li et al. (2025b),1984-05-06,33.7,200,tmax_c,22.89149510185507,0.0,0.0,batch_03ef09186cfcc5a695a9.csv,-23.75,-50.25
25,episodes,1.0,1984-05-05,0.0,200,0.0,2,25,>=,FLO,95659,OK,1984,Li et al. (2025b),1984-04-28,33.7,200,tmax_c,22.89149510185507,0.0,0.0,batch_03ef09186cfcc5a695a9.csv,-23.75,-50.25
25,episodes,1.0,1984-06-13,0.0,775,0.0,2,25,>=,FIL,95659,OK,1984,Li et al. (2025b),1984-05-14,32.7,775,tmax_c,22.89149510185507,0.0,0.0,batch_03ef09186cfcc5a695a9.csv,-23.75,-50.25
25,days,1.0,1984-06-25,0.0,300,0.0,1,25,>,MAT,95659,OK,1984,Ortega Gómez et al. (2019),1984-06-14,10.0,300,precip_mm,22.89149510185507,0.0,0.0,batch_03ef09186cfcc5a695a9.csv,-23.75,-50.25
25,episodes,1.0,1994-01-04,0.0,150,0.0,2,25,>=,EST,79493,OK,1993,Li et al. 2025a,1993-12-30,34.0,150,tmax_c,20.55353841597336,0.0,0.0,batch_03f1d34d860b4124684f.csv,-34.75,146.75
25,episodes,1.0,1994-02-10,1.0,475,2.0,2,25,>=,VEG,79493,OK,1993,Li et al. 2025a,1994-01-23,34.6,475,tmax_c,20.55353841597336,41.10707683194672,20.55353841597336,batch_03f1d34d860b4124684f.csv,-34.75,146.75
25,episodes,1.0,1994-02-21,0.0,150,0.0,2,25,>=,REP,79493,OK,1993,Li et al. (2025b),1994-02-16,33.7,150,tmax_c,20.55353841597336,0.0,0.0,batch_03f1d34d860b4124684f.csv,-34.75,146.75
25,episodes,1.0,1994-02-15,0.0,125,0.0,2,25,>=,FLO,79493,OK,1993,Li et al. (2025b),1994-02-11,33.7,125,tmax_c,20.55353841597336,0.0,0.0,batch_03f1d34d860b4124684f.csv,-34.75,146.75
25,episodes,1.0,1994-03-16,0.0,575,0.0,2,25,>=,FIL,79493,OK,1993,Li et al. (2025b),1994-02-22,32.7,575,tmax_c,20.55353841597336,0.0,0.0,batch_03f1d34d860b4124684f.csv,-34.75,146.75
25,days,1.0,1994-03-25,0.0,225,0.0,1,25,>,MAT,79493,OK,1993,Ortega Gómez et al. (2019),1994-03-17,10.0,225,precip_mm,20.55353841597336,0.0,0.0,batch_03f1d34d860b4124684f.csv,-34.75,146.75
25,episodes,1.0,1995-01-04,0.0,150,0.0,2,25,>=,EST,79493,OK,1994,Li et al. 2025a,1994-12-30,34.0,150,tmax_c,20.55353841597336,0.0,0.0,batch_03f1d34d860b4124684f.csv,-34.75,146.75
25,episodes,1.0,1995-02-10,0.0,475,0.0,2,25,>=,VEG,79493,OK,1994,Li et al. 2025a,1995-01-23,34.6,475,tmax_c,20.55353841597336,0.0,0.0,batch_03f1d34d860b4124684f.csv,-34.75,146.75
25,episodes,1.0,1995-02-21,0.0,150,0.0,2,25,>=,REP,79493,OK,1994,Li et al. (2025b),1995-02-16,33.7,150,tmax_c,20.55353841597336,0.0,0.0,batch_03f1d34d860b4124684f.csv,-34.75,146.75
25,episodes,1.0,1995-02-15,0.0,125,0.0,2,25,>=,FLO,79493,OK,1994,Li et al. (2025b),1995-02-11,33.7,125,tmax_c,20.55353841597336,0.0,0.0,batch_03f1d34d860b4124684f.csv,-34.75,146.75
25,episodes,1.0,1995-03-16,1.0,575,1.0,2,25,>=,FIL,79493,OK,1994,Li et al. (2025b),1995-02-22,32.7,575,tmax_c,20.55353841597336,20.55353841597336,20.55353841597336,batch_03f1d34d860b4124684f.csv,-34.75,146.75
25,days,1.0,1995-03-25,0.0,225,0.0,1,25,>,MAT,79493,OK,1994,Ortega Gómez et al. (2019),1995-03-17,10.0,225,precip_mm,20.55353841597336,0.0,0.0,batch_03f1d34d860b4124684f.csv,-34.75,146.75
25,episodes,1.0,1996-01-04,1.0,150,1.0,2,25,>=,EST,79493,OK,1995,Li et al. 2025a,1995-12-30,34.0,150,tmax_c,20.55353841597336,20.55353841597336,20.55353841597336,batch_03f1d34d860b4124684f.csv,-34.75,146.75
25,episodes,1.0,1996-02-10,0.0,475,0.0,2,25,>=,VEG,79493,OK,1995,Li et al. 2025a,1996-01-23,34.6,475,tmax_c,20.55353841597336,0.0,0.0,batch_03f1d34d860b4124684f.csv,-34.75,146.75
25,episodes,1.0,1996-02-21,0.0,150,0.0,2,25,>=,REP,79493,OK,1995,Li et al. (2025b),1996-02-16,33.7,150,tmax_c,20.55353841597336,0.0,0.0,batch_03f1d34d860b4124684f.csv,-34.75,146.75
25,episodes,1.0,1996-02-15,0.0,125,0.0,2,25,>=,FLO,79493,OK,1995,Li et al. (2025b),1996-02-11,33.7,125,tmax_c,20.55353841597336,0.0,0.0,batch_03f1d34d860b4124684f.csv,-34.75,146.75
25,episodes,1.0,1996-03-16,0.0,600,0.0,2,25,>=,FIL,79493,OK,1995,Li et al. (2025b),1996-02-22,32.7,600,tmax_c,20.55353841597336,0.0,0.0,batch_03f1d34d860b4124684f.csv,-34.75,146.75
25,days,1.0,1996-03-25,0.0,225,0.0,1,25,>,MAT,79493,OK,1995,Ortega Gómez et al. (2019),1996-03-17,10.0,225,precip_mm,20.55353841597336,0.0,0.0,batch_03f1d34d860b4124684f.csv,-34.75,146.75
25,episodes,1.0,1997-01-04,0.0,150,0.0,2,25,>=,EST,79493,OK,1996,Li et al. 2025a,1996-12-30,34.0,150,tmax_c,20.55353841597336,0.0,0.0,batch_03f1d34d860b4124684f.csv,-34.75,146.75
25,episodes,1.0,1997-02-10,1.0,475,1.0,2,25,>=,VEG,79493,OK,1996,Li et al. 2025a,1997-01-23,34.6,475,tmax_c,20.55353841597336,20.55353841597336,20.55353841597336,batch_03f1d34d860b4124684f.csv,-34.75,146.75
25,episodes,1.0,1997-02-21,1.0,150,1.0,2,25,>=,REP,79493,OK,1996,Li et al. (2025b),1997-02-16,33.7,150,tmax_c,20.55353841597336,20.55353841597336,20.55353841597336,batch_03f1d34d860b4124684f.csv,-34.75,146.75
25,episodes,1.0,1997-02-15,0.0,125,0.0,2,25,>=,FLO,79493,OK,1996,Li et al. (2025b),1997-02-11,33.7,125,tmax_c,20.55353841597336,0.0,0.0,batch_03f1d34d860b4124684f.csv,-34.75,146.75
25,episodes,1.0,1997-03-16,1.0,575,1.0,2,25,>=,FIL,79493,OK,1996,Li et al. (2025b),1997-02-22,32.7,575,tmax_c,20.55353841597336,20.55353841597336,20.55353841597336,batch_03f1d34d860b4124684f.csv,-34.75,146.75
25,days,1.0,1997-03-25,0.0,225,0.0,1,25,>,MAT,79493,OK,1996,Ortega Gómez et al. (2019),1997-03-17,10.0,225,precip_mm,20.55353841597336,0.0,0.0,batch_03f1d34d860b4124684f.csv,-34.75,146.75
25,episodes,1.0,2001-12-07,0.0,175,0.0,2,25,>=,EST,104497,OK,2001,Li et al. 2025a,2001-12-01,34.0,175,tmax_c,23.881886304513923,0.0,0.0,batch_03f5fee690d44a46cb0a.csv,-17.25,48.75
25,episodes,1.0,2002-01-23,0.0,600,0.0,2,25,>=,VEG,104497,OK,2001,Li et al. 2025a,2001-12-31,34.6,600,tmax_c,23.881886304513923,0.0,0.0,batch_03f5fee690d44a46cb0a.csv,-17.25,48.75
25,episodes,1.0,2002-02-05,0.0,175,0.0,2,25,>=,REP,104497,OK,2001,Li et al. (2025b),2002-01-30,33.7,175,tmax_c,23.881886304513923,0.0,0.0,batch_03f5fee690d44a46cb0a.csv,-17.25,48.75
25,episodes,1.0,2002-01-29,0.0,150,0.0,2,25,>=,FLO,104497,OK,2001,Li et al. (2025b),2002-01-24,33.7,150,tmax_c,23.881886304513923,0.0,0.0,batch_03f5fee690d44a46cb0a.csv,-17.25,48.75
25,episodes,1.0,2002-03-06,0.0,725,0.0,2,25,>=,FIL,104497,OK,2001,Li et al. (2025b),2002-02-06,32.7,725,tmax_c,23.881886304513923,0.0,0.0,batch_03f5fee690d44a46cb0a.csv,-17.25,48.75
25,days,1.0,2002-03-17,1.0,275,2.880194558295222,1,25,>,MAT,104497,OK,2001,Ortega Gómez et al. (2019),2002-03-07,10.0,275,precip_mm,23.881886304513923,68.78447897608619,23.881886304513923,batch_03f5fee690d44a46cb0a.csv,-17.25,48.75
25,episodes,1.0,2002-12-07,0.0,175,0.0,2,25,>=,EST,104497,OK,2002,Li et al. 2025a,2002-12-01,34.0,175,tmax_c,23.881886304513923,0.0,0.0,batch_03f5fee690d44a46cb0a.csv,-17.25,48.75
25,episodes,1.0,2003-01-23,0.0,600,0.0,2,25,>=,VEG,104497,OK,2002,Li et al. 2025a,2002-12-31,34.6,600,tmax_c,23.881886304513923,0.0,0.0,batch_03f5fee690d44a46cb0a.csv,-17.25,48.75
25,episodes,1.0,2003-02-05,0.0,175,0.0,2,25,>=,REP,104497,OK,2002,Li et al. (2025b),2003-01-30,33.7,175,tmax_c,23.881886304513923,0.0,0.0,batch_03f5fee690d44a46cb0a.csv,-17.25,48.75
25,episodes,1.0,2003-01-29,0.0,150,0.0,2,25,>=,FLO,104497,OK,2002,Li et al. (2025b),2003-01-24,33.7,150,tmax_c,23.881886304513923,0.0,0.0,batch_03f5fee690d44a46cb0a.csv,-17.25,48.75
25,episodes,1.0,2003-03-06,0.0,725,0.0,2,25,>=,FIL,104497,OK,2002,Li et al. (2025b),2003-02-06,32.7,725,tmax_c,23.881886304513923,0.0,0.0,batch_03f5fee690d44a46cb0a.csv,-17.25,48.75
25,days,1.0,2003-03-17,1.0,275,4.840260060846095,1,25,>,MAT,104497,OK,2002,Ortega Gómez et al. (2019),2003-03-07,10.0,275,precip_mm,23.881886304513923,115.59454045740608,23.881886304513923,batch_03f5fee690d44a46cb0a.csv,-17.25,48.75
25,episodes,1.0,2003-12-07,0.0,175,0.0,2,25,>=,EST,104497,OK,2003,Li et al. 2025a,2003-12-01,34.0,175,tmax_c,23.881886304513923,0.0,0.0,batch_03f5fee690d44a46cb0a.csv,-17.25,48.75
25,episodes,1.0,2004-01-23,0.0,600,0.0,2,25,>=,VEG,104497,OK,2003,Li et al. 2025a,2003-12-31,34.6,600,tmax_c,23.881886304513923,0.0,0.0,batch_03f5fee690d44a46cb0a.csv,-17.25,48.75
25,episodes,1.0,2004-02-05,0.0,175,0.0,2,25,>=,REP,104497,OK,2003,Li et al. (2025b),2004-01-30,33.7,175,tmax_c,23.881886304513923,0.0,0.0,batch_03f5fee690d44a46cb0a.csv,-17.25,48.75
25,episodes,1.0,2004-01-29,0.0,150,0.0,2,25,>=,FLO,104497,OK,2003,Li et al. (2025b),2004-01-24,33.7,150,tmax_c,23.881886304513923,0.0,0.0,batch_03f5fee690d44a46cb0a.csv,-17.25,48.75
25,episodes,1.0,2004-03-06,0.0,750,0.0,2,25,>=,FIL,104497,OK,2003,Li et al. (2025b),2004-02-06,32.7,750,tmax_c,23.881886304513923,0.0,0.0,batch_03f5fee690d44a46cb0a.csv,-17.25,48.75
25,days,1.0,2004-03-17,1.0,275,1.0399566565366285,1,25,>,MAT,104497,OK,2003,Ortega Gómez et al. (2019),2004-03-07,10.0,275,precip_mm,23.881886304513923,24.8361266330302,23.881886304513923,batch_03f5fee690d44a46cb0a.csv,-17.25,48.75
25,episodes,1.0,2004-12-07,0.0,175,0.0,2,25,>=,EST,104497,OK,2004,Li et al. 2025a,2004-12-01,34.0,175,tmax_c,23.881886304513923,0.0,0.0,batch_03f5fee690d44a46cb0a.csv,-17.25,48.75
25,episodes,1.0,2005-01-23,0.0,600,0.0,2,25,>=,VEG,104497,OK,2004,Li et al. 2025a,2004-12-31,34.6,600,tmax_c,23.881886304513923,0.0,0.0,batch_03f5fee690d44a46cb0a.csv,-17.25,48.75
25,episodes,1.0,2005-02-05,0.0,175,0.0,2,25,>=,REP,104497,OK,2004,Li et al. (2025b),2005-01-30,33.7,175,tmax_c,23.881886304513923,0.0,0.0,batch_03f5fee690d44a46cb0a.csv,-17.25,48.75
25,episodes,1.0,2005-01-29,0.0,150,0.0,2,25,>=,FLO,104497,OK,2004,Li et al. (2025b),2005-01-24,33.7,150,tmax_c,23.881886304513923,0.0,0.0,batch_03f5fee690d44a46cb0a.csv,-17.25,48.75
25,episodes,1.0,2005-03-06,0.0,725,0.0,2,25,>=,FIL,104497,OK,2004,Li et al. (2025b),2005-02-06,32.7,725,tmax_c,23.881886304513923,0.0,0.0,batch_03f5fee690d44a46cb0a.csv,-17.25,48.75
25,days,1.0,2005-03-17,1.0,275,1.1600433434633712,1,25,>,MAT,104497,OK,2004,Ortega Gómez et al. (2019),2005-03-07,10.0,275,precip_mm,23.881886304513923,27.704023236900422,23.881886304513923,batch_03f5fee690d44a46cb0a.csv,-17.25,48.75
25,episodes,1.0,2009-11-18,0.6800224630519952,325,0.6800224630519952,2,25,>=,EST,103729,OK,2009,Li et al. 2025a,2009-11-06,34.0,325,tmax_c,23.816464482081678,16.195730838295542,16.195730838295542,batch_03fe229dbaee07e15391.csv,-17.75,24.75
25,episodes,1.0,2010-02-08,0.0,1050,0.0,2,25,>=,VEG,103729,OK,2009,Li et al. 2025a,2009-12-29,34.6,1050,tmax_c,23.816464482081678,0.0,0.0,batch_03fe229dbaee07e15391.csv,-17.75,24.75
25,episodes,1.0,2010-03-05,0.0,350,0.0,2,25,>=,REP,103729,OK,2009,Li et al. (2025b),2010-02-20,33.7,350,tmax_c,23.816464482081678,0.0,0.0,batch_03fe229dbaee07e15391.csv,-17.75,24.75
25,episodes,1.0,2010-02-19,0.0,275,0.0,2,25,>=,FLO,103729,OK,2009,Li et al. (2025b),2010-02-09,33.7,275,tmax_c,23.816464482081678,0.0,0.0,batch_03fe229dbaee07e15391.csv,-17.75,24.75
25,episodes,1.0,2010-04-25,0.0,1275,0.0,2,25,>=,FIL,103729,OK,2009,Li et al. (2025b),2010-03-06,32.7,1275,tmax_c,23.816464482081678,0.0,0.0,batch_03fe229dbaee07e15391.csv,-17.75,24.75
25,days,1.0,2010-05-14,0.0,475,0.0,1,25,>,MAT,103729,OK,2009,Ortega Gómez et al. (2019),2010-04-26,10.0,475,precip_mm,23.81646448208168,0.0,0.0,batch_03fe229dbaee07e15391.csv,-17.75,24.75
25,episodes,1.0,2010-11-18,1.0,325,1.92008936468338,2,25,>=,EST,103729,OK,2010,Li et al. 2025a,2010-11-06,34.0,325,tmax_c,23.816464482081678,45.72974015640448,23.816464482081678,batch_03fe229dbaee07e15391.csv,-17.75,24.75
25,episodes,1.0,2011-02-08,0.0,1050,0.0,2,25,>=,VEG,103729,OK,2010,Li et al. 2025a,2010-12-29,34.6,1050,tmax_c,23.81646448208168,0.0,0.0,batch_03fe229dbaee07e15391.csv,-17.75,24.75
25,episodes,1.0,2011-03-05,0.0,350,0.0,2,25,>=,REP,103729,OK,2010,Li et al. (2025b),2011-02-20,33.7,350,tmax_c,23.816464482081678,0.0,0.0,batch_03fe229dbaee07e15391.csv,-17.75,24.75
25,episodes,1.0,2011-02-19,0.0,275,0.0,2,25,>=,FLO,103729,OK,2010,Li et al. (2025b),2011-02-09,33.7,275,tmax_c,23.816464482081678,0.0,0.0,batch_03fe229dbaee07e15391.csv,-17.75,24.75
25,episodes,1.0,2011-04-25,0.0,1275,0.0,2,25,>=,FIL,103729,OK,2010,Li et al. (2025b),2011-03-06,32.7,1275,tmax_c,23.81646448208168,0.0,0.0,batch_03fe229dbaee07e15391.csv,-17.75,24.75
25,days,1.0,2011-05-14,0.0,475,0.0,1,25,>,MAT,103729,OK,2010,Ortega Gómez et al. (2019),2011-04-26,10.0,475,precip_mm,23.816464482081678,0.0,0.0,batch_03fe229dbaee07e15391.csv,-17.75,24.75
25,episodes,1.0,2011-11-18,1.0,325,1.0,2,25,>=,EST,103729,OK,2011,Li et al. 2025a,2011-11-06,34.0,325,tmax_c,23.816464482081678,23.816464482081678,23.816464482081678,batch_03fe229dbaee07e15391.csv,-17.75,24.75
25,episodes,1.0,2012-02-08,0.0,1050,0.0,2,25,>=,VEG,103729,OK,2011,Li et al. 2025a,2011-12-29,34.6,1050,tmax_c,23.816464482081678,0.0,0.0,batch_03fe229dbaee07e15391.csv,-17.75,24.75
25,episodes,1.0,2012-03-05,0.0,375,0.0,2,25,>=,REP,103729,OK,2011,Li et al. (2025b),2012-02-20,33.7,375,tmax_c,23.816464482081678,0.0,0.0,batch_03fe229dbaee07e15391.csv,-17.75,24.75
25,episodes,1.0,2012-02-19,0.0,275,0.0,2,25,>=,FLO,103729,OK,2011,Li et al. (2025b),2012-02-09,33.7,275,tmax_c,23.81646448208168,0.0,0.0,batch_03fe229dbaee07e15391.csv,-17.75,24.75
25,episodes,1.0,2012-04-25,0.0,1275,0.0,2,25,>=,FIL,103729,OK,2011,Li et al. (2025b),2012-03-06,32.7,1275,tmax_c,23.816464482081678,0.0,0.0,batch_03fe229dbaee07e15391.csv,-17.75,24.75
25,days,1.0,2012-05-14,0.0,475,0.0,1,25,>,MAT,103729,OK,2011,Ortega Gómez et al. (2019),2012-04-26,10.0,475,precip_mm,23.816464482081678,0.0,0.0,batch_03fe229dbaee07e15391.csv,-17.75,24.75
25,episodes,1.0,2012-11-18,1.0,325,1.0,2,25,>=,EST,103729,OK,2012,Li et al. 2025a,2012-11-06,34.0,325,tmax_c,23.816464482081678,23.816464482081678,23.816464482081678,batch_03fe229dbaee07e15391.csv,-17.75,24.75
25,episodes,1.0,2013-02-08,0.0,1050,0.0,2,25,>=,VEG,103729,OK,2012,Li et al. 2025a,2012-12-29,34.6,1050,tmax_c,23.816464482081678,0.0,0.0,batch_03fe229dbaee07e15391.csv,-17.75,24.75
25,episodes,1.0,2013-03-05,0.0,350,0.0,2,25,>=,REP,103729,OK,2012,Li et al. (2025b),2013-02-20,33.7,350,tmax_c,23.81646448208168,0.0,0.0,batch_03fe229dbaee07e15391.csv,-17.75,24.75
25,episodes,1.0,2013-02-19,0.0,275,0.0,2,25,>=,FLO,103729,OK,2012,Li et al. (2025b),2013-02-09,33.7,275,tmax_c,23.81646448208168,0.0,0.0,batch_03fe229dbaee07e15391.csv,-17.75,24.75
25,episodes,1.0,2013-04-25,0.0399553176583103,1275,0.0399553176583103,2,25,>=,FIL,103729,OK,2012,Li et al. (2025b),2013-03-06,32.7,1275,tmax_c,23.816464482081678,0.9515944038794382,0.9515944038794382,batch_03fe229dbaee07e15391.csv,-17.75,24.75
25,days,1.0,2013-05-14,0.0,475,0.0,1,25,>,MAT,103729,OK,2012,Ortega Gómez et al. (2019),2013-04-26,10.0,475,precip_mm,23.816464482081678,0.0,0.0,batch_03fe229dbaee07e15391.csv,-17.75,24.75
25,episodes,1.0,2009-10-12,0.0,325,0.0,2,25,>=,EST,89170,OK,2009,Li et al. 2025a,2009-09-30,34.0,325,tmax_c,22.032519186586832,0.0,0.0,batch_03ffbdb4fa1d5f00f165.csv,-28.25,-54.75
25,episodes,1.0,2010-01-03,0.0,1050,0.0,2,25,>=,VEG,89170,OK,2009,Li et al. 2025a,2009-11-23,34.6,1050,tmax_c,22.032519186586832,0.0,0.0,batch_03ffbdb4fa1d5f00f165.csv,-28.25,-54.75
25,episodes,1.0,2010-01-28,0.0,325,0.0,2,25,>=,REP,89170,OK,2009,Li et al. (2025b),2010-01-16,33.7,325,tmax_c,22.032519186586832,0.0,0.0,batch_03ffbdb4fa1d5f00f165.csv,-28.25,-54.75
25,episodes,1.0,2010-01-15,0.0,300,0.0,2,25,>=,FLO,89170,OK,2009,Li et al. (2025b),2010-01-04,33.7,300,tmax_c,22.032519186586832,0.0,0.0,batch_03ffbdb4fa1d5f00f165.csv,-28.25,-54.75
25,episodes,1.0,2010-03-21,1.0,1300,1.1600752327183914,2,25,>=,FIL,89170,OK,2009,Li et al. (2025b),2010-01-29,32.7,1300,tmax_c,22.032519186586832,25.559379822752145,22.032519186586832,batch_03ffbdb4fa1d5f00f165.csv,-28.25,-54.75
25,days,1.0,2010-04-09,1.0,475,2.0,1,25,>,MAT,89170,OK,2009,Ortega Gómez et al. (2019),2010-03-22,10.0,475,precip_mm,22.032519186586832,44.065038373173664,22.032519186586832,batch_03ffbdb4fa1d5f00f165.csv,-28.25,-54.75
25,episodes,1.0,2010-10-12,0.0,325,0.0,2,25,>=,EST,89170,OK,2010,Li et al. 2025a,2010-09-30,34.0,325,tmax_c,22.032519186586832,0.0,0.0,batch_03ffbdb4fa1d5f00f165.csv,-28.25,-54.75
25,episodes,1.0,2011-01-03,0.0,1050,0.0,2,25,>=,VEG,89170,OK,2010,Li et al. 2025a,2010-11-23,34.6,1050,tmax_c,22.032519186586832,0.0,0.0,batch_03ffbdb4fa1d5f00f165.csv,-28.25,-54.75
25,episodes,1.0,2011-01-28,0.0,325,0.0,2,25,>=,REP,89170,OK,2010,Li et al. (2025b),2011-01-16,33.7,325,tmax_c,22.032519186586832,0.0,0.0,batch_03ffbdb4fa1d5f00f165.csv,-28.25,-54.75
25,episodes,1.0,2011-01-15,0.0,300,0.0,2,25,>=,FLO,89170,OK,2010,Li et al. (2025b),2011-01-04,33.7,300,tmax_c,22.032519186586832,0.0,0.0,batch_03ffbdb4fa1d5f00f165.csv,-28.25,-54.75
25,episodes,1.0,2011-03-21,0.0,1300,0.0,2,25,>=,FIL,89170,OK,2010,Li et al. (2025b),2011-01-29,32.7,1300,tmax_c,22.032519186586832,0.0,0.0,batch_03ffbdb4fa1d5f00f165.csv,-28.25,-54.75
25,days,1.0,2011-04-09,1.0,475,5.279774911422968,1,25,>,MAT,89170,OK,2010,Ortega Gómez et al. (2019),2011-03-22,10.0,475,precip_mm,22.032519186586832,116.32674203678631,22.032519186586832,batch_03ffbdb4fa1d5f00f165.csv,-28.25,-54.75
25,episodes,1.0,2011-10-12,0.0,325,0.0,2,25,>=,EST,89170,OK,2011,Li et al. 2025a,2011-09-30,34.0,325,tmax_c,22.032519186586832,0.0,0.0,batch_03ffbdb4fa1d5f00f165.csv,-28.25,-54.75
25,episodes,1.0,2012-01-03,1.0,1050,1.0,2,25,>=,VEG,89170,OK,2011,Li et al. 2025a,2011-11-23,34.6,1050,tmax_c,22.032519186586832,22.032519186586832,22.032519186586832,batch_03ffbdb4fa1d5f00f165.csv,-28.25,-54.75
25,episodes,1.0,2012-01-28,0.0,325,0.0,2,25,>=,REP,89170,OK,2011,Li et al. (2025b),2012-01-16,33.7,325,tmax_c,22.032519186586832,0.0,0.0,batch_03ffbdb4fa1d5f00f165.csv,-28.25,-54.75
25,episodes,1.0,2012-01-15,1.0,300,1.0,2,25,>=,FLO,89170,OK,2011,Li et al. (2025b),2012-01-04,33.7,300,tmax_c,22.032519186586832,22.032519186586832,22.032519186586832,batch_03ffbdb4fa1d5f00f165.csv,-28.25,-54.75
25,episodes,1.0,2012-03-21,1.0,1325,4.0,2,25,>=,FIL,89170,OK,2011,Li et al. (2025b),2012-01-29,32.7,1325,tmax_c,22.032519186586832,88.13007674634733,22.032519186586832,batch_03ffbdb4fa1d5f00f165.csv,-28.25,-54.75
25,days,1.0,2012-04-09,1.0,475,1.5605614422179768,1,25,>,MAT,89170,OK,2011,Ortega Gómez et al. (2019),2012-03-22,10.0,475,precip_mm,22.032519186586832,34.38309991751519,22.032519186586832,batch_03ffbdb4fa1d5f00f165.csv,-28.25,-54.75
25,episodes,1.0,2012-10-12,0.0,325,0.0,2,25,>=,EST,89170,OK,2012,Li et al. 2025a,2012-09-30,34.0,325,tmax_c,22.032519186586832,0.0,0.0,batch_03ffbdb4fa1d5f00f165.csv,-28.25,-54.75
25,episodes,1.0,2013-01-03,0.0,1050,0.0,2,25,>=,VEG,89170,OK,2012,Li et al. 2025a,2012-11-23,34.6,1050,tmax_c,22.032519186586832,0.0,0.0,batch_03ffbdb4fa1d5f00f165.csv,-28.25,-54.75
25,episodes,1.0,2013-01-28,0.0,325,0.0,2,25,>=,REP,89170,OK,2012,Li et al. (2025b),2013-01-16,33.7,325,tmax_c,22.032519186586832,0.0,0.0,batch_03ffbdb4fa1d5f00f165.csv,-28.25,-54.75
25,episodes,1.0,2013-01-15,0.0,300,0.0,2,25,>=,FLO,89170,OK,2012,Li et al. (2025b),2013-01-04,33.7,300,tmax_c,22.032519186586832,0.0,0.0,batch_03ffbdb4fa1d5f00f165.csv,-28.25,-54.75
25,episodes,1.0,2013-03-21,1.0,1300,1.280187350484666,2,25,>=,FIL,89170,OK,2012,Li et al. (2025b),2013-01-29,32.7,1300,tmax_c,22.032519186586832,28.20575236197916,22.032519186586832,batch_03ffbdb4fa1d5f00f165.csv,-28.25,-54.75
25,days,1.0,2013-04-09,1.0,475,2.6805614421039103,1,25,>,MAT,89170,OK,2012,Ortega Gómez et al. (2019),2013-03-22,10.0,475,precip_mm,22.032519186586832,59.05952140397928,22.032519186586832,batch_03ffbdb4fa1d5f00f165.csv,-28.25,-54.75
25,episodes,1.0,1993-02-23,0.0,250,0.0,2,25,>=,EST,102872,OK,1993,Li et al. 2025a,1993-02-14,34.0,250,tmax_c,23.680184809525272,0.0,0.0,batch_04017f08ea9891b0e074.csv,-18.75,-43.75
25,episodes,1.0,1993-04-28,0.0,825,0.0,2,25,>=,VEG,102872,OK,1993,Li et al. 2025a,1993-03-27,34.6,825,tmax_c,23.680184809525272,0.0,0.0,batch_04017f08ea9891b0e074.csv,-18.75,-43.75
25,episodes,1.0,1993-05-17,0.0,275,0.0,2,25,>=,REP,102872,OK,1993,Li et al. (2025b),1993-05-07,33.7,275,tmax_c,23.680184809525272,0.0,0.0,batch_04017f08ea9891b0e074.csv,-18.75,-43.75
25,episodes,1.0,1993-05-06,0.0,200,0.0,2,25,>=,FLO,102872,OK,1993,Li et al. (2025b),1993-04-29,33.7,200,tmax_c,23.680184809525272,0.0,0.0,batch_04017f08ea9891b0e074.csv,-18.75,-43.75
25,episodes,1.0,1993-06-25,0.0,975,0.0,2,25,>=,FIL,102872,OK,1993,Li et al. (2025b),1993-05-18,32.7,975,tmax_c,23.680184809525272,0.0,0.0,batch_04017f08ea9891b0e074.csv,-18.75,-43.75
25,days,1.0,1993-07-10,0.0,375,0.0,1,25,>,MAT,102872,OK,1993,Ortega Gómez et al. (2019),1993-06-26,10.0,375,precip_mm,23.680184809525272,0.0,0.0,batch_04017f08ea9891b0e074.csv,-18.75,-43.75
25,episodes,1.0,1994-02-23,0.0,250,0.0,2,25,>=,EST,102872,OK,1994,Li et al. 2025a,1994-02-14,34.0,250,tmax_c,23.680184809525272,0.0,0.0,batch_04017f08ea9891b0e074.csv,-18.75,-43.75
25,episodes,1.0,1994-04-28,0.0,825,0.0,2,25,>=,VEG,102872,OK,1994,Li et al. 2025a,1994-03-27,34.6,825,tmax_c,23.680184809525272,0.0,0.0,batch_04017f08ea9891b0e074.csv,-18.75,-43.75
25,episodes,1.0,1994-05-17,0.0,275,0.0,2,25,>=,REP,102872,OK,1994,Li et al. (2025b),1994-05-07,33.7,275,tmax_c,23.680184809525272,0.0,0.0,batch_04017f08ea9891b0e074.csv,-18.75,-43.75
25,episodes,1.0,1994-05-06,0.0,200,0.0,2,25,>=,FLO,102872,OK,1994,Li et al. (2025b),1994-04-29,33.7,200,tmax_c,23.680184809525272,0.0,0.0,batch_04017f08ea9891b0e074.csv,-18.75,-43.75
25,episodes,1.0,1994-06-25,0.0,975,0.0,2,25,>=,FIL,102872,OK,1994,Li et al. (2025b),1994-05-18,32.7,975,tmax_c,23.680184809525272,0.0,0.0,batch_04017f08ea9891b0e074.csv,-18.75,-43.75
25,days,1.0,1994-07-10,0.0,375,0.0,1,25,>,MAT,102872,OK,1994,Ortega Gómez et al. (2019),1994-06-26,10.0,375,precip_mm,23.680184809525272,0.0,0.0,batch_04017f08ea9891b0e074.csv,-18.75,-43.75
25,episodes,1.0,1995-02-23,0.0,250,0.0,2,25,>=,EST,102872,OK,1995,Li et al. 2025a,1995-02-14,34.0,250,tmax_c,23.680184809525272,0.0,0.0,batch_04017f08ea9891b0e074.csv,-18.75,-43.75
25,episodes,1.0,1995-04-28,0.0,825,0.0,2,25,>=,VEG,102872,OK,1995,Li et al. 2025a,1995-03-27,34.6,825,tmax_c,23.680184809525272,0.0,0.0,batch_04017f08ea9891b0e074.csv,-18.75,-43.75
25,episodes,1.0,1995-05-17,0.0,275,0.0,2,25,>=,REP,102872,OK,1995,Li et al. (2025b),1995-05-07,33.7,275,tmax_c,23.680184809525272,0.0,0.0,batch_04017f08ea9891b0e074.csv,-18.75,-43.75
25,episodes,1.0,1995-05-06,0.0,200,0.0,2,25,>=,FLO,102872,OK,1995,Li et al. (2025b),1995-04-29,33.7,200,tmax_c,23.680184809525272,0.0,0.0,batch_04017f08ea9891b0e074.csv,-18.75,-43.75
25,episodes,1.0,1995-06-25,0.0,975,0.0,2,25,>=,FIL,102872,OK,1995,Li et al. (2025b),1995-05-18,32.7,975,tmax_c,23.680184809525272,0.0,0.0,batch_04017f08ea9891b0e074.csv,-18.75,-43.75
25,days,1.0,1995-07-10,0.0,375,0.0,1,25,>,MAT,102872,OK,1995,Ortega Gómez et al. (2019),1995-06-26,10.0,375,precip_mm,23.680184809525272,0.0,0.0,batch_04017f08ea9891b0e074.csv,-18.75,-43.75
25,episodes,1.0,1996-02-23,0.0,250,0.0,2,25,>=,EST,102872,OK,1996,Li et al. 2025a,1996-02-14,34.0,250,tmax_c,23.680184809525272,0.0,0.0,batch_04017f08ea9891b0e074.csv,-18.75,-43.75
25,episodes,1.0,1996-04-28,0.0,825,0.0,2,25,>=,VEG,102872,OK,1996,Li et al. 2025a,1996-03-27,34.6,825,tmax_c,23.680184809525272,0.0,0.0,batch_04017f08ea9891b0e074.csv,-18.75,-43.75
25,episodes,1.0,1996-05-17,0.0,275,0.0,2,25,>=,REP,102872,OK,1996,Li et al. (2025b),1996-05-07,33.7,275,tmax_c,23.680184809525272,0.0,0.0,batch_04017f08ea9891b0e074.csv,-18.75,-43.75
25,episodes,1.0,1996-05-06,0.0,200,0.0,2,25,>=,FLO,102872,OK,1996,Li et al. (2025b),1996-04-29,33.7,200,tmax_c,23.680184809525272,0.0,0.0,batch_04017f08ea9891b0e074.csv,-18.75,-43.75
25,episodes,1.0,1996-06-25,0.0,975,0.0,2,25,>=,FIL,102872,OK,1996,Li et al. (2025b),1996-05-18,32.7,975,tmax_c,23.680184809525272,0.0,0.0,batch_04017f08ea9891b0e074.csv,-18.75,-43.75
25,days,1.0,1996-07-10,0.0,375,0.0,1,25,>,MAT,102872,OK,1996,Ortega Gómez et al. (2019),1996-06-26,10.0,375,precip_mm,23.680184809525272,0.0,0.0,batch_04017f08ea9891b0e074.csv,-18.75,-43.75
25,episodes,1.0,2001-11-24,0.0,350,0.0,2,25,>=,EST,101583,OK,2001,Li et al. 2025a,2001-11-11,34.0,350,tmax_c,23.609337337625792,0.0,0.0,batch_040d726a21119907e39c.csv,-19.25,31.75
25,episodes,1.0,2002-02-20,0.0,1125,0.0,2,25,>=,VEG,101583,OK,2001,Li et al. 2025a,2002-01-07,34.6,1125,tmax_c,23.609337337625792,0.0,0.0,batch_040d726a21119907e39c.csv,-19.25,31.75
25,episodes,1.0,2002-03-19,0.0,350,0.0,2,25,>=,REP,101583,OK,2001,Li et al. (2025b),2002-03-06,33.7,350,tmax_c,23.609337337625792,0.0,0.0,batch_040d726a21119907e39c.csv,-19.25,31.75
25,episodes,1.0,2002-03-05,0.0,325,0.0,2,25,>=,FLO,101583,OK,2001,Li et al. (2025b),2002-02-21,33.7,325,tmax_c,23.609337337625792,0.0,0.0,batch_040d726a21119907e39c.csv,-19.25,31.75
25,episodes,1.0,2002-05-13,0.0,1375,0.0,2,25,>=,FIL,101583,OK,2001,Li et al. (2025b),2002-03-20,32.7,1375,tmax_c,23.609337337625792,0.0,0.0,batch_040d726a21119907e39c.csv,-19.25,31.75
25,days,1.0,2002-06-03,0.0,525,0.0,1,25,>,MAT,101583,OK,2001,Ortega Gómez et al. (2019),2002-05-14,10.0,525,precip_mm,23.609337337625792,0.0,0.0,batch_040d726a21119907e39c.csv,-19.25,31.75
25,episodes,1.0,2002-11-24,0.0,350,0.0,2,25,>=,EST,101583,OK,2002,Li et al. 2025a,2002-11-11,34.0,350,tmax_c,23.609337337625792,0.0,0.0,batch_040d726a21119907e39c.csv,-19.25,31.75
25,episodes,1.0,2003-02-20,0.0,1125,0.0,2,25,>=,VEG,101583,OK,2002,Li et al. 2025a,2003-01-07,34.6,1125,tmax_c,23.609337337625792,0.0,0.0,batch_040d726a21119907e39c.csv,-19.25,31.75
25,episodes,1.0,2003-03-19,0.0,350,0.0,2,25,>=,REP,101583,OK,2002,Li et al. (2025b),2003-03-06,33.7,350,tmax_c,23.609337337625792,0.0,0.0,batch_040d726a21119907e39c.csv,-19.25,31.75
25,episodes,1.0,2003-03-05,0.0,325,0.0,2,25,>=,FLO,101583,OK,2002,Li et al. (2025b),2003-02-21,33.7,325,tmax_c,23.609337337625792,0.0,0.0,batch_040d726a21119907e39c.csv,-19.25,31.75
25,episodes,1.0,2003-05-13,0.0,1375,0.0,2,25,>=,FIL,101583,OK,2002,Li et al. (2025b),2003-03-20,32.7,1375,tmax_c,23.609337337625792,0.0,0.0,batch_040d726a21119907e39c.csv,-19.25,31.75
25,days,1.0,2003-06-03,0.0,525,0.0,1,25,>,MAT,101583,OK,2002,Ortega Gómez et al. (2019),2003-05-14,10.0,525,precip_mm,23.609337337625792,0.0,0.0,batch_040d726a21119907e39c.csv,-19.25,31.75
25,episodes,1.0,2003-11-24,0.0,350,0.0,2,25,>=,EST,101583,OK,2003,Li et al. 2025a,2003-11-11,34.0,350,tmax_c,23.609337337625792,0.0,0.0,batch_040d726a21119907e39c.csv,-19.25,31.75
25,episodes,1.0,2004-02-20,0.5598783813258648,1125,0.5598783813258648,2,25,>=,VEG,101583,OK,2003,Li et al. 2025a,2004-01-07,34.6,1125,tmax_c,23.609337337625792,13.21835757276623,13.21835757276623,batch_040d726a21119907e39c.csv,-19.25,31.75
25,episodes,1.0,2004-03-19,0.0,350,0.0,2,25,>=,REP,101583,OK,2003,Li et al. (2025b),2004-03-06,33.7,350,tmax_c,23.609337337625792,0.0,0.0,batch_040d726a21119907e39c.csv,-19.25,31.75
25,episodes,1.0,2004-03-05,0.0,350,0.0,2,25,>=,FLO,101583,OK,2003,Li et al. (2025b),2004-02-21,33.7,350,tmax_c,23.609337337625792,0.0,0.0,batch_040d726a21119907e39c.csv,-19.25,31.75
25,episodes,1.0,2004-05-13,0.0,1375,0.0,2,25,>=,FIL,101583,OK,2003,Li et al. (2025b),2004-03-20,32.7,1375,tmax_c,23.609337337625792,0.0,0.0,batch_040d726a21119907e39c.csv,-19.25,31.75
25,days,1.0,2004-06-03,0.0,525,0.0,1,25,>,MAT,101583,OK,2003,Ortega Gómez et al. (2019),2004-05-14,10.0,525,precip_mm,23.609337337625792,0.0,0.0,batch_040d726a21119907e39c.csv,-19.25,31.75
25,episodes,1.0,2004-11-24,0.1199516205349256,350,0.1199516205349256,2,25,>=,EST,101583,OK,2004,Li et al. 2025a,2004-11-11,34.0,350,tmax_c,23.609337337625792,2.83197827340394,2.83197827340394,batch_040d726a21119907e39c.csv,-19.25,31.75
25,episodes,1.0,2005-02-20,0.0,1125,0.0,2,25,>=,VEG,101583,OK,2004,Li et al. 2025a,2005-01-07,34.6,1125,tmax_c,23.609337337625792,0.0,0.0,batch_040d726a21119907e39c.csv,-19.25,31.75
25,episodes,1.0,2005-03-19,0.7599514987617864,350,0.7599514987617864,2,25,>=,REP,101583,OK,2004,Li et al. (2025b),2005-03-06,33.7,350,tmax_c,23.609337337625792,17.941951294501322,17.941951294501322,batch_040d726a21119907e39c.csv,-19.25,31.75
25,episodes,1.0,2005-03-05,0.0,325,0.0,2,25,>=,FLO,101583,OK,2004,Li et al. (2025b),2005-02-21,33.7,325,tmax_c,23.609337337625792,0.0,0.0,batch_040d726a21119907e39c.csv,-19.25,31.75
25,episodes,1.0,2005-05-13,0.0,1375,0.0,2,25,>=,FIL,101583,OK,2004,Li et al. (2025b),2005-03-20,32.7,1375,tmax_c,23.609337337625792,0.0,0.0,batch_040d726a21119907e39c.csv,-19.25,31.75
25,days,1.0,2005-06-03,0.0,525,0.0,1,25,>,MAT,101583,OK,2004,Ortega Gómez et al. (2019),2005-05-14,10.0,525,precip_mm,23.609337337625792,0.0,0.0,batch_040d726a21119907e39c.csv,-19.25,31.75
25,episodes,1.0,2002-01-04,0.0,150,0.0,2,25,>=,EST,78776,OK,2001,Li et al. 2025a,2001-12-30,34.0,150,tmax_c,20.42856022928928,0.0,0.0,batch_040f21cb4e65ea4a277c.csv,-35.25,148.25
25,episodes,1.0,2002-02-10,0.0,475,0.0,2,25,>=,VEG,78776,OK,2001,Li et al. 2025a,2002-01-23,34.6,475,tmax_c,20.428560229289285,0.0,0.0,batch_040f21cb4e65ea4a277c.csv,-35.25,148.25
25,episodes,1.0,2002-02-21,0.0,150,0.0,2,25,>=,REP,78776,OK,2001,Li et al. (2025b),2002-02-16,33.7,150,tmax_c,20.42856022928928,0.0,0.0,batch_040f21cb4e65ea4a277c.csv,-35.25,148.25
25,episodes,1.0,2002-02-15,0.0,125,0.0,2,25,>=,FLO,78776,OK,2001,Li et al. (2025b),2002-02-11,33.7,125,tmax_c,20.42856022928928,0.0,0.0,batch_040f21cb4e65ea4a277c.csv,-35.25,148.25
25,episodes,1.0,2002-03-16,0.0,575,0.0,2,25,>=,FIL,78776,OK,2001,Li et al. (2025b),2002-02-22,32.7,575,tmax_c,20.42856022928928,0.0,0.0,batch_040f21cb4e65ea4a277c.csv,-35.25,148.25
25,days,1.0,2002-03-25,0.0,225,0.0,1,25,>,MAT,78776,OK,2001,Ortega Gómez et al. (2019),2002-03-17,10.0,225,precip_mm,20.42856022928928,0.0,0.0,batch_040f21cb4e65ea4a277c.csv,-35.25,148.25
25,episodes,1.0,2003-01-04,0.0,150,0.0,2,25,>=,EST,78776,OK,2002,Li et al. 2025a,2002-12-30,34.0,150,tmax_c,20.42856022928928,0.0,0.0,batch_040f21cb4e65ea4a277c.csv,-35.25,148.25
25,episodes,1.0,2003-02-10,0.7601476824736118,475,1.3206402825614765,2,25,>=,VEG,78776,OK,2002,Li et al. 2025a,2003-01-23,34.6,475,tmax_c,20.42856022928928,26.97877955353274,15.528722714566843,batch_040f21cb4e65ea4a277c.csv,-35.25,148.25
25,episodes,1.0,2003-02-21,0.0,150,0.0,2,25,>=,REP,78776,OK,2002,Li et al. (2025b),2003-02-16,33.7,150,tmax_c,20.42856022928928,0.0,0.0,batch_040f21cb4e65ea4a277c.csv,-35.25,148.25
25,episodes,1.0,2003-02-15,0.0,125,0.0,2,25,>=,FLO,78776,OK,2002,Li et al. (2025b),2003-02-11,33.7,125,tmax_c,20.42856022928928,0.0,0.0,batch_040f21cb4e65ea4a277c.csv,-35.25,148.25
25,episodes,1.0,2003-03-16,0.0,575,0.0,2,25,>=,FIL,78776,OK,2002,Li et al. (2025b),2003-02-22,32.7,575,tmax_c,20.42856022928928,0.0,0.0,batch_040f21cb4e65ea4a277c.csv,-35.25,148.25
25,days,1.0,2003-03-25,0.5992615868820391,225,0.5992615868820391,1,25,>,MAT,78776,OK,2002,Ortega Gómez et al. (2019),2003-03-17,10.0,225,precip_mm,20.428560229289285,12.24205142071921,12.24205142071921,batch_040f21cb4e65ea4a277c.csv,-35.25,148.25
25,episodes,1.0,2004-01-04,0.7602956087915975,150,0.7602956087915975,2,25,>=,EST,78776,OK,2003,Li et al. 2025a,2003-12-30,34.0,150,tmax_c,20.42856022928928,15.531744636263312,15.531744636263312,batch_040f21cb4e65ea4a277c.csv,-35.25,148.25
25,episodes,1.0,2004-02-10,0.6804434132624235,475,0.6804434132624235,2,25,>=,VEG,78776,OK,2003,Li et al. 2025a,2004-01-23,34.6,475,tmax_c,20.428560229289285,13.900479250454598,13.900479250454598,batch_040f21cb4e65ea4a277c.csv,-35.25,148.25
25,episodes,1.0,2004-02-21,0.520394226286928,150,0.520394226286928,2,25,>=,REP,78776,OK,2003,Li et al. (2025b),2004-02-16,33.7,150,tmax_c,20.42856022928928,10.630904794676905,10.630904794676905,batch_040f21cb4e65ea4a277c.csv,-35.25,148.25
25,episodes,1.0,2004-02-15,0.9600986174953304,125,0.9600986174953304,2,25,>=,FLO,78776,OK,2003,Li et al. (2025b),2004-02-11,33.7,125,tmax_c,20.428560229289285,19.61343243356073,19.61343243356073,batch_040f21cb4e65ea4a277c.csv,-35.25,148.25
25,episodes,1.0,2004-03-16,0.0,600,0.0,2,25,>=,FIL,78776,OK,2003,Li et al. (2025b),2004-02-22,32.7,600,tmax_c,20.42856022928928,0.0,0.0,batch_040f21cb4e65ea4a277c.csv,-35.25,148.25
25,days,1.0,2004-03-25,0.0,225,0.0,1,25,>,MAT,78776,OK,2003,Ortega Gómez et al. (2019),2004-03-17,10.0,225,precip_mm,20.42856022928928,0.0,0.0,batch_040f21cb4e65ea4a277c.csv,-35.25,148.25
25,episodes,1.0,2005-01-04,0.0,150,0.0,2,25,>=,EST,78776,OK,2004,Li et al. 2025a,2004-12-30,34.0,150,tmax_c,20.42856022928928,0.0,0.0,batch_040f21cb4e65ea4a277c.csv,-35.25,148.25
25,episodes,1.0,2005-02-10,0.0,475,0.0,2,25,>=,VEG,78776,OK,2004,Li et al. 2025a,2005-01-23,34.6,475,tmax_c,20.428560229289285,0.0,0.0,batch_040f21cb4e65ea4a277c.csv,-35.25,148.25
25,episodes,1.0,2005-02-21,0.0,150,0.0,2,25,>=,REP,78776,OK,2004,Li et al. (2025b),2005-02-16,33.7,150,tmax_c,20.42856022928928,0.0,0.0,batch_040f21cb4e65ea4a277c.csv,-35.25,148.25
25,episodes,1.0,2005-02-15,0.0,125,0.0,2,25,>=,FLO,78776,OK,2004,Li et al. (2025b),2005-02-11,33.7,125,tmax_c,20.42856022928928,0.0,0.0,batch_040f21cb4e65ea4a277c.csv,-35.25,148.25
25,episodes,1.0,2005-03-16,0.0,575,0.0,2,25,>=,FIL,78776,OK,2004,Li et al. (2025b),2005-02-22,32.7,575,tmax_c,20.428560229289285,0.0,0.0,batch_040f21cb4e65ea4a277c.csv,-35.25,148.25
25,days,1.0,2005-03-25,0.0,225,0.0,1,25,>,MAT,78776,OK,2004,Ortega Gómez et al. (2019),2005-03-17,10.0,225,precip_mm,20.42856022928928,0.0,0.0,batch_040f21cb4e65ea4a277c.csv,-35.25,148.25
25,episodes,1.0,2001-02-23,0.0399777806423986,250,0.0399777806423986,2,25,>=,EST,104317,OK,2001,Li et al. 2025a,2001-02-14,34.0,250,tmax_c,23.816464482081678,0.9521293927421386,0.9521293927421386,batch_040fa1db6092efff0fdd.csv,-17.75,-41.25
25,episodes,1.0,2001-04-28,0.0,825,0.0,2,25,>=,VEG,104317,OK,2001,Li et al. 2025a,2001-03-27,34.6,825,tmax_c,23.816464482081678,0.0,0.0,batch_040fa1db6092efff0fdd.csv,-17.75,-41.25
25,episodes,1.0,2001-05-17,0.0,275,0.0,2,25,>=,REP,104317,OK,2001,Li et al. (2025b),2001-05-07,33.7,275,tmax_c,23.81646448208168,0.0,0.0,batch_040fa1db6092efff0fdd.csv,-17.75,-41.25
25,episodes,1.0,2001-05-06,0.0,200,0.0,2,25,>=,FLO,104317,OK,2001,Li et al. (2025b),2001-04-29,33.7,200,tmax_c,23.81646448208168,0.0,0.0,batch_040fa1db6092efff0fdd.csv,-17.75,-41.25
25,episodes,1.0,2001-06-25,0.0,975,0.0,2,25,>=,FIL,104317,OK,2001,Li et al. (2025b),2001-05-18,32.7,975,tmax_c,23.816464482081678,0.0,0.0,batch_040fa1db6092efff0fdd.csv,-17.75,-41.25
25,days,1.0,2001-07-10,0.0,375,0.0,1,25,>,MAT,104317,OK,2001,Ortega Gómez et al. (2019),2001-06-26,10.0,375,precip_mm,23.81646448208168,0.0,0.0,batch_040fa1db6092efff0fdd.csv,-17.75,-41.25
25,episodes,1.0,2002-02-23,0.0,250,0.0,2,25,>=,EST,104317,OK,2002,Li et al. 2025a,2002-02-14,34.0,250,tmax_c,23.81646448208168,0.0,0.0,batch_040fa1db6092efff0fdd.csv,-17.75,-41.25
25,episodes,1.0,2002-04-28,0.0,825,0.0,2,25,>=,VEG,104317,OK,2002,Li et al. 2025a,2002-03-27,34.6,825,tmax_c,23.81646448208168,0.0,0.0,batch_040fa1db6092efff0fdd.csv,-17.75,-41.25
25,episodes,1.0,2002-05-17,0.0,275,0.0,2,25,>=,REP,104317,OK,2002,Li et al. (2025b),2002-05-07,33.7,275,tmax_c,23.816464482081678,0.0,0.0,batch_040fa1db6092efff0fdd.csv,-17.75,-41.25
25,episodes,1.0,2002-05-06,0.0,200,0.0,2,25,>=,FLO,104317,OK,2002,Li et al. (2025b),2002-04-29,33.7,200,tmax_c,23.81646448208168,0.0,0.0,batch_040fa1db6092efff0fdd.csv,-17.75,-41.25
25,episodes,1.0,2002-06-25,0.0,975,0.0,2,25,>=,FIL,104317,OK,2002,Li et al. (2025b),2002-05-18,32.7,975,tmax_c,23.81646448208168,0.0,0.0,batch_040fa1db6092efff0fdd.csv,-17.75,-41.25
25,days,1.0,2002-07-10,0.0,375,0.0,1,25,>,MAT,104317,OK,2002,Ortega Gómez et al. (2019),2002-06-26,10.0,375,precip_mm,23.81646448208168,0.0,0.0,batch_040fa1db6092efff0fdd.csv,-17.75,-41.25
25,episodes,1.0,2003-02-23,0.0,250,0.0,2,25,>=,EST,104317,OK,2003,Li et al. 2025a,2003-02-14,34.0,250,tmax_c,23.81646448208168,0.0,0.0,batch_040fa1db6092efff0fdd.csv,-17.75,-41.25
25,episodes,1.0,2003-04-28,0.0,825,0.0,2,25,>=,VEG,104317,OK,2003,Li et al. 2025a,2003-03-27,34.6,825,tmax_c,23.81646448208168,0.0,0.0,batch_040fa1db6092efff0fdd.csv,-17.75,-41.25
25,episodes,1.0,2003-05-17,0.0,275,0.0,2,25,>=,REP,104317,OK,2003,Li et al. (2025b),2003-05-07,33.7,275,tmax_c,23.81646448208168,0.0,0.0,batch_040fa1db6092efff0fdd.csv,-17.75,-41.25
25,episodes,1.0,2003-05-06,0.0,200,0.0,2,25,>=,FLO,104317,OK,2003,Li et al. (2025b),2003-04-29,33.7,200,tmax_c,23.816464482081678,0.0,0.0,batch_040fa1db6092efff0fdd.csv,-17.75,-41.25
25,episodes,1.0,2003-06-25,0.0,975,0.0,2,25,>=,FIL,104317,OK,2003,Li et al. (2025b),2003-05-18,32.7,975,tmax_c,23.816464482081678,0.0,0.0,batch_040fa1db6092efff0fdd.csv,-17.75,-41.25
25,days,1.0,2003-07-10,0.0,375,0.0,1,25,>,MAT,104317,OK,2003,Ortega Gómez et al. (2019),2003-06-26,10.0,375,precip_mm,23.816464482081678,0.0,0.0,batch_040fa1db6092efff0fdd.csv,-17.75,-41.25
25,episodes,1.0,2004-02-23,0.0,250,0.0,2,25,>=,EST,104317,OK,2004,Li et al. 2025a,2004-02-14,34.0,250,tmax_c,23.81646448208168,0.0,0.0,batch_040fa1db6092efff0fdd.csv,-17.75,-41.25
25,episodes,1.0,2004-04-28,0.0,825,0.0,2,25,>=,VEG,104317,OK,2004,Li et al. 2025a,2004-03-27,34.6,825,tmax_c,23.81646448208168,0.0,0.0,batch_040fa1db6092efff0fdd.csv,-17.75,-41.25
25,episodes,1.0,2004-05-17,0.0,275,0.0,2,25,>=,REP,104317,OK,2004,Li et al. (2025b),2004-05-07,33.7,275,tmax_c,23.81646448208168,0.0,0.0,batch_040fa1db6092efff0fdd.csv,-17.75,-41.25
25,episodes,1.0,2004-05-06,0.0,200,0.0,2,25,>=,FLO,104317,OK,2004,Li et al. (2025b),2004-04-29,33.7,200,tmax_c,23.816464482081678,0.0,0.0,batch_040fa1db6092efff0fdd.csv,-17.75,-41.25
25,episodes,1.0,2004-06-25,0.0,975,0.0,2,25,>=,FIL,104317,OK,2004,Li et al. (2025b),2004-05-18,32.7,975,tmax_c,23.81646448208168,0.0,0.0,batch_040fa1db6092efff0fdd.csv,-17.75,-41.25
25,days,1.0,2004-07-10,0.0,375,0.0,1,25,>,MAT,104317,OK,2004,Ortega Gómez et al. (2019),2004-06-26,10.0,375,precip_mm,23.816464482081678,0.0,0.0,batch_040fa1db6092efff0fdd.csv,-17.75,-41.25
25,episodes,1.0,1981-03-23,0.0,175,0.0,2,25,>=,EST,97099,OK,1981,Li et al. 2025a,1981-03-17,34.0,175,tmax_c,23.063381981173684,0.0,0.0,batch_0416c6fbb0c5bc580ba1.csv,-22.75,-50.25
25,episodes,1.0,1981-05-05,0.0,550,0.0,2,25,>=,VEG,97099,OK,1981,Li et al. 2025a,1981-04-14,34.6,550,tmax_c,23.063381981173684,0.0,0.0,batch_0416c6fbb0c5bc580ba1.csv,-22.75,-50.25
25,episodes,1.0,1981-05-19,0.0,175,0.0,2,25,>=,REP,97099,OK,1981,Li et al. (2025b),1981-05-13,33.7,175,tmax_c,23.063381981173684,0.0,0.0,batch_0416c6fbb0c5bc580ba1.csv,-22.75,-50.25
25,episodes,1.0,1981-05-12,0.0,175,0.0,2,25,>=,FLO,97099,OK,1981,Li et al. (2025b),1981-05-06,33.7,175,tmax_c,23.063381981173684,0.0,0.0,batch_0416c6fbb0c5bc580ba1.csv,-22.75,-50.25
25,episodes,1.0,1981-06-15,0.0,675,0.0,2,25,>=,FIL,97099,OK,1981,Li et al. (2025b),1981-05-20,32.7,675,tmax_c,23.063381981173684,0.0,0.0,batch_0416c6fbb0c5bc580ba1.csv,-22.75,-50.25
25,days,1.0,1981-06-25,1.0,250,1.0,1,25,>,MAT,97099,OK,1981,Ortega Gómez et al. (2019),1981-06-16,10.0,250,precip_mm,23.063381981173684,23.063381981173684,23.063381981173684,batch_0416c6fbb0c5bc580ba1.csv,-22.75,-50.25
25,episodes,1.0,1982-03-23,0.0,175,0.0,2,25,>=,EST,97099,OK,1982,Li et al. 2025a,1982-03-17,34.0,175,tmax_c,23.063381981173684,0.0,0.0,batch_0416c6fbb0c5bc580ba1.csv,-22.75,-50.25
25,episodes,1.0,1982-05-05,0.0,550,0.0,2,25,>=,VEG,97099,OK,1982,Li et al. 2025a,1982-04-14,34.6,550,tmax_c,23.063381981173684,0.0,0.0,batch_0416c6fbb0c5bc580ba1.csv,-22.75,-50.25
25,episodes,1.0,1982-05-19,0.0,175,0.0,2,25,>=,REP,97099,OK,1982,Li et al. (2025b),1982-05-13,33.7,175,tmax_c,23.063381981173684,0.0,0.0,batch_0416c6fbb0c5bc580ba1.csv,-22.75,-50.25
25,episodes,1.0,1982-05-12,0.0,175,0.0,2,25,>=,FLO,97099,OK,1982,Li et al. (2025b),1982-05-06,33.7,175,tmax_c,23.063381981173684,0.0,0.0,batch_0416c6fbb0c5bc580ba1.csv,-22.75,-50.25
25,episodes,1.0,1982-06-15,0.0,675,0.0,2,25,>=,FIL,97099,OK,1982,Li et al. (2025b),1982-05-20,32.7,675,tmax_c,23.063381981173684,0.0,0.0,batch_0416c6fbb0c5bc580ba1.csv,-22.75,-50.25
25,days,1.0,1982-06-25,1.0,250,5.640497373590638,1,25,>,MAT,97099,OK,1982,Ortega Gómez et al. (2019),1982-06-16,10.0,250,precip_mm,23.063381981173684,130.0889454909278,23.063381981173684,batch_0416c6fbb0c5bc580ba1.csv,-22.75,-50.25
25,episodes,1.0,1983-03-23,0.0,175,0.0,2,25,>=,EST,97099,OK,1983,Li et al. 2025a,1983-03-17,34.0,175,tmax_c,23.063381981173684,0.0,0.0,batch_0416c6fbb0c5bc580ba1.csv,-22.75,-50.25
25,episodes,1.0,1983-05-05,0.0,550,0.0,2,25,>=,VEG,97099,OK,1983,Li et al. 2025a,1983-04-14,34.6,550,tmax_c,23.063381981173684,0.0,0.0,batch_0416c6fbb0c5bc580ba1.csv,-22.75,-50.25
25,episodes,1.0,1983-05-19,0.0,175,0.0,2,25,>=,REP,97099,OK,1983,Li et al. (2025b),1983-05-13,33.7,175,tmax_c,23.063381981173684,0.0,0.0,batch_0416c6fbb0c5bc580ba1.csv,-22.75,-50.25
25,episodes,1.0,1983-05-12,0.0,175,0.0,2,25,>=,FLO,97099,OK,1983,Li et al. (2025b),1983-05-06,33.7,175,tmax_c,23.063381981173684,0.0,0.0,batch_0416c6fbb0c5bc580ba1.csv,-22.75,-50.25
25,episodes,1.0,1983-06-15,0.0,675,0.0,2,25,>=,FIL,97099,OK,1983,Li et al. (2025b),1983-05-20,32.7,675,tmax_c,23.063381981173684,0.0,0.0,batch_0416c6fbb0c5bc580ba1.csv,-22.75,-50.25
25,days,1.0,1983-06-25,1.0,250,1.0,1,25,>,MAT,97099,OK,1983,Ortega Gómez et al. (2019),1983-06-16,10.0,250,precip_mm,23.063381981173684,23.063381981173684,23.063381981173684,batch_0416c6fbb0c5bc580ba1.csv,-22.75,-50.25
25,episodes,1.0,1984-03-23,0.0,175,0.0,2,25,>=,EST,97099,OK,1984,Li et al. 2025a,1984-03-17,34.0,175,tmax_c,23.063381981173684,0.0,0.0,batch_0416c6fbb0c5bc580ba1.csv,-22.75,-50.25
25,episodes,1.0,1984-05-05,0.0,550,0.0,2,25,>=,VEG,97099,OK,1984,Li et al. 2025a,1984-04-14,34.6,550,tmax_c,23.063381981173684,0.0,0.0,batch_0416c6fbb0c5bc580ba1.csv,-22.75,-50.25
25,episodes,1.0,1984-05-19,0.0,175,0.0,2,25,>=,REP,97099,OK,1984,Li et al. (2025b),1984-05-13,33.7,175,tmax_c,23.063381981173684,0.0,0.0,batch_0416c6fbb0c5bc580ba1.csv,-22.75,-50.25
25,episodes,1.0,1984-05-12,0.0,175,0.0,2,25,>=,FLO,97099,OK,1984,Li et al. (2025b),1984-05-06,33.7,175,tmax_c,23.063381981173684,0.0,0.0,batch_0416c6fbb0c5bc580ba1.csv,-22.75,-50.25
25,episodes,1.0,1984-06-15,0.0,675,0.0,2,25,>=,FIL,97099,OK,1984,Li et al. (2025b),1984-05-20,32.7,675,tmax_c,23.063381981173684,0.0,0.0,batch_0416c6fbb0c5bc580ba1.csv,-22.75,-50.25
25,days,1.0,1984-06-25,0.0,250,0.0,1,25,>,MAT,97099,OK,1984,Ortega Gómez et al. (2019),1984-06-16,10.0,250,precip_mm,23.063381981173684,0.0,0.0,batch_0416c6fbb0c5bc580ba1.csv,-22.75,-50.25
25,episodes,1.0,1993-02-23,0.0,250,0.0,2,25,>=,EST,97108,OK,1993,Li et al. 2025a,1993-02-14,34.0,250,tmax_c,23.063381981173684,0.0,0.0,batch_041dc03dbdeae58e2d4d.csv,-22.75,-45.75
25,episodes,1.0,1993-04-28,0.0,825,0.0,2,25,>=,VEG,97108,OK,1993,Li et al. 2025a,1993-03-27,34.6,825,tmax_c,23.063381981173684,0.0,0.0,batch_041dc03dbdeae58e2d4d.csv,-22.75,-45.75
25,episodes,1.0,1993-05-17,0.0,275,0.0,2,25,>=,REP,97108,OK,1993,Li et al. (2025b),1993-05-07,33.7,275,tmax_c,23.063381981173684,0.0,0.0,batch_041dc03dbdeae58e2d4d.csv,-22.75,-45.75
25,episodes,1.0,1993-05-06,0.0,200,0.0,2,25,>=,FLO,97108,OK,1993,Li et al. (2025b),1993-04-29,33.7,200,tmax_c,23.063381981173684,0.0,0.0,batch_041dc03dbdeae58e2d4d.csv,-22.75,-45.75
25,episodes,1.0,1993-06-25,0.0,975,0.0,2,25,>=,FIL,97108,OK,1993,Li et al. (2025b),1993-05-18,32.7,975,tmax_c,23.063381981173684,0.0,0.0,batch_041dc03dbdeae58e2d4d.csv,-22.75,-45.75
25,days,1.0,1993-07-10,0.0,375,0.0,1,25,>,MAT,97108,OK,1993,Ortega Gómez et al. (2019),1993-06-26,10.0,375,precip_mm,23.063381981173684,0.0,0.0,batch_041dc03dbdeae58e2d4d.csv,-22.75,-45.75
25,episodes,1.0,1994-02-23,0.0,250,0.0,2,25,>=,EST,97108,OK,1994,Li et al. 2025a,1994-02-14,34.0,250,tmax_c,23.063381981173684,0.0,0.0,batch_041dc03dbdeae58e2d4d.csv,-22.75,-45.75
25,episodes,1.0,1994-04-28,0.0,825,0.0,2,25,>=,VEG,97108,OK,1994,Li et al. 2025a,1994-03-27,34.6,825,tmax_c,23.063381981173684,0.0,0.0,batch_041dc03dbdeae58e2d4d.csv,-22.75,-45.75
25,episodes,1.0,1994-05-17,0.0,275,0.0,2,25,>=,REP,97108,OK,1994,Li et al. (2025b),1994-05-07,33.7,275,tmax_c,23.063381981173684,0.0,0.0,batch_041dc03dbdeae58e2d4d.csv,-22.75,-45.75
25,episodes,1.0,1994-05-06,0.0,200,0.0,2,25,>=,FLO,97108,OK,1994,Li et al. (2025b),1994-04-29,33.7,200,tmax_c,23.063381981173684,0.0,0.0,batch_041dc03dbdeae58e2d4d.csv,-22.75,-45.75
25,episodes,1.0,1994-06-25,0.0,975,0.0,2,25,>=,FIL,97108,OK,1994,Li et al. (2025b),1994-05-18,32.7,975,tmax_c,23.063381981173684,0.0,0.0,batch_041dc03dbdeae58e2d4d.csv,-22.75,-45.75
25,days,1.0,1994-07-10,0.6395915162054927,375,0.6395915162054927,1,25,>,MAT,97108,OK,1994,Ortega Gómez et al. (2019),1994-06-26,10.0,375,precip_mm,23.063381981173684,14.751143450165316,14.751143450165316,batch_041dc03dbdeae58e2d4d.csv,-22.75,-45.75
25,episodes,1.0,1995-02-23,0.0,250,0.0,2,25,>=,EST,97108,OK,1995,Li et al. 2025a,1995-02-14,34.0,250,tmax_c,23.063381981173684,0.0,0.0,batch_041dc03dbdeae58e2d4d.csv,-22.75,-45.75
25,episodes,1.0,1995-04-28,0.0,825,0.0,2,25,>=,VEG,97108,OK,1995,Li et al. 2025a,1995-03-27,34.6,825,tmax_c,23.063381981173684,0.0,0.0,batch_041dc03dbdeae58e2d4d.csv,-22.75,-45.75
25,episodes,1.0,1995-05-17,0.0,275,0.0,2,25,>=,REP,97108,OK,1995,Li et al. (2025b),1995-05-07,33.7,275,tmax_c,23.063381981173684,0.0,0.0,batch_041dc03dbdeae58e2d4d.csv,-22.75,-45.75
25,episodes,1.0,1995-05-06,0.0,200,0.0,2,25,>=,FLO,97108,OK,1995,Li et al. (2025b),1995-04-29,33.7,200,tmax_c,23.063381981173684,0.0,0.0,batch_041dc03dbdeae58e2d4d.csv,-22.75,-45.75
25,episodes,1.0,1995-06-25,0.0,975,0.0,2,25,>=,FIL,97108,OK,1995,Li et al. (2025b),1995-05-18,32.7,975,tmax_c,23.063381981173684,0.0,0.0,batch_041dc03dbdeae58e2d4d.csv,-22.75,-45.75
25,days,1.0,1995-07-10,1.0,375,2.0,1,25,>,MAT,97108,OK,1995,Ortega Gómez et al. (2019),1995-06-26,10.0,375,precip_mm,23.063381981173684,46.12676396234737,23.063381981173684,batch_041dc03dbdeae58e2d4d.csv,-22.75,-45.75
25,episodes,1.0,1996-02-23,0.0,250,0.0,2,25,>=,EST,97108,OK,1996,Li et al. 2025a,1996-02-14,34.0,250,tmax_c,23.063381981173684,0.0,0.0,batch_041dc03dbdeae58e2d4d.csv,-22.75,-45.75
25,episodes,1.0,1996-04-28,0.0,825,0.0,2,25,>=,VEG,97108,OK,1996,Li et al. 2025a,1996-03-27,34.6,825,tmax_c,23.063381981173684,0.0,0.0,batch_041dc03dbdeae58e2d4d.csv,-22.75,-45.75
25,episodes,1.0,1996-05-17,0.0,275,0.0,2,25,>=,REP,97108,OK,1996,Li et al. (2025b),1996-05-07,33.7,275,tmax_c,23.063381981173684,0.0,0.0,batch_041dc03dbdeae58e2d4d.csv,-22.75,-45.75
25,episodes,1.0,1996-05-06,0.0,200,0.0,2,25,>=,FLO,97108,OK,1996,Li et al. (2025b),1996-04-29,33.7,200,tmax_c,23.063381981173684,0.0,0.0,batch_041dc03dbdeae58e2d4d.csv,-22.75,-45.75
25,episodes,1.0,1996-06-25,0.0,975,0.0,2,25,>=,FIL,97108,OK,1996,Li et al. (2025b),1996-05-18,32.7,975,tmax_c,23.063381981173684,0.0,0.0,batch_041dc03dbdeae58e2d4d.csv,-22.75,-45.75
25,days,1.0,1996-07-10,0.8400582851754107,375,0.8400582851754107,1,25,>,MAT,97108,OK,1996,Ortega Gómez et al. (2019),1996-06-26,10.0,375,precip_mm,23.063381981173684,19.37458511745023,19.37458511745023,batch_041dc03dbdeae58e2d4d.csv,-22.75,-45.75
